cn14.hpc.itu.dk
nsio
/home/nsio/bachelorProject/hpc-jobs
Running iterations for algorithm: influenceListGreedy
  Completed 10 iterations for size 8, cohesion 20.
  Completed 10 iterations for size 8, cohesion 50.
  Completed 10 iterations for size 8, cohesion 80.
  Completed 10 iterations for size 30, cohesion 20.
  Completed 10 iterations for size 30, cohesion 50.
  Completed 10 iterations for size 30, cohesion 80.
Traceback (most recent call last):
  File "/opt/pypy/lib/pypy3.11/multiprocessing/process.py", line 314, in _bootstrap
    self.run()
  File "/opt/pypy/lib/pypy3.11/multiprocessing/process.py", line 108, in run
    self._target(*self._args, **self._kwargs)
  File "/opt/pypy/lib/pypy3.11/multiprocessing/managers.py", line 600, in _run_server
    server.serve_forever()
  File "/opt/pypy/lib/pypy3.11/multiprocessing/managers.py", line 184, in serve_forever
    sys.exit(0)
SystemExit: 0

During handling of the above exception, another exception occurred:

Traceback (most recent call last):
  File "/opt/pypy/lib/pypy3.11/multiprocessing/util.py", line 303, in _run_finalizers
    finalizer()
  File "/opt/pypy/lib/pypy3.11/multiprocessing/util.py", line 227, in __call__
    res = self._callback(*self._args, **self._kwargs)
          ^^^^^^^^^^^^^^^^^^^^^^^^^^^^^^^^^^^^^^^^^^^
  File "/opt/pypy/lib/pypy3.11/multiprocessing/util.py", line 136, in _remove_temp_dir
    rmtree(tempdir, onerror=onerror)
  File "/opt/pypy/lib/pypy3.11/shutil.py", line 752, in rmtree
    _rmtree_safe_fd(fd, path, onerror)
  File "/opt/pypy/lib/pypy3.11/shutil.py", line 703, in _rmtree_safe_fd
    onerror(os.unlink, fullname, sys.exc_info())
  File "/opt/pypy/lib/pypy3.11/shutil.py", line 701, in _rmtree_safe_fd
    os.unlink(entry.name, dir_fd=topfd)
OSError: [Errno 16] Device or resource busy: '.nfs0000006e80d1e82c00004c0f'
Traceback (most recent call last):
  File "/opt/pypy/lib/pypy3.11/multiprocessing/process.py", line 314, in _bootstrap
    self.run()
  File "/opt/pypy/lib/pypy3.11/multiprocessing/process.py", line 108, in run
    self._target(*self._args, **self._kwargs)
  File "/opt/pypy/lib/pypy3.11/multiprocessing/managers.py", line 600, in _run_server
    server.serve_forever()
  File "/opt/pypy/lib/pypy3.11/multiprocessing/managers.py", line 184, in serve_forever
    sys.exit(0)
SystemExit: 0

During handling of the above exception, another exception occurred:

Traceback (most recent call last):
  File "/opt/pypy/lib/pypy3.11/multiprocessing/util.py", line 303, in _run_finalizers
    finalizer()
  File "/opt/pypy/lib/pypy3.11/multiprocessing/util.py", line 227, in __call__
    res = self._callback(*self._args, **self._kwargs)
          ^^^^^^^^^^^^^^^^^^^^^^^^^^^^^^^^^^^^^^^^^^^
  File "/opt/pypy/lib/pypy3.11/multiprocessing/util.py", line 136, in _remove_temp_dir
    rmtree(tempdir, onerror=onerror)
  File "/opt/pypy/lib/pypy3.11/shutil.py", line 752, in rmtree
    _rmtree_safe_fd(fd, path, onerror)
  File "/opt/pypy/lib/pypy3.11/shutil.py", line 703, in _rmtree_safe_fd
    onerror(os.unlink, fullname, sys.exc_info())
  File "/opt/pypy/lib/pypy3.11/shutil.py", line 701, in _rmtree_safe_fd
    os.unlink(entry.name, dir_fd=topfd)
OSError: [Errno 16] Device or resource busy: '.nfs0000006f128f9c3700004c10'
Traceback (most recent call last):
  File "/opt/pypy/lib/pypy3.11/multiprocessing/process.py", line 314, in _bootstrap
    self.run()
  File "/opt/pypy/lib/pypy3.11/multiprocessing/process.py", line 108, in run
    self._target(*self._args, **self._kwargs)
  File "/opt/pypy/lib/pypy3.11/multiprocessing/managers.py", line 600, in _run_server
    server.serve_forever()
  File "/opt/pypy/lib/pypy3.11/multiprocessing/managers.py", line 184, in serve_forever
    sys.exit(0)
SystemExit: 0

During handling of the above exception, another exception occurred:

Traceback (most recent call last):
  File "/opt/pypy/lib/pypy3.11/multiprocessing/util.py", line 303, in _run_finalizers
    finalizer()
  File "/opt/pypy/lib/pypy3.11/multiprocessing/util.py", line 227, in __call__
    res = self._callback(*self._args, **self._kwargs)
          ^^^^^^^^^^^^^^^^^^^^^^^^^^^^^^^^^^^^^^^^^^^
  File "/opt/pypy/lib/pypy3.11/multiprocessing/util.py", line 136, in _remove_temp_dir
    rmtree(tempdir, onerror=onerror)
  File "/opt/pypy/lib/pypy3.11/shutil.py", line 752, in rmtree
    _rmtree_safe_fd(fd, path, onerror)
  File "/opt/pypy/lib/pypy3.11/shutil.py", line 703, in _rmtree_safe_fd
    onerror(os.unlink, fullname, sys.exc_info())
  File "/opt/pypy/lib/pypy3.11/shutil.py", line 701, in _rmtree_safe_fd
    os.unlink(entry.name, dir_fd=topfd)
OSError: [Errno 16] Device or resource busy: '.nfs0000006f90d9780d00004c11'
Traceback (most recent call last):
  File "/opt/pypy/lib/pypy3.11/multiprocessing/process.py", line 314, in _bootstrap
    self.run()
  File "/opt/pypy/lib/pypy3.11/multiprocessing/process.py", line 108, in run
    self._target(*self._args, **self._kwargs)
  File "/opt/pypy/lib/pypy3.11/multiprocessing/managers.py", line 600, in _run_server
    server.serve_forever()
  File "/opt/pypy/lib/pypy3.11/multiprocessing/managers.py", line 184, in serve_forever
    sys.exit(0)
SystemExit: 0

During handling of the above exception, another exception occurred:

Traceback (most recent call last):
  File "/opt/pypy/lib/pypy3.11/multiprocessing/util.py", line 303, in _run_finalizers
    finalizer()
  File "/opt/pypy/lib/pypy3.11/multiprocessing/util.py", line 227, in __call__
    res = self._callback(*self._args, **self._kwargs)
          ^^^^^^^^^^^^^^^^^^^^^^^^^^^^^^^^^^^^^^^^^^^
  File "/opt/pypy/lib/pypy3.11/multiprocessing/util.py", line 136, in _remove_temp_dir
    rmtree(tempdir, onerror=onerror)
  File "/opt/pypy/lib/pypy3.11/shutil.py", line 752, in rmtree
    _rmtree_safe_fd(fd, path, onerror)
  File "/opt/pypy/lib/pypy3.11/shutil.py", line 703, in _rmtree_safe_fd
    onerror(os.unlink, fullname, sys.exc_info())
  File "/opt/pypy/lib/pypy3.11/shutil.py", line 701, in _rmtree_safe_fd
    os.unlink(entry.name, dir_fd=topfd)
OSError: [Errno 16] Device or resource busy: '.nfs0000007015e2800500004c12'
Traceback (most recent call last):
  File "/opt/pypy/lib/pypy3.11/multiprocessing/process.py", line 314, in _bootstrap
    self.run()
  File "/opt/pypy/lib/pypy3.11/multiprocessing/process.py", line 108, in run
    self._target(*self._args, **self._kwargs)
  File "/opt/pypy/lib/pypy3.11/multiprocessing/managers.py", line 600, in _run_server
    server.serve_forever()
  File "/opt/pypy/lib/pypy3.11/multiprocessing/managers.py", line 184, in serve_forever
    sys.exit(0)
SystemExit: 0

During handling of the above exception, another exception occurred:

Traceback (most recent call last):
  File "/opt/pypy/lib/pypy3.11/multiprocessing/util.py", line 303, in _run_finalizers
    finalizer()
  File "/opt/pypy/lib/pypy3.11/multiprocessing/util.py", line 227, in __call__
    res = self._callback(*self._args, **self._kwargs)
          ^^^^^^^^^^^^^^^^^^^^^^^^^^^^^^^^^^^^^^^^^^^
  File "/opt/pypy/lib/pypy3.11/multiprocessing/util.py", line 136, in _remove_temp_dir
    rmtree(tempdir, onerror=onerror)
  File "/opt/pypy/lib/pypy3.11/shutil.py", line 752, in rmtree
    _rmtree_safe_fd(fd, path, onerror)
  File "/opt/pypy/lib/pypy3.11/shutil.py", line 703, in _rmtree_safe_fd
    onerror(os.unlink, fullname, sys.exc_info())
  File "/opt/pypy/lib/pypy3.11/shutil.py", line 701, in _rmtree_safe_fd
    os.unlink(entry.name, dir_fd=topfd)
OSError: [Errno 16] Device or resource busy: '.nfs00000070c738a43f00004c13'
Traceback (most recent call last):
  File "/opt/pypy/lib/pypy3.11/multiprocessing/process.py", line 314, in _bootstrap
    self.run()
  File "/opt/pypy/lib/pypy3.11/multiprocessing/process.py", line 108, in run
    self._target(*self._args, **self._kwargs)
  File "/opt/pypy/lib/pypy3.11/multiprocessing/managers.py", line 600, in _run_server
    server.serve_forever()
  File "/opt/pypy/lib/pypy3.11/multiprocessing/managers.py", line 184, in serve_forever
    sys.exit(0)
SystemExit: 0

During handling of the above exception, another exception occurred:

Traceback (most recent call last):
  File "/opt/pypy/lib/pypy3.11/multiprocessing/util.py", line 303, in _run_finalizers
    finalizer()
  File "/opt/pypy/lib/pypy3.11/multiprocessing/util.py", line 227, in __call__
    res = self._callback(*self._args, **self._kwargs)
          ^^^^^^^^^^^^^^^^^^^^^^^^^^^^^^^^^^^^^^^^^^^
  File "/opt/pypy/lib/pypy3.11/multiprocessing/util.py", line 136, in _remove_temp_dir
    rmtree(tempdir, onerror=onerror)
  File "/opt/pypy/lib/pypy3.11/shutil.py", line 752, in rmtree
    _rmtree_safe_fd(fd, path, onerror)
  File "/opt/pypy/lib/pypy3.11/shutil.py", line 703, in _rmtree_safe_fd
    onerror(os.unlink, fullname, sys.exc_info())
  File "/opt/pypy/lib/pypy3.11/shutil.py", line 701, in _rmtree_safe_fd
    os.unlink(entry.name, dir_fd=topfd)
OSError: [Errno 16] Device or resource busy: '.nfs000000710085202200004c14'
Traceback (most recent call last):
  File "/opt/pypy/lib/pypy3.11/multiprocessing/process.py", line 314, in _bootstrap
    self.run()
  File "/opt/pypy/lib/pypy3.11/multiprocessing/process.py", line 108, in run
    self._target(*self._args, **self._kwargs)
  File "/opt/pypy/lib/pypy3.11/multiprocessing/managers.py", line 600, in _run_server
    server.serve_forever()
  File "/opt/pypy/lib/pypy3.11/multiprocessing/managers.py", line 184, in serve_forever
    sys.exit(0)
SystemExit: 0

During handling of the above exception, another exception occurred:

Traceback (most recent call last):
  File "/opt/pypy/lib/pypy3.11/multiprocessing/util.py", line 303, in _run_finalizers
    finalizer()
  File "/opt/pypy/lib/pypy3.11/multiprocessing/util.py", line 227, in __call__
    res = self._callback(*self._args, **self._kwargs)
          ^^^^^^^^^^^^^^^^^^^^^^^^^^^^^^^^^^^^^^^^^^^
  File "/opt/pypy/lib/pypy3.11/multiprocessing/util.py", line 136, in _remove_temp_dir
    rmtree(tempdir, onerror=onerror)
  File "/opt/pypy/lib/pypy3.11/shutil.py", line 752, in rmtree
    _rmtree_safe_fd(fd, path, onerror)
  File "/opt/pypy/lib/pypy3.11/shutil.py", line 703, in _rmtree_safe_fd
    onerror(os.unlink, fullname, sys.exc_info())
  File "/opt/pypy/lib/pypy3.11/shutil.py", line 701, in _rmtree_safe_fd
    os.unlink(entry.name, dir_fd=topfd)
OSError: [Errno 16] Device or resource busy: '.nfs000000718031e02000004c15'
Traceback (most recent call last):
  File "/opt/pypy/lib/pypy3.11/multiprocessing/process.py", line 314, in _bootstrap
    self.run()
  File "/opt/pypy/lib/pypy3.11/multiprocessing/process.py", line 108, in run
    self._target(*self._args, **self._kwargs)
  File "/opt/pypy/lib/pypy3.11/multiprocessing/managers.py", line 600, in _run_server
    server.serve_forever()
  File "/opt/pypy/lib/pypy3.11/multiprocessing/managers.py", line 184, in serve_forever
    sys.exit(0)
SystemExit: 0

During handling of the above exception, another exception occurred:

Traceback (most recent call last):
  File "/opt/pypy/lib/pypy3.11/multiprocessing/util.py", line 303, in _run_finalizers
    finalizer()
  File "/opt/pypy/lib/pypy3.11/multiprocessing/util.py", line 227, in __call__
    res = self._callback(*self._args, **self._kwargs)
          ^^^^^^^^^^^^^^^^^^^^^^^^^^^^^^^^^^^^^^^^^^^
  File "/opt/pypy/lib/pypy3.11/multiprocessing/util.py", line 136, in _remove_temp_dir
    rmtree(tempdir, onerror=onerror)
  File "/opt/pypy/lib/pypy3.11/shutil.py", line 752, in rmtree
    _rmtree_safe_fd(fd, path, onerror)
  File "/opt/pypy/lib/pypy3.11/shutil.py", line 703, in _rmtree_safe_fd
    onerror(os.unlink, fullname, sys.exc_info())
  File "/opt/pypy/lib/pypy3.11/shutil.py", line 701, in _rmtree_safe_fd
    os.unlink(entry.name, dir_fd=topfd)
OSError: [Errno 16] Device or resource busy: '.nfs000000723b14601e00004c16'
Traceback (most recent call last):
  File "/opt/pypy/lib/pypy3.11/multiprocessing/process.py", line 314, in _bootstrap
    self.run()
  File "/opt/pypy/lib/pypy3.11/multiprocessing/process.py", line 108, in run
    self._target(*self._args, **self._kwargs)
  File "/opt/pypy/lib/pypy3.11/multiprocessing/managers.py", line 600, in _run_server
    server.serve_forever()
  File "/opt/pypy/lib/pypy3.11/multiprocessing/managers.py", line 184, in serve_forever
    sys.exit(0)
SystemExit: 0

During handling of the above exception, another exception occurred:

Traceback (most recent call last):
  File "/opt/pypy/lib/pypy3.11/multiprocessing/util.py", line 303, in _run_finalizers
    finalizer()
  File "/opt/pypy/lib/pypy3.11/multiprocessing/util.py", line 227, in __call__
    res = self._callback(*self._args, **self._kwargs)
          ^^^^^^^^^^^^^^^^^^^^^^^^^^^^^^^^^^^^^^^^^^^
  File "/opt/pypy/lib/pypy3.11/multiprocessing/util.py", line 136, in _remove_temp_dir
    rmtree(tempdir, onerror=onerror)
  File "/opt/pypy/lib/pypy3.11/shutil.py", line 752, in rmtree
    _rmtree_safe_fd(fd, path, onerror)
  File "/opt/pypy/lib/pypy3.11/shutil.py", line 703, in _rmtree_safe_fd
    onerror(os.unlink, fullname, sys.exc_info())
  File "/opt/pypy/lib/pypy3.11/shutil.py", line 701, in _rmtree_safe_fd
    os.unlink(entry.name, dir_fd=topfd)
OSError: [Errno 16] Device or resource busy: '.nfs0000007280ba682e00004c17'
Traceback (most recent call last):
  File "/opt/pypy/lib/pypy3.11/multiprocessing/process.py", line 314, in _bootstrap
    self.run()
  File "/opt/pypy/lib/pypy3.11/multiprocessing/process.py", line 108, in run
    self._target(*self._args, **self._kwargs)
  File "/opt/pypy/lib/pypy3.11/multiprocessing/managers.py", line 600, in _run_server
    server.serve_forever()
  File "/opt/pypy/lib/pypy3.11/multiprocessing/managers.py", line 184, in serve_forever
    sys.exit(0)
SystemExit: 0

During handling of the above exception, another exception occurred:

Traceback (most recent call last):
  File "/opt/pypy/lib/pypy3.11/multiprocessing/util.py", line 303, in _run_finalizers
    finalizer()
  File "/opt/pypy/lib/pypy3.11/multiprocessing/util.py", line 227, in __call__
    res = self._callback(*self._args, **self._kwargs)
          ^^^^^^^^^^^^^^^^^^^^^^^^^^^^^^^^^^^^^^^^^^^
  File "/opt/pypy/lib/pypy3.11/multiprocessing/util.py", line 136, in _remove_temp_dir
    rmtree(tempdir, onerror=onerror)
  File "/opt/pypy/lib/pypy3.11/shutil.py", line 752, in rmtree
    _rmtree_safe_fd(fd, path, onerror)
  File "/opt/pypy/lib/pypy3.11/shutil.py", line 703, in _rmtree_safe_fd
    onerror(os.unlink, fullname, sys.exc_info())
  File "/opt/pypy/lib/pypy3.11/shutil.py", line 701, in _rmtree_safe_fd
    os.unlink(entry.name, dir_fd=topfd)
OSError: [Errno 16] Device or resource busy: '.nfs000000730036102f00004c18'
Traceback (most recent call last):
  File "/opt/pypy/lib/pypy3.11/multiprocessing/process.py", line 314, in _bootstrap
    self.run()
  File "/opt/pypy/lib/pypy3.11/multiprocessing/process.py", line 108, in run
    self._target(*self._args, **self._kwargs)
  File "/opt/pypy/lib/pypy3.11/multiprocessing/managers.py", line 600, in _run_server
    server.serve_forever()
  File "/opt/pypy/lib/pypy3.11/multiprocessing/managers.py", line 184, in serve_forever
    sys.exit(0)
SystemExit: 0

During handling of the above exception, another exception occurred:

Traceback (most recent call last):
  File "/opt/pypy/lib/pypy3.11/multiprocessing/util.py", line 303, in _run_finalizers
    finalizer()
  File "/opt/pypy/lib/pypy3.11/multiprocessing/util.py", line 227, in __call__
    res = self._callback(*self._args, **self._kwargs)
          ^^^^^^^^^^^^^^^^^^^^^^^^^^^^^^^^^^^^^^^^^^^
  File "/opt/pypy/lib/pypy3.11/multiprocessing/util.py", line 136, in _remove_temp_dir
    rmtree(tempdir, onerror=onerror)
  File "/opt/pypy/lib/pypy3.11/shutil.py", line 752, in rmtree
    _rmtree_safe_fd(fd, path, onerror)
  File "/opt/pypy/lib/pypy3.11/shutil.py", line 703, in _rmtree_safe_fd
    onerror(os.unlink, fullname, sys.exc_info())
  File "/opt/pypy/lib/pypy3.11/shutil.py", line 701, in _rmtree_safe_fd
    os.unlink(entry.name, dir_fd=topfd)
OSError: [Errno 16] Device or resource busy: '.nfs00000073c1cd903700004c19'
Traceback (most recent call last):
  File "/opt/pypy/lib/pypy3.11/multiprocessing/process.py", line 314, in _bootstrap
    self.run()
  File "/opt/pypy/lib/pypy3.11/multiprocessing/process.py", line 108, in run
    self._target(*self._args, **self._kwargs)
  File "/opt/pypy/lib/pypy3.11/multiprocessing/managers.py", line 600, in _run_server
    server.serve_forever()
  File "/opt/pypy/lib/pypy3.11/multiprocessing/managers.py", line 184, in serve_forever
    sys.exit(0)
SystemExit: 0

During handling of the above exception, another exception occurred:

Traceback (most recent call last):
  File "/opt/pypy/lib/pypy3.11/multiprocessing/util.py", line 303, in _run_finalizers
    finalizer()
  File "/opt/pypy/lib/pypy3.11/multiprocessing/util.py", line 227, in __call__
    res = self._callback(*self._args, **self._kwargs)
          ^^^^^^^^^^^^^^^^^^^^^^^^^^^^^^^^^^^^^^^^^^^
  File "/opt/pypy/lib/pypy3.11/multiprocessing/util.py", line 136, in _remove_temp_dir
    rmtree(tempdir, onerror=onerror)
  File "/opt/pypy/lib/pypy3.11/shutil.py", line 752, in rmtree
    _rmtree_safe_fd(fd, path, onerror)
  File "/opt/pypy/lib/pypy3.11/shutil.py", line 703, in _rmtree_safe_fd
    onerror(os.unlink, fullname, sys.exc_info())
  File "/opt/pypy/lib/pypy3.11/shutil.py", line 701, in _rmtree_safe_fd
    os.unlink(entry.name, dir_fd=topfd)
OSError: [Errno 16] Device or resource busy: '.nfs000000740f91e03800004c1a'
Traceback (most recent call last):
  File "/opt/pypy/lib/pypy3.11/multiprocessing/process.py", line 314, in _bootstrap
    self.run()
  File "/opt/pypy/lib/pypy3.11/multiprocessing/process.py", line 108, in run
    self._target(*self._args, **self._kwargs)
  File "/opt/pypy/lib/pypy3.11/multiprocessing/managers.py", line 600, in _run_server
    server.serve_forever()
  File "/opt/pypy/lib/pypy3.11/multiprocessing/managers.py", line 184, in serve_forever
    sys.exit(0)
SystemExit: 0

During handling of the above exception, another exception occurred:

Traceback (most recent call last):
  File "/opt/pypy/lib/pypy3.11/multiprocessing/util.py", line 303, in _run_finalizers
    finalizer()
  File "/opt/pypy/lib/pypy3.11/multiprocessing/util.py", line 227, in __call__
    res = self._callback(*self._args, **self._kwargs)
          ^^^^^^^^^^^^^^^^^^^^^^^^^^^^^^^^^^^^^^^^^^^
  File "/opt/pypy/lib/pypy3.11/multiprocessing/util.py", line 136, in _remove_temp_dir
    rmtree(tempdir, onerror=onerror)
  File "/opt/pypy/lib/pypy3.11/shutil.py", line 752, in rmtree
    _rmtree_safe_fd(fd, path, onerror)
  File "/opt/pypy/lib/pypy3.11/shutil.py", line 703, in _rmtree_safe_fd
    onerror(os.unlink, fullname, sys.exc_info())
  File "/opt/pypy/lib/pypy3.11/shutil.py", line 701, in _rmtree_safe_fd
    os.unlink(entry.name, dir_fd=topfd)
OSError: [Errno 16] Device or resource busy: '.nfs0000007487c0dc0700004c1b'
Traceback (most recent call last):
  File "/opt/pypy/lib/pypy3.11/multiprocessing/process.py", line 314, in _bootstrap
    self.run()
  File "/opt/pypy/lib/pypy3.11/multiprocessing/process.py", line 108, in run
    self._target(*self._args, **self._kwargs)
  File "/opt/pypy/lib/pypy3.11/multiprocessing/managers.py", line 600, in _run_server
    server.serve_forever()
  File "/opt/pypy/lib/pypy3.11/multiprocessing/managers.py", line 184, in serve_forever
    sys.exit(0)
SystemExit: 0

During handling of the above exception, another exception occurred:

Traceback (most recent call last):
  File "/opt/pypy/lib/pypy3.11/multiprocessing/util.py", line 303, in _run_finalizers
    finalizer()
  File "/opt/pypy/lib/pypy3.11/multiprocessing/util.py", line 227, in __call__
    res = self._callback(*self._args, **self._kwargs)
          ^^^^^^^^^^^^^^^^^^^^^^^^^^^^^^^^^^^^^^^^^^^
  File "/opt/pypy/lib/pypy3.11/multiprocessing/util.py", line 136, in _remove_temp_dir
    rmtree(tempdir, onerror=onerror)
  File "/opt/pypy/lib/pypy3.11/shutil.py", line 752, in rmtree
    _rmtree_safe_fd(fd, path, onerror)
  File "/opt/pypy/lib/pypy3.11/shutil.py", line 703, in _rmtree_safe_fd
    onerror(os.unlink, fullname, sys.exc_info())
  File "/opt/pypy/lib/pypy3.11/shutil.py", line 701, in _rmtree_safe_fd
    os.unlink(entry.name, dir_fd=topfd)
OSError: [Errno 16] Device or resource busy: '.nfs00000075019ae83000004c1c'
Traceback (most recent call last):
  File "/opt/pypy/lib/pypy3.11/multiprocessing/process.py", line 314, in _bootstrap
    self.run()
  File "/opt/pypy/lib/pypy3.11/multiprocessing/process.py", line 108, in run
    self._target(*self._args, **self._kwargs)
  File "/opt/pypy/lib/pypy3.11/multiprocessing/managers.py", line 600, in _run_server
    server.serve_forever()
  File "/opt/pypy/lib/pypy3.11/multiprocessing/managers.py", line 184, in serve_forever
    sys.exit(0)
SystemExit: 0

During handling of the above exception, another exception occurred:

Traceback (most recent call last):
  File "/opt/pypy/lib/pypy3.11/multiprocessing/util.py", line 303, in _run_finalizers
    finalizer()
  File "/opt/pypy/lib/pypy3.11/multiprocessing/util.py", line 227, in __call__
    res = self._callback(*self._args, **self._kwargs)
          ^^^^^^^^^^^^^^^^^^^^^^^^^^^^^^^^^^^^^^^^^^^
  File "/opt/pypy/lib/pypy3.11/multiprocessing/util.py", line 136, in _remove_temp_dir
    rmtree(tempdir, onerror=onerror)
  File "/opt/pypy/lib/pypy3.11/shutil.py", line 752, in rmtree
    _rmtree_safe_fd(fd, path, onerror)
  File "/opt/pypy/lib/pypy3.11/shutil.py", line 703, in _rmtree_safe_fd
    onerror(os.unlink, fullname, sys.exc_info())
  File "/opt/pypy/lib/pypy3.11/shutil.py", line 701, in _rmtree_safe_fd
    os.unlink(entry.name, dir_fd=topfd)
OSError: [Errno 16] Device or resource busy: '.nfs0000007580d0c80500004c1d'
Traceback (most recent call last):
  File "/opt/pypy/lib/pypy3.11/multiprocessing/process.py", line 314, in _bootstrap
    self.run()
  File "/opt/pypy/lib/pypy3.11/multiprocessing/process.py", line 108, in run
    self._target(*self._args, **self._kwargs)
  File "/opt/pypy/lib/pypy3.11/multiprocessing/managers.py", line 600, in _run_server
    server.serve_forever()
  File "/opt/pypy/lib/pypy3.11/multiprocessing/managers.py", line 184, in serve_forever
    sys.exit(0)
SystemExit: 0

During handling of the above exception, another exception occurred:

Traceback (most recent call last):
  File "/opt/pypy/lib/pypy3.11/multiprocessing/util.py", line 303, in _run_finalizers
    finalizer()
  File "/opt/pypy/lib/pypy3.11/multiprocessing/util.py", line 227, in __call__
    res = self._callback(*self._args, **self._kwargs)
          ^^^^^^^^^^^^^^^^^^^^^^^^^^^^^^^^^^^^^^^^^^^
  File "/opt/pypy/lib/pypy3.11/multiprocessing/util.py", line 136, in _remove_temp_dir
    rmtree(tempdir, onerror=onerror)
  File "/opt/pypy/lib/pypy3.11/shutil.py", line 752, in rmtree
    _rmtree_safe_fd(fd, path, onerror)
  File "/opt/pypy/lib/pypy3.11/shutil.py", line 703, in _rmtree_safe_fd
    onerror(os.unlink, fullname, sys.exc_info())
  File "/opt/pypy/lib/pypy3.11/shutil.py", line 701, in _rmtree_safe_fd
    os.unlink(entry.name, dir_fd=topfd)
OSError: [Errno 16] Device or resource busy: '.nfs0000007600194c2800004c1e'
Traceback (most recent call last):
  File "/opt/pypy/lib/pypy3.11/multiprocessing/process.py", line 314, in _bootstrap
    self.run()
  File "/opt/pypy/lib/pypy3.11/multiprocessing/process.py", line 108, in run
    self._target(*self._args, **self._kwargs)
  File "/opt/pypy/lib/pypy3.11/multiprocessing/managers.py", line 600, in _run_server
    server.serve_forever()
  File "/opt/pypy/lib/pypy3.11/multiprocessing/managers.py", line 184, in serve_forever
    sys.exit(0)
SystemExit: 0

During handling of the above exception, another exception occurred:

Traceback (most recent call last):
  File "/opt/pypy/lib/pypy3.11/multiprocessing/util.py", line 303, in _run_finalizers
    finalizer()
  File "/opt/pypy/lib/pypy3.11/multiprocessing/util.py", line 227, in __call__
    res = self._callback(*self._args, **self._kwargs)
          ^^^^^^^^^^^^^^^^^^^^^^^^^^^^^^^^^^^^^^^^^^^
  File "/opt/pypy/lib/pypy3.11/multiprocessing/util.py", line 136, in _remove_temp_dir
    rmtree(tempdir, onerror=onerror)
  File "/opt/pypy/lib/pypy3.11/shutil.py", line 752, in rmtree
    _rmtree_safe_fd(fd, path, onerror)
  File "/opt/pypy/lib/pypy3.11/shutil.py", line 703, in _rmtree_safe_fd
    onerror(os.unlink, fullname, sys.exc_info())
  File "/opt/pypy/lib/pypy3.11/shutil.py", line 701, in _rmtree_safe_fd
    os.unlink(entry.name, dir_fd=topfd)
OSError: [Errno 16] Device or resource busy: '.nfs000000768054f80900004c1f'
Traceback (most recent call last):
  File "/opt/pypy/lib/pypy3.11/multiprocessing/process.py", line 314, in _bootstrap
    self.run()
  File "/opt/pypy/lib/pypy3.11/multiprocessing/process.py", line 108, in run
    self._target(*self._args, **self._kwargs)
  File "/opt/pypy/lib/pypy3.11/multiprocessing/managers.py", line 600, in _run_server
    server.serve_forever()
  File "/opt/pypy/lib/pypy3.11/multiprocessing/managers.py", line 184, in serve_forever
    sys.exit(0)
SystemExit: 0

During handling of the above exception, another exception occurred:

Traceback (most recent call last):
  File "/opt/pypy/lib/pypy3.11/multiprocessing/util.py", line 303, in _run_finalizers
    finalizer()
  File "/opt/pypy/lib/pypy3.11/multiprocessing/util.py", line 227, in __call__
    res = self._callback(*self._args, **self._kwargs)
          ^^^^^^^^^^^^^^^^^^^^^^^^^^^^^^^^^^^^^^^^^^^
  File "/opt/pypy/lib/pypy3.11/multiprocessing/util.py", line 136, in _remove_temp_dir
    rmtree(tempdir, onerror=onerror)
  File "/opt/pypy/lib/pypy3.11/shutil.py", line 752, in rmtree
    _rmtree_safe_fd(fd, path, onerror)
  File "/opt/pypy/lib/pypy3.11/shutil.py", line 703, in _rmtree_safe_fd
    onerror(os.unlink, fullname, sys.exc_info())
  File "/opt/pypy/lib/pypy3.11/shutil.py", line 701, in _rmtree_safe_fd
    os.unlink(entry.name, dir_fd=topfd)
OSError: [Errno 16] Device or resource busy: '.nfs000000770120381500004c20'
Traceback (most recent call last):
  File "/opt/pypy/lib/pypy3.11/multiprocessing/process.py", line 314, in _bootstrap
    self.run()
  File "/opt/pypy/lib/pypy3.11/multiprocessing/process.py", line 108, in run
    self._target(*self._args, **self._kwargs)
  File "/opt/pypy/lib/pypy3.11/multiprocessing/managers.py", line 600, in _run_server
    server.serve_forever()
  File "/opt/pypy/lib/pypy3.11/multiprocessing/managers.py", line 184, in serve_forever
    sys.exit(0)
SystemExit: 0

During handling of the above exception, another exception occurred:

Traceback (most recent call last):
  File "/opt/pypy/lib/pypy3.11/multiprocessing/util.py", line 303, in _run_finalizers
    finalizer()
  File "/opt/pypy/lib/pypy3.11/multiprocessing/util.py", line 227, in __call__
    res = self._callback(*self._args, **self._kwargs)
          ^^^^^^^^^^^^^^^^^^^^^^^^^^^^^^^^^^^^^^^^^^^
  File "/opt/pypy/lib/pypy3.11/multiprocessing/util.py", line 136, in _remove_temp_dir
    rmtree(tempdir, onerror=onerror)
  File "/opt/pypy/lib/pypy3.11/shutil.py", line 752, in rmtree
    _rmtree_safe_fd(fd, path, onerror)
  File "/opt/pypy/lib/pypy3.11/shutil.py", line 703, in _rmtree_safe_fd
    onerror(os.unlink, fullname, sys.exc_info())
  File "/opt/pypy/lib/pypy3.11/shutil.py", line 701, in _rmtree_safe_fd
    os.unlink(entry.name, dir_fd=topfd)
OSError: [Errno 16] Device or resource busy: '.nfs000000778083a07d00004c21'
Traceback (most recent call last):
  File "/opt/pypy/lib/pypy3.11/multiprocessing/process.py", line 314, in _bootstrap
    self.run()
  File "/opt/pypy/lib/pypy3.11/multiprocessing/process.py", line 108, in run
    self._target(*self._args, **self._kwargs)
  File "/opt/pypy/lib/pypy3.11/multiprocessing/managers.py", line 600, in _run_server
    server.serve_forever()
  File "/opt/pypy/lib/pypy3.11/multiprocessing/managers.py", line 184, in serve_forever
    sys.exit(0)
SystemExit: 0

During handling of the above exception, another exception occurred:

Traceback (most recent call last):
  File "/opt/pypy/lib/pypy3.11/multiprocessing/util.py", line 303, in _run_finalizers
    finalizer()
  File "/opt/pypy/lib/pypy3.11/multiprocessing/util.py", line 227, in __call__
    res = self._callback(*self._args, **self._kwargs)
          ^^^^^^^^^^^^^^^^^^^^^^^^^^^^^^^^^^^^^^^^^^^
  File "/opt/pypy/lib/pypy3.11/multiprocessing/util.py", line 136, in _remove_temp_dir
    rmtree(tempdir, onerror=onerror)
  File "/opt/pypy/lib/pypy3.11/shutil.py", line 752, in rmtree
    _rmtree_safe_fd(fd, path, onerror)
  File "/opt/pypy/lib/pypy3.11/shutil.py", line 703, in _rmtree_safe_fd
    onerror(os.unlink, fullname, sys.exc_info())
  File "/opt/pypy/lib/pypy3.11/shutil.py", line 701, in _rmtree_safe_fd
    os.unlink(entry.name, dir_fd=topfd)
OSError: [Errno 16] Device or resource busy: '.nfs000000780007e41800004c22'
Traceback (most recent call last):
  File "/opt/pypy/lib/pypy3.11/multiprocessing/process.py", line 314, in _bootstrap
    self.run()
  File "/opt/pypy/lib/pypy3.11/multiprocessing/process.py", line 108, in run
    self._target(*self._args, **self._kwargs)
  File "/opt/pypy/lib/pypy3.11/multiprocessing/managers.py", line 600, in _run_server
    server.serve_forever()
  File "/opt/pypy/lib/pypy3.11/multiprocessing/managers.py", line 184, in serve_forever
    sys.exit(0)
SystemExit: 0

During handling of the above exception, another exception occurred:

Traceback (most recent call last):
  File "/opt/pypy/lib/pypy3.11/multiprocessing/util.py", line 303, in _run_finalizers
    finalizer()
  File "/opt/pypy/lib/pypy3.11/multiprocessing/util.py", line 227, in __call__
    res = self._callback(*self._args, **self._kwargs)
          ^^^^^^^^^^^^^^^^^^^^^^^^^^^^^^^^^^^^^^^^^^^
  File "/opt/pypy/lib/pypy3.11/multiprocessing/util.py", line 136, in _remove_temp_dir
    rmtree(tempdir, onerror=onerror)
  File "/opt/pypy/lib/pypy3.11/shutil.py", line 752, in rmtree
    _rmtree_safe_fd(fd, path, onerror)
  File "/opt/pypy/lib/pypy3.11/shutil.py", line 703, in _rmtree_safe_fd
    onerror(os.unlink, fullname, sys.exc_info())
  File "/opt/pypy/lib/pypy3.11/shutil.py", line 701, in _rmtree_safe_fd
    os.unlink(entry.name, dir_fd=topfd)
OSError: [Errno 16] Device or resource busy: '.nfs000000788043f02c00004c23'
Traceback (most recent call last):
  File "/opt/pypy/lib/pypy3.11/multiprocessing/process.py", line 314, in _bootstrap
    self.run()
  File "/opt/pypy/lib/pypy3.11/multiprocessing/process.py", line 108, in run
    self._target(*self._args, **self._kwargs)
  File "/opt/pypy/lib/pypy3.11/multiprocessing/managers.py", line 600, in _run_server
    server.serve_forever()
  File "/opt/pypy/lib/pypy3.11/multiprocessing/managers.py", line 184, in serve_forever
    sys.exit(0)
SystemExit: 0

During handling of the above exception, another exception occurred:

Traceback (most recent call last):
  File "/opt/pypy/lib/pypy3.11/multiprocessing/util.py", line 303, in _run_finalizers
    finalizer()
  File "/opt/pypy/lib/pypy3.11/multiprocessing/util.py", line 227, in __call__
    res = self._callback(*self._args, **self._kwargs)
          ^^^^^^^^^^^^^^^^^^^^^^^^^^^^^^^^^^^^^^^^^^^
  File "/opt/pypy/lib/pypy3.11/multiprocessing/util.py", line 136, in _remove_temp_dir
    rmtree(tempdir, onerror=onerror)
  File "/opt/pypy/lib/pypy3.11/shutil.py", line 752, in rmtree
    _rmtree_safe_fd(fd, path, onerror)
  File "/opt/pypy/lib/pypy3.11/shutil.py", line 703, in _rmtree_safe_fd
    onerror(os.unlink, fullname, sys.exc_info())
  File "/opt/pypy/lib/pypy3.11/shutil.py", line 701, in _rmtree_safe_fd
    os.unlink(entry.name, dir_fd=topfd)
OSError: [Errno 16] Device or resource busy: '.nfs00000079007474f800004c24'
Traceback (most recent call last):
  File "/opt/pypy/lib/pypy3.11/multiprocessing/process.py", line 314, in _bootstrap
    self.run()
  File "/opt/pypy/lib/pypy3.11/multiprocessing/process.py", line 108, in run
    self._target(*self._args, **self._kwargs)
  File "/opt/pypy/lib/pypy3.11/multiprocessing/managers.py", line 600, in _run_server
    server.serve_forever()
  File "/opt/pypy/lib/pypy3.11/multiprocessing/managers.py", line 184, in serve_forever
    sys.exit(0)
SystemExit: 0

During handling of the above exception, another exception occurred:

Traceback (most recent call last):
  File "/opt/pypy/lib/pypy3.11/multiprocessing/util.py", line 303, in _run_finalizers
    finalizer()
  File "/opt/pypy/lib/pypy3.11/multiprocessing/util.py", line 227, in __call__
    res = self._callback(*self._args, **self._kwargs)
          ^^^^^^^^^^^^^^^^^^^^^^^^^^^^^^^^^^^^^^^^^^^
  File "/opt/pypy/lib/pypy3.11/multiprocessing/util.py", line 136, in _remove_temp_dir
    rmtree(tempdir, onerror=onerror)
  File "/opt/pypy/lib/pypy3.11/shutil.py", line 752, in rmtree
    _rmtree_safe_fd(fd, path, onerror)
  File "/opt/pypy/lib/pypy3.11/shutil.py", line 703, in _rmtree_safe_fd
    onerror(os.unlink, fullname, sys.exc_info())
  File "/opt/pypy/lib/pypy3.11/shutil.py", line 701, in _rmtree_safe_fd
    os.unlink(entry.name, dir_fd=topfd)
OSError: [Errno 16] Device or resource busy: '.nfs0000007980fefc3400004c25'
Traceback (most recent call last):
  File "/opt/pypy/lib/pypy3.11/multiprocessing/process.py", line 314, in _bootstrap
    self.run()
  File "/opt/pypy/lib/pypy3.11/multiprocessing/process.py", line 108, in run
    self._target(*self._args, **self._kwargs)
  File "/opt/pypy/lib/pypy3.11/multiprocessing/managers.py", line 600, in _run_server
    server.serve_forever()
  File "/opt/pypy/lib/pypy3.11/multiprocessing/managers.py", line 184, in serve_forever
    sys.exit(0)
SystemExit: 0

During handling of the above exception, another exception occurred:

Traceback (most recent call last):
  File "/opt/pypy/lib/pypy3.11/multiprocessing/util.py", line 303, in _run_finalizers
    finalizer()
  File "/opt/pypy/lib/pypy3.11/multiprocessing/util.py", line 227, in __call__
    res = self._callback(*self._args, **self._kwargs)
          ^^^^^^^^^^^^^^^^^^^^^^^^^^^^^^^^^^^^^^^^^^^
  File "/opt/pypy/lib/pypy3.11/multiprocessing/util.py", line 136, in _remove_temp_dir
    rmtree(tempdir, onerror=onerror)
  File "/opt/pypy/lib/pypy3.11/shutil.py", line 752, in rmtree
    _rmtree_safe_fd(fd, path, onerror)
  File "/opt/pypy/lib/pypy3.11/shutil.py", line 703, in _rmtree_safe_fd
    onerror(os.unlink, fullname, sys.exc_info())
  File "/opt/pypy/lib/pypy3.11/shutil.py", line 701, in _rmtree_safe_fd
    os.unlink(entry.name, dir_fd=topfd)
OSError: [Errno 16] Device or resource busy: '.nfs0000007a0025081400004c26'
Traceback (most recent call last):
  File "/opt/pypy/lib/pypy3.11/multiprocessing/process.py", line 314, in _bootstrap
    self.run()
  File "/opt/pypy/lib/pypy3.11/multiprocessing/process.py", line 108, in run
    self._target(*self._args, **self._kwargs)
  File "/opt/pypy/lib/pypy3.11/multiprocessing/managers.py", line 600, in _run_server
    server.serve_forever()
  File "/opt/pypy/lib/pypy3.11/multiprocessing/managers.py", line 184, in serve_forever
    sys.exit(0)
SystemExit: 0

During handling of the above exception, another exception occurred:

Traceback (most recent call last):
  File "/opt/pypy/lib/pypy3.11/multiprocessing/util.py", line 303, in _run_finalizers
    finalizer()
  File "/opt/pypy/lib/pypy3.11/multiprocessing/util.py", line 227, in __call__
    res = self._callback(*self._args, **self._kwargs)
          ^^^^^^^^^^^^^^^^^^^^^^^^^^^^^^^^^^^^^^^^^^^
  File "/opt/pypy/lib/pypy3.11/multiprocessing/util.py", line 136, in _remove_temp_dir
    rmtree(tempdir, onerror=onerror)
  File "/opt/pypy/lib/pypy3.11/shutil.py", line 752, in rmtree
    _rmtree_safe_fd(fd, path, onerror)
  File "/opt/pypy/lib/pypy3.11/shutil.py", line 703, in _rmtree_safe_fd
    onerror(os.unlink, fullname, sys.exc_info())
  File "/opt/pypy/lib/pypy3.11/shutil.py", line 701, in _rmtree_safe_fd
    os.unlink(entry.name, dir_fd=topfd)
OSError: [Errno 16] Device or resource busy: '.nfs0000007a81017c3f00004c27'
Traceback (most recent call last):
  File "/opt/pypy/lib/pypy3.11/multiprocessing/process.py", line 314, in _bootstrap
    self.run()
  File "/opt/pypy/lib/pypy3.11/multiprocessing/process.py", line 108, in run
    self._target(*self._args, **self._kwargs)
  File "/opt/pypy/lib/pypy3.11/multiprocessing/managers.py", line 600, in _run_server
    server.serve_forever()
  File "/opt/pypy/lib/pypy3.11/multiprocessing/managers.py", line 184, in serve_forever
    sys.exit(0)
SystemExit: 0

During handling of the above exception, another exception occurred:

Traceback (most recent call last):
  File "/opt/pypy/lib/pypy3.11/multiprocessing/util.py", line 303, in _run_finalizers
    finalizer()
  File "/opt/pypy/lib/pypy3.11/multiprocessing/util.py", line 227, in __call__
    res = self._callback(*self._args, **self._kwargs)
          ^^^^^^^^^^^^^^^^^^^^^^^^^^^^^^^^^^^^^^^^^^^
  File "/opt/pypy/lib/pypy3.11/multiprocessing/util.py", line 136, in _remove_temp_dir
    rmtree(tempdir, onerror=onerror)
  File "/opt/pypy/lib/pypy3.11/shutil.py", line 752, in rmtree
    _rmtree_safe_fd(fd, path, onerror)
  File "/opt/pypy/lib/pypy3.11/shutil.py", line 703, in _rmtree_safe_fd
    onerror(os.unlink, fullname, sys.exc_info())
  File "/opt/pypy/lib/pypy3.11/shutil.py", line 701, in _rmtree_safe_fd
    os.unlink(entry.name, dir_fd=topfd)
OSError: [Errno 16] Device or resource busy: '.nfs0000007b0c0dc43e00004c28'
Traceback (most recent call last):
  File "/opt/pypy/lib/pypy3.11/multiprocessing/process.py", line 314, in _bootstrap
    self.run()
  File "/opt/pypy/lib/pypy3.11/multiprocessing/process.py", line 108, in run
    self._target(*self._args, **self._kwargs)
  File "/opt/pypy/lib/pypy3.11/multiprocessing/managers.py", line 600, in _run_server
    server.serve_forever()
  File "/opt/pypy/lib/pypy3.11/multiprocessing/managers.py", line 184, in serve_forever
    sys.exit(0)
SystemExit: 0

During handling of the above exception, another exception occurred:

Traceback (most recent call last):
  File "/opt/pypy/lib/pypy3.11/multiprocessing/util.py", line 303, in _run_finalizers
    finalizer()
  File "/opt/pypy/lib/pypy3.11/multiprocessing/util.py", line 227, in __call__
    res = self._callback(*self._args, **self._kwargs)
          ^^^^^^^^^^^^^^^^^^^^^^^^^^^^^^^^^^^^^^^^^^^
  File "/opt/pypy/lib/pypy3.11/multiprocessing/util.py", line 136, in _remove_temp_dir
    rmtree(tempdir, onerror=onerror)
  File "/opt/pypy/lib/pypy3.11/shutil.py", line 752, in rmtree
    _rmtree_safe_fd(fd, path, onerror)
  File "/opt/pypy/lib/pypy3.11/shutil.py", line 703, in _rmtree_safe_fd
    onerror(os.unlink, fullname, sys.exc_info())
  File "/opt/pypy/lib/pypy3.11/shutil.py", line 701, in _rmtree_safe_fd
    os.unlink(entry.name, dir_fd=topfd)
OSError: [Errno 16] Device or resource busy: '.nfs0000007b8100041300004c29'
Traceback (most recent call last):
  File "/opt/pypy/lib/pypy3.11/multiprocessing/process.py", line 314, in _bootstrap
    self.run()
  File "/opt/pypy/lib/pypy3.11/multiprocessing/process.py", line 108, in run
    self._target(*self._args, **self._kwargs)
  File "/opt/pypy/lib/pypy3.11/multiprocessing/managers.py", line 600, in _run_server
    server.serve_forever()
  File "/opt/pypy/lib/pypy3.11/multiprocessing/managers.py", line 184, in serve_forever
    sys.exit(0)
SystemExit: 0

During handling of the above exception, another exception occurred:

Traceback (most recent call last):
  File "/opt/pypy/lib/pypy3.11/multiprocessing/util.py", line 303, in _run_finalizers
    finalizer()
  File "/opt/pypy/lib/pypy3.11/multiprocessing/util.py", line 227, in __call__
    res = self._callback(*self._args, **self._kwargs)
          ^^^^^^^^^^^^^^^^^^^^^^^^^^^^^^^^^^^^^^^^^^^
  File "/opt/pypy/lib/pypy3.11/multiprocessing/util.py", line 136, in _remove_temp_dir
    rmtree(tempdir, onerror=onerror)
  File "/opt/pypy/lib/pypy3.11/shutil.py", line 752, in rmtree
    _rmtree_safe_fd(fd, path, onerror)
  File "/opt/pypy/lib/pypy3.11/shutil.py", line 703, in _rmtree_safe_fd
    onerror(os.unlink, fullname, sys.exc_info())
  File "/opt/pypy/lib/pypy3.11/shutil.py", line 701, in _rmtree_safe_fd
    os.unlink(entry.name, dir_fd=topfd)
OSError: [Errno 16] Device or resource busy: '.nfs0000007c007ce43800004c2a'
Traceback (most recent call last):
  File "/opt/pypy/lib/pypy3.11/multiprocessing/process.py", line 314, in _bootstrap
    self.run()
  File "/opt/pypy/lib/pypy3.11/multiprocessing/process.py", line 108, in run
    self._target(*self._args, **self._kwargs)
  File "/opt/pypy/lib/pypy3.11/multiprocessing/managers.py", line 600, in _run_server
    server.serve_forever()
  File "/opt/pypy/lib/pypy3.11/multiprocessing/managers.py", line 184, in serve_forever
    sys.exit(0)
SystemExit: 0

During handling of the above exception, another exception occurred:

Traceback (most recent call last):
  File "/opt/pypy/lib/pypy3.11/multiprocessing/util.py", line 303, in _run_finalizers
    finalizer()
  File "/opt/pypy/lib/pypy3.11/multiprocessing/util.py", line 227, in __call__
    res = self._callback(*self._args, **self._kwargs)
          ^^^^^^^^^^^^^^^^^^^^^^^^^^^^^^^^^^^^^^^^^^^
  File "/opt/pypy/lib/pypy3.11/multiprocessing/util.py", line 136, in _remove_temp_dir
    rmtree(tempdir, onerror=onerror)
  File "/opt/pypy/lib/pypy3.11/shutil.py", line 752, in rmtree
    _rmtree_safe_fd(fd, path, onerror)
  File "/opt/pypy/lib/pypy3.11/shutil.py", line 703, in _rmtree_safe_fd
    onerror(os.unlink, fullname, sys.exc_info())
  File "/opt/pypy/lib/pypy3.11/shutil.py", line 701, in _rmtree_safe_fd
    os.unlink(entry.name, dir_fd=topfd)
OSError: [Errno 16] Device or resource busy: '.nfs0000007c8340883b00004c2b'
Traceback (most recent call last):
  File "/opt/pypy/lib/pypy3.11/multiprocessing/process.py", line 314, in _bootstrap
    self.run()
  File "/opt/pypy/lib/pypy3.11/multiprocessing/process.py", line 108, in run
    self._target(*self._args, **self._kwargs)
  File "/opt/pypy/lib/pypy3.11/multiprocessing/managers.py", line 600, in _run_server
    server.serve_forever()
  File "/opt/pypy/lib/pypy3.11/multiprocessing/managers.py", line 184, in serve_forever
    sys.exit(0)
SystemExit: 0

During handling of the above exception, another exception occurred:

Traceback (most recent call last):
  File "/opt/pypy/lib/pypy3.11/multiprocessing/util.py", line 303, in _run_finalizers
    finalizer()
  File "/opt/pypy/lib/pypy3.11/multiprocessing/util.py", line 227, in __call__
    res = self._callback(*self._args, **self._kwargs)
          ^^^^^^^^^^^^^^^^^^^^^^^^^^^^^^^^^^^^^^^^^^^
  File "/opt/pypy/lib/pypy3.11/multiprocessing/util.py", line 136, in _remove_temp_dir
    rmtree(tempdir, onerror=onerror)
  File "/opt/pypy/lib/pypy3.11/shutil.py", line 752, in rmtree
    _rmtree_safe_fd(fd, path, onerror)
  File "/opt/pypy/lib/pypy3.11/shutil.py", line 703, in _rmtree_safe_fd
    onerror(os.unlink, fullname, sys.exc_info())
  File "/opt/pypy/lib/pypy3.11/shutil.py", line 701, in _rmtree_safe_fd
    os.unlink(entry.name, dir_fd=topfd)
OSError: [Errno 16] Device or resource busy: '.nfs0000007d01497c2300004c2c'
Traceback (most recent call last):
  File "/opt/pypy/lib/pypy3.11/multiprocessing/process.py", line 314, in _bootstrap
    self.run()
  File "/opt/pypy/lib/pypy3.11/multiprocessing/process.py", line 108, in run
    self._target(*self._args, **self._kwargs)
  File "/opt/pypy/lib/pypy3.11/multiprocessing/managers.py", line 600, in _run_server
    server.serve_forever()
  File "/opt/pypy/lib/pypy3.11/multiprocessing/managers.py", line 184, in serve_forever
    sys.exit(0)
SystemExit: 0

During handling of the above exception, another exception occurred:

Traceback (most recent call last):
  File "/opt/pypy/lib/pypy3.11/multiprocessing/util.py", line 303, in _run_finalizers
    finalizer()
  File "/opt/pypy/lib/pypy3.11/multiprocessing/util.py", line 227, in __call__
    res = self._callback(*self._args, **self._kwargs)
          ^^^^^^^^^^^^^^^^^^^^^^^^^^^^^^^^^^^^^^^^^^^
  File "/opt/pypy/lib/pypy3.11/multiprocessing/util.py", line 136, in _remove_temp_dir
    rmtree(tempdir, onerror=onerror)
  File "/opt/pypy/lib/pypy3.11/shutil.py", line 752, in rmtree
    _rmtree_safe_fd(fd, path, onerror)
  File "/opt/pypy/lib/pypy3.11/shutil.py", line 703, in _rmtree_safe_fd
    onerror(os.unlink, fullname, sys.exc_info())
  File "/opt/pypy/lib/pypy3.11/shutil.py", line 701, in _rmtree_safe_fd
    os.unlink(entry.name, dir_fd=topfd)
OSError: [Errno 16] Device or resource busy: '.nfs0000007d8144200000004c2d'
Traceback (most recent call last):
  File "/opt/pypy/lib/pypy3.11/multiprocessing/process.py", line 314, in _bootstrap
    self.run()
  File "/opt/pypy/lib/pypy3.11/multiprocessing/process.py", line 108, in run
    self._target(*self._args, **self._kwargs)
  File "/opt/pypy/lib/pypy3.11/multiprocessing/managers.py", line 600, in _run_server
    server.serve_forever()
  File "/opt/pypy/lib/pypy3.11/multiprocessing/managers.py", line 184, in serve_forever
    sys.exit(0)
SystemExit: 0

During handling of the above exception, another exception occurred:

Traceback (most recent call last):
  File "/opt/pypy/lib/pypy3.11/multiprocessing/util.py", line 303, in _run_finalizers
    finalizer()
  File "/opt/pypy/lib/pypy3.11/multiprocessing/util.py", line 227, in __call__
    res = self._callback(*self._args, **self._kwargs)
          ^^^^^^^^^^^^^^^^^^^^^^^^^^^^^^^^^^^^^^^^^^^
  File "/opt/pypy/lib/pypy3.11/multiprocessing/util.py", line 136, in _remove_temp_dir
    rmtree(tempdir, onerror=onerror)
  File "/opt/pypy/lib/pypy3.11/shutil.py", line 752, in rmtree
    _rmtree_safe_fd(fd, path, onerror)
  File "/opt/pypy/lib/pypy3.11/shutil.py", line 703, in _rmtree_safe_fd
    onerror(os.unlink, fullname, sys.exc_info())
  File "/opt/pypy/lib/pypy3.11/shutil.py", line 701, in _rmtree_safe_fd
    os.unlink(entry.name, dir_fd=topfd)
OSError: [Errno 16] Device or resource busy: '.nfs0000007e0165980500004c2e'
Traceback (most recent call last):
  File "/opt/pypy/lib/pypy3.11/multiprocessing/process.py", line 314, in _bootstrap
    self.run()
  File "/opt/pypy/lib/pypy3.11/multiprocessing/process.py", line 108, in run
    self._target(*self._args, **self._kwargs)
  File "/opt/pypy/lib/pypy3.11/multiprocessing/managers.py", line 600, in _run_server
    server.serve_forever()
  File "/opt/pypy/lib/pypy3.11/multiprocessing/managers.py", line 184, in serve_forever
    sys.exit(0)
SystemExit: 0

During handling of the above exception, another exception occurred:

Traceback (most recent call last):
  File "/opt/pypy/lib/pypy3.11/multiprocessing/util.py", line 303, in _run_finalizers
    finalizer()
  File "/opt/pypy/lib/pypy3.11/multiprocessing/util.py", line 227, in __call__
    res = self._callback(*self._args, **self._kwargs)
          ^^^^^^^^^^^^^^^^^^^^^^^^^^^^^^^^^^^^^^^^^^^
  File "/opt/pypy/lib/pypy3.11/multiprocessing/util.py", line 136, in _remove_temp_dir
    rmtree(tempdir, onerror=onerror)
  File "/opt/pypy/lib/pypy3.11/shutil.py", line 752, in rmtree
    _rmtree_safe_fd(fd, path, onerror)
  File "/opt/pypy/lib/pypy3.11/shutil.py", line 703, in _rmtree_safe_fd
    onerror(os.unlink, fullname, sys.exc_info())
  File "/opt/pypy/lib/pypy3.11/shutil.py", line 701, in _rmtree_safe_fd
    os.unlink(entry.name, dir_fd=topfd)
OSError: [Errno 16] Device or resource busy: '.nfs0000007e814b282c00004c2f'
Traceback (most recent call last):
  File "/opt/pypy/lib/pypy3.11/multiprocessing/process.py", line 314, in _bootstrap
    self.run()
  File "/opt/pypy/lib/pypy3.11/multiprocessing/process.py", line 108, in run
    self._target(*self._args, **self._kwargs)
  File "/opt/pypy/lib/pypy3.11/multiprocessing/managers.py", line 600, in _run_server
    server.serve_forever()
  File "/opt/pypy/lib/pypy3.11/multiprocessing/managers.py", line 184, in serve_forever
    sys.exit(0)
SystemExit: 0

During handling of the above exception, another exception occurred:

Traceback (most recent call last):
  File "/opt/pypy/lib/pypy3.11/multiprocessing/util.py", line 303, in _run_finalizers
    finalizer()
  File "/opt/pypy/lib/pypy3.11/multiprocessing/util.py", line 227, in __call__
    res = self._callback(*self._args, **self._kwargs)
          ^^^^^^^^^^^^^^^^^^^^^^^^^^^^^^^^^^^^^^^^^^^
  File "/opt/pypy/lib/pypy3.11/multiprocessing/util.py", line 136, in _remove_temp_dir
    rmtree(tempdir, onerror=onerror)
  File "/opt/pypy/lib/pypy3.11/shutil.py", line 752, in rmtree
    _rmtree_safe_fd(fd, path, onerror)
  File "/opt/pypy/lib/pypy3.11/shutil.py", line 703, in _rmtree_safe_fd
    onerror(os.unlink, fullname, sys.exc_info())
  File "/opt/pypy/lib/pypy3.11/shutil.py", line 701, in _rmtree_safe_fd
    os.unlink(entry.name, dir_fd=topfd)
OSError: [Errno 16] Device or resource busy: '.nfs0000007f003ff04b00004c30'
Traceback (most recent call last):
  File "/opt/pypy/lib/pypy3.11/multiprocessing/process.py", line 314, in _bootstrap
    self.run()
  File "/opt/pypy/lib/pypy3.11/multiprocessing/process.py", line 108, in run
    self._target(*self._args, **self._kwargs)
  File "/opt/pypy/lib/pypy3.11/multiprocessing/managers.py", line 600, in _run_server
    server.serve_forever()
  File "/opt/pypy/lib/pypy3.11/multiprocessing/managers.py", line 184, in serve_forever
    sys.exit(0)
SystemExit: 0

During handling of the above exception, another exception occurred:

Traceback (most recent call last):
  File "/opt/pypy/lib/pypy3.11/multiprocessing/util.py", line 303, in _run_finalizers
    finalizer()
  File "/opt/pypy/lib/pypy3.11/multiprocessing/util.py", line 227, in __call__
    res = self._callback(*self._args, **self._kwargs)
          ^^^^^^^^^^^^^^^^^^^^^^^^^^^^^^^^^^^^^^^^^^^
  File "/opt/pypy/lib/pypy3.11/multiprocessing/util.py", line 136, in _remove_temp_dir
    rmtree(tempdir, onerror=onerror)
  File "/opt/pypy/lib/pypy3.11/shutil.py", line 752, in rmtree
    _rmtree_safe_fd(fd, path, onerror)
  File "/opt/pypy/lib/pypy3.11/shutil.py", line 703, in _rmtree_safe_fd
    onerror(os.unlink, fullname, sys.exc_info())
  File "/opt/pypy/lib/pypy3.11/shutil.py", line 701, in _rmtree_safe_fd
    os.unlink(entry.name, dir_fd=topfd)
OSError: [Errno 16] Device or resource busy: '.nfs0000007f80f9f03500004c31'
Traceback (most recent call last):
  File "/opt/pypy/lib/pypy3.11/multiprocessing/process.py", line 314, in _bootstrap
    self.run()
  File "/opt/pypy/lib/pypy3.11/multiprocessing/process.py", line 108, in run
    self._target(*self._args, **self._kwargs)
  File "/opt/pypy/lib/pypy3.11/multiprocessing/managers.py", line 600, in _run_server
    server.serve_forever()
  File "/opt/pypy/lib/pypy3.11/multiprocessing/managers.py", line 184, in serve_forever
    sys.exit(0)
SystemExit: 0

During handling of the above exception, another exception occurred:

Traceback (most recent call last):
  File "/opt/pypy/lib/pypy3.11/multiprocessing/util.py", line 303, in _run_finalizers
    finalizer()
  File "/opt/pypy/lib/pypy3.11/multiprocessing/util.py", line 227, in __call__
    res = self._callback(*self._args, **self._kwargs)
          ^^^^^^^^^^^^^^^^^^^^^^^^^^^^^^^^^^^^^^^^^^^
  File "/opt/pypy/lib/pypy3.11/multiprocessing/util.py", line 136, in _remove_temp_dir
    rmtree(tempdir, onerror=onerror)
  File "/opt/pypy/lib/pypy3.11/shutil.py", line 752, in rmtree
    _rmtree_safe_fd(fd, path, onerror)
  File "/opt/pypy/lib/pypy3.11/shutil.py", line 703, in _rmtree_safe_fd
    onerror(os.unlink, fullname, sys.exc_info())
  File "/opt/pypy/lib/pypy3.11/shutil.py", line 701, in _rmtree_safe_fd
    os.unlink(entry.name, dir_fd=topfd)
OSError: [Errno 16] Device or resource busy: '.nfs0000008001453c2a00004c32'
Traceback (most recent call last):
  File "/opt/pypy/lib/pypy3.11/multiprocessing/process.py", line 314, in _bootstrap
    self.run()
  File "/opt/pypy/lib/pypy3.11/multiprocessing/process.py", line 108, in run
    self._target(*self._args, **self._kwargs)
  File "/opt/pypy/lib/pypy3.11/multiprocessing/managers.py", line 600, in _run_server
    server.serve_forever()
  File "/opt/pypy/lib/pypy3.11/multiprocessing/managers.py", line 184, in serve_forever
    sys.exit(0)
SystemExit: 0

During handling of the above exception, another exception occurred:

Traceback (most recent call last):
  File "/opt/pypy/lib/pypy3.11/multiprocessing/util.py", line 303, in _run_finalizers
    finalizer()
  File "/opt/pypy/lib/pypy3.11/multiprocessing/util.py", line 227, in __call__
    res = self._callback(*self._args, **self._kwargs)
          ^^^^^^^^^^^^^^^^^^^^^^^^^^^^^^^^^^^^^^^^^^^
  File "/opt/pypy/lib/pypy3.11/multiprocessing/util.py", line 136, in _remove_temp_dir
    rmtree(tempdir, onerror=onerror)
  File "/opt/pypy/lib/pypy3.11/shutil.py", line 752, in rmtree
    _rmtree_safe_fd(fd, path, onerror)
  File "/opt/pypy/lib/pypy3.11/shutil.py", line 703, in _rmtree_safe_fd
    onerror(os.unlink, fullname, sys.exc_info())
  File "/opt/pypy/lib/pypy3.11/shutil.py", line 701, in _rmtree_safe_fd
    os.unlink(entry.name, dir_fd=topfd)
OSError: [Errno 16] Device or resource busy: '.nfs000000808041203a00004c33'
Traceback (most recent call last):
  File "/opt/pypy/lib/pypy3.11/multiprocessing/process.py", line 314, in _bootstrap
    self.run()
  File "/opt/pypy/lib/pypy3.11/multiprocessing/process.py", line 108, in run
    self._target(*self._args, **self._kwargs)
  File "/opt/pypy/lib/pypy3.11/multiprocessing/managers.py", line 600, in _run_server
    server.serve_forever()
  File "/opt/pypy/lib/pypy3.11/multiprocessing/managers.py", line 184, in serve_forever
    sys.exit(0)
SystemExit: 0

During handling of the above exception, another exception occurred:

Traceback (most recent call last):
  File "/opt/pypy/lib/pypy3.11/multiprocessing/util.py", line 303, in _run_finalizers
    finalizer()
  File "/opt/pypy/lib/pypy3.11/multiprocessing/util.py", line 227, in __call__
    res = self._callback(*self._args, **self._kwargs)
          ^^^^^^^^^^^^^^^^^^^^^^^^^^^^^^^^^^^^^^^^^^^
  File "/opt/pypy/lib/pypy3.11/multiprocessing/util.py", line 136, in _remove_temp_dir
    rmtree(tempdir, onerror=onerror)
  File "/opt/pypy/lib/pypy3.11/shutil.py", line 752, in rmtree
    _rmtree_safe_fd(fd, path, onerror)
  File "/opt/pypy/lib/pypy3.11/shutil.py", line 703, in _rmtree_safe_fd
    onerror(os.unlink, fullname, sys.exc_info())
  File "/opt/pypy/lib/pypy3.11/shutil.py", line 701, in _rmtree_safe_fd
    os.unlink(entry.name, dir_fd=topfd)
OSError: [Errno 16] Device or resource busy: '.nfs00000081000d507f00004c34'
Traceback (most recent call last):
  File "/opt/pypy/lib/pypy3.11/multiprocessing/process.py", line 314, in _bootstrap
    self.run()
  File "/opt/pypy/lib/pypy3.11/multiprocessing/process.py", line 108, in run
    self._target(*self._args, **self._kwargs)
  File "/opt/pypy/lib/pypy3.11/multiprocessing/managers.py", line 600, in _run_server
    server.serve_forever()
  File "/opt/pypy/lib/pypy3.11/multiprocessing/managers.py", line 184, in serve_forever
    sys.exit(0)
SystemExit: 0

During handling of the above exception, another exception occurred:

Traceback (most recent call last):
  File "/opt/pypy/lib/pypy3.11/multiprocessing/util.py", line 303, in _run_finalizers
    finalizer()
  File "/opt/pypy/lib/pypy3.11/multiprocessing/util.py", line 227, in __call__
    res = self._callback(*self._args, **self._kwargs)
          ^^^^^^^^^^^^^^^^^^^^^^^^^^^^^^^^^^^^^^^^^^^
  File "/opt/pypy/lib/pypy3.11/multiprocessing/util.py", line 136, in _remove_temp_dir
    rmtree(tempdir, onerror=onerror)
  File "/opt/pypy/lib/pypy3.11/shutil.py", line 752, in rmtree
    _rmtree_safe_fd(fd, path, onerror)
  File "/opt/pypy/lib/pypy3.11/shutil.py", line 703, in _rmtree_safe_fd
    onerror(os.unlink, fullname, sys.exc_info())
  File "/opt/pypy/lib/pypy3.11/shutil.py", line 701, in _rmtree_safe_fd
    os.unlink(entry.name, dir_fd=topfd)
OSError: [Errno 16] Device or resource busy: '.nfs000000818016bc1800004c35'
Traceback (most recent call last):
  File "/opt/pypy/lib/pypy3.11/multiprocessing/process.py", line 314, in _bootstrap
    self.run()
  File "/opt/pypy/lib/pypy3.11/multiprocessing/process.py", line 108, in run
    self._target(*self._args, **self._kwargs)
  File "/opt/pypy/lib/pypy3.11/multiprocessing/managers.py", line 600, in _run_server
    server.serve_forever()
  File "/opt/pypy/lib/pypy3.11/multiprocessing/managers.py", line 184, in serve_forever
    sys.exit(0)
SystemExit: 0

During handling of the above exception, another exception occurred:

Traceback (most recent call last):
  File "/opt/pypy/lib/pypy3.11/multiprocessing/util.py", line 303, in _run_finalizers
    finalizer()
  File "/opt/pypy/lib/pypy3.11/multiprocessing/util.py", line 227, in __call__
    res = self._callback(*self._args, **self._kwargs)
          ^^^^^^^^^^^^^^^^^^^^^^^^^^^^^^^^^^^^^^^^^^^
  File "/opt/pypy/lib/pypy3.11/multiprocessing/util.py", line 136, in _remove_temp_dir
    rmtree(tempdir, onerror=onerror)
  File "/opt/pypy/lib/pypy3.11/shutil.py", line 752, in rmtree
    _rmtree_safe_fd(fd, path, onerror)
  File "/opt/pypy/lib/pypy3.11/shutil.py", line 703, in _rmtree_safe_fd
    onerror(os.unlink, fullname, sys.exc_info())
  File "/opt/pypy/lib/pypy3.11/shutil.py", line 701, in _rmtree_safe_fd
    os.unlink(entry.name, dir_fd=topfd)
OSError: [Errno 16] Device or resource busy: '.nfs000000820077203700004c36'
Traceback (most recent call last):
  File "/opt/pypy/lib/pypy3.11/multiprocessing/process.py", line 314, in _bootstrap
    self.run()
  File "/opt/pypy/lib/pypy3.11/multiprocessing/process.py", line 108, in run
    self._target(*self._args, **self._kwargs)
  File "/opt/pypy/lib/pypy3.11/multiprocessing/managers.py", line 600, in _run_server
    server.serve_forever()
  File "/opt/pypy/lib/pypy3.11/multiprocessing/managers.py", line 184, in serve_forever
    sys.exit(0)
SystemExit: 0

During handling of the above exception, another exception occurred:

Traceback (most recent call last):
  File "/opt/pypy/lib/pypy3.11/multiprocessing/util.py", line 303, in _run_finalizers
    finalizer()
  File "/opt/pypy/lib/pypy3.11/multiprocessing/util.py", line 227, in __call__
    res = self._callback(*self._args, **self._kwargs)
          ^^^^^^^^^^^^^^^^^^^^^^^^^^^^^^^^^^^^^^^^^^^
  File "/opt/pypy/lib/pypy3.11/multiprocessing/util.py", line 136, in _remove_temp_dir
    rmtree(tempdir, onerror=onerror)
  File "/opt/pypy/lib/pypy3.11/shutil.py", line 752, in rmtree
    _rmtree_safe_fd(fd, path, onerror)
  File "/opt/pypy/lib/pypy3.11/shutil.py", line 703, in _rmtree_safe_fd
    onerror(os.unlink, fullname, sys.exc_info())
  File "/opt/pypy/lib/pypy3.11/shutil.py", line 701, in _rmtree_safe_fd
    os.unlink(entry.name, dir_fd=topfd)
OSError: [Errno 16] Device or resource busy: '.nfs00000082870940e300004c37'
Traceback (most recent call last):
  File "/opt/pypy/lib/pypy3.11/multiprocessing/process.py", line 314, in _bootstrap
    self.run()
  File "/opt/pypy/lib/pypy3.11/multiprocessing/process.py", line 108, in run
    self._target(*self._args, **self._kwargs)
  File "/opt/pypy/lib/pypy3.11/multiprocessing/managers.py", line 600, in _run_server
    server.serve_forever()
  File "/opt/pypy/lib/pypy3.11/multiprocessing/managers.py", line 184, in serve_forever
    sys.exit(0)
SystemExit: 0

During handling of the above exception, another exception occurred:

Traceback (most recent call last):
  File "/opt/pypy/lib/pypy3.11/multiprocessing/util.py", line 303, in _run_finalizers
    finalizer()
  File "/opt/pypy/lib/pypy3.11/multiprocessing/util.py", line 227, in __call__
    res = self._callback(*self._args, **self._kwargs)
          ^^^^^^^^^^^^^^^^^^^^^^^^^^^^^^^^^^^^^^^^^^^
  File "/opt/pypy/lib/pypy3.11/multiprocessing/util.py", line 136, in _remove_temp_dir
    rmtree(tempdir, onerror=onerror)
  File "/opt/pypy/lib/pypy3.11/shutil.py", line 752, in rmtree
    _rmtree_safe_fd(fd, path, onerror)
  File "/opt/pypy/lib/pypy3.11/shutil.py", line 703, in _rmtree_safe_fd
    onerror(os.unlink, fullname, sys.exc_info())
  File "/opt/pypy/lib/pypy3.11/shutil.py", line 701, in _rmtree_safe_fd
    os.unlink(entry.name, dir_fd=topfd)
OSError: [Errno 16] Device or resource busy: '.nfs00000083000fa02100004c38'
Traceback (most recent call last):
  File "/opt/pypy/lib/pypy3.11/multiprocessing/process.py", line 314, in _bootstrap
    self.run()
  File "/opt/pypy/lib/pypy3.11/multiprocessing/process.py", line 108, in run
    self._target(*self._args, **self._kwargs)
  File "/opt/pypy/lib/pypy3.11/multiprocessing/managers.py", line 600, in _run_server
    server.serve_forever()
  File "/opt/pypy/lib/pypy3.11/multiprocessing/managers.py", line 184, in serve_forever
    sys.exit(0)
SystemExit: 0

During handling of the above exception, another exception occurred:

Traceback (most recent call last):
  File "/opt/pypy/lib/pypy3.11/multiprocessing/util.py", line 303, in _run_finalizers
    finalizer()
  File "/opt/pypy/lib/pypy3.11/multiprocessing/util.py", line 227, in __call__
    res = self._callback(*self._args, **self._kwargs)
          ^^^^^^^^^^^^^^^^^^^^^^^^^^^^^^^^^^^^^^^^^^^
  File "/opt/pypy/lib/pypy3.11/multiprocessing/util.py", line 136, in _remove_temp_dir
    rmtree(tempdir, onerror=onerror)
  File "/opt/pypy/lib/pypy3.11/shutil.py", line 752, in rmtree
    _rmtree_safe_fd(fd, path, onerror)
  File "/opt/pypy/lib/pypy3.11/shutil.py", line 703, in _rmtree_safe_fd
    onerror(os.unlink, fullname, sys.exc_info())
  File "/opt/pypy/lib/pypy3.11/shutil.py", line 701, in _rmtree_safe_fd
    os.unlink(entry.name, dir_fd=topfd)
OSError: [Errno 16] Device or resource busy: '.nfs0000008380fa281f00004c39'
Traceback (most recent call last):
  File "/opt/pypy/lib/pypy3.11/multiprocessing/process.py", line 314, in _bootstrap
    self.run()
  File "/opt/pypy/lib/pypy3.11/multiprocessing/process.py", line 108, in run
    self._target(*self._args, **self._kwargs)
  File "/opt/pypy/lib/pypy3.11/multiprocessing/managers.py", line 600, in _run_server
    server.serve_forever()
  File "/opt/pypy/lib/pypy3.11/multiprocessing/managers.py", line 184, in serve_forever
    sys.exit(0)
SystemExit: 0

During handling of the above exception, another exception occurred:

Traceback (most recent call last):
  File "/opt/pypy/lib/pypy3.11/multiprocessing/util.py", line 303, in _run_finalizers
    finalizer()
  File "/opt/pypy/lib/pypy3.11/multiprocessing/util.py", line 227, in __call__
    res = self._callback(*self._args, **self._kwargs)
          ^^^^^^^^^^^^^^^^^^^^^^^^^^^^^^^^^^^^^^^^^^^
  File "/opt/pypy/lib/pypy3.11/multiprocessing/util.py", line 136, in _remove_temp_dir
    rmtree(tempdir, onerror=onerror)
  File "/opt/pypy/lib/pypy3.11/shutil.py", line 752, in rmtree
    _rmtree_safe_fd(fd, path, onerror)
  File "/opt/pypy/lib/pypy3.11/shutil.py", line 703, in _rmtree_safe_fd
    onerror(os.unlink, fullname, sys.exc_info())
  File "/opt/pypy/lib/pypy3.11/shutil.py", line 701, in _rmtree_safe_fd
    os.unlink(entry.name, dir_fd=topfd)
OSError: [Errno 16] Device or resource busy: '.nfs00000084006d542800004c3a'
Traceback (most recent call last):
  File "/opt/pypy/lib/pypy3.11/multiprocessing/process.py", line 314, in _bootstrap
    self.run()
  File "/opt/pypy/lib/pypy3.11/multiprocessing/process.py", line 108, in run
    self._target(*self._args, **self._kwargs)
  File "/opt/pypy/lib/pypy3.11/multiprocessing/managers.py", line 600, in _run_server
    server.serve_forever()
  File "/opt/pypy/lib/pypy3.11/multiprocessing/managers.py", line 184, in serve_forever
    sys.exit(0)
SystemExit: 0

During handling of the above exception, another exception occurred:

Traceback (most recent call last):
  File "/opt/pypy/lib/pypy3.11/multiprocessing/util.py", line 303, in _run_finalizers
    finalizer()
  File "/opt/pypy/lib/pypy3.11/multiprocessing/util.py", line 227, in __call__
    res = self._callback(*self._args, **self._kwargs)
          ^^^^^^^^^^^^^^^^^^^^^^^^^^^^^^^^^^^^^^^^^^^
  File "/opt/pypy/lib/pypy3.11/multiprocessing/util.py", line 136, in _remove_temp_dir
    rmtree(tempdir, onerror=onerror)
  File "/opt/pypy/lib/pypy3.11/shutil.py", line 752, in rmtree
    _rmtree_safe_fd(fd, path, onerror)
  File "/opt/pypy/lib/pypy3.11/shutil.py", line 703, in _rmtree_safe_fd
    onerror(os.unlink, fullname, sys.exc_info())
  File "/opt/pypy/lib/pypy3.11/shutil.py", line 701, in _rmtree_safe_fd
    os.unlink(entry.name, dir_fd=topfd)
OSError: [Errno 16] Device or resource busy: '.nfs000000848027a42200004c3b'
Traceback (most recent call last):
  File "/opt/pypy/lib/pypy3.11/multiprocessing/process.py", line 314, in _bootstrap
    self.run()
  File "/opt/pypy/lib/pypy3.11/multiprocessing/process.py", line 108, in run
    self._target(*self._args, **self._kwargs)
  File "/opt/pypy/lib/pypy3.11/multiprocessing/managers.py", line 600, in _run_server
    server.serve_forever()
  File "/opt/pypy/lib/pypy3.11/multiprocessing/managers.py", line 184, in serve_forever
    sys.exit(0)
SystemExit: 0

During handling of the above exception, another exception occurred:

Traceback (most recent call last):
  File "/opt/pypy/lib/pypy3.11/multiprocessing/util.py", line 303, in _run_finalizers
    finalizer()
  File "/opt/pypy/lib/pypy3.11/multiprocessing/util.py", line 227, in __call__
    res = self._callback(*self._args, **self._kwargs)
          ^^^^^^^^^^^^^^^^^^^^^^^^^^^^^^^^^^^^^^^^^^^
  File "/opt/pypy/lib/pypy3.11/multiprocessing/util.py", line 136, in _remove_temp_dir
    rmtree(tempdir, onerror=onerror)
  File "/opt/pypy/lib/pypy3.11/shutil.py", line 752, in rmtree
    _rmtree_safe_fd(fd, path, onerror)
  File "/opt/pypy/lib/pypy3.11/shutil.py", line 703, in _rmtree_safe_fd
    onerror(os.unlink, fullname, sys.exc_info())
  File "/opt/pypy/lib/pypy3.11/shutil.py", line 701, in _rmtree_safe_fd
    os.unlink(entry.name, dir_fd=topfd)
OSError: [Errno 16] Device or resource busy: '.nfs000000850008641b00004c3c'
Traceback (most recent call last):
  File "/opt/pypy/lib/pypy3.11/multiprocessing/process.py", line 314, in _bootstrap
    self.run()
  File "/opt/pypy/lib/pypy3.11/multiprocessing/process.py", line 108, in run
    self._target(*self._args, **self._kwargs)
  File "/opt/pypy/lib/pypy3.11/multiprocessing/managers.py", line 600, in _run_server
    server.serve_forever()
  File "/opt/pypy/lib/pypy3.11/multiprocessing/managers.py", line 184, in serve_forever
    sys.exit(0)
SystemExit: 0

During handling of the above exception, another exception occurred:

Traceback (most recent call last):
  File "/opt/pypy/lib/pypy3.11/multiprocessing/util.py", line 303, in _run_finalizers
    finalizer()
  File "/opt/pypy/lib/pypy3.11/multiprocessing/util.py", line 227, in __call__
    res = self._callback(*self._args, **self._kwargs)
          ^^^^^^^^^^^^^^^^^^^^^^^^^^^^^^^^^^^^^^^^^^^
  File "/opt/pypy/lib/pypy3.11/multiprocessing/util.py", line 136, in _remove_temp_dir
    rmtree(tempdir, onerror=onerror)
  File "/opt/pypy/lib/pypy3.11/shutil.py", line 752, in rmtree
    _rmtree_safe_fd(fd, path, onerror)
  File "/opt/pypy/lib/pypy3.11/shutil.py", line 703, in _rmtree_safe_fd
    onerror(os.unlink, fullname, sys.exc_info())
  File "/opt/pypy/lib/pypy3.11/shutil.py", line 701, in _rmtree_safe_fd
    os.unlink(entry.name, dir_fd=topfd)
OSError: [Errno 16] Device or resource busy: '.nfs00000085800c903d00004c3d'
Traceback (most recent call last):
  File "/opt/pypy/lib/pypy3.11/multiprocessing/process.py", line 314, in _bootstrap
    self.run()
  File "/opt/pypy/lib/pypy3.11/multiprocessing/process.py", line 108, in run
    self._target(*self._args, **self._kwargs)
  File "/opt/pypy/lib/pypy3.11/multiprocessing/managers.py", line 600, in _run_server
    server.serve_forever()
  File "/opt/pypy/lib/pypy3.11/multiprocessing/managers.py", line 184, in serve_forever
    sys.exit(0)
SystemExit: 0

During handling of the above exception, another exception occurred:

Traceback (most recent call last):
  File "/opt/pypy/lib/pypy3.11/multiprocessing/util.py", line 303, in _run_finalizers
    finalizer()
  File "/opt/pypy/lib/pypy3.11/multiprocessing/util.py", line 227, in __call__
    res = self._callback(*self._args, **self._kwargs)
          ^^^^^^^^^^^^^^^^^^^^^^^^^^^^^^^^^^^^^^^^^^^
  File "/opt/pypy/lib/pypy3.11/multiprocessing/util.py", line 136, in _remove_temp_dir
    rmtree(tempdir, onerror=onerror)
  File "/opt/pypy/lib/pypy3.11/shutil.py", line 752, in rmtree
    _rmtree_safe_fd(fd, path, onerror)
  File "/opt/pypy/lib/pypy3.11/shutil.py", line 703, in _rmtree_safe_fd
    onerror(os.unlink, fullname, sys.exc_info())
  File "/opt/pypy/lib/pypy3.11/shutil.py", line 701, in _rmtree_safe_fd
    os.unlink(entry.name, dir_fd=topfd)
OSError: [Errno 16] Device or resource busy: '.nfs000000860023940f00004c3e'
Traceback (most recent call last):
  File "/opt/pypy/lib/pypy3.11/multiprocessing/process.py", line 314, in _bootstrap
    self.run()
  File "/opt/pypy/lib/pypy3.11/multiprocessing/process.py", line 108, in run
    self._target(*self._args, **self._kwargs)
  File "/opt/pypy/lib/pypy3.11/multiprocessing/managers.py", line 600, in _run_server
    server.serve_forever()
  File "/opt/pypy/lib/pypy3.11/multiprocessing/managers.py", line 184, in serve_forever
    sys.exit(0)
SystemExit: 0

During handling of the above exception, another exception occurred:

Traceback (most recent call last):
  File "/opt/pypy/lib/pypy3.11/multiprocessing/util.py", line 303, in _run_finalizers
    finalizer()
  File "/opt/pypy/lib/pypy3.11/multiprocessing/util.py", line 227, in __call__
    res = self._callback(*self._args, **self._kwargs)
          ^^^^^^^^^^^^^^^^^^^^^^^^^^^^^^^^^^^^^^^^^^^
  File "/opt/pypy/lib/pypy3.11/multiprocessing/util.py", line 136, in _remove_temp_dir
    rmtree(tempdir, onerror=onerror)
  File "/opt/pypy/lib/pypy3.11/shutil.py", line 752, in rmtree
    _rmtree_safe_fd(fd, path, onerror)
  File "/opt/pypy/lib/pypy3.11/shutil.py", line 703, in _rmtree_safe_fd
    onerror(os.unlink, fullname, sys.exc_info())
  File "/opt/pypy/lib/pypy3.11/shutil.py", line 701, in _rmtree_safe_fd
    os.unlink(entry.name, dir_fd=topfd)
OSError: [Errno 16] Device or resource busy: '.nfs0000008680f30c3c00004c3f'
Traceback (most recent call last):
  File "/opt/pypy/lib/pypy3.11/multiprocessing/process.py", line 314, in _bootstrap
    self.run()
  File "/opt/pypy/lib/pypy3.11/multiprocessing/process.py", line 108, in run
    self._target(*self._args, **self._kwargs)
  File "/opt/pypy/lib/pypy3.11/multiprocessing/managers.py", line 600, in _run_server
    server.serve_forever()
  File "/opt/pypy/lib/pypy3.11/multiprocessing/managers.py", line 184, in serve_forever
    sys.exit(0)
SystemExit: 0

During handling of the above exception, another exception occurred:

Traceback (most recent call last):
  File "/opt/pypy/lib/pypy3.11/multiprocessing/util.py", line 303, in _run_finalizers
    finalizer()
  File "/opt/pypy/lib/pypy3.11/multiprocessing/util.py", line 227, in __call__
    res = self._callback(*self._args, **self._kwargs)
          ^^^^^^^^^^^^^^^^^^^^^^^^^^^^^^^^^^^^^^^^^^^
  File "/opt/pypy/lib/pypy3.11/multiprocessing/util.py", line 136, in _remove_temp_dir
    rmtree(tempdir, onerror=onerror)
  File "/opt/pypy/lib/pypy3.11/shutil.py", line 752, in rmtree
    _rmtree_safe_fd(fd, path, onerror)
  File "/opt/pypy/lib/pypy3.11/shutil.py", line 703, in _rmtree_safe_fd
    onerror(os.unlink, fullname, sys.exc_info())
  File "/opt/pypy/lib/pypy3.11/shutil.py", line 701, in _rmtree_safe_fd
    os.unlink(entry.name, dir_fd=topfd)
OSError: [Errno 16] Device or resource busy: '.nfs000000870009002600004c40'
Traceback (most recent call last):
  File "/opt/pypy/lib/pypy3.11/multiprocessing/process.py", line 314, in _bootstrap
    self.run()
  File "/opt/pypy/lib/pypy3.11/multiprocessing/process.py", line 108, in run
    self._target(*self._args, **self._kwargs)
  File "/opt/pypy/lib/pypy3.11/multiprocessing/managers.py", line 600, in _run_server
    server.serve_forever()
  File "/opt/pypy/lib/pypy3.11/multiprocessing/managers.py", line 184, in serve_forever
    sys.exit(0)
SystemExit: 0

During handling of the above exception, another exception occurred:

Traceback (most recent call last):
  File "/opt/pypy/lib/pypy3.11/multiprocessing/util.py", line 303, in _run_finalizers
    finalizer()
  File "/opt/pypy/lib/pypy3.11/multiprocessing/util.py", line 227, in __call__
    res = self._callback(*self._args, **self._kwargs)
          ^^^^^^^^^^^^^^^^^^^^^^^^^^^^^^^^^^^^^^^^^^^
  File "/opt/pypy/lib/pypy3.11/multiprocessing/util.py", line 136, in _remove_temp_dir
    rmtree(tempdir, onerror=onerror)
  File "/opt/pypy/lib/pypy3.11/shutil.py", line 752, in rmtree
    _rmtree_safe_fd(fd, path, onerror)
  File "/opt/pypy/lib/pypy3.11/shutil.py", line 703, in _rmtree_safe_fd
    onerror(os.unlink, fullname, sys.exc_info())
  File "/opt/pypy/lib/pypy3.11/shutil.py", line 701, in _rmtree_safe_fd
    os.unlink(entry.name, dir_fd=topfd)
OSError: [Errno 16] Device or resource busy: '.nfs000000878092340400004c41'
Traceback (most recent call last):
  File "/opt/pypy/lib/pypy3.11/multiprocessing/process.py", line 314, in _bootstrap
    self.run()
  File "/opt/pypy/lib/pypy3.11/multiprocessing/process.py", line 108, in run
    self._target(*self._args, **self._kwargs)
  File "/opt/pypy/lib/pypy3.11/multiprocessing/managers.py", line 600, in _run_server
    server.serve_forever()
  File "/opt/pypy/lib/pypy3.11/multiprocessing/managers.py", line 184, in serve_forever
    sys.exit(0)
SystemExit: 0

During handling of the above exception, another exception occurred:

Traceback (most recent call last):
  File "/opt/pypy/lib/pypy3.11/multiprocessing/util.py", line 303, in _run_finalizers
    finalizer()
  File "/opt/pypy/lib/pypy3.11/multiprocessing/util.py", line 227, in __call__
    res = self._callback(*self._args, **self._kwargs)
          ^^^^^^^^^^^^^^^^^^^^^^^^^^^^^^^^^^^^^^^^^^^
  File "/opt/pypy/lib/pypy3.11/multiprocessing/util.py", line 136, in _remove_temp_dir
    rmtree(tempdir, onerror=onerror)
  File "/opt/pypy/lib/pypy3.11/shutil.py", line 752, in rmtree
    _rmtree_safe_fd(fd, path, onerror)
  File "/opt/pypy/lib/pypy3.11/shutil.py", line 703, in _rmtree_safe_fd
    onerror(os.unlink, fullname, sys.exc_info())
  File "/opt/pypy/lib/pypy3.11/shutil.py", line 701, in _rmtree_safe_fd
    os.unlink(entry.name, dir_fd=topfd)
OSError: [Errno 16] Device or resource busy: '.nfs00000088008d083f00004c42'
Traceback (most recent call last):
  File "/opt/pypy/lib/pypy3.11/multiprocessing/process.py", line 314, in _bootstrap
    self.run()
  File "/opt/pypy/lib/pypy3.11/multiprocessing/process.py", line 108, in run
    self._target(*self._args, **self._kwargs)
  File "/opt/pypy/lib/pypy3.11/multiprocessing/managers.py", line 600, in _run_server
    server.serve_forever()
  File "/opt/pypy/lib/pypy3.11/multiprocessing/managers.py", line 184, in serve_forever
    sys.exit(0)
SystemExit: 0

During handling of the above exception, another exception occurred:

Traceback (most recent call last):
  File "/opt/pypy/lib/pypy3.11/multiprocessing/util.py", line 303, in _run_finalizers
    finalizer()
  File "/opt/pypy/lib/pypy3.11/multiprocessing/util.py", line 227, in __call__
    res = self._callback(*self._args, **self._kwargs)
          ^^^^^^^^^^^^^^^^^^^^^^^^^^^^^^^^^^^^^^^^^^^
  File "/opt/pypy/lib/pypy3.11/multiprocessing/util.py", line 136, in _remove_temp_dir
    rmtree(tempdir, onerror=onerror)
  File "/opt/pypy/lib/pypy3.11/shutil.py", line 752, in rmtree
    _rmtree_safe_fd(fd, path, onerror)
  File "/opt/pypy/lib/pypy3.11/shutil.py", line 703, in _rmtree_safe_fd
    onerror(os.unlink, fullname, sys.exc_info())
  File "/opt/pypy/lib/pypy3.11/shutil.py", line 701, in _rmtree_safe_fd
    os.unlink(entry.name, dir_fd=topfd)
OSError: [Errno 16] Device or resource busy: '.nfs000000888051f43100004c43'
Traceback (most recent call last):
  File "/opt/pypy/lib/pypy3.11/multiprocessing/process.py", line 314, in _bootstrap
    self.run()
  File "/opt/pypy/lib/pypy3.11/multiprocessing/process.py", line 108, in run
    self._target(*self._args, **self._kwargs)
  File "/opt/pypy/lib/pypy3.11/multiprocessing/managers.py", line 600, in _run_server
    server.serve_forever()
  File "/opt/pypy/lib/pypy3.11/multiprocessing/managers.py", line 184, in serve_forever
    sys.exit(0)
SystemExit: 0

During handling of the above exception, another exception occurred:

Traceback (most recent call last):
  File "/opt/pypy/lib/pypy3.11/multiprocessing/util.py", line 303, in _run_finalizers
    finalizer()
  File "/opt/pypy/lib/pypy3.11/multiprocessing/util.py", line 227, in __call__
    res = self._callback(*self._args, **self._kwargs)
          ^^^^^^^^^^^^^^^^^^^^^^^^^^^^^^^^^^^^^^^^^^^
  File "/opt/pypy/lib/pypy3.11/multiprocessing/util.py", line 136, in _remove_temp_dir
    rmtree(tempdir, onerror=onerror)
  File "/opt/pypy/lib/pypy3.11/shutil.py", line 752, in rmtree
    _rmtree_safe_fd(fd, path, onerror)
  File "/opt/pypy/lib/pypy3.11/shutil.py", line 703, in _rmtree_safe_fd
    onerror(os.unlink, fullname, sys.exc_info())
  File "/opt/pypy/lib/pypy3.11/shutil.py", line 701, in _rmtree_safe_fd
    os.unlink(entry.name, dir_fd=topfd)
OSError: [Errno 16] Device or resource busy: '.nfs000000890078880a00004c44'
Traceback (most recent call last):
  File "/opt/pypy/lib/pypy3.11/multiprocessing/process.py", line 314, in _bootstrap
    self.run()
  File "/opt/pypy/lib/pypy3.11/multiprocessing/process.py", line 108, in run
    self._target(*self._args, **self._kwargs)
  File "/opt/pypy/lib/pypy3.11/multiprocessing/managers.py", line 600, in _run_server
    server.serve_forever()
  File "/opt/pypy/lib/pypy3.11/multiprocessing/managers.py", line 184, in serve_forever
    sys.exit(0)
SystemExit: 0

During handling of the above exception, another exception occurred:

Traceback (most recent call last):
  File "/opt/pypy/lib/pypy3.11/multiprocessing/util.py", line 303, in _run_finalizers
    finalizer()
  File "/opt/pypy/lib/pypy3.11/multiprocessing/util.py", line 227, in __call__
    res = self._callback(*self._args, **self._kwargs)
          ^^^^^^^^^^^^^^^^^^^^^^^^^^^^^^^^^^^^^^^^^^^
  File "/opt/pypy/lib/pypy3.11/multiprocessing/util.py", line 136, in _remove_temp_dir
    rmtree(tempdir, onerror=onerror)
  File "/opt/pypy/lib/pypy3.11/shutil.py", line 752, in rmtree
    _rmtree_safe_fd(fd, path, onerror)
  File "/opt/pypy/lib/pypy3.11/shutil.py", line 703, in _rmtree_safe_fd
    onerror(os.unlink, fullname, sys.exc_info())
  File "/opt/pypy/lib/pypy3.11/shutil.py", line 701, in _rmtree_safe_fd
    os.unlink(entry.name, dir_fd=topfd)
OSError: [Errno 16] Device or resource busy: '.nfs000000898183d42300004c45'
Traceback (most recent call last):
  File "/opt/pypy/lib/pypy3.11/multiprocessing/process.py", line 314, in _bootstrap
    self.run()
  File "/opt/pypy/lib/pypy3.11/multiprocessing/process.py", line 108, in run
    self._target(*self._args, **self._kwargs)
  File "/opt/pypy/lib/pypy3.11/multiprocessing/managers.py", line 600, in _run_server
    server.serve_forever()
  File "/opt/pypy/lib/pypy3.11/multiprocessing/managers.py", line 184, in serve_forever
    sys.exit(0)
SystemExit: 0

During handling of the above exception, another exception occurred:

Traceback (most recent call last):
  File "/opt/pypy/lib/pypy3.11/multiprocessing/util.py", line 303, in _run_finalizers
    finalizer()
  File "/opt/pypy/lib/pypy3.11/multiprocessing/util.py", line 227, in __call__
    res = self._callback(*self._args, **self._kwargs)
          ^^^^^^^^^^^^^^^^^^^^^^^^^^^^^^^^^^^^^^^^^^^
  File "/opt/pypy/lib/pypy3.11/multiprocessing/util.py", line 136, in _remove_temp_dir
    rmtree(tempdir, onerror=onerror)
  File "/opt/pypy/lib/pypy3.11/shutil.py", line 752, in rmtree
    _rmtree_safe_fd(fd, path, onerror)
  File "/opt/pypy/lib/pypy3.11/shutil.py", line 703, in _rmtree_safe_fd
    onerror(os.unlink, fullname, sys.exc_info())
  File "/opt/pypy/lib/pypy3.11/shutil.py", line 701, in _rmtree_safe_fd
    os.unlink(entry.name, dir_fd=topfd)
OSError: [Errno 16] Device or resource busy: '.nfs0000008a001b007500004c46'
Traceback (most recent call last):
  File "/opt/pypy/lib/pypy3.11/multiprocessing/process.py", line 314, in _bootstrap
    self.run()
  File "/opt/pypy/lib/pypy3.11/multiprocessing/process.py", line 108, in run
    self._target(*self._args, **self._kwargs)
  File "/opt/pypy/lib/pypy3.11/multiprocessing/managers.py", line 600, in _run_server
    server.serve_forever()
  File "/opt/pypy/lib/pypy3.11/multiprocessing/managers.py", line 184, in serve_forever
    sys.exit(0)
SystemExit: 0

During handling of the above exception, another exception occurred:

Traceback (most recent call last):
  File "/opt/pypy/lib/pypy3.11/multiprocessing/util.py", line 303, in _run_finalizers
    finalizer()
  File "/opt/pypy/lib/pypy3.11/multiprocessing/util.py", line 227, in __call__
    res = self._callback(*self._args, **self._kwargs)
          ^^^^^^^^^^^^^^^^^^^^^^^^^^^^^^^^^^^^^^^^^^^
  File "/opt/pypy/lib/pypy3.11/multiprocessing/util.py", line 136, in _remove_temp_dir
    rmtree(tempdir, onerror=onerror)
  File "/opt/pypy/lib/pypy3.11/shutil.py", line 752, in rmtree
    _rmtree_safe_fd(fd, path, onerror)
  File "/opt/pypy/lib/pypy3.11/shutil.py", line 703, in _rmtree_safe_fd
    onerror(os.unlink, fullname, sys.exc_info())
  File "/opt/pypy/lib/pypy3.11/shutil.py", line 701, in _rmtree_safe_fd
    os.unlink(entry.name, dir_fd=topfd)
OSError: [Errno 16] Device or resource busy: '.nfs0000008a8020042400004c47'
Traceback (most recent call last):
  File "/opt/pypy/lib/pypy3.11/multiprocessing/process.py", line 314, in _bootstrap
    self.run()
  File "/opt/pypy/lib/pypy3.11/multiprocessing/process.py", line 108, in run
    self._target(*self._args, **self._kwargs)
  File "/opt/pypy/lib/pypy3.11/multiprocessing/managers.py", line 600, in _run_server
    server.serve_forever()
  File "/opt/pypy/lib/pypy3.11/multiprocessing/managers.py", line 184, in serve_forever
    sys.exit(0)
SystemExit: 0

During handling of the above exception, another exception occurred:

Traceback (most recent call last):
  File "/opt/pypy/lib/pypy3.11/multiprocessing/util.py", line 303, in _run_finalizers
    finalizer()
  File "/opt/pypy/lib/pypy3.11/multiprocessing/util.py", line 227, in __call__
    res = self._callback(*self._args, **self._kwargs)
          ^^^^^^^^^^^^^^^^^^^^^^^^^^^^^^^^^^^^^^^^^^^
  File "/opt/pypy/lib/pypy3.11/multiprocessing/util.py", line 136, in _remove_temp_dir
    rmtree(tempdir, onerror=onerror)
  File "/opt/pypy/lib/pypy3.11/shutil.py", line 752, in rmtree
    _rmtree_safe_fd(fd, path, onerror)
  File "/opt/pypy/lib/pypy3.11/shutil.py", line 703, in _rmtree_safe_fd
    onerror(os.unlink, fullname, sys.exc_info())
  File "/opt/pypy/lib/pypy3.11/shutil.py", line 701, in _rmtree_safe_fd
    os.unlink(entry.name, dir_fd=topfd)
OSError: [Errno 16] Device or resource busy: '.nfs0000008b005c001c00004c48'
Traceback (most recent call last):
  File "/opt/pypy/lib/pypy3.11/multiprocessing/process.py", line 314, in _bootstrap
    self.run()
  File "/opt/pypy/lib/pypy3.11/multiprocessing/process.py", line 108, in run
    self._target(*self._args, **self._kwargs)
  File "/opt/pypy/lib/pypy3.11/multiprocessing/managers.py", line 600, in _run_server
    server.serve_forever()
  File "/opt/pypy/lib/pypy3.11/multiprocessing/managers.py", line 184, in serve_forever
    sys.exit(0)
SystemExit: 0

During handling of the above exception, another exception occurred:

Traceback (most recent call last):
  File "/opt/pypy/lib/pypy3.11/multiprocessing/util.py", line 303, in _run_finalizers
    finalizer()
  File "/opt/pypy/lib/pypy3.11/multiprocessing/util.py", line 227, in __call__
    res = self._callback(*self._args, **self._kwargs)
          ^^^^^^^^^^^^^^^^^^^^^^^^^^^^^^^^^^^^^^^^^^^
  File "/opt/pypy/lib/pypy3.11/multiprocessing/util.py", line 136, in _remove_temp_dir
    rmtree(tempdir, onerror=onerror)
  File "/opt/pypy/lib/pypy3.11/shutil.py", line 752, in rmtree
    _rmtree_safe_fd(fd, path, onerror)
  File "/opt/pypy/lib/pypy3.11/shutil.py", line 703, in _rmtree_safe_fd
    onerror(os.unlink, fullname, sys.exc_info())
  File "/opt/pypy/lib/pypy3.11/shutil.py", line 701, in _rmtree_safe_fd
    os.unlink(entry.name, dir_fd=topfd)
OSError: [Errno 16] Device or resource busy: '.nfs0000008b805cbc3500004c49'
Traceback (most recent call last):
  File "/opt/pypy/lib/pypy3.11/multiprocessing/process.py", line 314, in _bootstrap
    self.run()
  File "/opt/pypy/lib/pypy3.11/multiprocessing/process.py", line 108, in run
    self._target(*self._args, **self._kwargs)
  File "/opt/pypy/lib/pypy3.11/multiprocessing/managers.py", line 600, in _run_server
    server.serve_forever()
  File "/opt/pypy/lib/pypy3.11/multiprocessing/managers.py", line 184, in serve_forever
    sys.exit(0)
SystemExit: 0

During handling of the above exception, another exception occurred:

Traceback (most recent call last):
  File "/opt/pypy/lib/pypy3.11/multiprocessing/util.py", line 303, in _run_finalizers
    finalizer()
  File "/opt/pypy/lib/pypy3.11/multiprocessing/util.py", line 227, in __call__
    res = self._callback(*self._args, **self._kwargs)
          ^^^^^^^^^^^^^^^^^^^^^^^^^^^^^^^^^^^^^^^^^^^
  File "/opt/pypy/lib/pypy3.11/multiprocessing/util.py", line 136, in _remove_temp_dir
    rmtree(tempdir, onerror=onerror)
  File "/opt/pypy/lib/pypy3.11/shutil.py", line 752, in rmtree
    _rmtree_safe_fd(fd, path, onerror)
  File "/opt/pypy/lib/pypy3.11/shutil.py", line 703, in _rmtree_safe_fd
    onerror(os.unlink, fullname, sys.exc_info())
  File "/opt/pypy/lib/pypy3.11/shutil.py", line 701, in _rmtree_safe_fd
    os.unlink(entry.name, dir_fd=topfd)
OSError: [Errno 16] Device or resource busy: '.nfs0000008c00088c3800004c4a'
Traceback (most recent call last):
  File "/opt/pypy/lib/pypy3.11/multiprocessing/process.py", line 314, in _bootstrap
    self.run()
  File "/opt/pypy/lib/pypy3.11/multiprocessing/process.py", line 108, in run
    self._target(*self._args, **self._kwargs)
  File "/opt/pypy/lib/pypy3.11/multiprocessing/managers.py", line 600, in _run_server
    server.serve_forever()
  File "/opt/pypy/lib/pypy3.11/multiprocessing/managers.py", line 184, in serve_forever
    sys.exit(0)
SystemExit: 0

During handling of the above exception, another exception occurred:

Traceback (most recent call last):
  File "/opt/pypy/lib/pypy3.11/multiprocessing/util.py", line 303, in _run_finalizers
    finalizer()
  File "/opt/pypy/lib/pypy3.11/multiprocessing/util.py", line 227, in __call__
    res = self._callback(*self._args, **self._kwargs)
          ^^^^^^^^^^^^^^^^^^^^^^^^^^^^^^^^^^^^^^^^^^^
  File "/opt/pypy/lib/pypy3.11/multiprocessing/util.py", line 136, in _remove_temp_dir
    rmtree(tempdir, onerror=onerror)
  File "/opt/pypy/lib/pypy3.11/shutil.py", line 752, in rmtree
    _rmtree_safe_fd(fd, path, onerror)
  File "/opt/pypy/lib/pypy3.11/shutil.py", line 703, in _rmtree_safe_fd
    onerror(os.unlink, fullname, sys.exc_info())
  File "/opt/pypy/lib/pypy3.11/shutil.py", line 701, in _rmtree_safe_fd
    os.unlink(entry.name, dir_fd=topfd)
OSError: [Errno 16] Device or resource busy: '.nfs0000008c806408f200004c4b'
Traceback (most recent call last):
  File "/opt/pypy/lib/pypy3.11/multiprocessing/process.py", line 314, in _bootstrap
    self.run()
  File "/opt/pypy/lib/pypy3.11/multiprocessing/process.py", line 108, in run
    self._target(*self._args, **self._kwargs)
  File "/opt/pypy/lib/pypy3.11/multiprocessing/managers.py", line 600, in _run_server
    server.serve_forever()
  File "/opt/pypy/lib/pypy3.11/multiprocessing/managers.py", line 184, in serve_forever
    sys.exit(0)
SystemExit: 0

During handling of the above exception, another exception occurred:

Traceback (most recent call last):
  File "/opt/pypy/lib/pypy3.11/multiprocessing/util.py", line 303, in _run_finalizers
    finalizer()
  File "/opt/pypy/lib/pypy3.11/multiprocessing/util.py", line 227, in __call__
    res = self._callback(*self._args, **self._kwargs)
          ^^^^^^^^^^^^^^^^^^^^^^^^^^^^^^^^^^^^^^^^^^^
  File "/opt/pypy/lib/pypy3.11/multiprocessing/util.py", line 136, in _remove_temp_dir
    rmtree(tempdir, onerror=onerror)
  File "/opt/pypy/lib/pypy3.11/shutil.py", line 752, in rmtree
    _rmtree_safe_fd(fd, path, onerror)
  File "/opt/pypy/lib/pypy3.11/shutil.py", line 703, in _rmtree_safe_fd
    onerror(os.unlink, fullname, sys.exc_info())
  File "/opt/pypy/lib/pypy3.11/shutil.py", line 701, in _rmtree_safe_fd
    os.unlink(entry.name, dir_fd=topfd)
OSError: [Errno 16] Device or resource busy: '.nfs0000008d004b4c2d00004c4c'
Traceback (most recent call last):
  File "/opt/pypy/lib/pypy3.11/multiprocessing/process.py", line 314, in _bootstrap
    self.run()
  File "/opt/pypy/lib/pypy3.11/multiprocessing/process.py", line 108, in run
    self._target(*self._args, **self._kwargs)
  File "/opt/pypy/lib/pypy3.11/multiprocessing/managers.py", line 600, in _run_server
    server.serve_forever()
  File "/opt/pypy/lib/pypy3.11/multiprocessing/managers.py", line 184, in serve_forever
    sys.exit(0)
SystemExit: 0

During handling of the above exception, another exception occurred:

Traceback (most recent call last):
  File "/opt/pypy/lib/pypy3.11/multiprocessing/util.py", line 303, in _run_finalizers
    finalizer()
  File "/opt/pypy/lib/pypy3.11/multiprocessing/util.py", line 227, in __call__
    res = self._callback(*self._args, **self._kwargs)
          ^^^^^^^^^^^^^^^^^^^^^^^^^^^^^^^^^^^^^^^^^^^
  File "/opt/pypy/lib/pypy3.11/multiprocessing/util.py", line 136, in _remove_temp_dir
    rmtree(tempdir, onerror=onerror)
  File "/opt/pypy/lib/pypy3.11/shutil.py", line 752, in rmtree
    _rmtree_safe_fd(fd, path, onerror)
  File "/opt/pypy/lib/pypy3.11/shutil.py", line 703, in _rmtree_safe_fd
    onerror(os.unlink, fullname, sys.exc_info())
  File "/opt/pypy/lib/pypy3.11/shutil.py", line 701, in _rmtree_safe_fd
    os.unlink(entry.name, dir_fd=topfd)
OSError: [Errno 16] Device or resource busy: '.nfs0000008d80933c1500004c4d'
Traceback (most recent call last):
  File "/opt/pypy/lib/pypy3.11/multiprocessing/process.py", line 314, in _bootstrap
    self.run()
  File "/opt/pypy/lib/pypy3.11/multiprocessing/process.py", line 108, in run
    self._target(*self._args, **self._kwargs)
  File "/opt/pypy/lib/pypy3.11/multiprocessing/managers.py", line 600, in _run_server
    server.serve_forever()
  File "/opt/pypy/lib/pypy3.11/multiprocessing/managers.py", line 184, in serve_forever
    sys.exit(0)
SystemExit: 0

During handling of the above exception, another exception occurred:

Traceback (most recent call last):
  File "/opt/pypy/lib/pypy3.11/multiprocessing/util.py", line 303, in _run_finalizers
    finalizer()
  File "/opt/pypy/lib/pypy3.11/multiprocessing/util.py", line 227, in __call__
    res = self._callback(*self._args, **self._kwargs)
          ^^^^^^^^^^^^^^^^^^^^^^^^^^^^^^^^^^^^^^^^^^^
  File "/opt/pypy/lib/pypy3.11/multiprocessing/util.py", line 136, in _remove_temp_dir
    rmtree(tempdir, onerror=onerror)
  File "/opt/pypy/lib/pypy3.11/shutil.py", line 752, in rmtree
    _rmtree_safe_fd(fd, path, onerror)
  File "/opt/pypy/lib/pypy3.11/shutil.py", line 703, in _rmtree_safe_fd
    onerror(os.unlink, fullname, sys.exc_info())
  File "/opt/pypy/lib/pypy3.11/shutil.py", line 701, in _rmtree_safe_fd
    os.unlink(entry.name, dir_fd=topfd)
OSError: [Errno 16] Device or resource busy: '.nfs0000008e0009e82200004c4e'
  Completed 10 iterations for size 100, cohesion 20.
  Completed 10 iterations for size 100, cohesion 50.
Traceback (most recent call last):
  File "/opt/pypy/lib/pypy3.11/multiprocessing/process.py", line 314, in _bootstrap
    self.run()
  File "/opt/pypy/lib/pypy3.11/multiprocessing/process.py", line 108, in run
    self._target(*self._args, **self._kwargs)
  File "/opt/pypy/lib/pypy3.11/multiprocessing/managers.py", line 600, in _run_server
    server.serve_forever()
  File "/opt/pypy/lib/pypy3.11/multiprocessing/managers.py", line 184, in serve_forever
    sys.exit(0)
SystemExit: 0

During handling of the above exception, another exception occurred:

Traceback (most recent call last):
  File "/opt/pypy/lib/pypy3.11/multiprocessing/util.py", line 303, in _run_finalizers
    finalizer()
  File "/opt/pypy/lib/pypy3.11/multiprocessing/util.py", line 227, in __call__
    res = self._callback(*self._args, **self._kwargs)
          ^^^^^^^^^^^^^^^^^^^^^^^^^^^^^^^^^^^^^^^^^^^
  File "/opt/pypy/lib/pypy3.11/multiprocessing/util.py", line 136, in _remove_temp_dir
    rmtree(tempdir, onerror=onerror)
  File "/opt/pypy/lib/pypy3.11/shutil.py", line 752, in rmtree
    _rmtree_safe_fd(fd, path, onerror)
  File "/opt/pypy/lib/pypy3.11/shutil.py", line 703, in _rmtree_safe_fd
    onerror(os.unlink, fullname, sys.exc_info())
  File "/opt/pypy/lib/pypy3.11/shutil.py", line 701, in _rmtree_safe_fd
    os.unlink(entry.name, dir_fd=topfd)
OSError: [Errno 16] Device or resource busy: '.nfs0000008e801ee40600004c4f'
Traceback (most recent call last):
  File "/opt/pypy/lib/pypy3.11/multiprocessing/process.py", line 314, in _bootstrap
    self.run()
  File "/opt/pypy/lib/pypy3.11/multiprocessing/process.py", line 108, in run
    self._target(*self._args, **self._kwargs)
  File "/opt/pypy/lib/pypy3.11/multiprocessing/managers.py", line 600, in _run_server
    server.serve_forever()
  File "/opt/pypy/lib/pypy3.11/multiprocessing/managers.py", line 184, in serve_forever
    sys.exit(0)
SystemExit: 0

During handling of the above exception, another exception occurred:

Traceback (most recent call last):
  File "/opt/pypy/lib/pypy3.11/multiprocessing/util.py", line 303, in _run_finalizers
    finalizer()
  File "/opt/pypy/lib/pypy3.11/multiprocessing/util.py", line 227, in __call__
    res = self._callback(*self._args, **self._kwargs)
          ^^^^^^^^^^^^^^^^^^^^^^^^^^^^^^^^^^^^^^^^^^^
  File "/opt/pypy/lib/pypy3.11/multiprocessing/util.py", line 136, in _remove_temp_dir
    rmtree(tempdir, onerror=onerror)
  File "/opt/pypy/lib/pypy3.11/shutil.py", line 752, in rmtree
    _rmtree_safe_fd(fd, path, onerror)
  File "/opt/pypy/lib/pypy3.11/shutil.py", line 703, in _rmtree_safe_fd
    onerror(os.unlink, fullname, sys.exc_info())
  File "/opt/pypy/lib/pypy3.11/shutil.py", line 701, in _rmtree_safe_fd
    os.unlink(entry.name, dir_fd=topfd)
OSError: [Errno 16] Device or resource busy: '.nfs0000008f00a5b81000004c50'
Traceback (most recent call last):
  File "/opt/pypy/lib/pypy3.11/multiprocessing/process.py", line 314, in _bootstrap
    self.run()
  File "/opt/pypy/lib/pypy3.11/multiprocessing/process.py", line 108, in run
    self._target(*self._args, **self._kwargs)
  File "/opt/pypy/lib/pypy3.11/multiprocessing/managers.py", line 600, in _run_server
    server.serve_forever()
  File "/opt/pypy/lib/pypy3.11/multiprocessing/managers.py", line 184, in serve_forever
    sys.exit(0)
SystemExit: 0

During handling of the above exception, another exception occurred:

Traceback (most recent call last):
  File "/opt/pypy/lib/pypy3.11/multiprocessing/util.py", line 303, in _run_finalizers
    finalizer()
  File "/opt/pypy/lib/pypy3.11/multiprocessing/util.py", line 227, in __call__
    res = self._callback(*self._args, **self._kwargs)
          ^^^^^^^^^^^^^^^^^^^^^^^^^^^^^^^^^^^^^^^^^^^
  File "/opt/pypy/lib/pypy3.11/multiprocessing/util.py", line 136, in _remove_temp_dir
    rmtree(tempdir, onerror=onerror)
  File "/opt/pypy/lib/pypy3.11/shutil.py", line 752, in rmtree
    _rmtree_safe_fd(fd, path, onerror)
  File "/opt/pypy/lib/pypy3.11/shutil.py", line 703, in _rmtree_safe_fd
    onerror(os.unlink, fullname, sys.exc_info())
  File "/opt/pypy/lib/pypy3.11/shutil.py", line 701, in _rmtree_safe_fd
    os.unlink(entry.name, dir_fd=topfd)
OSError: [Errno 16] Device or resource busy: '.nfs0000008f807b681e00004c51'
Traceback (most recent call last):
  File "/opt/pypy/lib/pypy3.11/multiprocessing/process.py", line 314, in _bootstrap
    self.run()
  File "/opt/pypy/lib/pypy3.11/multiprocessing/process.py", line 108, in run
    self._target(*self._args, **self._kwargs)
  File "/opt/pypy/lib/pypy3.11/multiprocessing/managers.py", line 600, in _run_server
    server.serve_forever()
  File "/opt/pypy/lib/pypy3.11/multiprocessing/managers.py", line 184, in serve_forever
    sys.exit(0)
SystemExit: 0

During handling of the above exception, another exception occurred:

Traceback (most recent call last):
  File "/opt/pypy/lib/pypy3.11/multiprocessing/util.py", line 303, in _run_finalizers
    finalizer()
  File "/opt/pypy/lib/pypy3.11/multiprocessing/util.py", line 227, in __call__
    res = self._callback(*self._args, **self._kwargs)
          ^^^^^^^^^^^^^^^^^^^^^^^^^^^^^^^^^^^^^^^^^^^
  File "/opt/pypy/lib/pypy3.11/multiprocessing/util.py", line 136, in _remove_temp_dir
    rmtree(tempdir, onerror=onerror)
  File "/opt/pypy/lib/pypy3.11/shutil.py", line 752, in rmtree
    _rmtree_safe_fd(fd, path, onerror)
  File "/opt/pypy/lib/pypy3.11/shutil.py", line 703, in _rmtree_safe_fd
    onerror(os.unlink, fullname, sys.exc_info())
  File "/opt/pypy/lib/pypy3.11/shutil.py", line 701, in _rmtree_safe_fd
    os.unlink(entry.name, dir_fd=topfd)
OSError: [Errno 16] Device or resource busy: '.nfs000000900029882900004c52'
Traceback (most recent call last):
  File "/opt/pypy/lib/pypy3.11/multiprocessing/process.py", line 314, in _bootstrap
    self.run()
  File "/opt/pypy/lib/pypy3.11/multiprocessing/process.py", line 108, in run
    self._target(*self._args, **self._kwargs)
  File "/opt/pypy/lib/pypy3.11/multiprocessing/managers.py", line 600, in _run_server
    server.serve_forever()
  File "/opt/pypy/lib/pypy3.11/multiprocessing/managers.py", line 184, in serve_forever
    sys.exit(0)
SystemExit: 0

During handling of the above exception, another exception occurred:

Traceback (most recent call last):
  File "/opt/pypy/lib/pypy3.11/multiprocessing/util.py", line 303, in _run_finalizers
    finalizer()
  File "/opt/pypy/lib/pypy3.11/multiprocessing/util.py", line 227, in __call__
    res = self._callback(*self._args, **self._kwargs)
          ^^^^^^^^^^^^^^^^^^^^^^^^^^^^^^^^^^^^^^^^^^^
  File "/opt/pypy/lib/pypy3.11/multiprocessing/util.py", line 136, in _remove_temp_dir
    rmtree(tempdir, onerror=onerror)
  File "/opt/pypy/lib/pypy3.11/shutil.py", line 752, in rmtree
    _rmtree_safe_fd(fd, path, onerror)
  File "/opt/pypy/lib/pypy3.11/shutil.py", line 703, in _rmtree_safe_fd
    onerror(os.unlink, fullname, sys.exc_info())
  File "/opt/pypy/lib/pypy3.11/shutil.py", line 701, in _rmtree_safe_fd
    os.unlink(entry.name, dir_fd=topfd)
OSError: [Errno 16] Device or resource busy: '.nfs000000908087606000004c53'
Traceback (most recent call last):
  File "/opt/pypy/lib/pypy3.11/multiprocessing/process.py", line 314, in _bootstrap
    self.run()
  File "/opt/pypy/lib/pypy3.11/multiprocessing/process.py", line 108, in run
    self._target(*self._args, **self._kwargs)
  File "/opt/pypy/lib/pypy3.11/multiprocessing/managers.py", line 600, in _run_server
    server.serve_forever()
  File "/opt/pypy/lib/pypy3.11/multiprocessing/managers.py", line 184, in serve_forever
    sys.exit(0)
SystemExit: 0

During handling of the above exception, another exception occurred:

Traceback (most recent call last):
  File "/opt/pypy/lib/pypy3.11/multiprocessing/util.py", line 303, in _run_finalizers
    finalizer()
  File "/opt/pypy/lib/pypy3.11/multiprocessing/util.py", line 227, in __call__
    res = self._callback(*self._args, **self._kwargs)
          ^^^^^^^^^^^^^^^^^^^^^^^^^^^^^^^^^^^^^^^^^^^
  File "/opt/pypy/lib/pypy3.11/multiprocessing/util.py", line 136, in _remove_temp_dir
    rmtree(tempdir, onerror=onerror)
  File "/opt/pypy/lib/pypy3.11/shutil.py", line 752, in rmtree
    _rmtree_safe_fd(fd, path, onerror)
  File "/opt/pypy/lib/pypy3.11/shutil.py", line 703, in _rmtree_safe_fd
    onerror(os.unlink, fullname, sys.exc_info())
  File "/opt/pypy/lib/pypy3.11/shutil.py", line 701, in _rmtree_safe_fd
    os.unlink(entry.name, dir_fd=topfd)
OSError: [Errno 16] Device or resource busy: '.nfs000000913076100b00004c54'
Traceback (most recent call last):
  File "/opt/pypy/lib/pypy3.11/multiprocessing/process.py", line 314, in _bootstrap
    self.run()
  File "/opt/pypy/lib/pypy3.11/multiprocessing/process.py", line 108, in run
    self._target(*self._args, **self._kwargs)
  File "/opt/pypy/lib/pypy3.11/multiprocessing/managers.py", line 600, in _run_server
    server.serve_forever()
  File "/opt/pypy/lib/pypy3.11/multiprocessing/managers.py", line 184, in serve_forever
    sys.exit(0)
SystemExit: 0

During handling of the above exception, another exception occurred:

Traceback (most recent call last):
  File "/opt/pypy/lib/pypy3.11/multiprocessing/util.py", line 303, in _run_finalizers
    finalizer()
  File "/opt/pypy/lib/pypy3.11/multiprocessing/util.py", line 227, in __call__
    res = self._callback(*self._args, **self._kwargs)
          ^^^^^^^^^^^^^^^^^^^^^^^^^^^^^^^^^^^^^^^^^^^
  File "/opt/pypy/lib/pypy3.11/multiprocessing/util.py", line 136, in _remove_temp_dir
    rmtree(tempdir, onerror=onerror)
  File "/opt/pypy/lib/pypy3.11/shutil.py", line 752, in rmtree
    _rmtree_safe_fd(fd, path, onerror)
  File "/opt/pypy/lib/pypy3.11/shutil.py", line 703, in _rmtree_safe_fd
    onerror(os.unlink, fullname, sys.exc_info())
  File "/opt/pypy/lib/pypy3.11/shutil.py", line 701, in _rmtree_safe_fd
    os.unlink(entry.name, dir_fd=topfd)
OSError: [Errno 16] Device or resource busy: '.nfs000000918059b40a00004c55'
Traceback (most recent call last):
  File "/opt/pypy/lib/pypy3.11/multiprocessing/process.py", line 314, in _bootstrap
    self.run()
  File "/opt/pypy/lib/pypy3.11/multiprocessing/process.py", line 108, in run
    self._target(*self._args, **self._kwargs)
  File "/opt/pypy/lib/pypy3.11/multiprocessing/managers.py", line 600, in _run_server
    server.serve_forever()
  File "/opt/pypy/lib/pypy3.11/multiprocessing/managers.py", line 184, in serve_forever
    sys.exit(0)
SystemExit: 0

During handling of the above exception, another exception occurred:

Traceback (most recent call last):
  File "/opt/pypy/lib/pypy3.11/multiprocessing/util.py", line 303, in _run_finalizers
    finalizer()
  File "/opt/pypy/lib/pypy3.11/multiprocessing/util.py", line 227, in __call__
    res = self._callback(*self._args, **self._kwargs)
          ^^^^^^^^^^^^^^^^^^^^^^^^^^^^^^^^^^^^^^^^^^^
  File "/opt/pypy/lib/pypy3.11/multiprocessing/util.py", line 136, in _remove_temp_dir
    rmtree(tempdir, onerror=onerror)
  File "/opt/pypy/lib/pypy3.11/shutil.py", line 752, in rmtree
    _rmtree_safe_fd(fd, path, onerror)
  File "/opt/pypy/lib/pypy3.11/shutil.py", line 703, in _rmtree_safe_fd
    onerror(os.unlink, fullname, sys.exc_info())
  File "/opt/pypy/lib/pypy3.11/shutil.py", line 701, in _rmtree_safe_fd
    os.unlink(entry.name, dir_fd=topfd)
OSError: [Errno 16] Device or resource busy: '.nfs000000920014180400004c56'
Traceback (most recent call last):
  File "/opt/pypy/lib/pypy3.11/multiprocessing/process.py", line 314, in _bootstrap
    self.run()
  File "/opt/pypy/lib/pypy3.11/multiprocessing/process.py", line 108, in run
    self._target(*self._args, **self._kwargs)
  File "/opt/pypy/lib/pypy3.11/multiprocessing/managers.py", line 600, in _run_server
    server.serve_forever()
  File "/opt/pypy/lib/pypy3.11/multiprocessing/managers.py", line 184, in serve_forever
    sys.exit(0)
SystemExit: 0

During handling of the above exception, another exception occurred:

Traceback (most recent call last):
  File "/opt/pypy/lib/pypy3.11/multiprocessing/util.py", line 303, in _run_finalizers
    finalizer()
  File "/opt/pypy/lib/pypy3.11/multiprocessing/util.py", line 227, in __call__
    res = self._callback(*self._args, **self._kwargs)
          ^^^^^^^^^^^^^^^^^^^^^^^^^^^^^^^^^^^^^^^^^^^
  File "/opt/pypy/lib/pypy3.11/multiprocessing/util.py", line 136, in _remove_temp_dir
    rmtree(tempdir, onerror=onerror)
  File "/opt/pypy/lib/pypy3.11/shutil.py", line 752, in rmtree
    _rmtree_safe_fd(fd, path, onerror)
  File "/opt/pypy/lib/pypy3.11/shutil.py", line 703, in _rmtree_safe_fd
    onerror(os.unlink, fullname, sys.exc_info())
  File "/opt/pypy/lib/pypy3.11/shutil.py", line 701, in _rmtree_safe_fd
    os.unlink(entry.name, dir_fd=topfd)
OSError: [Errno 16] Device or resource busy: '.nfs0000009280c5903200004c57'
Traceback (most recent call last):
  File "/opt/pypy/lib/pypy3.11/multiprocessing/process.py", line 314, in _bootstrap
    self.run()
  File "/opt/pypy/lib/pypy3.11/multiprocessing/process.py", line 108, in run
    self._target(*self._args, **self._kwargs)
  File "/opt/pypy/lib/pypy3.11/multiprocessing/managers.py", line 600, in _run_server
    server.serve_forever()
  File "/opt/pypy/lib/pypy3.11/multiprocessing/managers.py", line 184, in serve_forever
    sys.exit(0)
SystemExit: 0

During handling of the above exception, another exception occurred:

Traceback (most recent call last):
  File "/opt/pypy/lib/pypy3.11/multiprocessing/util.py", line 303, in _run_finalizers
    finalizer()
  File "/opt/pypy/lib/pypy3.11/multiprocessing/util.py", line 227, in __call__
    res = self._callback(*self._args, **self._kwargs)
          ^^^^^^^^^^^^^^^^^^^^^^^^^^^^^^^^^^^^^^^^^^^
  File "/opt/pypy/lib/pypy3.11/multiprocessing/util.py", line 136, in _remove_temp_dir
    rmtree(tempdir, onerror=onerror)
  File "/opt/pypy/lib/pypy3.11/shutil.py", line 752, in rmtree
    _rmtree_safe_fd(fd, path, onerror)
  File "/opt/pypy/lib/pypy3.11/shutil.py", line 703, in _rmtree_safe_fd
    onerror(os.unlink, fullname, sys.exc_info())
  File "/opt/pypy/lib/pypy3.11/shutil.py", line 701, in _rmtree_safe_fd
    os.unlink(entry.name, dir_fd=topfd)
OSError: [Errno 16] Device or resource busy: '.nfs0000009300872c6300004c58'
Traceback (most recent call last):
  File "/opt/pypy/lib/pypy3.11/multiprocessing/process.py", line 314, in _bootstrap
    self.run()
  File "/opt/pypy/lib/pypy3.11/multiprocessing/process.py", line 108, in run
    self._target(*self._args, **self._kwargs)
  File "/opt/pypy/lib/pypy3.11/multiprocessing/managers.py", line 600, in _run_server
    server.serve_forever()
  File "/opt/pypy/lib/pypy3.11/multiprocessing/managers.py", line 184, in serve_forever
    sys.exit(0)
SystemExit: 0

During handling of the above exception, another exception occurred:

Traceback (most recent call last):
  File "/opt/pypy/lib/pypy3.11/multiprocessing/util.py", line 303, in _run_finalizers
    finalizer()
  File "/opt/pypy/lib/pypy3.11/multiprocessing/util.py", line 227, in __call__
    res = self._callback(*self._args, **self._kwargs)
          ^^^^^^^^^^^^^^^^^^^^^^^^^^^^^^^^^^^^^^^^^^^
  File "/opt/pypy/lib/pypy3.11/multiprocessing/util.py", line 136, in _remove_temp_dir
    rmtree(tempdir, onerror=onerror)
  File "/opt/pypy/lib/pypy3.11/shutil.py", line 752, in rmtree
    _rmtree_safe_fd(fd, path, onerror)
  File "/opt/pypy/lib/pypy3.11/shutil.py", line 703, in _rmtree_safe_fd
    onerror(os.unlink, fullname, sys.exc_info())
  File "/opt/pypy/lib/pypy3.11/shutil.py", line 701, in _rmtree_safe_fd
    os.unlink(entry.name, dir_fd=topfd)
OSError: [Errno 16] Device or resource busy: '.nfs000000938082000700004c59'
Traceback (most recent call last):
  File "/opt/pypy/lib/pypy3.11/multiprocessing/process.py", line 314, in _bootstrap
    self.run()
  File "/opt/pypy/lib/pypy3.11/multiprocessing/process.py", line 108, in run
    self._target(*self._args, **self._kwargs)
  File "/opt/pypy/lib/pypy3.11/multiprocessing/managers.py", line 600, in _run_server
    server.serve_forever()
  File "/opt/pypy/lib/pypy3.11/multiprocessing/managers.py", line 184, in serve_forever
    sys.exit(0)
SystemExit: 0

During handling of the above exception, another exception occurred:

Traceback (most recent call last):
  File "/opt/pypy/lib/pypy3.11/multiprocessing/util.py", line 303, in _run_finalizers
    finalizer()
  File "/opt/pypy/lib/pypy3.11/multiprocessing/util.py", line 227, in __call__
    res = self._callback(*self._args, **self._kwargs)
          ^^^^^^^^^^^^^^^^^^^^^^^^^^^^^^^^^^^^^^^^^^^
  File "/opt/pypy/lib/pypy3.11/multiprocessing/util.py", line 136, in _remove_temp_dir
    rmtree(tempdir, onerror=onerror)
  File "/opt/pypy/lib/pypy3.11/shutil.py", line 752, in rmtree
    _rmtree_safe_fd(fd, path, onerror)
  File "/opt/pypy/lib/pypy3.11/shutil.py", line 703, in _rmtree_safe_fd
    onerror(os.unlink, fullname, sys.exc_info())
  File "/opt/pypy/lib/pypy3.11/shutil.py", line 701, in _rmtree_safe_fd
    os.unlink(entry.name, dir_fd=topfd)
OSError: [Errno 16] Device or resource busy: '.nfs0000009400675c0b00004c5a'
Traceback (most recent call last):
  File "/opt/pypy/lib/pypy3.11/multiprocessing/process.py", line 314, in _bootstrap
    self.run()
  File "/opt/pypy/lib/pypy3.11/multiprocessing/process.py", line 108, in run
    self._target(*self._args, **self._kwargs)
  File "/opt/pypy/lib/pypy3.11/multiprocessing/managers.py", line 600, in _run_server
    server.serve_forever()
  File "/opt/pypy/lib/pypy3.11/multiprocessing/managers.py", line 184, in serve_forever
    sys.exit(0)
SystemExit: 0

During handling of the above exception, another exception occurred:

Traceback (most recent call last):
  File "/opt/pypy/lib/pypy3.11/multiprocessing/util.py", line 303, in _run_finalizers
    finalizer()
  File "/opt/pypy/lib/pypy3.11/multiprocessing/util.py", line 227, in __call__
    res = self._callback(*self._args, **self._kwargs)
          ^^^^^^^^^^^^^^^^^^^^^^^^^^^^^^^^^^^^^^^^^^^
  File "/opt/pypy/lib/pypy3.11/multiprocessing/util.py", line 136, in _remove_temp_dir
    rmtree(tempdir, onerror=onerror)
  File "/opt/pypy/lib/pypy3.11/shutil.py", line 752, in rmtree
    _rmtree_safe_fd(fd, path, onerror)
  File "/opt/pypy/lib/pypy3.11/shutil.py", line 703, in _rmtree_safe_fd
    onerror(os.unlink, fullname, sys.exc_info())
  File "/opt/pypy/lib/pypy3.11/shutil.py", line 701, in _rmtree_safe_fd
    os.unlink(entry.name, dir_fd=topfd)
OSError: [Errno 16] Device or resource busy: '.nfs0000009480300c6100004c5b'
Traceback (most recent call last):
  File "/opt/pypy/lib/pypy3.11/multiprocessing/process.py", line 314, in _bootstrap
    self.run()
  File "/opt/pypy/lib/pypy3.11/multiprocessing/process.py", line 108, in run
    self._target(*self._args, **self._kwargs)
  File "/opt/pypy/lib/pypy3.11/multiprocessing/managers.py", line 600, in _run_server
    server.serve_forever()
  File "/opt/pypy/lib/pypy3.11/multiprocessing/managers.py", line 184, in serve_forever
    sys.exit(0)
SystemExit: 0

During handling of the above exception, another exception occurred:

Traceback (most recent call last):
  File "/opt/pypy/lib/pypy3.11/multiprocessing/util.py", line 303, in _run_finalizers
    finalizer()
  File "/opt/pypy/lib/pypy3.11/multiprocessing/util.py", line 227, in __call__
    res = self._callback(*self._args, **self._kwargs)
          ^^^^^^^^^^^^^^^^^^^^^^^^^^^^^^^^^^^^^^^^^^^
  File "/opt/pypy/lib/pypy3.11/multiprocessing/util.py", line 136, in _remove_temp_dir
    rmtree(tempdir, onerror=onerror)
  File "/opt/pypy/lib/pypy3.11/shutil.py", line 752, in rmtree
    _rmtree_safe_fd(fd, path, onerror)
  File "/opt/pypy/lib/pypy3.11/shutil.py", line 703, in _rmtree_safe_fd
    onerror(os.unlink, fullname, sys.exc_info())
  File "/opt/pypy/lib/pypy3.11/shutil.py", line 701, in _rmtree_safe_fd
    os.unlink(entry.name, dir_fd=topfd)
OSError: [Errno 16] Device or resource busy: '.nfs0000009500a9002f00004c5c'
Traceback (most recent call last):
  File "/opt/pypy/lib/pypy3.11/multiprocessing/process.py", line 314, in _bootstrap
    self.run()
  File "/opt/pypy/lib/pypy3.11/multiprocessing/process.py", line 108, in run
    self._target(*self._args, **self._kwargs)
  File "/opt/pypy/lib/pypy3.11/multiprocessing/managers.py", line 600, in _run_server
    server.serve_forever()
  File "/opt/pypy/lib/pypy3.11/multiprocessing/managers.py", line 184, in serve_forever
    sys.exit(0)
SystemExit: 0

During handling of the above exception, another exception occurred:

Traceback (most recent call last):
  File "/opt/pypy/lib/pypy3.11/multiprocessing/util.py", line 303, in _run_finalizers
    finalizer()
  File "/opt/pypy/lib/pypy3.11/multiprocessing/util.py", line 227, in __call__
    res = self._callback(*self._args, **self._kwargs)
          ^^^^^^^^^^^^^^^^^^^^^^^^^^^^^^^^^^^^^^^^^^^
  File "/opt/pypy/lib/pypy3.11/multiprocessing/util.py", line 136, in _remove_temp_dir
    rmtree(tempdir, onerror=onerror)
  File "/opt/pypy/lib/pypy3.11/shutil.py", line 752, in rmtree
    _rmtree_safe_fd(fd, path, onerror)
  File "/opt/pypy/lib/pypy3.11/shutil.py", line 703, in _rmtree_safe_fd
    onerror(os.unlink, fullname, sys.exc_info())
  File "/opt/pypy/lib/pypy3.11/shutil.py", line 701, in _rmtree_safe_fd
    os.unlink(entry.name, dir_fd=topfd)
OSError: [Errno 16] Device or resource busy: '.nfs00000095800f381e00004c5d'
Traceback (most recent call last):
  File "/opt/pypy/lib/pypy3.11/multiprocessing/process.py", line 314, in _bootstrap
    self.run()
  File "/opt/pypy/lib/pypy3.11/multiprocessing/process.py", line 108, in run
    self._target(*self._args, **self._kwargs)
  File "/opt/pypy/lib/pypy3.11/multiprocessing/managers.py", line 600, in _run_server
    server.serve_forever()
  File "/opt/pypy/lib/pypy3.11/multiprocessing/managers.py", line 184, in serve_forever
    sys.exit(0)
SystemExit: 0

During handling of the above exception, another exception occurred:

Traceback (most recent call last):
  File "/opt/pypy/lib/pypy3.11/multiprocessing/util.py", line 303, in _run_finalizers
    finalizer()
  File "/opt/pypy/lib/pypy3.11/multiprocessing/util.py", line 227, in __call__
    res = self._callback(*self._args, **self._kwargs)
          ^^^^^^^^^^^^^^^^^^^^^^^^^^^^^^^^^^^^^^^^^^^
  File "/opt/pypy/lib/pypy3.11/multiprocessing/util.py", line 136, in _remove_temp_dir
    rmtree(tempdir, onerror=onerror)
  File "/opt/pypy/lib/pypy3.11/shutil.py", line 752, in rmtree
    _rmtree_safe_fd(fd, path, onerror)
  File "/opt/pypy/lib/pypy3.11/shutil.py", line 703, in _rmtree_safe_fd
    onerror(os.unlink, fullname, sys.exc_info())
  File "/opt/pypy/lib/pypy3.11/shutil.py", line 701, in _rmtree_safe_fd
    os.unlink(entry.name, dir_fd=topfd)
OSError: [Errno 16] Device or resource busy: '.nfs0000009600c7380500004c5e'
Traceback (most recent call last):
  File "/opt/pypy/lib/pypy3.11/multiprocessing/process.py", line 314, in _bootstrap
    self.run()
  File "/opt/pypy/lib/pypy3.11/multiprocessing/process.py", line 108, in run
    self._target(*self._args, **self._kwargs)
  File "/opt/pypy/lib/pypy3.11/multiprocessing/managers.py", line 600, in _run_server
    server.serve_forever()
  File "/opt/pypy/lib/pypy3.11/multiprocessing/managers.py", line 184, in serve_forever
    sys.exit(0)
SystemExit: 0

During handling of the above exception, another exception occurred:

Traceback (most recent call last):
  File "/opt/pypy/lib/pypy3.11/multiprocessing/util.py", line 303, in _run_finalizers
    finalizer()
  File "/opt/pypy/lib/pypy3.11/multiprocessing/util.py", line 227, in __call__
    res = self._callback(*self._args, **self._kwargs)
          ^^^^^^^^^^^^^^^^^^^^^^^^^^^^^^^^^^^^^^^^^^^
  File "/opt/pypy/lib/pypy3.11/multiprocessing/util.py", line 136, in _remove_temp_dir
    rmtree(tempdir, onerror=onerror)
  File "/opt/pypy/lib/pypy3.11/shutil.py", line 752, in rmtree
    _rmtree_safe_fd(fd, path, onerror)
  File "/opt/pypy/lib/pypy3.11/shutil.py", line 703, in _rmtree_safe_fd
    onerror(os.unlink, fullname, sys.exc_info())
  File "/opt/pypy/lib/pypy3.11/shutil.py", line 701, in _rmtree_safe_fd
    os.unlink(entry.name, dir_fd=topfd)
OSError: [Errno 16] Device or resource busy: '.nfs000000968026c80400004c5f'
Traceback (most recent call last):
  File "/opt/pypy/lib/pypy3.11/multiprocessing/process.py", line 314, in _bootstrap
    self.run()
  File "/opt/pypy/lib/pypy3.11/multiprocessing/process.py", line 108, in run
    self._target(*self._args, **self._kwargs)
  File "/opt/pypy/lib/pypy3.11/multiprocessing/managers.py", line 600, in _run_server
    server.serve_forever()
  File "/opt/pypy/lib/pypy3.11/multiprocessing/managers.py", line 184, in serve_forever
    sys.exit(0)
SystemExit: 0

During handling of the above exception, another exception occurred:

Traceback (most recent call last):
  File "/opt/pypy/lib/pypy3.11/multiprocessing/util.py", line 303, in _run_finalizers
    finalizer()
  File "/opt/pypy/lib/pypy3.11/multiprocessing/util.py", line 227, in __call__
    res = self._callback(*self._args, **self._kwargs)
          ^^^^^^^^^^^^^^^^^^^^^^^^^^^^^^^^^^^^^^^^^^^
  File "/opt/pypy/lib/pypy3.11/multiprocessing/util.py", line 136, in _remove_temp_dir
    rmtree(tempdir, onerror=onerror)
  File "/opt/pypy/lib/pypy3.11/shutil.py", line 752, in rmtree
    _rmtree_safe_fd(fd, path, onerror)
  File "/opt/pypy/lib/pypy3.11/shutil.py", line 703, in _rmtree_safe_fd
    onerror(os.unlink, fullname, sys.exc_info())
  File "/opt/pypy/lib/pypy3.11/shutil.py", line 701, in _rmtree_safe_fd
    os.unlink(entry.name, dir_fd=topfd)
OSError: [Errno 16] Device or resource busy: '.nfs00000097000ff42b00004c60'
Traceback (most recent call last):
  File "/opt/pypy/lib/pypy3.11/multiprocessing/process.py", line 314, in _bootstrap
    self.run()
  File "/opt/pypy/lib/pypy3.11/multiprocessing/process.py", line 108, in run
    self._target(*self._args, **self._kwargs)
  File "/opt/pypy/lib/pypy3.11/multiprocessing/managers.py", line 600, in _run_server
    server.serve_forever()
  File "/opt/pypy/lib/pypy3.11/multiprocessing/managers.py", line 184, in serve_forever
    sys.exit(0)
SystemExit: 0

During handling of the above exception, another exception occurred:

Traceback (most recent call last):
  File "/opt/pypy/lib/pypy3.11/multiprocessing/util.py", line 303, in _run_finalizers
    finalizer()
  File "/opt/pypy/lib/pypy3.11/multiprocessing/util.py", line 227, in __call__
    res = self._callback(*self._args, **self._kwargs)
          ^^^^^^^^^^^^^^^^^^^^^^^^^^^^^^^^^^^^^^^^^^^
  File "/opt/pypy/lib/pypy3.11/multiprocessing/util.py", line 136, in _remove_temp_dir
    rmtree(tempdir, onerror=onerror)
  File "/opt/pypy/lib/pypy3.11/shutil.py", line 752, in rmtree
    _rmtree_safe_fd(fd, path, onerror)
  File "/opt/pypy/lib/pypy3.11/shutil.py", line 703, in _rmtree_safe_fd
    onerror(os.unlink, fullname, sys.exc_info())
  File "/opt/pypy/lib/pypy3.11/shutil.py", line 701, in _rmtree_safe_fd
    os.unlink(entry.name, dir_fd=topfd)
OSError: [Errno 16] Device or resource busy: '.nfs0000009780a3fc0e00004c61'
Traceback (most recent call last):
  File "/opt/pypy/lib/pypy3.11/multiprocessing/process.py", line 314, in _bootstrap
    self.run()
  File "/opt/pypy/lib/pypy3.11/multiprocessing/process.py", line 108, in run
    self._target(*self._args, **self._kwargs)
  File "/opt/pypy/lib/pypy3.11/multiprocessing/managers.py", line 600, in _run_server
    server.serve_forever()
  File "/opt/pypy/lib/pypy3.11/multiprocessing/managers.py", line 184, in serve_forever
    sys.exit(0)
SystemExit: 0

During handling of the above exception, another exception occurred:

Traceback (most recent call last):
  File "/opt/pypy/lib/pypy3.11/multiprocessing/util.py", line 303, in _run_finalizers
    finalizer()
  File "/opt/pypy/lib/pypy3.11/multiprocessing/util.py", line 227, in __call__
    res = self._callback(*self._args, **self._kwargs)
          ^^^^^^^^^^^^^^^^^^^^^^^^^^^^^^^^^^^^^^^^^^^
  File "/opt/pypy/lib/pypy3.11/multiprocessing/util.py", line 136, in _remove_temp_dir
    rmtree(tempdir, onerror=onerror)
  File "/opt/pypy/lib/pypy3.11/shutil.py", line 752, in rmtree
    _rmtree_safe_fd(fd, path, onerror)
  File "/opt/pypy/lib/pypy3.11/shutil.py", line 703, in _rmtree_safe_fd
    onerror(os.unlink, fullname, sys.exc_info())
  File "/opt/pypy/lib/pypy3.11/shutil.py", line 701, in _rmtree_safe_fd
    os.unlink(entry.name, dir_fd=topfd)
OSError: [Errno 16] Device or resource busy: '.nfs000000980064c03900004c62'
Traceback (most recent call last):
  File "/opt/pypy/lib/pypy3.11/multiprocessing/process.py", line 314, in _bootstrap
    self.run()
  File "/opt/pypy/lib/pypy3.11/multiprocessing/process.py", line 108, in run
    self._target(*self._args, **self._kwargs)
  File "/opt/pypy/lib/pypy3.11/multiprocessing/managers.py", line 600, in _run_server
    server.serve_forever()
  File "/opt/pypy/lib/pypy3.11/multiprocessing/managers.py", line 184, in serve_forever
    sys.exit(0)
SystemExit: 0

During handling of the above exception, another exception occurred:

Traceback (most recent call last):
  File "/opt/pypy/lib/pypy3.11/multiprocessing/util.py", line 303, in _run_finalizers
    finalizer()
  File "/opt/pypy/lib/pypy3.11/multiprocessing/util.py", line 227, in __call__
    res = self._callback(*self._args, **self._kwargs)
          ^^^^^^^^^^^^^^^^^^^^^^^^^^^^^^^^^^^^^^^^^^^
  File "/opt/pypy/lib/pypy3.11/multiprocessing/util.py", line 136, in _remove_temp_dir
    rmtree(tempdir, onerror=onerror)
  File "/opt/pypy/lib/pypy3.11/shutil.py", line 752, in rmtree
    _rmtree_safe_fd(fd, path, onerror)
  File "/opt/pypy/lib/pypy3.11/shutil.py", line 703, in _rmtree_safe_fd
    onerror(os.unlink, fullname, sys.exc_info())
  File "/opt/pypy/lib/pypy3.11/shutil.py", line 701, in _rmtree_safe_fd
    os.unlink(entry.name, dir_fd=topfd)
OSError: [Errno 16] Device or resource busy: '.nfs00000098802eb42000004c63'
Traceback (most recent call last):
  File "/opt/pypy/lib/pypy3.11/multiprocessing/process.py", line 314, in _bootstrap
    self.run()
  File "/opt/pypy/lib/pypy3.11/multiprocessing/process.py", line 108, in run
    self._target(*self._args, **self._kwargs)
  File "/opt/pypy/lib/pypy3.11/multiprocessing/managers.py", line 600, in _run_server
    server.serve_forever()
  File "/opt/pypy/lib/pypy3.11/multiprocessing/managers.py", line 184, in serve_forever
    sys.exit(0)
SystemExit: 0

During handling of the above exception, another exception occurred:

Traceback (most recent call last):
  File "/opt/pypy/lib/pypy3.11/multiprocessing/util.py", line 303, in _run_finalizers
    finalizer()
  File "/opt/pypy/lib/pypy3.11/multiprocessing/util.py", line 227, in __call__
    res = self._callback(*self._args, **self._kwargs)
          ^^^^^^^^^^^^^^^^^^^^^^^^^^^^^^^^^^^^^^^^^^^
  File "/opt/pypy/lib/pypy3.11/multiprocessing/util.py", line 136, in _remove_temp_dir
    rmtree(tempdir, onerror=onerror)
  File "/opt/pypy/lib/pypy3.11/shutil.py", line 752, in rmtree
    _rmtree_safe_fd(fd, path, onerror)
  File "/opt/pypy/lib/pypy3.11/shutil.py", line 703, in _rmtree_safe_fd
    onerror(os.unlink, fullname, sys.exc_info())
  File "/opt/pypy/lib/pypy3.11/shutil.py", line 701, in _rmtree_safe_fd
    os.unlink(entry.name, dir_fd=topfd)
OSError: [Errno 16] Device or resource busy: '.nfs000000990070a42200004c64'
Traceback (most recent call last):
  File "/opt/pypy/lib/pypy3.11/multiprocessing/process.py", line 314, in _bootstrap
    self.run()
  File "/opt/pypy/lib/pypy3.11/multiprocessing/process.py", line 108, in run
    self._target(*self._args, **self._kwargs)
  File "/opt/pypy/lib/pypy3.11/multiprocessing/managers.py", line 600, in _run_server
    server.serve_forever()
  File "/opt/pypy/lib/pypy3.11/multiprocessing/managers.py", line 184, in serve_forever
    sys.exit(0)
SystemExit: 0

During handling of the above exception, another exception occurred:

Traceback (most recent call last):
  File "/opt/pypy/lib/pypy3.11/multiprocessing/util.py", line 303, in _run_finalizers
    finalizer()
  File "/opt/pypy/lib/pypy3.11/multiprocessing/util.py", line 227, in __call__
    res = self._callback(*self._args, **self._kwargs)
          ^^^^^^^^^^^^^^^^^^^^^^^^^^^^^^^^^^^^^^^^^^^
  File "/opt/pypy/lib/pypy3.11/multiprocessing/util.py", line 136, in _remove_temp_dir
    rmtree(tempdir, onerror=onerror)
  File "/opt/pypy/lib/pypy3.11/shutil.py", line 752, in rmtree
    _rmtree_safe_fd(fd, path, onerror)
  File "/opt/pypy/lib/pypy3.11/shutil.py", line 703, in _rmtree_safe_fd
    onerror(os.unlink, fullname, sys.exc_info())
  File "/opt/pypy/lib/pypy3.11/shutil.py", line 701, in _rmtree_safe_fd
    os.unlink(entry.name, dir_fd=topfd)
OSError: [Errno 16] Device or resource busy: '.nfs00000099805f901a00004c65'
Traceback (most recent call last):
  File "/opt/pypy/lib/pypy3.11/multiprocessing/process.py", line 314, in _bootstrap
    self.run()
  File "/opt/pypy/lib/pypy3.11/multiprocessing/process.py", line 108, in run
    self._target(*self._args, **self._kwargs)
  File "/opt/pypy/lib/pypy3.11/multiprocessing/managers.py", line 600, in _run_server
    server.serve_forever()
  File "/opt/pypy/lib/pypy3.11/multiprocessing/managers.py", line 184, in serve_forever
    sys.exit(0)
SystemExit: 0

During handling of the above exception, another exception occurred:

Traceback (most recent call last):
  File "/opt/pypy/lib/pypy3.11/multiprocessing/util.py", line 303, in _run_finalizers
    finalizer()
  File "/opt/pypy/lib/pypy3.11/multiprocessing/util.py", line 227, in __call__
    res = self._callback(*self._args, **self._kwargs)
          ^^^^^^^^^^^^^^^^^^^^^^^^^^^^^^^^^^^^^^^^^^^
  File "/opt/pypy/lib/pypy3.11/multiprocessing/util.py", line 136, in _remove_temp_dir
    rmtree(tempdir, onerror=onerror)
  File "/opt/pypy/lib/pypy3.11/shutil.py", line 752, in rmtree
    _rmtree_safe_fd(fd, path, onerror)
  File "/opt/pypy/lib/pypy3.11/shutil.py", line 703, in _rmtree_safe_fd
    onerror(os.unlink, fullname, sys.exc_info())
  File "/opt/pypy/lib/pypy3.11/shutil.py", line 701, in _rmtree_safe_fd
    os.unlink(entry.name, dir_fd=topfd)
OSError: [Errno 16] Device or resource busy: '.nfs0000009a005bfc0100004c66'
  Completed 10 iterations for size 100, cohesion 80.
Running iterations for algorithm: randomGreedy
  Completed 10 iterations for size 8, cohesion 20.
  Completed 10 iterations for size 8, cohesion 50.
  Completed 10 iterations for size 8, cohesion 80.
  Completed 10 iterations for size 30, cohesion 20.
  Completed 10 iterations for size 30, cohesion 50.
  Completed 10 iterations for size 30, cohesion 80.
  Completed 10 iterations for size 100, cohesion 20.
Traceback (most recent call last):
  File "/opt/pypy/lib/pypy3.11/multiprocessing/process.py", line 314, in _bootstrap
    self.run()
  File "/opt/pypy/lib/pypy3.11/multiprocessing/process.py", line 108, in run
    self._target(*self._args, **self._kwargs)
  File "/opt/pypy/lib/pypy3.11/multiprocessing/managers.py", line 600, in _run_server
    server.serve_forever()
  File "/opt/pypy/lib/pypy3.11/multiprocessing/managers.py", line 184, in serve_forever
    sys.exit(0)
SystemExit: 0

During handling of the above exception, another exception occurred:

Traceback (most recent call last):
  File "/opt/pypy/lib/pypy3.11/multiprocessing/util.py", line 303, in _run_finalizers
    finalizer()
  File "/opt/pypy/lib/pypy3.11/multiprocessing/util.py", line 227, in __call__
    res = self._callback(*self._args, **self._kwargs)
          ^^^^^^^^^^^^^^^^^^^^^^^^^^^^^^^^^^^^^^^^^^^
  File "/opt/pypy/lib/pypy3.11/multiprocessing/util.py", line 136, in _remove_temp_dir
    rmtree(tempdir, onerror=onerror)
  File "/opt/pypy/lib/pypy3.11/shutil.py", line 752, in rmtree
    _rmtree_safe_fd(fd, path, onerror)
  File "/opt/pypy/lib/pypy3.11/shutil.py", line 703, in _rmtree_safe_fd
    onerror(os.unlink, fullname, sys.exc_info())
  File "/opt/pypy/lib/pypy3.11/shutil.py", line 701, in _rmtree_safe_fd
    os.unlink(entry.name, dir_fd=topfd)
OSError: [Errno 16] Device or resource busy: '.nfs0000009a80695c1b00004c67'
Traceback (most recent call last):
  File "/opt/pypy/lib/pypy3.11/multiprocessing/process.py", line 314, in _bootstrap
    self.run()
  File "/opt/pypy/lib/pypy3.11/multiprocessing/process.py", line 108, in run
    self._target(*self._args, **self._kwargs)
  File "/opt/pypy/lib/pypy3.11/multiprocessing/managers.py", line 600, in _run_server
    server.serve_forever()
  File "/opt/pypy/lib/pypy3.11/multiprocessing/managers.py", line 184, in serve_forever
    sys.exit(0)
SystemExit: 0

During handling of the above exception, another exception occurred:

Traceback (most recent call last):
  File "/opt/pypy/lib/pypy3.11/multiprocessing/util.py", line 303, in _run_finalizers
    finalizer()
  File "/opt/pypy/lib/pypy3.11/multiprocessing/util.py", line 227, in __call__
    res = self._callback(*self._args, **self._kwargs)
          ^^^^^^^^^^^^^^^^^^^^^^^^^^^^^^^^^^^^^^^^^^^
  File "/opt/pypy/lib/pypy3.11/multiprocessing/util.py", line 136, in _remove_temp_dir
    rmtree(tempdir, onerror=onerror)
  File "/opt/pypy/lib/pypy3.11/shutil.py", line 752, in rmtree
    _rmtree_safe_fd(fd, path, onerror)
  File "/opt/pypy/lib/pypy3.11/shutil.py", line 703, in _rmtree_safe_fd
    onerror(os.unlink, fullname, sys.exc_info())
  File "/opt/pypy/lib/pypy3.11/shutil.py", line 701, in _rmtree_safe_fd
    os.unlink(entry.name, dir_fd=topfd)
OSError: [Errno 16] Device or resource busy: '.nfs0000009f8035781700004c68'
Traceback (most recent call last):
  File "/opt/pypy/lib/pypy3.11/multiprocessing/process.py", line 314, in _bootstrap
    self.run()
  File "/opt/pypy/lib/pypy3.11/multiprocessing/process.py", line 108, in run
    self._target(*self._args, **self._kwargs)
  File "/opt/pypy/lib/pypy3.11/multiprocessing/managers.py", line 600, in _run_server
    server.serve_forever()
  File "/opt/pypy/lib/pypy3.11/multiprocessing/managers.py", line 184, in serve_forever
    sys.exit(0)
SystemExit: 0

During handling of the above exception, another exception occurred:

Traceback (most recent call last):
  File "/opt/pypy/lib/pypy3.11/multiprocessing/util.py", line 303, in _run_finalizers
    finalizer()
  File "/opt/pypy/lib/pypy3.11/multiprocessing/util.py", line 227, in __call__
    res = self._callback(*self._args, **self._kwargs)
          ^^^^^^^^^^^^^^^^^^^^^^^^^^^^^^^^^^^^^^^^^^^
  File "/opt/pypy/lib/pypy3.11/multiprocessing/util.py", line 136, in _remove_temp_dir
    rmtree(tempdir, onerror=onerror)
  File "/opt/pypy/lib/pypy3.11/shutil.py", line 752, in rmtree
    _rmtree_safe_fd(fd, path, onerror)
  File "/opt/pypy/lib/pypy3.11/shutil.py", line 703, in _rmtree_safe_fd
    onerror(os.unlink, fullname, sys.exc_info())
  File "/opt/pypy/lib/pypy3.11/shutil.py", line 701, in _rmtree_safe_fd
    os.unlink(entry.name, dir_fd=topfd)
OSError: [Errno 16] Device or resource busy: '.nfs000000a013d1f03400004c69'
Traceback (most recent call last):
  File "/opt/pypy/lib/pypy3.11/multiprocessing/process.py", line 314, in _bootstrap
    self.run()
  File "/opt/pypy/lib/pypy3.11/multiprocessing/process.py", line 108, in run
    self._target(*self._args, **self._kwargs)
  File "/opt/pypy/lib/pypy3.11/multiprocessing/managers.py", line 600, in _run_server
    server.serve_forever()
  File "/opt/pypy/lib/pypy3.11/multiprocessing/managers.py", line 184, in serve_forever
    sys.exit(0)
SystemExit: 0

During handling of the above exception, another exception occurred:

Traceback (most recent call last):
  File "/opt/pypy/lib/pypy3.11/multiprocessing/util.py", line 303, in _run_finalizers
    finalizer()
  File "/opt/pypy/lib/pypy3.11/multiprocessing/util.py", line 227, in __call__
    res = self._callback(*self._args, **self._kwargs)
          ^^^^^^^^^^^^^^^^^^^^^^^^^^^^^^^^^^^^^^^^^^^
  File "/opt/pypy/lib/pypy3.11/multiprocessing/util.py", line 136, in _remove_temp_dir
    rmtree(tempdir, onerror=onerror)
  File "/opt/pypy/lib/pypy3.11/shutil.py", line 752, in rmtree
    _rmtree_safe_fd(fd, path, onerror)
  File "/opt/pypy/lib/pypy3.11/shutil.py", line 703, in _rmtree_safe_fd
    onerror(os.unlink, fullname, sys.exc_info())
  File "/opt/pypy/lib/pypy3.11/shutil.py", line 701, in _rmtree_safe_fd
    os.unlink(entry.name, dir_fd=topfd)
OSError: [Errno 16] Device or resource busy: '.nfs00000000459d1c2000004c6a'
Traceback (most recent call last):
  File "/opt/pypy/lib/pypy3.11/multiprocessing/process.py", line 314, in _bootstrap
    self.run()
  File "/opt/pypy/lib/pypy3.11/multiprocessing/process.py", line 108, in run
    self._target(*self._args, **self._kwargs)
  File "/opt/pypy/lib/pypy3.11/multiprocessing/managers.py", line 600, in _run_server
    server.serve_forever()
  File "/opt/pypy/lib/pypy3.11/multiprocessing/managers.py", line 184, in serve_forever
    sys.exit(0)
SystemExit: 0

During handling of the above exception, another exception occurred:

Traceback (most recent call last):
  File "/opt/pypy/lib/pypy3.11/multiprocessing/util.py", line 303, in _run_finalizers
    finalizer()
  File "/opt/pypy/lib/pypy3.11/multiprocessing/util.py", line 227, in __call__
    res = self._callback(*self._args, **self._kwargs)
          ^^^^^^^^^^^^^^^^^^^^^^^^^^^^^^^^^^^^^^^^^^^
  File "/opt/pypy/lib/pypy3.11/multiprocessing/util.py", line 136, in _remove_temp_dir
    rmtree(tempdir, onerror=onerror)
  File "/opt/pypy/lib/pypy3.11/shutil.py", line 752, in rmtree
    _rmtree_safe_fd(fd, path, onerror)
  File "/opt/pypy/lib/pypy3.11/shutil.py", line 703, in _rmtree_safe_fd
    onerror(os.unlink, fullname, sys.exc_info())
  File "/opt/pypy/lib/pypy3.11/shutil.py", line 701, in _rmtree_safe_fd
    os.unlink(entry.name, dir_fd=topfd)
OSError: [Errno 16] Device or resource busy: '.nfs0000000080d7503400004c6b'
Traceback (most recent call last):
  File "/opt/pypy/lib/pypy3.11/multiprocessing/process.py", line 314, in _bootstrap
    self.run()
  File "/opt/pypy/lib/pypy3.11/multiprocessing/process.py", line 108, in run
    self._target(*self._args, **self._kwargs)
  File "/opt/pypy/lib/pypy3.11/multiprocessing/managers.py", line 600, in _run_server
    server.serve_forever()
  File "/opt/pypy/lib/pypy3.11/multiprocessing/managers.py", line 184, in serve_forever
    sys.exit(0)
SystemExit: 0

During handling of the above exception, another exception occurred:

Traceback (most recent call last):
  File "/opt/pypy/lib/pypy3.11/multiprocessing/util.py", line 303, in _run_finalizers
    finalizer()
  File "/opt/pypy/lib/pypy3.11/multiprocessing/util.py", line 227, in __call__
    res = self._callback(*self._args, **self._kwargs)
          ^^^^^^^^^^^^^^^^^^^^^^^^^^^^^^^^^^^^^^^^^^^
  File "/opt/pypy/lib/pypy3.11/multiprocessing/util.py", line 136, in _remove_temp_dir
    rmtree(tempdir, onerror=onerror)
  File "/opt/pypy/lib/pypy3.11/shutil.py", line 752, in rmtree
    _rmtree_safe_fd(fd, path, onerror)
  File "/opt/pypy/lib/pypy3.11/shutil.py", line 703, in _rmtree_safe_fd
    onerror(os.unlink, fullname, sys.exc_info())
  File "/opt/pypy/lib/pypy3.11/shutil.py", line 701, in _rmtree_safe_fd
    os.unlink(entry.name, dir_fd=topfd)
OSError: [Errno 16] Device or resource busy: '.nfs0000000101668c3000004c6c'
Traceback (most recent call last):
  File "/opt/pypy/lib/pypy3.11/multiprocessing/process.py", line 314, in _bootstrap
    self.run()
  File "/opt/pypy/lib/pypy3.11/multiprocessing/process.py", line 108, in run
    self._target(*self._args, **self._kwargs)
  File "/opt/pypy/lib/pypy3.11/multiprocessing/managers.py", line 600, in _run_server
    server.serve_forever()
  File "/opt/pypy/lib/pypy3.11/multiprocessing/managers.py", line 184, in serve_forever
    sys.exit(0)
SystemExit: 0

During handling of the above exception, another exception occurred:

Traceback (most recent call last):
  File "/opt/pypy/lib/pypy3.11/multiprocessing/util.py", line 303, in _run_finalizers
    finalizer()
  File "/opt/pypy/lib/pypy3.11/multiprocessing/util.py", line 227, in __call__
    res = self._callback(*self._args, **self._kwargs)
          ^^^^^^^^^^^^^^^^^^^^^^^^^^^^^^^^^^^^^^^^^^^
  File "/opt/pypy/lib/pypy3.11/multiprocessing/util.py", line 136, in _remove_temp_dir
    rmtree(tempdir, onerror=onerror)
  File "/opt/pypy/lib/pypy3.11/shutil.py", line 752, in rmtree
    _rmtree_safe_fd(fd, path, onerror)
  File "/opt/pypy/lib/pypy3.11/shutil.py", line 703, in _rmtree_safe_fd
    onerror(os.unlink, fullname, sys.exc_info())
  File "/opt/pypy/lib/pypy3.11/shutil.py", line 701, in _rmtree_safe_fd
    os.unlink(entry.name, dir_fd=topfd)
OSError: [Errno 16] Device or resource busy: '.nfs00000001830db41500004c6d'
Traceback (most recent call last):
  File "/opt/pypy/lib/pypy3.11/multiprocessing/process.py", line 314, in _bootstrap
    self.run()
  File "/opt/pypy/lib/pypy3.11/multiprocessing/process.py", line 108, in run
    self._target(*self._args, **self._kwargs)
  File "/opt/pypy/lib/pypy3.11/multiprocessing/managers.py", line 600, in _run_server
    server.serve_forever()
  File "/opt/pypy/lib/pypy3.11/multiprocessing/managers.py", line 184, in serve_forever
    sys.exit(0)
SystemExit: 0

During handling of the above exception, another exception occurred:

Traceback (most recent call last):
  File "/opt/pypy/lib/pypy3.11/multiprocessing/util.py", line 303, in _run_finalizers
    finalizer()
  File "/opt/pypy/lib/pypy3.11/multiprocessing/util.py", line 227, in __call__
    res = self._callback(*self._args, **self._kwargs)
          ^^^^^^^^^^^^^^^^^^^^^^^^^^^^^^^^^^^^^^^^^^^
  File "/opt/pypy/lib/pypy3.11/multiprocessing/util.py", line 136, in _remove_temp_dir
    rmtree(tempdir, onerror=onerror)
  File "/opt/pypy/lib/pypy3.11/shutil.py", line 752, in rmtree
    _rmtree_safe_fd(fd, path, onerror)
  File "/opt/pypy/lib/pypy3.11/shutil.py", line 703, in _rmtree_safe_fd
    onerror(os.unlink, fullname, sys.exc_info())
  File "/opt/pypy/lib/pypy3.11/shutil.py", line 701, in _rmtree_safe_fd
    os.unlink(entry.name, dir_fd=topfd)
OSError: [Errno 16] Device or resource busy: '.nfs00000002006c3c3d00004c6e'
Traceback (most recent call last):
  File "/opt/pypy/lib/pypy3.11/multiprocessing/process.py", line 314, in _bootstrap
    self.run()
  File "/opt/pypy/lib/pypy3.11/multiprocessing/process.py", line 108, in run
    self._target(*self._args, **self._kwargs)
  File "/opt/pypy/lib/pypy3.11/multiprocessing/managers.py", line 600, in _run_server
    server.serve_forever()
  File "/opt/pypy/lib/pypy3.11/multiprocessing/managers.py", line 184, in serve_forever
    sys.exit(0)
SystemExit: 0

During handling of the above exception, another exception occurred:

Traceback (most recent call last):
  File "/opt/pypy/lib/pypy3.11/multiprocessing/util.py", line 303, in _run_finalizers
    finalizer()
  File "/opt/pypy/lib/pypy3.11/multiprocessing/util.py", line 227, in __call__
    res = self._callback(*self._args, **self._kwargs)
          ^^^^^^^^^^^^^^^^^^^^^^^^^^^^^^^^^^^^^^^^^^^
  File "/opt/pypy/lib/pypy3.11/multiprocessing/util.py", line 136, in _remove_temp_dir
    rmtree(tempdir, onerror=onerror)
  File "/opt/pypy/lib/pypy3.11/shutil.py", line 752, in rmtree
    _rmtree_safe_fd(fd, path, onerror)
  File "/opt/pypy/lib/pypy3.11/shutil.py", line 703, in _rmtree_safe_fd
    onerror(os.unlink, fullname, sys.exc_info())
  File "/opt/pypy/lib/pypy3.11/shutil.py", line 701, in _rmtree_safe_fd
    os.unlink(entry.name, dir_fd=topfd)
OSError: [Errno 16] Device or resource busy: '.nfs000000028055681300004c6f'
Traceback (most recent call last):
  File "/opt/pypy/lib/pypy3.11/multiprocessing/process.py", line 314, in _bootstrap
    self.run()
  File "/opt/pypy/lib/pypy3.11/multiprocessing/process.py", line 108, in run
    self._target(*self._args, **self._kwargs)
  File "/opt/pypy/lib/pypy3.11/multiprocessing/managers.py", line 600, in _run_server
    server.serve_forever()
  File "/opt/pypy/lib/pypy3.11/multiprocessing/managers.py", line 184, in serve_forever
    sys.exit(0)
SystemExit: 0

During handling of the above exception, another exception occurred:

Traceback (most recent call last):
  File "/opt/pypy/lib/pypy3.11/multiprocessing/util.py", line 303, in _run_finalizers
    finalizer()
  File "/opt/pypy/lib/pypy3.11/multiprocessing/util.py", line 227, in __call__
    res = self._callback(*self._args, **self._kwargs)
          ^^^^^^^^^^^^^^^^^^^^^^^^^^^^^^^^^^^^^^^^^^^
  File "/opt/pypy/lib/pypy3.11/multiprocessing/util.py", line 136, in _remove_temp_dir
    rmtree(tempdir, onerror=onerror)
  File "/opt/pypy/lib/pypy3.11/shutil.py", line 752, in rmtree
    _rmtree_safe_fd(fd, path, onerror)
  File "/opt/pypy/lib/pypy3.11/shutil.py", line 703, in _rmtree_safe_fd
    onerror(os.unlink, fullname, sys.exc_info())
  File "/opt/pypy/lib/pypy3.11/shutil.py", line 701, in _rmtree_safe_fd
    os.unlink(entry.name, dir_fd=topfd)
OSError: [Errno 16] Device or resource busy: '.nfs0000000300058c3800004c70'
Traceback (most recent call last):
  File "/opt/pypy/lib/pypy3.11/multiprocessing/process.py", line 314, in _bootstrap
    self.run()
  File "/opt/pypy/lib/pypy3.11/multiprocessing/process.py", line 108, in run
    self._target(*self._args, **self._kwargs)
  File "/opt/pypy/lib/pypy3.11/multiprocessing/managers.py", line 600, in _run_server
    server.serve_forever()
  File "/opt/pypy/lib/pypy3.11/multiprocessing/managers.py", line 184, in serve_forever
    sys.exit(0)
SystemExit: 0

During handling of the above exception, another exception occurred:

Traceback (most recent call last):
  File "/opt/pypy/lib/pypy3.11/multiprocessing/util.py", line 303, in _run_finalizers
    finalizer()
  File "/opt/pypy/lib/pypy3.11/multiprocessing/util.py", line 227, in __call__
    res = self._callback(*self._args, **self._kwargs)
          ^^^^^^^^^^^^^^^^^^^^^^^^^^^^^^^^^^^^^^^^^^^
  File "/opt/pypy/lib/pypy3.11/multiprocessing/util.py", line 136, in _remove_temp_dir
    rmtree(tempdir, onerror=onerror)
  File "/opt/pypy/lib/pypy3.11/shutil.py", line 752, in rmtree
    _rmtree_safe_fd(fd, path, onerror)
  File "/opt/pypy/lib/pypy3.11/shutil.py", line 703, in _rmtree_safe_fd
    onerror(os.unlink, fullname, sys.exc_info())
  File "/opt/pypy/lib/pypy3.11/shutil.py", line 701, in _rmtree_safe_fd
    os.unlink(entry.name, dir_fd=topfd)
OSError: [Errno 16] Device or resource busy: '.nfs00000003810cbc0500004c71'
Traceback (most recent call last):
  File "/opt/pypy/lib/pypy3.11/multiprocessing/process.py", line 314, in _bootstrap
    self.run()
  File "/opt/pypy/lib/pypy3.11/multiprocessing/process.py", line 108, in run
    self._target(*self._args, **self._kwargs)
  File "/opt/pypy/lib/pypy3.11/multiprocessing/managers.py", line 600, in _run_server
    server.serve_forever()
  File "/opt/pypy/lib/pypy3.11/multiprocessing/managers.py", line 184, in serve_forever
    sys.exit(0)
SystemExit: 0

During handling of the above exception, another exception occurred:

Traceback (most recent call last):
  File "/opt/pypy/lib/pypy3.11/multiprocessing/util.py", line 303, in _run_finalizers
    finalizer()
  File "/opt/pypy/lib/pypy3.11/multiprocessing/util.py", line 227, in __call__
    res = self._callback(*self._args, **self._kwargs)
          ^^^^^^^^^^^^^^^^^^^^^^^^^^^^^^^^^^^^^^^^^^^
  File "/opt/pypy/lib/pypy3.11/multiprocessing/util.py", line 136, in _remove_temp_dir
    rmtree(tempdir, onerror=onerror)
  File "/opt/pypy/lib/pypy3.11/shutil.py", line 752, in rmtree
    _rmtree_safe_fd(fd, path, onerror)
  File "/opt/pypy/lib/pypy3.11/shutil.py", line 703, in _rmtree_safe_fd
    onerror(os.unlink, fullname, sys.exc_info())
  File "/opt/pypy/lib/pypy3.11/shutil.py", line 701, in _rmtree_safe_fd
    os.unlink(entry.name, dir_fd=topfd)
OSError: [Errno 16] Device or resource busy: '.nfs0000000400467c6300004c72'
Traceback (most recent call last):
  File "/opt/pypy/lib/pypy3.11/multiprocessing/process.py", line 314, in _bootstrap
    self.run()
  File "/opt/pypy/lib/pypy3.11/multiprocessing/process.py", line 108, in run
    self._target(*self._args, **self._kwargs)
  File "/opt/pypy/lib/pypy3.11/multiprocessing/managers.py", line 600, in _run_server
    server.serve_forever()
  File "/opt/pypy/lib/pypy3.11/multiprocessing/managers.py", line 184, in serve_forever
    sys.exit(0)
SystemExit: 0

During handling of the above exception, another exception occurred:

Traceback (most recent call last):
  File "/opt/pypy/lib/pypy3.11/multiprocessing/util.py", line 303, in _run_finalizers
    finalizer()
  File "/opt/pypy/lib/pypy3.11/multiprocessing/util.py", line 227, in __call__
    res = self._callback(*self._args, **self._kwargs)
          ^^^^^^^^^^^^^^^^^^^^^^^^^^^^^^^^^^^^^^^^^^^
  File "/opt/pypy/lib/pypy3.11/multiprocessing/util.py", line 136, in _remove_temp_dir
    rmtree(tempdir, onerror=onerror)
  File "/opt/pypy/lib/pypy3.11/shutil.py", line 752, in rmtree
    _rmtree_safe_fd(fd, path, onerror)
  File "/opt/pypy/lib/pypy3.11/shutil.py", line 703, in _rmtree_safe_fd
    onerror(os.unlink, fullname, sys.exc_info())
  File "/opt/pypy/lib/pypy3.11/shutil.py", line 701, in _rmtree_safe_fd
    os.unlink(entry.name, dir_fd=topfd)
OSError: [Errno 16] Device or resource busy: '.nfs000000048060bc2400004c73'
Traceback (most recent call last):
  File "/opt/pypy/lib/pypy3.11/multiprocessing/process.py", line 314, in _bootstrap
    self.run()
  File "/opt/pypy/lib/pypy3.11/multiprocessing/process.py", line 108, in run
    self._target(*self._args, **self._kwargs)
  File "/opt/pypy/lib/pypy3.11/multiprocessing/managers.py", line 600, in _run_server
    server.serve_forever()
  File "/opt/pypy/lib/pypy3.11/multiprocessing/managers.py", line 184, in serve_forever
    sys.exit(0)
SystemExit: 0

During handling of the above exception, another exception occurred:

Traceback (most recent call last):
  File "/opt/pypy/lib/pypy3.11/multiprocessing/util.py", line 303, in _run_finalizers
    finalizer()
  File "/opt/pypy/lib/pypy3.11/multiprocessing/util.py", line 227, in __call__
    res = self._callback(*self._args, **self._kwargs)
          ^^^^^^^^^^^^^^^^^^^^^^^^^^^^^^^^^^^^^^^^^^^
  File "/opt/pypy/lib/pypy3.11/multiprocessing/util.py", line 136, in _remove_temp_dir
    rmtree(tempdir, onerror=onerror)
  File "/opt/pypy/lib/pypy3.11/shutil.py", line 752, in rmtree
    _rmtree_safe_fd(fd, path, onerror)
  File "/opt/pypy/lib/pypy3.11/shutil.py", line 703, in _rmtree_safe_fd
    onerror(os.unlink, fullname, sys.exc_info())
  File "/opt/pypy/lib/pypy3.11/shutil.py", line 701, in _rmtree_safe_fd
    os.unlink(entry.name, dir_fd=topfd)
OSError: [Errno 16] Device or resource busy: '.nfs00000005015f242f00004c74'
Traceback (most recent call last):
  File "/opt/pypy/lib/pypy3.11/multiprocessing/process.py", line 314, in _bootstrap
    self.run()
  File "/opt/pypy/lib/pypy3.11/multiprocessing/process.py", line 108, in run
    self._target(*self._args, **self._kwargs)
  File "/opt/pypy/lib/pypy3.11/multiprocessing/managers.py", line 600, in _run_server
    server.serve_forever()
  File "/opt/pypy/lib/pypy3.11/multiprocessing/managers.py", line 184, in serve_forever
    sys.exit(0)
SystemExit: 0

During handling of the above exception, another exception occurred:

Traceback (most recent call last):
  File "/opt/pypy/lib/pypy3.11/multiprocessing/util.py", line 303, in _run_finalizers
    finalizer()
  File "/opt/pypy/lib/pypy3.11/multiprocessing/util.py", line 227, in __call__
    res = self._callback(*self._args, **self._kwargs)
          ^^^^^^^^^^^^^^^^^^^^^^^^^^^^^^^^^^^^^^^^^^^
  File "/opt/pypy/lib/pypy3.11/multiprocessing/util.py", line 136, in _remove_temp_dir
    rmtree(tempdir, onerror=onerror)
  File "/opt/pypy/lib/pypy3.11/shutil.py", line 752, in rmtree
    _rmtree_safe_fd(fd, path, onerror)
  File "/opt/pypy/lib/pypy3.11/shutil.py", line 703, in _rmtree_safe_fd
    onerror(os.unlink, fullname, sys.exc_info())
  File "/opt/pypy/lib/pypy3.11/shutil.py", line 701, in _rmtree_safe_fd
    os.unlink(entry.name, dir_fd=topfd)
OSError: [Errno 16] Device or resource busy: '.nfs000000058079c04b00004c75'
Traceback (most recent call last):
  File "/opt/pypy/lib/pypy3.11/multiprocessing/process.py", line 314, in _bootstrap
    self.run()
  File "/opt/pypy/lib/pypy3.11/multiprocessing/process.py", line 108, in run
    self._target(*self._args, **self._kwargs)
  File "/opt/pypy/lib/pypy3.11/multiprocessing/managers.py", line 600, in _run_server
    server.serve_forever()
  File "/opt/pypy/lib/pypy3.11/multiprocessing/managers.py", line 184, in serve_forever
    sys.exit(0)
SystemExit: 0

During handling of the above exception, another exception occurred:

Traceback (most recent call last):
  File "/opt/pypy/lib/pypy3.11/multiprocessing/util.py", line 303, in _run_finalizers
    finalizer()
  File "/opt/pypy/lib/pypy3.11/multiprocessing/util.py", line 227, in __call__
    res = self._callback(*self._args, **self._kwargs)
          ^^^^^^^^^^^^^^^^^^^^^^^^^^^^^^^^^^^^^^^^^^^
  File "/opt/pypy/lib/pypy3.11/multiprocessing/util.py", line 136, in _remove_temp_dir
    rmtree(tempdir, onerror=onerror)
  File "/opt/pypy/lib/pypy3.11/shutil.py", line 752, in rmtree
    _rmtree_safe_fd(fd, path, onerror)
  File "/opt/pypy/lib/pypy3.11/shutil.py", line 703, in _rmtree_safe_fd
    onerror(os.unlink, fullname, sys.exc_info())
  File "/opt/pypy/lib/pypy3.11/shutil.py", line 701, in _rmtree_safe_fd
    os.unlink(entry.name, dir_fd=topfd)
OSError: [Errno 16] Device or resource busy: '.nfs00000006000d380100004c76'
Traceback (most recent call last):
  File "/opt/pypy/lib/pypy3.11/multiprocessing/process.py", line 314, in _bootstrap
    self.run()
  File "/opt/pypy/lib/pypy3.11/multiprocessing/process.py", line 108, in run
    self._target(*self._args, **self._kwargs)
  File "/opt/pypy/lib/pypy3.11/multiprocessing/managers.py", line 600, in _run_server
    server.serve_forever()
  File "/opt/pypy/lib/pypy3.11/multiprocessing/managers.py", line 184, in serve_forever
    sys.exit(0)
SystemExit: 0

During handling of the above exception, another exception occurred:

Traceback (most recent call last):
  File "/opt/pypy/lib/pypy3.11/multiprocessing/util.py", line 303, in _run_finalizers
    finalizer()
  File "/opt/pypy/lib/pypy3.11/multiprocessing/util.py", line 227, in __call__
    res = self._callback(*self._args, **self._kwargs)
          ^^^^^^^^^^^^^^^^^^^^^^^^^^^^^^^^^^^^^^^^^^^
  File "/opt/pypy/lib/pypy3.11/multiprocessing/util.py", line 136, in _remove_temp_dir
    rmtree(tempdir, onerror=onerror)
  File "/opt/pypy/lib/pypy3.11/shutil.py", line 752, in rmtree
    _rmtree_safe_fd(fd, path, onerror)
  File "/opt/pypy/lib/pypy3.11/shutil.py", line 703, in _rmtree_safe_fd
    onerror(os.unlink, fullname, sys.exc_info())
  File "/opt/pypy/lib/pypy3.11/shutil.py", line 701, in _rmtree_safe_fd
    os.unlink(entry.name, dir_fd=topfd)
OSError: [Errno 16] Device or resource busy: '.nfs000000068087145900004c77'
Traceback (most recent call last):
  File "/opt/pypy/lib/pypy3.11/multiprocessing/process.py", line 314, in _bootstrap
    self.run()
  File "/opt/pypy/lib/pypy3.11/multiprocessing/process.py", line 108, in run
    self._target(*self._args, **self._kwargs)
  File "/opt/pypy/lib/pypy3.11/multiprocessing/managers.py", line 600, in _run_server
    server.serve_forever()
  File "/opt/pypy/lib/pypy3.11/multiprocessing/managers.py", line 184, in serve_forever
    sys.exit(0)
SystemExit: 0

During handling of the above exception, another exception occurred:

Traceback (most recent call last):
  File "/opt/pypy/lib/pypy3.11/multiprocessing/util.py", line 303, in _run_finalizers
    finalizer()
  File "/opt/pypy/lib/pypy3.11/multiprocessing/util.py", line 227, in __call__
    res = self._callback(*self._args, **self._kwargs)
          ^^^^^^^^^^^^^^^^^^^^^^^^^^^^^^^^^^^^^^^^^^^
  File "/opt/pypy/lib/pypy3.11/multiprocessing/util.py", line 136, in _remove_temp_dir
    rmtree(tempdir, onerror=onerror)
  File "/opt/pypy/lib/pypy3.11/shutil.py", line 752, in rmtree
    _rmtree_safe_fd(fd, path, onerror)
  File "/opt/pypy/lib/pypy3.11/shutil.py", line 703, in _rmtree_safe_fd
    onerror(os.unlink, fullname, sys.exc_info())
  File "/opt/pypy/lib/pypy3.11/shutil.py", line 701, in _rmtree_safe_fd
    os.unlink(entry.name, dir_fd=topfd)
OSError: [Errno 16] Device or resource busy: '.nfs0000000700d99c2a00004c78'
Traceback (most recent call last):
  File "/opt/pypy/lib/pypy3.11/multiprocessing/process.py", line 314, in _bootstrap
    self.run()
  File "/opt/pypy/lib/pypy3.11/multiprocessing/process.py", line 108, in run
    self._target(*self._args, **self._kwargs)
  File "/opt/pypy/lib/pypy3.11/multiprocessing/managers.py", line 600, in _run_server
    server.serve_forever()
  File "/opt/pypy/lib/pypy3.11/multiprocessing/managers.py", line 184, in serve_forever
    sys.exit(0)
SystemExit: 0

During handling of the above exception, another exception occurred:

Traceback (most recent call last):
  File "/opt/pypy/lib/pypy3.11/multiprocessing/util.py", line 303, in _run_finalizers
    finalizer()
  File "/opt/pypy/lib/pypy3.11/multiprocessing/util.py", line 227, in __call__
    res = self._callback(*self._args, **self._kwargs)
          ^^^^^^^^^^^^^^^^^^^^^^^^^^^^^^^^^^^^^^^^^^^
  File "/opt/pypy/lib/pypy3.11/multiprocessing/util.py", line 136, in _remove_temp_dir
    rmtree(tempdir, onerror=onerror)
  File "/opt/pypy/lib/pypy3.11/shutil.py", line 752, in rmtree
    _rmtree_safe_fd(fd, path, onerror)
  File "/opt/pypy/lib/pypy3.11/shutil.py", line 703, in _rmtree_safe_fd
    onerror(os.unlink, fullname, sys.exc_info())
  File "/opt/pypy/lib/pypy3.11/shutil.py", line 701, in _rmtree_safe_fd
    os.unlink(entry.name, dir_fd=topfd)
OSError: [Errno 16] Device or resource busy: '.nfs000000078125100900004c79'
Traceback (most recent call last):
  File "/opt/pypy/lib/pypy3.11/multiprocessing/process.py", line 314, in _bootstrap
    self.run()
  File "/opt/pypy/lib/pypy3.11/multiprocessing/process.py", line 108, in run
    self._target(*self._args, **self._kwargs)
  File "/opt/pypy/lib/pypy3.11/multiprocessing/managers.py", line 600, in _run_server
    server.serve_forever()
  File "/opt/pypy/lib/pypy3.11/multiprocessing/managers.py", line 184, in serve_forever
    sys.exit(0)
SystemExit: 0

During handling of the above exception, another exception occurred:

Traceback (most recent call last):
  File "/opt/pypy/lib/pypy3.11/multiprocessing/util.py", line 303, in _run_finalizers
    finalizer()
  File "/opt/pypy/lib/pypy3.11/multiprocessing/util.py", line 227, in __call__
    res = self._callback(*self._args, **self._kwargs)
          ^^^^^^^^^^^^^^^^^^^^^^^^^^^^^^^^^^^^^^^^^^^
  File "/opt/pypy/lib/pypy3.11/multiprocessing/util.py", line 136, in _remove_temp_dir
    rmtree(tempdir, onerror=onerror)
  File "/opt/pypy/lib/pypy3.11/shutil.py", line 752, in rmtree
    _rmtree_safe_fd(fd, path, onerror)
  File "/opt/pypy/lib/pypy3.11/shutil.py", line 703, in _rmtree_safe_fd
    onerror(os.unlink, fullname, sys.exc_info())
  File "/opt/pypy/lib/pypy3.11/shutil.py", line 701, in _rmtree_safe_fd
    os.unlink(entry.name, dir_fd=topfd)
OSError: [Errno 16] Device or resource busy: '.nfs000000081250703b00004c7a'
Traceback (most recent call last):
  File "/opt/pypy/lib/pypy3.11/multiprocessing/process.py", line 314, in _bootstrap
    self.run()
  File "/opt/pypy/lib/pypy3.11/multiprocessing/process.py", line 108, in run
    self._target(*self._args, **self._kwargs)
  File "/opt/pypy/lib/pypy3.11/multiprocessing/managers.py", line 600, in _run_server
    server.serve_forever()
  File "/opt/pypy/lib/pypy3.11/multiprocessing/managers.py", line 184, in serve_forever
    sys.exit(0)
SystemExit: 0

During handling of the above exception, another exception occurred:

Traceback (most recent call last):
  File "/opt/pypy/lib/pypy3.11/multiprocessing/util.py", line 303, in _run_finalizers
    finalizer()
  File "/opt/pypy/lib/pypy3.11/multiprocessing/util.py", line 227, in __call__
    res = self._callback(*self._args, **self._kwargs)
          ^^^^^^^^^^^^^^^^^^^^^^^^^^^^^^^^^^^^^^^^^^^
  File "/opt/pypy/lib/pypy3.11/multiprocessing/util.py", line 136, in _remove_temp_dir
    rmtree(tempdir, onerror=onerror)
  File "/opt/pypy/lib/pypy3.11/shutil.py", line 752, in rmtree
    _rmtree_safe_fd(fd, path, onerror)
  File "/opt/pypy/lib/pypy3.11/shutil.py", line 703, in _rmtree_safe_fd
    onerror(os.unlink, fullname, sys.exc_info())
  File "/opt/pypy/lib/pypy3.11/shutil.py", line 701, in _rmtree_safe_fd
    os.unlink(entry.name, dir_fd=topfd)
OSError: [Errno 16] Device or resource busy: '.nfs0000000880051c2400004c7b'
Traceback (most recent call last):
  File "/opt/pypy/lib/pypy3.11/multiprocessing/process.py", line 314, in _bootstrap
    self.run()
  File "/opt/pypy/lib/pypy3.11/multiprocessing/process.py", line 108, in run
    self._target(*self._args, **self._kwargs)
  File "/opt/pypy/lib/pypy3.11/multiprocessing/managers.py", line 600, in _run_server
    server.serve_forever()
  File "/opt/pypy/lib/pypy3.11/multiprocessing/managers.py", line 184, in serve_forever
    sys.exit(0)
SystemExit: 0

During handling of the above exception, another exception occurred:

Traceback (most recent call last):
  File "/opt/pypy/lib/pypy3.11/multiprocessing/util.py", line 303, in _run_finalizers
    finalizer()
  File "/opt/pypy/lib/pypy3.11/multiprocessing/util.py", line 227, in __call__
    res = self._callback(*self._args, **self._kwargs)
          ^^^^^^^^^^^^^^^^^^^^^^^^^^^^^^^^^^^^^^^^^^^
  File "/opt/pypy/lib/pypy3.11/multiprocessing/util.py", line 136, in _remove_temp_dir
    rmtree(tempdir, onerror=onerror)
  File "/opt/pypy/lib/pypy3.11/shutil.py", line 752, in rmtree
    _rmtree_safe_fd(fd, path, onerror)
  File "/opt/pypy/lib/pypy3.11/shutil.py", line 703, in _rmtree_safe_fd
    onerror(os.unlink, fullname, sys.exc_info())
  File "/opt/pypy/lib/pypy3.11/shutil.py", line 701, in _rmtree_safe_fd
    os.unlink(entry.name, dir_fd=topfd)
OSError: [Errno 16] Device or resource busy: '.nfs000000090001481400004c7c'
Traceback (most recent call last):
  File "/opt/pypy/lib/pypy3.11/multiprocessing/process.py", line 314, in _bootstrap
    self.run()
  File "/opt/pypy/lib/pypy3.11/multiprocessing/process.py", line 108, in run
    self._target(*self._args, **self._kwargs)
  File "/opt/pypy/lib/pypy3.11/multiprocessing/managers.py", line 600, in _run_server
    server.serve_forever()
  File "/opt/pypy/lib/pypy3.11/multiprocessing/managers.py", line 184, in serve_forever
    sys.exit(0)
SystemExit: 0

During handling of the above exception, another exception occurred:

Traceback (most recent call last):
  File "/opt/pypy/lib/pypy3.11/multiprocessing/util.py", line 303, in _run_finalizers
    finalizer()
  File "/opt/pypy/lib/pypy3.11/multiprocessing/util.py", line 227, in __call__
    res = self._callback(*self._args, **self._kwargs)
          ^^^^^^^^^^^^^^^^^^^^^^^^^^^^^^^^^^^^^^^^^^^
  File "/opt/pypy/lib/pypy3.11/multiprocessing/util.py", line 136, in _remove_temp_dir
    rmtree(tempdir, onerror=onerror)
  File "/opt/pypy/lib/pypy3.11/shutil.py", line 752, in rmtree
    _rmtree_safe_fd(fd, path, onerror)
  File "/opt/pypy/lib/pypy3.11/shutil.py", line 703, in _rmtree_safe_fd
    onerror(os.unlink, fullname, sys.exc_info())
  File "/opt/pypy/lib/pypy3.11/shutil.py", line 701, in _rmtree_safe_fd
    os.unlink(entry.name, dir_fd=topfd)
OSError: [Errno 16] Device or resource busy: '.nfs0000000980740c4000004c7d'
Traceback (most recent call last):
  File "/opt/pypy/lib/pypy3.11/multiprocessing/process.py", line 314, in _bootstrap
    self.run()
  File "/opt/pypy/lib/pypy3.11/multiprocessing/process.py", line 108, in run
    self._target(*self._args, **self._kwargs)
  File "/opt/pypy/lib/pypy3.11/multiprocessing/managers.py", line 600, in _run_server
    server.serve_forever()
  File "/opt/pypy/lib/pypy3.11/multiprocessing/managers.py", line 184, in serve_forever
    sys.exit(0)
SystemExit: 0

During handling of the above exception, another exception occurred:

Traceback (most recent call last):
  File "/opt/pypy/lib/pypy3.11/multiprocessing/util.py", line 303, in _run_finalizers
    finalizer()
  File "/opt/pypy/lib/pypy3.11/multiprocessing/util.py", line 227, in __call__
    res = self._callback(*self._args, **self._kwargs)
          ^^^^^^^^^^^^^^^^^^^^^^^^^^^^^^^^^^^^^^^^^^^
  File "/opt/pypy/lib/pypy3.11/multiprocessing/util.py", line 136, in _remove_temp_dir
    rmtree(tempdir, onerror=onerror)
  File "/opt/pypy/lib/pypy3.11/shutil.py", line 752, in rmtree
    _rmtree_safe_fd(fd, path, onerror)
  File "/opt/pypy/lib/pypy3.11/shutil.py", line 703, in _rmtree_safe_fd
    onerror(os.unlink, fullname, sys.exc_info())
  File "/opt/pypy/lib/pypy3.11/shutil.py", line 701, in _rmtree_safe_fd
    os.unlink(entry.name, dir_fd=topfd)
OSError: [Errno 16] Device or resource busy: '.nfs0000000a00c4283700004c7e'
Traceback (most recent call last):
  File "/opt/pypy/lib/pypy3.11/multiprocessing/process.py", line 314, in _bootstrap
    self.run()
  File "/opt/pypy/lib/pypy3.11/multiprocessing/process.py", line 108, in run
    self._target(*self._args, **self._kwargs)
  File "/opt/pypy/lib/pypy3.11/multiprocessing/managers.py", line 600, in _run_server
    server.serve_forever()
  File "/opt/pypy/lib/pypy3.11/multiprocessing/managers.py", line 184, in serve_forever
    sys.exit(0)
SystemExit: 0

During handling of the above exception, another exception occurred:

Traceback (most recent call last):
  File "/opt/pypy/lib/pypy3.11/multiprocessing/util.py", line 303, in _run_finalizers
    finalizer()
  File "/opt/pypy/lib/pypy3.11/multiprocessing/util.py", line 227, in __call__
    res = self._callback(*self._args, **self._kwargs)
          ^^^^^^^^^^^^^^^^^^^^^^^^^^^^^^^^^^^^^^^^^^^
  File "/opt/pypy/lib/pypy3.11/multiprocessing/util.py", line 136, in _remove_temp_dir
    rmtree(tempdir, onerror=onerror)
  File "/opt/pypy/lib/pypy3.11/shutil.py", line 752, in rmtree
    _rmtree_safe_fd(fd, path, onerror)
  File "/opt/pypy/lib/pypy3.11/shutil.py", line 703, in _rmtree_safe_fd
    onerror(os.unlink, fullname, sys.exc_info())
  File "/opt/pypy/lib/pypy3.11/shutil.py", line 701, in _rmtree_safe_fd
    os.unlink(entry.name, dir_fd=topfd)
OSError: [Errno 16] Device or resource busy: '.nfs0000000a818a305c00004c7f'
Traceback (most recent call last):
  File "/opt/pypy/lib/pypy3.11/multiprocessing/process.py", line 314, in _bootstrap
    self.run()
  File "/opt/pypy/lib/pypy3.11/multiprocessing/process.py", line 108, in run
    self._target(*self._args, **self._kwargs)
  File "/opt/pypy/lib/pypy3.11/multiprocessing/managers.py", line 600, in _run_server
    server.serve_forever()
  File "/opt/pypy/lib/pypy3.11/multiprocessing/managers.py", line 184, in serve_forever
    sys.exit(0)
SystemExit: 0

During handling of the above exception, another exception occurred:

Traceback (most recent call last):
  File "/opt/pypy/lib/pypy3.11/multiprocessing/util.py", line 303, in _run_finalizers
    finalizer()
  File "/opt/pypy/lib/pypy3.11/multiprocessing/util.py", line 227, in __call__
    res = self._callback(*self._args, **self._kwargs)
          ^^^^^^^^^^^^^^^^^^^^^^^^^^^^^^^^^^^^^^^^^^^
  File "/opt/pypy/lib/pypy3.11/multiprocessing/util.py", line 136, in _remove_temp_dir
    rmtree(tempdir, onerror=onerror)
  File "/opt/pypy/lib/pypy3.11/shutil.py", line 752, in rmtree
    _rmtree_safe_fd(fd, path, onerror)
  File "/opt/pypy/lib/pypy3.11/shutil.py", line 703, in _rmtree_safe_fd
    onerror(os.unlink, fullname, sys.exc_info())
  File "/opt/pypy/lib/pypy3.11/shutil.py", line 701, in _rmtree_safe_fd
    os.unlink(entry.name, dir_fd=topfd)
OSError: [Errno 16] Device or resource busy: '.nfs0000000b002ad40c00004c80'
Traceback (most recent call last):
  File "/opt/pypy/lib/pypy3.11/multiprocessing/process.py", line 314, in _bootstrap
    self.run()
  File "/opt/pypy/lib/pypy3.11/multiprocessing/process.py", line 108, in run
    self._target(*self._args, **self._kwargs)
  File "/opt/pypy/lib/pypy3.11/multiprocessing/managers.py", line 600, in _run_server
    server.serve_forever()
  File "/opt/pypy/lib/pypy3.11/multiprocessing/managers.py", line 184, in serve_forever
    sys.exit(0)
SystemExit: 0

During handling of the above exception, another exception occurred:

Traceback (most recent call last):
  File "/opt/pypy/lib/pypy3.11/multiprocessing/util.py", line 303, in _run_finalizers
    finalizer()
  File "/opt/pypy/lib/pypy3.11/multiprocessing/util.py", line 227, in __call__
    res = self._callback(*self._args, **self._kwargs)
          ^^^^^^^^^^^^^^^^^^^^^^^^^^^^^^^^^^^^^^^^^^^
  File "/opt/pypy/lib/pypy3.11/multiprocessing/util.py", line 136, in _remove_temp_dir
    rmtree(tempdir, onerror=onerror)
  File "/opt/pypy/lib/pypy3.11/shutil.py", line 752, in rmtree
    _rmtree_safe_fd(fd, path, onerror)
  File "/opt/pypy/lib/pypy3.11/shutil.py", line 703, in _rmtree_safe_fd
    onerror(os.unlink, fullname, sys.exc_info())
  File "/opt/pypy/lib/pypy3.11/shutil.py", line 701, in _rmtree_safe_fd
    os.unlink(entry.name, dir_fd=topfd)
OSError: [Errno 16] Device or resource busy: '.nfs0000000b8044787600004c81'
Traceback (most recent call last):
  File "/opt/pypy/lib/pypy3.11/multiprocessing/process.py", line 314, in _bootstrap
    self.run()
  File "/opt/pypy/lib/pypy3.11/multiprocessing/process.py", line 108, in run
    self._target(*self._args, **self._kwargs)
  File "/opt/pypy/lib/pypy3.11/multiprocessing/managers.py", line 600, in _run_server
    server.serve_forever()
  File "/opt/pypy/lib/pypy3.11/multiprocessing/managers.py", line 184, in serve_forever
    sys.exit(0)
SystemExit: 0

During handling of the above exception, another exception occurred:

Traceback (most recent call last):
  File "/opt/pypy/lib/pypy3.11/multiprocessing/util.py", line 303, in _run_finalizers
    finalizer()
  File "/opt/pypy/lib/pypy3.11/multiprocessing/util.py", line 227, in __call__
    res = self._callback(*self._args, **self._kwargs)
          ^^^^^^^^^^^^^^^^^^^^^^^^^^^^^^^^^^^^^^^^^^^
  File "/opt/pypy/lib/pypy3.11/multiprocessing/util.py", line 136, in _remove_temp_dir
    rmtree(tempdir, onerror=onerror)
  File "/opt/pypy/lib/pypy3.11/shutil.py", line 752, in rmtree
    _rmtree_safe_fd(fd, path, onerror)
  File "/opt/pypy/lib/pypy3.11/shutil.py", line 703, in _rmtree_safe_fd
    onerror(os.unlink, fullname, sys.exc_info())
  File "/opt/pypy/lib/pypy3.11/shutil.py", line 701, in _rmtree_safe_fd
    os.unlink(entry.name, dir_fd=topfd)
OSError: [Errno 16] Device or resource busy: '.nfs0000000c0110f89300004c82'
Traceback (most recent call last):
  File "/opt/pypy/lib/pypy3.11/multiprocessing/process.py", line 314, in _bootstrap
    self.run()
  File "/opt/pypy/lib/pypy3.11/multiprocessing/process.py", line 108, in run
    self._target(*self._args, **self._kwargs)
  File "/opt/pypy/lib/pypy3.11/multiprocessing/managers.py", line 600, in _run_server
    server.serve_forever()
  File "/opt/pypy/lib/pypy3.11/multiprocessing/managers.py", line 184, in serve_forever
    sys.exit(0)
SystemExit: 0

During handling of the above exception, another exception occurred:

Traceback (most recent call last):
  File "/opt/pypy/lib/pypy3.11/multiprocessing/util.py", line 303, in _run_finalizers
    finalizer()
  File "/opt/pypy/lib/pypy3.11/multiprocessing/util.py", line 227, in __call__
    res = self._callback(*self._args, **self._kwargs)
          ^^^^^^^^^^^^^^^^^^^^^^^^^^^^^^^^^^^^^^^^^^^
  File "/opt/pypy/lib/pypy3.11/multiprocessing/util.py", line 136, in _remove_temp_dir
    rmtree(tempdir, onerror=onerror)
  File "/opt/pypy/lib/pypy3.11/shutil.py", line 752, in rmtree
    _rmtree_safe_fd(fd, path, onerror)
  File "/opt/pypy/lib/pypy3.11/shutil.py", line 703, in _rmtree_safe_fd
    onerror(os.unlink, fullname, sys.exc_info())
  File "/opt/pypy/lib/pypy3.11/shutil.py", line 701, in _rmtree_safe_fd
    os.unlink(entry.name, dir_fd=topfd)
OSError: [Errno 16] Device or resource busy: '.nfs0000000c9c10f80800004c83'
Traceback (most recent call last):
  File "/opt/pypy/lib/pypy3.11/multiprocessing/process.py", line 314, in _bootstrap
    self.run()
  File "/opt/pypy/lib/pypy3.11/multiprocessing/process.py", line 108, in run
    self._target(*self._args, **self._kwargs)
  File "/opt/pypy/lib/pypy3.11/multiprocessing/managers.py", line 600, in _run_server
    server.serve_forever()
  File "/opt/pypy/lib/pypy3.11/multiprocessing/managers.py", line 184, in serve_forever
    sys.exit(0)
SystemExit: 0

During handling of the above exception, another exception occurred:

Traceback (most recent call last):
  File "/opt/pypy/lib/pypy3.11/multiprocessing/util.py", line 303, in _run_finalizers
    finalizer()
  File "/opt/pypy/lib/pypy3.11/multiprocessing/util.py", line 227, in __call__
    res = self._callback(*self._args, **self._kwargs)
          ^^^^^^^^^^^^^^^^^^^^^^^^^^^^^^^^^^^^^^^^^^^
  File "/opt/pypy/lib/pypy3.11/multiprocessing/util.py", line 136, in _remove_temp_dir
    rmtree(tempdir, onerror=onerror)
  File "/opt/pypy/lib/pypy3.11/shutil.py", line 752, in rmtree
    _rmtree_safe_fd(fd, path, onerror)
  File "/opt/pypy/lib/pypy3.11/shutil.py", line 703, in _rmtree_safe_fd
    onerror(os.unlink, fullname, sys.exc_info())
  File "/opt/pypy/lib/pypy3.11/shutil.py", line 701, in _rmtree_safe_fd
    os.unlink(entry.name, dir_fd=topfd)
OSError: [Errno 16] Device or resource busy: '.nfs0000000d008ef81200004c84'
Traceback (most recent call last):
  File "/opt/pypy/lib/pypy3.11/multiprocessing/process.py", line 314, in _bootstrap
    self.run()
  File "/opt/pypy/lib/pypy3.11/multiprocessing/process.py", line 108, in run
    self._target(*self._args, **self._kwargs)
  File "/opt/pypy/lib/pypy3.11/multiprocessing/managers.py", line 600, in _run_server
    server.serve_forever()
  File "/opt/pypy/lib/pypy3.11/multiprocessing/managers.py", line 184, in serve_forever
    sys.exit(0)
SystemExit: 0

During handling of the above exception, another exception occurred:

Traceback (most recent call last):
  File "/opt/pypy/lib/pypy3.11/multiprocessing/util.py", line 303, in _run_finalizers
    finalizer()
  File "/opt/pypy/lib/pypy3.11/multiprocessing/util.py", line 227, in __call__
    res = self._callback(*self._args, **self._kwargs)
          ^^^^^^^^^^^^^^^^^^^^^^^^^^^^^^^^^^^^^^^^^^^
  File "/opt/pypy/lib/pypy3.11/multiprocessing/util.py", line 136, in _remove_temp_dir
    rmtree(tempdir, onerror=onerror)
  File "/opt/pypy/lib/pypy3.11/shutil.py", line 752, in rmtree
    _rmtree_safe_fd(fd, path, onerror)
  File "/opt/pypy/lib/pypy3.11/shutil.py", line 703, in _rmtree_safe_fd
    onerror(os.unlink, fullname, sys.exc_info())
  File "/opt/pypy/lib/pypy3.11/shutil.py", line 701, in _rmtree_safe_fd
    os.unlink(entry.name, dir_fd=topfd)
OSError: [Errno 16] Device or resource busy: '.nfs0000000d8c43c42900004c85'
Traceback (most recent call last):
  File "/opt/pypy/lib/pypy3.11/multiprocessing/process.py", line 314, in _bootstrap
    self.run()
  File "/opt/pypy/lib/pypy3.11/multiprocessing/process.py", line 108, in run
    self._target(*self._args, **self._kwargs)
  File "/opt/pypy/lib/pypy3.11/multiprocessing/managers.py", line 600, in _run_server
    server.serve_forever()
  File "/opt/pypy/lib/pypy3.11/multiprocessing/managers.py", line 184, in serve_forever
    sys.exit(0)
SystemExit: 0

During handling of the above exception, another exception occurred:

Traceback (most recent call last):
  File "/opt/pypy/lib/pypy3.11/multiprocessing/util.py", line 303, in _run_finalizers
    finalizer()
  File "/opt/pypy/lib/pypy3.11/multiprocessing/util.py", line 227, in __call__
    res = self._callback(*self._args, **self._kwargs)
          ^^^^^^^^^^^^^^^^^^^^^^^^^^^^^^^^^^^^^^^^^^^
  File "/opt/pypy/lib/pypy3.11/multiprocessing/util.py", line 136, in _remove_temp_dir
    rmtree(tempdir, onerror=onerror)
  File "/opt/pypy/lib/pypy3.11/shutil.py", line 752, in rmtree
    _rmtree_safe_fd(fd, path, onerror)
  File "/opt/pypy/lib/pypy3.11/shutil.py", line 703, in _rmtree_safe_fd
    onerror(os.unlink, fullname, sys.exc_info())
  File "/opt/pypy/lib/pypy3.11/shutil.py", line 701, in _rmtree_safe_fd
    os.unlink(entry.name, dir_fd=topfd)
OSError: [Errno 16] Device or resource busy: '.nfs0000000e2fe1785b00004c86'
Traceback (most recent call last):
  File "/opt/pypy/lib/pypy3.11/multiprocessing/process.py", line 314, in _bootstrap
    self.run()
  File "/opt/pypy/lib/pypy3.11/multiprocessing/process.py", line 108, in run
    self._target(*self._args, **self._kwargs)
  File "/opt/pypy/lib/pypy3.11/multiprocessing/managers.py", line 600, in _run_server
    server.serve_forever()
  File "/opt/pypy/lib/pypy3.11/multiprocessing/managers.py", line 184, in serve_forever
    sys.exit(0)
SystemExit: 0

During handling of the above exception, another exception occurred:

Traceback (most recent call last):
  File "/opt/pypy/lib/pypy3.11/multiprocessing/util.py", line 303, in _run_finalizers
    finalizer()
  File "/opt/pypy/lib/pypy3.11/multiprocessing/util.py", line 227, in __call__
    res = self._callback(*self._args, **self._kwargs)
          ^^^^^^^^^^^^^^^^^^^^^^^^^^^^^^^^^^^^^^^^^^^
  File "/opt/pypy/lib/pypy3.11/multiprocessing/util.py", line 136, in _remove_temp_dir
    rmtree(tempdir, onerror=onerror)
  File "/opt/pypy/lib/pypy3.11/shutil.py", line 752, in rmtree
    _rmtree_safe_fd(fd, path, onerror)
  File "/opt/pypy/lib/pypy3.11/shutil.py", line 703, in _rmtree_safe_fd
    onerror(os.unlink, fullname, sys.exc_info())
  File "/opt/pypy/lib/pypy3.11/shutil.py", line 701, in _rmtree_safe_fd
    os.unlink(entry.name, dir_fd=topfd)
OSError: [Errno 16] Device or resource busy: '.nfs0000000e809c600200004c87'
Traceback (most recent call last):
  File "/opt/pypy/lib/pypy3.11/multiprocessing/process.py", line 314, in _bootstrap
    self.run()
  File "/opt/pypy/lib/pypy3.11/multiprocessing/process.py", line 108, in run
    self._target(*self._args, **self._kwargs)
  File "/opt/pypy/lib/pypy3.11/multiprocessing/managers.py", line 600, in _run_server
    server.serve_forever()
  File "/opt/pypy/lib/pypy3.11/multiprocessing/managers.py", line 184, in serve_forever
    sys.exit(0)
SystemExit: 0

During handling of the above exception, another exception occurred:

Traceback (most recent call last):
  File "/opt/pypy/lib/pypy3.11/multiprocessing/util.py", line 303, in _run_finalizers
    finalizer()
  File "/opt/pypy/lib/pypy3.11/multiprocessing/util.py", line 227, in __call__
    res = self._callback(*self._args, **self._kwargs)
          ^^^^^^^^^^^^^^^^^^^^^^^^^^^^^^^^^^^^^^^^^^^
  File "/opt/pypy/lib/pypy3.11/multiprocessing/util.py", line 136, in _remove_temp_dir
    rmtree(tempdir, onerror=onerror)
  File "/opt/pypy/lib/pypy3.11/shutil.py", line 752, in rmtree
    _rmtree_safe_fd(fd, path, onerror)
  File "/opt/pypy/lib/pypy3.11/shutil.py", line 703, in _rmtree_safe_fd
    onerror(os.unlink, fullname, sys.exc_info())
  File "/opt/pypy/lib/pypy3.11/shutil.py", line 701, in _rmtree_safe_fd
    os.unlink(entry.name, dir_fd=topfd)
OSError: [Errno 16] Device or resource busy: '.nfs0000000f0305140300004c88'
Traceback (most recent call last):
  File "/opt/pypy/lib/pypy3.11/multiprocessing/process.py", line 314, in _bootstrap
    self.run()
  File "/opt/pypy/lib/pypy3.11/multiprocessing/process.py", line 108, in run
    self._target(*self._args, **self._kwargs)
  File "/opt/pypy/lib/pypy3.11/multiprocessing/managers.py", line 600, in _run_server
    server.serve_forever()
  File "/opt/pypy/lib/pypy3.11/multiprocessing/managers.py", line 184, in serve_forever
    sys.exit(0)
SystemExit: 0

During handling of the above exception, another exception occurred:

Traceback (most recent call last):
  File "/opt/pypy/lib/pypy3.11/multiprocessing/util.py", line 303, in _run_finalizers
    finalizer()
  File "/opt/pypy/lib/pypy3.11/multiprocessing/util.py", line 227, in __call__
    res = self._callback(*self._args, **self._kwargs)
          ^^^^^^^^^^^^^^^^^^^^^^^^^^^^^^^^^^^^^^^^^^^
  File "/opt/pypy/lib/pypy3.11/multiprocessing/util.py", line 136, in _remove_temp_dir
    rmtree(tempdir, onerror=onerror)
  File "/opt/pypy/lib/pypy3.11/shutil.py", line 752, in rmtree
    _rmtree_safe_fd(fd, path, onerror)
  File "/opt/pypy/lib/pypy3.11/shutil.py", line 703, in _rmtree_safe_fd
    onerror(os.unlink, fullname, sys.exc_info())
  File "/opt/pypy/lib/pypy3.11/shutil.py", line 701, in _rmtree_safe_fd
    os.unlink(entry.name, dir_fd=topfd)
OSError: [Errno 16] Device or resource busy: '.nfs0000000f9a6fc80900004c89'
Traceback (most recent call last):
  File "/opt/pypy/lib/pypy3.11/multiprocessing/process.py", line 314, in _bootstrap
    self.run()
  File "/opt/pypy/lib/pypy3.11/multiprocessing/process.py", line 108, in run
    self._target(*self._args, **self._kwargs)
  File "/opt/pypy/lib/pypy3.11/multiprocessing/managers.py", line 600, in _run_server
    server.serve_forever()
  File "/opt/pypy/lib/pypy3.11/multiprocessing/managers.py", line 184, in serve_forever
    sys.exit(0)
SystemExit: 0

During handling of the above exception, another exception occurred:

Traceback (most recent call last):
  File "/opt/pypy/lib/pypy3.11/multiprocessing/util.py", line 303, in _run_finalizers
    finalizer()
  File "/opt/pypy/lib/pypy3.11/multiprocessing/util.py", line 227, in __call__
    res = self._callback(*self._args, **self._kwargs)
          ^^^^^^^^^^^^^^^^^^^^^^^^^^^^^^^^^^^^^^^^^^^
  File "/opt/pypy/lib/pypy3.11/multiprocessing/util.py", line 136, in _remove_temp_dir
    rmtree(tempdir, onerror=onerror)
  File "/opt/pypy/lib/pypy3.11/shutil.py", line 752, in rmtree
    _rmtree_safe_fd(fd, path, onerror)
  File "/opt/pypy/lib/pypy3.11/shutil.py", line 703, in _rmtree_safe_fd
    onerror(os.unlink, fullname, sys.exc_info())
  File "/opt/pypy/lib/pypy3.11/shutil.py", line 701, in _rmtree_safe_fd
    os.unlink(entry.name, dir_fd=topfd)
OSError: [Errno 16] Device or resource busy: '.nfs0000001000b2a02e00004c8a'
Traceback (most recent call last):
  File "/opt/pypy/lib/pypy3.11/multiprocessing/process.py", line 314, in _bootstrap
    self.run()
  File "/opt/pypy/lib/pypy3.11/multiprocessing/process.py", line 108, in run
    self._target(*self._args, **self._kwargs)
  File "/opt/pypy/lib/pypy3.11/multiprocessing/managers.py", line 600, in _run_server
    server.serve_forever()
  File "/opt/pypy/lib/pypy3.11/multiprocessing/managers.py", line 184, in serve_forever
    sys.exit(0)
SystemExit: 0

During handling of the above exception, another exception occurred:

Traceback (most recent call last):
  File "/opt/pypy/lib/pypy3.11/multiprocessing/util.py", line 303, in _run_finalizers
    finalizer()
  File "/opt/pypy/lib/pypy3.11/multiprocessing/util.py", line 227, in __call__
    res = self._callback(*self._args, **self._kwargs)
          ^^^^^^^^^^^^^^^^^^^^^^^^^^^^^^^^^^^^^^^^^^^
  File "/opt/pypy/lib/pypy3.11/multiprocessing/util.py", line 136, in _remove_temp_dir
    rmtree(tempdir, onerror=onerror)
  File "/opt/pypy/lib/pypy3.11/shutil.py", line 752, in rmtree
    _rmtree_safe_fd(fd, path, onerror)
  File "/opt/pypy/lib/pypy3.11/shutil.py", line 703, in _rmtree_safe_fd
    onerror(os.unlink, fullname, sys.exc_info())
  File "/opt/pypy/lib/pypy3.11/shutil.py", line 701, in _rmtree_safe_fd
    os.unlink(entry.name, dir_fd=topfd)
OSError: [Errno 16] Device or resource busy: '.nfs000000108097542100004c8b'
Traceback (most recent call last):
  File "/opt/pypy/lib/pypy3.11/multiprocessing/process.py", line 314, in _bootstrap
    self.run()
  File "/opt/pypy/lib/pypy3.11/multiprocessing/process.py", line 108, in run
    self._target(*self._args, **self._kwargs)
  File "/opt/pypy/lib/pypy3.11/multiprocessing/managers.py", line 600, in _run_server
    server.serve_forever()
  File "/opt/pypy/lib/pypy3.11/multiprocessing/managers.py", line 184, in serve_forever
    sys.exit(0)
SystemExit: 0

During handling of the above exception, another exception occurred:

Traceback (most recent call last):
  File "/opt/pypy/lib/pypy3.11/multiprocessing/util.py", line 303, in _run_finalizers
    finalizer()
  File "/opt/pypy/lib/pypy3.11/multiprocessing/util.py", line 227, in __call__
    res = self._callback(*self._args, **self._kwargs)
          ^^^^^^^^^^^^^^^^^^^^^^^^^^^^^^^^^^^^^^^^^^^
  File "/opt/pypy/lib/pypy3.11/multiprocessing/util.py", line 136, in _remove_temp_dir
    rmtree(tempdir, onerror=onerror)
  File "/opt/pypy/lib/pypy3.11/shutil.py", line 752, in rmtree
    _rmtree_safe_fd(fd, path, onerror)
  File "/opt/pypy/lib/pypy3.11/shutil.py", line 703, in _rmtree_safe_fd
    onerror(os.unlink, fullname, sys.exc_info())
  File "/opt/pypy/lib/pypy3.11/shutil.py", line 701, in _rmtree_safe_fd
    os.unlink(entry.name, dir_fd=topfd)
OSError: [Errno 16] Device or resource busy: '.nfs00000011004e6c0c00004c8c'
Traceback (most recent call last):
  File "/opt/pypy/lib/pypy3.11/multiprocessing/process.py", line 314, in _bootstrap
    self.run()
  File "/opt/pypy/lib/pypy3.11/multiprocessing/process.py", line 108, in run
    self._target(*self._args, **self._kwargs)
  File "/opt/pypy/lib/pypy3.11/multiprocessing/managers.py", line 600, in _run_server
    server.serve_forever()
  File "/opt/pypy/lib/pypy3.11/multiprocessing/managers.py", line 184, in serve_forever
    sys.exit(0)
SystemExit: 0

During handling of the above exception, another exception occurred:

Traceback (most recent call last):
  File "/opt/pypy/lib/pypy3.11/multiprocessing/util.py", line 303, in _run_finalizers
    finalizer()
  File "/opt/pypy/lib/pypy3.11/multiprocessing/util.py", line 227, in __call__
    res = self._callback(*self._args, **self._kwargs)
          ^^^^^^^^^^^^^^^^^^^^^^^^^^^^^^^^^^^^^^^^^^^
  File "/opt/pypy/lib/pypy3.11/multiprocessing/util.py", line 136, in _remove_temp_dir
    rmtree(tempdir, onerror=onerror)
  File "/opt/pypy/lib/pypy3.11/shutil.py", line 752, in rmtree
    _rmtree_safe_fd(fd, path, onerror)
  File "/opt/pypy/lib/pypy3.11/shutil.py", line 703, in _rmtree_safe_fd
    onerror(os.unlink, fullname, sys.exc_info())
  File "/opt/pypy/lib/pypy3.11/shutil.py", line 701, in _rmtree_safe_fd
    os.unlink(entry.name, dir_fd=topfd)
OSError: [Errno 16] Device or resource busy: '.nfs000000118162e02500004c8d'
Traceback (most recent call last):
  File "/opt/pypy/lib/pypy3.11/multiprocessing/process.py", line 314, in _bootstrap
    self.run()
  File "/opt/pypy/lib/pypy3.11/multiprocessing/process.py", line 108, in run
    self._target(*self._args, **self._kwargs)
  File "/opt/pypy/lib/pypy3.11/multiprocessing/managers.py", line 600, in _run_server
    server.serve_forever()
  File "/opt/pypy/lib/pypy3.11/multiprocessing/managers.py", line 184, in serve_forever
    sys.exit(0)
SystemExit: 0

During handling of the above exception, another exception occurred:

Traceback (most recent call last):
  File "/opt/pypy/lib/pypy3.11/multiprocessing/util.py", line 303, in _run_finalizers
    finalizer()
  File "/opt/pypy/lib/pypy3.11/multiprocessing/util.py", line 227, in __call__
    res = self._callback(*self._args, **self._kwargs)
          ^^^^^^^^^^^^^^^^^^^^^^^^^^^^^^^^^^^^^^^^^^^
  File "/opt/pypy/lib/pypy3.11/multiprocessing/util.py", line 136, in _remove_temp_dir
    rmtree(tempdir, onerror=onerror)
  File "/opt/pypy/lib/pypy3.11/shutil.py", line 752, in rmtree
    _rmtree_safe_fd(fd, path, onerror)
  File "/opt/pypy/lib/pypy3.11/shutil.py", line 703, in _rmtree_safe_fd
    onerror(os.unlink, fullname, sys.exc_info())
  File "/opt/pypy/lib/pypy3.11/shutil.py", line 701, in _rmtree_safe_fd
    os.unlink(entry.name, dir_fd=topfd)
OSError: [Errno 16] Device or resource busy: '.nfs000000120033943200004c8e'
Traceback (most recent call last):
  File "/opt/pypy/lib/pypy3.11/multiprocessing/process.py", line 314, in _bootstrap
    self.run()
  File "/opt/pypy/lib/pypy3.11/multiprocessing/process.py", line 108, in run
    self._target(*self._args, **self._kwargs)
  File "/opt/pypy/lib/pypy3.11/multiprocessing/managers.py", line 600, in _run_server
    server.serve_forever()
  File "/opt/pypy/lib/pypy3.11/multiprocessing/managers.py", line 184, in serve_forever
    sys.exit(0)
SystemExit: 0

During handling of the above exception, another exception occurred:

Traceback (most recent call last):
  File "/opt/pypy/lib/pypy3.11/multiprocessing/util.py", line 303, in _run_finalizers
    finalizer()
  File "/opt/pypy/lib/pypy3.11/multiprocessing/util.py", line 227, in __call__
    res = self._callback(*self._args, **self._kwargs)
          ^^^^^^^^^^^^^^^^^^^^^^^^^^^^^^^^^^^^^^^^^^^
  File "/opt/pypy/lib/pypy3.11/multiprocessing/util.py", line 136, in _remove_temp_dir
    rmtree(tempdir, onerror=onerror)
  File "/opt/pypy/lib/pypy3.11/shutil.py", line 752, in rmtree
    _rmtree_safe_fd(fd, path, onerror)
  File "/opt/pypy/lib/pypy3.11/shutil.py", line 703, in _rmtree_safe_fd
    onerror(os.unlink, fullname, sys.exc_info())
  File "/opt/pypy/lib/pypy3.11/shutil.py", line 701, in _rmtree_safe_fd
    os.unlink(entry.name, dir_fd=topfd)
OSError: [Errno 16] Device or resource busy: '.nfs00000012866a0c2600004c8f'
Traceback (most recent call last):
  File "/opt/pypy/lib/pypy3.11/multiprocessing/process.py", line 314, in _bootstrap
    self.run()
  File "/opt/pypy/lib/pypy3.11/multiprocessing/process.py", line 108, in run
    self._target(*self._args, **self._kwargs)
  File "/opt/pypy/lib/pypy3.11/multiprocessing/managers.py", line 600, in _run_server
    server.serve_forever()
  File "/opt/pypy/lib/pypy3.11/multiprocessing/managers.py", line 184, in serve_forever
    sys.exit(0)
SystemExit: 0

During handling of the above exception, another exception occurred:

Traceback (most recent call last):
  File "/opt/pypy/lib/pypy3.11/multiprocessing/util.py", line 303, in _run_finalizers
    finalizer()
  File "/opt/pypy/lib/pypy3.11/multiprocessing/util.py", line 227, in __call__
    res = self._callback(*self._args, **self._kwargs)
          ^^^^^^^^^^^^^^^^^^^^^^^^^^^^^^^^^^^^^^^^^^^
  File "/opt/pypy/lib/pypy3.11/multiprocessing/util.py", line 136, in _remove_temp_dir
    rmtree(tempdir, onerror=onerror)
  File "/opt/pypy/lib/pypy3.11/shutil.py", line 752, in rmtree
    _rmtree_safe_fd(fd, path, onerror)
  File "/opt/pypy/lib/pypy3.11/shutil.py", line 703, in _rmtree_safe_fd
    onerror(os.unlink, fullname, sys.exc_info())
  File "/opt/pypy/lib/pypy3.11/shutil.py", line 701, in _rmtree_safe_fd
    os.unlink(entry.name, dir_fd=topfd)
OSError: [Errno 16] Device or resource busy: '.nfs000000130422246300004c90'
Traceback (most recent call last):
  File "/opt/pypy/lib/pypy3.11/multiprocessing/process.py", line 314, in _bootstrap
    self.run()
  File "/opt/pypy/lib/pypy3.11/multiprocessing/process.py", line 108, in run
    self._target(*self._args, **self._kwargs)
  File "/opt/pypy/lib/pypy3.11/multiprocessing/managers.py", line 600, in _run_server
    server.serve_forever()
  File "/opt/pypy/lib/pypy3.11/multiprocessing/managers.py", line 184, in serve_forever
    sys.exit(0)
SystemExit: 0

During handling of the above exception, another exception occurred:

Traceback (most recent call last):
  File "/opt/pypy/lib/pypy3.11/multiprocessing/util.py", line 303, in _run_finalizers
    finalizer()
  File "/opt/pypy/lib/pypy3.11/multiprocessing/util.py", line 227, in __call__
    res = self._callback(*self._args, **self._kwargs)
          ^^^^^^^^^^^^^^^^^^^^^^^^^^^^^^^^^^^^^^^^^^^
  File "/opt/pypy/lib/pypy3.11/multiprocessing/util.py", line 136, in _remove_temp_dir
    rmtree(tempdir, onerror=onerror)
  File "/opt/pypy/lib/pypy3.11/shutil.py", line 752, in rmtree
    _rmtree_safe_fd(fd, path, onerror)
  File "/opt/pypy/lib/pypy3.11/shutil.py", line 703, in _rmtree_safe_fd
    onerror(os.unlink, fullname, sys.exc_info())
  File "/opt/pypy/lib/pypy3.11/shutil.py", line 701, in _rmtree_safe_fd
    os.unlink(entry.name, dir_fd=topfd)
OSError: [Errno 16] Device or resource busy: '.nfs000000138041782a00004c91'
Traceback (most recent call last):
  File "/opt/pypy/lib/pypy3.11/multiprocessing/process.py", line 314, in _bootstrap
    self.run()
  File "/opt/pypy/lib/pypy3.11/multiprocessing/process.py", line 108, in run
    self._target(*self._args, **self._kwargs)
  File "/opt/pypy/lib/pypy3.11/multiprocessing/managers.py", line 600, in _run_server
    server.serve_forever()
  File "/opt/pypy/lib/pypy3.11/multiprocessing/managers.py", line 184, in serve_forever
    sys.exit(0)
SystemExit: 0

During handling of the above exception, another exception occurred:

Traceback (most recent call last):
  File "/opt/pypy/lib/pypy3.11/multiprocessing/util.py", line 303, in _run_finalizers
    finalizer()
  File "/opt/pypy/lib/pypy3.11/multiprocessing/util.py", line 227, in __call__
    res = self._callback(*self._args, **self._kwargs)
          ^^^^^^^^^^^^^^^^^^^^^^^^^^^^^^^^^^^^^^^^^^^
  File "/opt/pypy/lib/pypy3.11/multiprocessing/util.py", line 136, in _remove_temp_dir
    rmtree(tempdir, onerror=onerror)
  File "/opt/pypy/lib/pypy3.11/shutil.py", line 752, in rmtree
    _rmtree_safe_fd(fd, path, onerror)
  File "/opt/pypy/lib/pypy3.11/shutil.py", line 703, in _rmtree_safe_fd
    onerror(os.unlink, fullname, sys.exc_info())
  File "/opt/pypy/lib/pypy3.11/shutil.py", line 701, in _rmtree_safe_fd
    os.unlink(entry.name, dir_fd=topfd)
OSError: [Errno 16] Device or resource busy: '.nfs0000001410c14c6900004c92'
Traceback (most recent call last):
  File "/opt/pypy/lib/pypy3.11/multiprocessing/process.py", line 314, in _bootstrap
    self.run()
  File "/opt/pypy/lib/pypy3.11/multiprocessing/process.py", line 108, in run
    self._target(*self._args, **self._kwargs)
  File "/opt/pypy/lib/pypy3.11/multiprocessing/managers.py", line 600, in _run_server
    server.serve_forever()
  File "/opt/pypy/lib/pypy3.11/multiprocessing/managers.py", line 184, in serve_forever
    sys.exit(0)
SystemExit: 0

During handling of the above exception, another exception occurred:

Traceback (most recent call last):
  File "/opt/pypy/lib/pypy3.11/multiprocessing/util.py", line 303, in _run_finalizers
    finalizer()
  File "/opt/pypy/lib/pypy3.11/multiprocessing/util.py", line 227, in __call__
    res = self._callback(*self._args, **self._kwargs)
          ^^^^^^^^^^^^^^^^^^^^^^^^^^^^^^^^^^^^^^^^^^^
  File "/opt/pypy/lib/pypy3.11/multiprocessing/util.py", line 136, in _remove_temp_dir
    rmtree(tempdir, onerror=onerror)
  File "/opt/pypy/lib/pypy3.11/shutil.py", line 752, in rmtree
    _rmtree_safe_fd(fd, path, onerror)
  File "/opt/pypy/lib/pypy3.11/shutil.py", line 703, in _rmtree_safe_fd
    onerror(os.unlink, fullname, sys.exc_info())
  File "/opt/pypy/lib/pypy3.11/shutil.py", line 701, in _rmtree_safe_fd
    os.unlink(entry.name, dir_fd=topfd)
OSError: [Errno 16] Device or resource busy: '.nfs00000014801e381300004c93'
Traceback (most recent call last):
  File "/opt/pypy/lib/pypy3.11/multiprocessing/process.py", line 314, in _bootstrap
    self.run()
  File "/opt/pypy/lib/pypy3.11/multiprocessing/process.py", line 108, in run
    self._target(*self._args, **self._kwargs)
  File "/opt/pypy/lib/pypy3.11/multiprocessing/managers.py", line 600, in _run_server
    server.serve_forever()
  File "/opt/pypy/lib/pypy3.11/multiprocessing/managers.py", line 184, in serve_forever
    sys.exit(0)
SystemExit: 0

During handling of the above exception, another exception occurred:

Traceback (most recent call last):
  File "/opt/pypy/lib/pypy3.11/multiprocessing/util.py", line 303, in _run_finalizers
    finalizer()
  File "/opt/pypy/lib/pypy3.11/multiprocessing/util.py", line 227, in __call__
    res = self._callback(*self._args, **self._kwargs)
          ^^^^^^^^^^^^^^^^^^^^^^^^^^^^^^^^^^^^^^^^^^^
  File "/opt/pypy/lib/pypy3.11/multiprocessing/util.py", line 136, in _remove_temp_dir
    rmtree(tempdir, onerror=onerror)
  File "/opt/pypy/lib/pypy3.11/shutil.py", line 752, in rmtree
    _rmtree_safe_fd(fd, path, onerror)
  File "/opt/pypy/lib/pypy3.11/shutil.py", line 703, in _rmtree_safe_fd
    onerror(os.unlink, fullname, sys.exc_info())
  File "/opt/pypy/lib/pypy3.11/shutil.py", line 701, in _rmtree_safe_fd
    os.unlink(entry.name, dir_fd=topfd)
OSError: [Errno 16] Device or resource busy: '.nfs000000150020cc0300004c94'
Traceback (most recent call last):
  File "/opt/pypy/lib/pypy3.11/multiprocessing/process.py", line 314, in _bootstrap
    self.run()
  File "/opt/pypy/lib/pypy3.11/multiprocessing/process.py", line 108, in run
    self._target(*self._args, **self._kwargs)
  File "/opt/pypy/lib/pypy3.11/multiprocessing/managers.py", line 600, in _run_server
    server.serve_forever()
  File "/opt/pypy/lib/pypy3.11/multiprocessing/managers.py", line 184, in serve_forever
    sys.exit(0)
SystemExit: 0

During handling of the above exception, another exception occurred:

Traceback (most recent call last):
  File "/opt/pypy/lib/pypy3.11/multiprocessing/util.py", line 303, in _run_finalizers
    finalizer()
  File "/opt/pypy/lib/pypy3.11/multiprocessing/util.py", line 227, in __call__
    res = self._callback(*self._args, **self._kwargs)
          ^^^^^^^^^^^^^^^^^^^^^^^^^^^^^^^^^^^^^^^^^^^
  File "/opt/pypy/lib/pypy3.11/multiprocessing/util.py", line 136, in _remove_temp_dir
    rmtree(tempdir, onerror=onerror)
  File "/opt/pypy/lib/pypy3.11/shutil.py", line 752, in rmtree
    _rmtree_safe_fd(fd, path, onerror)
  File "/opt/pypy/lib/pypy3.11/shutil.py", line 703, in _rmtree_safe_fd
    onerror(os.unlink, fullname, sys.exc_info())
  File "/opt/pypy/lib/pypy3.11/shutil.py", line 701, in _rmtree_safe_fd
    os.unlink(entry.name, dir_fd=topfd)
OSError: [Errno 16] Device or resource busy: '.nfs0000001599478c3500004c95'
Traceback (most recent call last):
  File "/opt/pypy/lib/pypy3.11/multiprocessing/process.py", line 314, in _bootstrap
    self.run()
  File "/opt/pypy/lib/pypy3.11/multiprocessing/process.py", line 108, in run
    self._target(*self._args, **self._kwargs)
  File "/opt/pypy/lib/pypy3.11/multiprocessing/managers.py", line 600, in _run_server
    server.serve_forever()
  File "/opt/pypy/lib/pypy3.11/multiprocessing/managers.py", line 184, in serve_forever
    sys.exit(0)
SystemExit: 0

During handling of the above exception, another exception occurred:

Traceback (most recent call last):
  File "/opt/pypy/lib/pypy3.11/multiprocessing/util.py", line 303, in _run_finalizers
    finalizer()
  File "/opt/pypy/lib/pypy3.11/multiprocessing/util.py", line 227, in __call__
    res = self._callback(*self._args, **self._kwargs)
          ^^^^^^^^^^^^^^^^^^^^^^^^^^^^^^^^^^^^^^^^^^^
  File "/opt/pypy/lib/pypy3.11/multiprocessing/util.py", line 136, in _remove_temp_dir
    rmtree(tempdir, onerror=onerror)
  File "/opt/pypy/lib/pypy3.11/shutil.py", line 752, in rmtree
    _rmtree_safe_fd(fd, path, onerror)
  File "/opt/pypy/lib/pypy3.11/shutil.py", line 703, in _rmtree_safe_fd
    onerror(os.unlink, fullname, sys.exc_info())
  File "/opt/pypy/lib/pypy3.11/shutil.py", line 701, in _rmtree_safe_fd
    os.unlink(entry.name, dir_fd=topfd)
OSError: [Errno 16] Device or resource busy: '.nfs0000001600961c0000004c96'
Traceback (most recent call last):
  File "/opt/pypy/lib/pypy3.11/multiprocessing/process.py", line 314, in _bootstrap
    self.run()
  File "/opt/pypy/lib/pypy3.11/multiprocessing/process.py", line 108, in run
    self._target(*self._args, **self._kwargs)
  File "/opt/pypy/lib/pypy3.11/multiprocessing/managers.py", line 600, in _run_server
    server.serve_forever()
  File "/opt/pypy/lib/pypy3.11/multiprocessing/managers.py", line 184, in serve_forever
    sys.exit(0)
SystemExit: 0

During handling of the above exception, another exception occurred:

Traceback (most recent call last):
  File "/opt/pypy/lib/pypy3.11/multiprocessing/util.py", line 303, in _run_finalizers
    finalizer()
  File "/opt/pypy/lib/pypy3.11/multiprocessing/util.py", line 227, in __call__
    res = self._callback(*self._args, **self._kwargs)
          ^^^^^^^^^^^^^^^^^^^^^^^^^^^^^^^^^^^^^^^^^^^
  File "/opt/pypy/lib/pypy3.11/multiprocessing/util.py", line 136, in _remove_temp_dir
    rmtree(tempdir, onerror=onerror)
  File "/opt/pypy/lib/pypy3.11/shutil.py", line 752, in rmtree
    _rmtree_safe_fd(fd, path, onerror)
  File "/opt/pypy/lib/pypy3.11/shutil.py", line 703, in _rmtree_safe_fd
    onerror(os.unlink, fullname, sys.exc_info())
  File "/opt/pypy/lib/pypy3.11/shutil.py", line 701, in _rmtree_safe_fd
    os.unlink(entry.name, dir_fd=topfd)
OSError: [Errno 16] Device or resource busy: '.nfs000000168049540500004c97'
Traceback (most recent call last):
  File "/opt/pypy/lib/pypy3.11/multiprocessing/process.py", line 314, in _bootstrap
    self.run()
  File "/opt/pypy/lib/pypy3.11/multiprocessing/process.py", line 108, in run
    self._target(*self._args, **self._kwargs)
  File "/opt/pypy/lib/pypy3.11/multiprocessing/managers.py", line 600, in _run_server
    server.serve_forever()
  File "/opt/pypy/lib/pypy3.11/multiprocessing/managers.py", line 184, in serve_forever
    sys.exit(0)
SystemExit: 0

During handling of the above exception, another exception occurred:

Traceback (most recent call last):
  File "/opt/pypy/lib/pypy3.11/multiprocessing/util.py", line 303, in _run_finalizers
    finalizer()
  File "/opt/pypy/lib/pypy3.11/multiprocessing/util.py", line 227, in __call__
    res = self._callback(*self._args, **self._kwargs)
          ^^^^^^^^^^^^^^^^^^^^^^^^^^^^^^^^^^^^^^^^^^^
  File "/opt/pypy/lib/pypy3.11/multiprocessing/util.py", line 136, in _remove_temp_dir
    rmtree(tempdir, onerror=onerror)
  File "/opt/pypy/lib/pypy3.11/shutil.py", line 752, in rmtree
    _rmtree_safe_fd(fd, path, onerror)
  File "/opt/pypy/lib/pypy3.11/shutil.py", line 703, in _rmtree_safe_fd
    onerror(os.unlink, fullname, sys.exc_info())
  File "/opt/pypy/lib/pypy3.11/shutil.py", line 701, in _rmtree_safe_fd
    os.unlink(entry.name, dir_fd=topfd)
OSError: [Errno 16] Device or resource busy: '.nfs0000001702a5a40100004c98'
Traceback (most recent call last):
  File "/opt/pypy/lib/pypy3.11/multiprocessing/process.py", line 314, in _bootstrap
    self.run()
  File "/opt/pypy/lib/pypy3.11/multiprocessing/process.py", line 108, in run
    self._target(*self._args, **self._kwargs)
  File "/opt/pypy/lib/pypy3.11/multiprocessing/managers.py", line 600, in _run_server
    server.serve_forever()
  File "/opt/pypy/lib/pypy3.11/multiprocessing/managers.py", line 184, in serve_forever
    sys.exit(0)
SystemExit: 0

During handling of the above exception, another exception occurred:

Traceback (most recent call last):
  File "/opt/pypy/lib/pypy3.11/multiprocessing/util.py", line 303, in _run_finalizers
    finalizer()
  File "/opt/pypy/lib/pypy3.11/multiprocessing/util.py", line 227, in __call__
    res = self._callback(*self._args, **self._kwargs)
          ^^^^^^^^^^^^^^^^^^^^^^^^^^^^^^^^^^^^^^^^^^^
  File "/opt/pypy/lib/pypy3.11/multiprocessing/util.py", line 136, in _remove_temp_dir
    rmtree(tempdir, onerror=onerror)
  File "/opt/pypy/lib/pypy3.11/shutil.py", line 752, in rmtree
    _rmtree_safe_fd(fd, path, onerror)
  File "/opt/pypy/lib/pypy3.11/shutil.py", line 703, in _rmtree_safe_fd
    onerror(os.unlink, fullname, sys.exc_info())
  File "/opt/pypy/lib/pypy3.11/shutil.py", line 701, in _rmtree_safe_fd
    os.unlink(entry.name, dir_fd=topfd)
OSError: [Errno 16] Device or resource busy: '.nfs00000017827d201200004c99'
Traceback (most recent call last):
  File "/opt/pypy/lib/pypy3.11/multiprocessing/process.py", line 314, in _bootstrap
    self.run()
  File "/opt/pypy/lib/pypy3.11/multiprocessing/process.py", line 108, in run
    self._target(*self._args, **self._kwargs)
  File "/opt/pypy/lib/pypy3.11/multiprocessing/managers.py", line 600, in _run_server
    server.serve_forever()
  File "/opt/pypy/lib/pypy3.11/multiprocessing/managers.py", line 184, in serve_forever
    sys.exit(0)
SystemExit: 0

During handling of the above exception, another exception occurred:

Traceback (most recent call last):
  File "/opt/pypy/lib/pypy3.11/multiprocessing/util.py", line 303, in _run_finalizers
    finalizer()
  File "/opt/pypy/lib/pypy3.11/multiprocessing/util.py", line 227, in __call__
    res = self._callback(*self._args, **self._kwargs)
          ^^^^^^^^^^^^^^^^^^^^^^^^^^^^^^^^^^^^^^^^^^^
  File "/opt/pypy/lib/pypy3.11/multiprocessing/util.py", line 136, in _remove_temp_dir
    rmtree(tempdir, onerror=onerror)
  File "/opt/pypy/lib/pypy3.11/shutil.py", line 752, in rmtree
    _rmtree_safe_fd(fd, path, onerror)
  File "/opt/pypy/lib/pypy3.11/shutil.py", line 703, in _rmtree_safe_fd
    onerror(os.unlink, fullname, sys.exc_info())
  File "/opt/pypy/lib/pypy3.11/shutil.py", line 701, in _rmtree_safe_fd
    os.unlink(entry.name, dir_fd=topfd)
OSError: [Errno 16] Device or resource busy: '.nfs0000001803df403e00004c9a'
Traceback (most recent call last):
  File "/opt/pypy/lib/pypy3.11/multiprocessing/process.py", line 314, in _bootstrap
    self.run()
  File "/opt/pypy/lib/pypy3.11/multiprocessing/process.py", line 108, in run
    self._target(*self._args, **self._kwargs)
  File "/opt/pypy/lib/pypy3.11/multiprocessing/managers.py", line 600, in _run_server
    server.serve_forever()
  File "/opt/pypy/lib/pypy3.11/multiprocessing/managers.py", line 184, in serve_forever
    sys.exit(0)
SystemExit: 0

During handling of the above exception, another exception occurred:

Traceback (most recent call last):
  File "/opt/pypy/lib/pypy3.11/multiprocessing/util.py", line 303, in _run_finalizers
    finalizer()
  File "/opt/pypy/lib/pypy3.11/multiprocessing/util.py", line 227, in __call__
    res = self._callback(*self._args, **self._kwargs)
          ^^^^^^^^^^^^^^^^^^^^^^^^^^^^^^^^^^^^^^^^^^^
  File "/opt/pypy/lib/pypy3.11/multiprocessing/util.py", line 136, in _remove_temp_dir
    rmtree(tempdir, onerror=onerror)
  File "/opt/pypy/lib/pypy3.11/shutil.py", line 752, in rmtree
    _rmtree_safe_fd(fd, path, onerror)
  File "/opt/pypy/lib/pypy3.11/shutil.py", line 703, in _rmtree_safe_fd
    onerror(os.unlink, fullname, sys.exc_info())
  File "/opt/pypy/lib/pypy3.11/shutil.py", line 701, in _rmtree_safe_fd
    os.unlink(entry.name, dir_fd=topfd)
OSError: [Errno 16] Device or resource busy: '.nfs000000188f23440b00004c9b'
Traceback (most recent call last):
  File "/opt/pypy/lib/pypy3.11/multiprocessing/process.py", line 314, in _bootstrap
    self.run()
  File "/opt/pypy/lib/pypy3.11/multiprocessing/process.py", line 108, in run
    self._target(*self._args, **self._kwargs)
  File "/opt/pypy/lib/pypy3.11/multiprocessing/managers.py", line 600, in _run_server
    server.serve_forever()
  File "/opt/pypy/lib/pypy3.11/multiprocessing/managers.py", line 184, in serve_forever
    sys.exit(0)
SystemExit: 0

During handling of the above exception, another exception occurred:

Traceback (most recent call last):
  File "/opt/pypy/lib/pypy3.11/multiprocessing/util.py", line 303, in _run_finalizers
    finalizer()
  File "/opt/pypy/lib/pypy3.11/multiprocessing/util.py", line 227, in __call__
    res = self._callback(*self._args, **self._kwargs)
          ^^^^^^^^^^^^^^^^^^^^^^^^^^^^^^^^^^^^^^^^^^^
  File "/opt/pypy/lib/pypy3.11/multiprocessing/util.py", line 136, in _remove_temp_dir
    rmtree(tempdir, onerror=onerror)
  File "/opt/pypy/lib/pypy3.11/shutil.py", line 752, in rmtree
    _rmtree_safe_fd(fd, path, onerror)
  File "/opt/pypy/lib/pypy3.11/shutil.py", line 703, in _rmtree_safe_fd
    onerror(os.unlink, fullname, sys.exc_info())
  File "/opt/pypy/lib/pypy3.11/shutil.py", line 701, in _rmtree_safe_fd
    os.unlink(entry.name, dir_fd=topfd)
OSError: [Errno 16] Device or resource busy: '.nfs000000190d09002400004c9c'
Traceback (most recent call last):
  File "/opt/pypy/lib/pypy3.11/multiprocessing/process.py", line 314, in _bootstrap
    self.run()
  File "/opt/pypy/lib/pypy3.11/multiprocessing/process.py", line 108, in run
    self._target(*self._args, **self._kwargs)
  File "/opt/pypy/lib/pypy3.11/multiprocessing/managers.py", line 600, in _run_server
    server.serve_forever()
  File "/opt/pypy/lib/pypy3.11/multiprocessing/managers.py", line 184, in serve_forever
    sys.exit(0)
SystemExit: 0

During handling of the above exception, another exception occurred:

Traceback (most recent call last):
  File "/opt/pypy/lib/pypy3.11/multiprocessing/util.py", line 303, in _run_finalizers
    finalizer()
  File "/opt/pypy/lib/pypy3.11/multiprocessing/util.py", line 227, in __call__
    res = self._callback(*self._args, **self._kwargs)
          ^^^^^^^^^^^^^^^^^^^^^^^^^^^^^^^^^^^^^^^^^^^
  File "/opt/pypy/lib/pypy3.11/multiprocessing/util.py", line 136, in _remove_temp_dir
    rmtree(tempdir, onerror=onerror)
  File "/opt/pypy/lib/pypy3.11/shutil.py", line 752, in rmtree
    _rmtree_safe_fd(fd, path, onerror)
  File "/opt/pypy/lib/pypy3.11/shutil.py", line 703, in _rmtree_safe_fd
    onerror(os.unlink, fullname, sys.exc_info())
  File "/opt/pypy/lib/pypy3.11/shutil.py", line 701, in _rmtree_safe_fd
    os.unlink(entry.name, dir_fd=topfd)
OSError: [Errno 16] Device or resource busy: '.nfs00000019809b340000004c9d'
Traceback (most recent call last):
  File "/opt/pypy/lib/pypy3.11/multiprocessing/process.py", line 314, in _bootstrap
    self.run()
  File "/opt/pypy/lib/pypy3.11/multiprocessing/process.py", line 108, in run
    self._target(*self._args, **self._kwargs)
  File "/opt/pypy/lib/pypy3.11/multiprocessing/managers.py", line 600, in _run_server
    server.serve_forever()
  File "/opt/pypy/lib/pypy3.11/multiprocessing/managers.py", line 184, in serve_forever
    sys.exit(0)
SystemExit: 0

During handling of the above exception, another exception occurred:

Traceback (most recent call last):
  File "/opt/pypy/lib/pypy3.11/multiprocessing/util.py", line 303, in _run_finalizers
    finalizer()
  File "/opt/pypy/lib/pypy3.11/multiprocessing/util.py", line 227, in __call__
    res = self._callback(*self._args, **self._kwargs)
          ^^^^^^^^^^^^^^^^^^^^^^^^^^^^^^^^^^^^^^^^^^^
  File "/opt/pypy/lib/pypy3.11/multiprocessing/util.py", line 136, in _remove_temp_dir
    rmtree(tempdir, onerror=onerror)
  File "/opt/pypy/lib/pypy3.11/shutil.py", line 752, in rmtree
    _rmtree_safe_fd(fd, path, onerror)
  File "/opt/pypy/lib/pypy3.11/shutil.py", line 703, in _rmtree_safe_fd
    onerror(os.unlink, fullname, sys.exc_info())
  File "/opt/pypy/lib/pypy3.11/shutil.py", line 701, in _rmtree_safe_fd
    os.unlink(entry.name, dir_fd=topfd)
OSError: [Errno 16] Device or resource busy: '.nfs0000001a0063900400004c9e'
Traceback (most recent call last):
  File "/opt/pypy/lib/pypy3.11/multiprocessing/process.py", line 314, in _bootstrap
    self.run()
  File "/opt/pypy/lib/pypy3.11/multiprocessing/process.py", line 108, in run
    self._target(*self._args, **self._kwargs)
  File "/opt/pypy/lib/pypy3.11/multiprocessing/managers.py", line 600, in _run_server
    server.serve_forever()
  File "/opt/pypy/lib/pypy3.11/multiprocessing/managers.py", line 184, in serve_forever
    sys.exit(0)
SystemExit: 0

During handling of the above exception, another exception occurred:

Traceback (most recent call last):
  File "/opt/pypy/lib/pypy3.11/multiprocessing/util.py", line 303, in _run_finalizers
    finalizer()
  File "/opt/pypy/lib/pypy3.11/multiprocessing/util.py", line 227, in __call__
    res = self._callback(*self._args, **self._kwargs)
          ^^^^^^^^^^^^^^^^^^^^^^^^^^^^^^^^^^^^^^^^^^^
  File "/opt/pypy/lib/pypy3.11/multiprocessing/util.py", line 136, in _remove_temp_dir
    rmtree(tempdir, onerror=onerror)
  File "/opt/pypy/lib/pypy3.11/shutil.py", line 752, in rmtree
    _rmtree_safe_fd(fd, path, onerror)
  File "/opt/pypy/lib/pypy3.11/shutil.py", line 703, in _rmtree_safe_fd
    onerror(os.unlink, fullname, sys.exc_info())
  File "/opt/pypy/lib/pypy3.11/shutil.py", line 701, in _rmtree_safe_fd
    os.unlink(entry.name, dir_fd=topfd)
OSError: [Errno 16] Device or resource busy: '.nfs0000001a9045d83000004c9f'
Traceback (most recent call last):
  File "/opt/pypy/lib/pypy3.11/multiprocessing/process.py", line 314, in _bootstrap
    self.run()
  File "/opt/pypy/lib/pypy3.11/multiprocessing/process.py", line 108, in run
    self._target(*self._args, **self._kwargs)
  File "/opt/pypy/lib/pypy3.11/multiprocessing/managers.py", line 600, in _run_server
    server.serve_forever()
  File "/opt/pypy/lib/pypy3.11/multiprocessing/managers.py", line 184, in serve_forever
    sys.exit(0)
SystemExit: 0

During handling of the above exception, another exception occurred:

Traceback (most recent call last):
  File "/opt/pypy/lib/pypy3.11/multiprocessing/util.py", line 303, in _run_finalizers
    finalizer()
  File "/opt/pypy/lib/pypy3.11/multiprocessing/util.py", line 227, in __call__
    res = self._callback(*self._args, **self._kwargs)
          ^^^^^^^^^^^^^^^^^^^^^^^^^^^^^^^^^^^^^^^^^^^
  File "/opt/pypy/lib/pypy3.11/multiprocessing/util.py", line 136, in _remove_temp_dir
    rmtree(tempdir, onerror=onerror)
  File "/opt/pypy/lib/pypy3.11/shutil.py", line 752, in rmtree
    _rmtree_safe_fd(fd, path, onerror)
  File "/opt/pypy/lib/pypy3.11/shutil.py", line 703, in _rmtree_safe_fd
    onerror(os.unlink, fullname, sys.exc_info())
  File "/opt/pypy/lib/pypy3.11/shutil.py", line 701, in _rmtree_safe_fd
    os.unlink(entry.name, dir_fd=topfd)
OSError: [Errno 16] Device or resource busy: '.nfs0000001b00081c2c00004ca0'
Traceback (most recent call last):
  File "/opt/pypy/lib/pypy3.11/multiprocessing/process.py", line 314, in _bootstrap
    self.run()
  File "/opt/pypy/lib/pypy3.11/multiprocessing/process.py", line 108, in run
    self._target(*self._args, **self._kwargs)
  File "/opt/pypy/lib/pypy3.11/multiprocessing/managers.py", line 600, in _run_server
    server.serve_forever()
  File "/opt/pypy/lib/pypy3.11/multiprocessing/managers.py", line 184, in serve_forever
    sys.exit(0)
SystemExit: 0

During handling of the above exception, another exception occurred:

Traceback (most recent call last):
  File "/opt/pypy/lib/pypy3.11/multiprocessing/util.py", line 303, in _run_finalizers
    finalizer()
  File "/opt/pypy/lib/pypy3.11/multiprocessing/util.py", line 227, in __call__
    res = self._callback(*self._args, **self._kwargs)
          ^^^^^^^^^^^^^^^^^^^^^^^^^^^^^^^^^^^^^^^^^^^
  File "/opt/pypy/lib/pypy3.11/multiprocessing/util.py", line 136, in _remove_temp_dir
    rmtree(tempdir, onerror=onerror)
  File "/opt/pypy/lib/pypy3.11/shutil.py", line 752, in rmtree
    _rmtree_safe_fd(fd, path, onerror)
  File "/opt/pypy/lib/pypy3.11/shutil.py", line 703, in _rmtree_safe_fd
    onerror(os.unlink, fullname, sys.exc_info())
  File "/opt/pypy/lib/pypy3.11/shutil.py", line 701, in _rmtree_safe_fd
    os.unlink(entry.name, dir_fd=topfd)
OSError: [Errno 16] Device or resource busy: '.nfs0000001b8230f01e00004ca1'
Traceback (most recent call last):
  File "/opt/pypy/lib/pypy3.11/multiprocessing/process.py", line 314, in _bootstrap
    self.run()
  File "/opt/pypy/lib/pypy3.11/multiprocessing/process.py", line 108, in run
    self._target(*self._args, **self._kwargs)
  File "/opt/pypy/lib/pypy3.11/multiprocessing/managers.py", line 600, in _run_server
    server.serve_forever()
  File "/opt/pypy/lib/pypy3.11/multiprocessing/managers.py", line 184, in serve_forever
    sys.exit(0)
SystemExit: 0

During handling of the above exception, another exception occurred:

Traceback (most recent call last):
  File "/opt/pypy/lib/pypy3.11/multiprocessing/util.py", line 303, in _run_finalizers
    finalizer()
  File "/opt/pypy/lib/pypy3.11/multiprocessing/util.py", line 227, in __call__
    res = self._callback(*self._args, **self._kwargs)
          ^^^^^^^^^^^^^^^^^^^^^^^^^^^^^^^^^^^^^^^^^^^
  File "/opt/pypy/lib/pypy3.11/multiprocessing/util.py", line 136, in _remove_temp_dir
    rmtree(tempdir, onerror=onerror)
  File "/opt/pypy/lib/pypy3.11/shutil.py", line 752, in rmtree
    _rmtree_safe_fd(fd, path, onerror)
  File "/opt/pypy/lib/pypy3.11/shutil.py", line 703, in _rmtree_safe_fd
    onerror(os.unlink, fullname, sys.exc_info())
  File "/opt/pypy/lib/pypy3.11/shutil.py", line 701, in _rmtree_safe_fd
    os.unlink(entry.name, dir_fd=topfd)
OSError: [Errno 16] Device or resource busy: '.nfs0000001c007c381f00004ca2'
Traceback (most recent call last):
  File "/opt/pypy/lib/pypy3.11/multiprocessing/process.py", line 314, in _bootstrap
    self.run()
  File "/opt/pypy/lib/pypy3.11/multiprocessing/process.py", line 108, in run
    self._target(*self._args, **self._kwargs)
  File "/opt/pypy/lib/pypy3.11/multiprocessing/managers.py", line 600, in _run_server
    server.serve_forever()
  File "/opt/pypy/lib/pypy3.11/multiprocessing/managers.py", line 184, in serve_forever
    sys.exit(0)
SystemExit: 0

During handling of the above exception, another exception occurred:

Traceback (most recent call last):
  File "/opt/pypy/lib/pypy3.11/multiprocessing/util.py", line 303, in _run_finalizers
    finalizer()
  File "/opt/pypy/lib/pypy3.11/multiprocessing/util.py", line 227, in __call__
    res = self._callback(*self._args, **self._kwargs)
          ^^^^^^^^^^^^^^^^^^^^^^^^^^^^^^^^^^^^^^^^^^^
  File "/opt/pypy/lib/pypy3.11/multiprocessing/util.py", line 136, in _remove_temp_dir
    rmtree(tempdir, onerror=onerror)
  File "/opt/pypy/lib/pypy3.11/shutil.py", line 752, in rmtree
    _rmtree_safe_fd(fd, path, onerror)
  File "/opt/pypy/lib/pypy3.11/shutil.py", line 703, in _rmtree_safe_fd
    onerror(os.unlink, fullname, sys.exc_info())
  File "/opt/pypy/lib/pypy3.11/shutil.py", line 701, in _rmtree_safe_fd
    os.unlink(entry.name, dir_fd=topfd)
OSError: [Errno 16] Device or resource busy: '.nfs0000001c809b382800004ca3'
Traceback (most recent call last):
  File "/opt/pypy/lib/pypy3.11/multiprocessing/process.py", line 314, in _bootstrap
    self.run()
  File "/opt/pypy/lib/pypy3.11/multiprocessing/process.py", line 108, in run
    self._target(*self._args, **self._kwargs)
  File "/opt/pypy/lib/pypy3.11/multiprocessing/managers.py", line 600, in _run_server
    server.serve_forever()
  File "/opt/pypy/lib/pypy3.11/multiprocessing/managers.py", line 184, in serve_forever
    sys.exit(0)
SystemExit: 0

During handling of the above exception, another exception occurred:

Traceback (most recent call last):
  File "/opt/pypy/lib/pypy3.11/multiprocessing/util.py", line 303, in _run_finalizers
    finalizer()
  File "/opt/pypy/lib/pypy3.11/multiprocessing/util.py", line 227, in __call__
    res = self._callback(*self._args, **self._kwargs)
          ^^^^^^^^^^^^^^^^^^^^^^^^^^^^^^^^^^^^^^^^^^^
  File "/opt/pypy/lib/pypy3.11/multiprocessing/util.py", line 136, in _remove_temp_dir
    rmtree(tempdir, onerror=onerror)
  File "/opt/pypy/lib/pypy3.11/shutil.py", line 752, in rmtree
    _rmtree_safe_fd(fd, path, onerror)
  File "/opt/pypy/lib/pypy3.11/shutil.py", line 703, in _rmtree_safe_fd
    onerror(os.unlink, fullname, sys.exc_info())
  File "/opt/pypy/lib/pypy3.11/shutil.py", line 701, in _rmtree_safe_fd
    os.unlink(entry.name, dir_fd=topfd)
OSError: [Errno 16] Device or resource busy: '.nfs0000001d1e7d6c0800004ca4'
Traceback (most recent call last):
  File "/opt/pypy/lib/pypy3.11/multiprocessing/process.py", line 314, in _bootstrap
    self.run()
  File "/opt/pypy/lib/pypy3.11/multiprocessing/process.py", line 108, in run
    self._target(*self._args, **self._kwargs)
  File "/opt/pypy/lib/pypy3.11/multiprocessing/managers.py", line 600, in _run_server
    server.serve_forever()
  File "/opt/pypy/lib/pypy3.11/multiprocessing/managers.py", line 184, in serve_forever
    sys.exit(0)
SystemExit: 0

During handling of the above exception, another exception occurred:

Traceback (most recent call last):
  File "/opt/pypy/lib/pypy3.11/multiprocessing/util.py", line 303, in _run_finalizers
    finalizer()
  File "/opt/pypy/lib/pypy3.11/multiprocessing/util.py", line 227, in __call__
    res = self._callback(*self._args, **self._kwargs)
          ^^^^^^^^^^^^^^^^^^^^^^^^^^^^^^^^^^^^^^^^^^^
  File "/opt/pypy/lib/pypy3.11/multiprocessing/util.py", line 136, in _remove_temp_dir
    rmtree(tempdir, onerror=onerror)
  File "/opt/pypy/lib/pypy3.11/shutil.py", line 752, in rmtree
    _rmtree_safe_fd(fd, path, onerror)
  File "/opt/pypy/lib/pypy3.11/shutil.py", line 703, in _rmtree_safe_fd
    onerror(os.unlink, fullname, sys.exc_info())
  File "/opt/pypy/lib/pypy3.11/shutil.py", line 701, in _rmtree_safe_fd
    os.unlink(entry.name, dir_fd=topfd)
OSError: [Errno 16] Device or resource busy: '.nfs0000001d9169a02300004ca5'
Traceback (most recent call last):
  File "/opt/pypy/lib/pypy3.11/multiprocessing/process.py", line 314, in _bootstrap
    self.run()
  File "/opt/pypy/lib/pypy3.11/multiprocessing/process.py", line 108, in run
    self._target(*self._args, **self._kwargs)
  File "/opt/pypy/lib/pypy3.11/multiprocessing/managers.py", line 600, in _run_server
    server.serve_forever()
  File "/opt/pypy/lib/pypy3.11/multiprocessing/managers.py", line 184, in serve_forever
    sys.exit(0)
SystemExit: 0

During handling of the above exception, another exception occurred:

Traceback (most recent call last):
  File "/opt/pypy/lib/pypy3.11/multiprocessing/util.py", line 303, in _run_finalizers
    finalizer()
  File "/opt/pypy/lib/pypy3.11/multiprocessing/util.py", line 227, in __call__
    res = self._callback(*self._args, **self._kwargs)
          ^^^^^^^^^^^^^^^^^^^^^^^^^^^^^^^^^^^^^^^^^^^
  File "/opt/pypy/lib/pypy3.11/multiprocessing/util.py", line 136, in _remove_temp_dir
    rmtree(tempdir, onerror=onerror)
  File "/opt/pypy/lib/pypy3.11/shutil.py", line 752, in rmtree
    _rmtree_safe_fd(fd, path, onerror)
  File "/opt/pypy/lib/pypy3.11/shutil.py", line 703, in _rmtree_safe_fd
    onerror(os.unlink, fullname, sys.exc_info())
  File "/opt/pypy/lib/pypy3.11/shutil.py", line 701, in _rmtree_safe_fd
    os.unlink(entry.name, dir_fd=topfd)
OSError: [Errno 16] Device or resource busy: '.nfs0000001e004cbc0900004ca6'
Traceback (most recent call last):
  File "/opt/pypy/lib/pypy3.11/multiprocessing/process.py", line 314, in _bootstrap
    self.run()
  File "/opt/pypy/lib/pypy3.11/multiprocessing/process.py", line 108, in run
    self._target(*self._args, **self._kwargs)
  File "/opt/pypy/lib/pypy3.11/multiprocessing/managers.py", line 600, in _run_server
    server.serve_forever()
  File "/opt/pypy/lib/pypy3.11/multiprocessing/managers.py", line 184, in serve_forever
    sys.exit(0)
SystemExit: 0

During handling of the above exception, another exception occurred:

Traceback (most recent call last):
  File "/opt/pypy/lib/pypy3.11/multiprocessing/util.py", line 303, in _run_finalizers
    finalizer()
  File "/opt/pypy/lib/pypy3.11/multiprocessing/util.py", line 227, in __call__
    res = self._callback(*self._args, **self._kwargs)
          ^^^^^^^^^^^^^^^^^^^^^^^^^^^^^^^^^^^^^^^^^^^
  File "/opt/pypy/lib/pypy3.11/multiprocessing/util.py", line 136, in _remove_temp_dir
    rmtree(tempdir, onerror=onerror)
  File "/opt/pypy/lib/pypy3.11/shutil.py", line 752, in rmtree
    _rmtree_safe_fd(fd, path, onerror)
  File "/opt/pypy/lib/pypy3.11/shutil.py", line 703, in _rmtree_safe_fd
    onerror(os.unlink, fullname, sys.exc_info())
  File "/opt/pypy/lib/pypy3.11/shutil.py", line 701, in _rmtree_safe_fd
    os.unlink(entry.name, dir_fd=topfd)
OSError: [Errno 16] Device or resource busy: '.nfs0000001e90228c1f00004ca7'
Traceback (most recent call last):
  File "/opt/pypy/lib/pypy3.11/multiprocessing/process.py", line 314, in _bootstrap
    self.run()
  File "/opt/pypy/lib/pypy3.11/multiprocessing/process.py", line 108, in run
    self._target(*self._args, **self._kwargs)
  File "/opt/pypy/lib/pypy3.11/multiprocessing/managers.py", line 600, in _run_server
    server.serve_forever()
  File "/opt/pypy/lib/pypy3.11/multiprocessing/managers.py", line 184, in serve_forever
    sys.exit(0)
SystemExit: 0

During handling of the above exception, another exception occurred:

Traceback (most recent call last):
  File "/opt/pypy/lib/pypy3.11/multiprocessing/util.py", line 303, in _run_finalizers
    finalizer()
  File "/opt/pypy/lib/pypy3.11/multiprocessing/util.py", line 227, in __call__
    res = self._callback(*self._args, **self._kwargs)
          ^^^^^^^^^^^^^^^^^^^^^^^^^^^^^^^^^^^^^^^^^^^
  File "/opt/pypy/lib/pypy3.11/multiprocessing/util.py", line 136, in _remove_temp_dir
    rmtree(tempdir, onerror=onerror)
  File "/opt/pypy/lib/pypy3.11/shutil.py", line 752, in rmtree
    _rmtree_safe_fd(fd, path, onerror)
  File "/opt/pypy/lib/pypy3.11/shutil.py", line 703, in _rmtree_safe_fd
    onerror(os.unlink, fullname, sys.exc_info())
  File "/opt/pypy/lib/pypy3.11/shutil.py", line 701, in _rmtree_safe_fd
    os.unlink(entry.name, dir_fd=topfd)
OSError: [Errno 16] Device or resource busy: '.nfs0000001f0e4d701f00004ca8'
Traceback (most recent call last):
  File "/opt/pypy/lib/pypy3.11/multiprocessing/process.py", line 314, in _bootstrap
    self.run()
  File "/opt/pypy/lib/pypy3.11/multiprocessing/process.py", line 108, in run
    self._target(*self._args, **self._kwargs)
  File "/opt/pypy/lib/pypy3.11/multiprocessing/managers.py", line 600, in _run_server
    server.serve_forever()
  File "/opt/pypy/lib/pypy3.11/multiprocessing/managers.py", line 184, in serve_forever
    sys.exit(0)
SystemExit: 0

During handling of the above exception, another exception occurred:

Traceback (most recent call last):
  File "/opt/pypy/lib/pypy3.11/multiprocessing/util.py", line 303, in _run_finalizers
    finalizer()
  File "/opt/pypy/lib/pypy3.11/multiprocessing/util.py", line 227, in __call__
    res = self._callback(*self._args, **self._kwargs)
          ^^^^^^^^^^^^^^^^^^^^^^^^^^^^^^^^^^^^^^^^^^^
  File "/opt/pypy/lib/pypy3.11/multiprocessing/util.py", line 136, in _remove_temp_dir
    rmtree(tempdir, onerror=onerror)
  File "/opt/pypy/lib/pypy3.11/shutil.py", line 752, in rmtree
    _rmtree_safe_fd(fd, path, onerror)
  File "/opt/pypy/lib/pypy3.11/shutil.py", line 703, in _rmtree_safe_fd
    onerror(os.unlink, fullname, sys.exc_info())
  File "/opt/pypy/lib/pypy3.11/shutil.py", line 701, in _rmtree_safe_fd
    os.unlink(entry.name, dir_fd=topfd)
OSError: [Errno 16] Device or resource busy: '.nfs0000001f8101803f00004ca9'
Traceback (most recent call last):
  File "/opt/pypy/lib/pypy3.11/multiprocessing/process.py", line 314, in _bootstrap
    self.run()
  File "/opt/pypy/lib/pypy3.11/multiprocessing/process.py", line 108, in run
    self._target(*self._args, **self._kwargs)
  File "/opt/pypy/lib/pypy3.11/multiprocessing/managers.py", line 600, in _run_server
    server.serve_forever()
  File "/opt/pypy/lib/pypy3.11/multiprocessing/managers.py", line 184, in serve_forever
    sys.exit(0)
SystemExit: 0

During handling of the above exception, another exception occurred:

Traceback (most recent call last):
  File "/opt/pypy/lib/pypy3.11/multiprocessing/util.py", line 303, in _run_finalizers
    finalizer()
  File "/opt/pypy/lib/pypy3.11/multiprocessing/util.py", line 227, in __call__
    res = self._callback(*self._args, **self._kwargs)
          ^^^^^^^^^^^^^^^^^^^^^^^^^^^^^^^^^^^^^^^^^^^
  File "/opt/pypy/lib/pypy3.11/multiprocessing/util.py", line 136, in _remove_temp_dir
    rmtree(tempdir, onerror=onerror)
  File "/opt/pypy/lib/pypy3.11/shutil.py", line 752, in rmtree
    _rmtree_safe_fd(fd, path, onerror)
  File "/opt/pypy/lib/pypy3.11/shutil.py", line 703, in _rmtree_safe_fd
    onerror(os.unlink, fullname, sys.exc_info())
  File "/opt/pypy/lib/pypy3.11/shutil.py", line 701, in _rmtree_safe_fd
    os.unlink(entry.name, dir_fd=topfd)
OSError: [Errno 16] Device or resource busy: '.nfs000000200313c42c00004caa'
Traceback (most recent call last):
  File "/opt/pypy/lib/pypy3.11/multiprocessing/process.py", line 314, in _bootstrap
    self.run()
  File "/opt/pypy/lib/pypy3.11/multiprocessing/process.py", line 108, in run
    self._target(*self._args, **self._kwargs)
  File "/opt/pypy/lib/pypy3.11/multiprocessing/managers.py", line 600, in _run_server
    server.serve_forever()
  File "/opt/pypy/lib/pypy3.11/multiprocessing/managers.py", line 184, in serve_forever
    sys.exit(0)
SystemExit: 0

During handling of the above exception, another exception occurred:

Traceback (most recent call last):
  File "/opt/pypy/lib/pypy3.11/multiprocessing/util.py", line 303, in _run_finalizers
    finalizer()
  File "/opt/pypy/lib/pypy3.11/multiprocessing/util.py", line 227, in __call__
    res = self._callback(*self._args, **self._kwargs)
          ^^^^^^^^^^^^^^^^^^^^^^^^^^^^^^^^^^^^^^^^^^^
  File "/opt/pypy/lib/pypy3.11/multiprocessing/util.py", line 136, in _remove_temp_dir
    rmtree(tempdir, onerror=onerror)
  File "/opt/pypy/lib/pypy3.11/shutil.py", line 752, in rmtree
    _rmtree_safe_fd(fd, path, onerror)
  File "/opt/pypy/lib/pypy3.11/shutil.py", line 703, in _rmtree_safe_fd
    onerror(os.unlink, fullname, sys.exc_info())
  File "/opt/pypy/lib/pypy3.11/shutil.py", line 701, in _rmtree_safe_fd
    os.unlink(entry.name, dir_fd=topfd)
OSError: [Errno 16] Device or resource busy: '.nfs00000020806c300c00004cab'
Traceback (most recent call last):
  File "/opt/pypy/lib/pypy3.11/multiprocessing/process.py", line 314, in _bootstrap
    self.run()
  File "/opt/pypy/lib/pypy3.11/multiprocessing/process.py", line 108, in run
    self._target(*self._args, **self._kwargs)
  File "/opt/pypy/lib/pypy3.11/multiprocessing/managers.py", line 600, in _run_server
    server.serve_forever()
  File "/opt/pypy/lib/pypy3.11/multiprocessing/managers.py", line 184, in serve_forever
    sys.exit(0)
SystemExit: 0

During handling of the above exception, another exception occurred:

Traceback (most recent call last):
  File "/opt/pypy/lib/pypy3.11/multiprocessing/util.py", line 303, in _run_finalizers
    finalizer()
  File "/opt/pypy/lib/pypy3.11/multiprocessing/util.py", line 227, in __call__
    res = self._callback(*self._args, **self._kwargs)
          ^^^^^^^^^^^^^^^^^^^^^^^^^^^^^^^^^^^^^^^^^^^
  File "/opt/pypy/lib/pypy3.11/multiprocessing/util.py", line 136, in _remove_temp_dir
    rmtree(tempdir, onerror=onerror)
  File "/opt/pypy/lib/pypy3.11/shutil.py", line 752, in rmtree
    _rmtree_safe_fd(fd, path, onerror)
  File "/opt/pypy/lib/pypy3.11/shutil.py", line 703, in _rmtree_safe_fd
    onerror(os.unlink, fullname, sys.exc_info())
  File "/opt/pypy/lib/pypy3.11/shutil.py", line 701, in _rmtree_safe_fd
    os.unlink(entry.name, dir_fd=topfd)
OSError: [Errno 16] Device or resource busy: '.nfs000000211d491c3400004cac'
Traceback (most recent call last):
  File "/opt/pypy/lib/pypy3.11/multiprocessing/process.py", line 314, in _bootstrap
    self.run()
  File "/opt/pypy/lib/pypy3.11/multiprocessing/process.py", line 108, in run
    self._target(*self._args, **self._kwargs)
  File "/opt/pypy/lib/pypy3.11/multiprocessing/managers.py", line 600, in _run_server
    server.serve_forever()
  File "/opt/pypy/lib/pypy3.11/multiprocessing/managers.py", line 184, in serve_forever
    sys.exit(0)
SystemExit: 0

During handling of the above exception, another exception occurred:

Traceback (most recent call last):
  File "/opt/pypy/lib/pypy3.11/multiprocessing/util.py", line 303, in _run_finalizers
    finalizer()
  File "/opt/pypy/lib/pypy3.11/multiprocessing/util.py", line 227, in __call__
    res = self._callback(*self._args, **self._kwargs)
          ^^^^^^^^^^^^^^^^^^^^^^^^^^^^^^^^^^^^^^^^^^^
  File "/opt/pypy/lib/pypy3.11/multiprocessing/util.py", line 136, in _remove_temp_dir
    rmtree(tempdir, onerror=onerror)
  File "/opt/pypy/lib/pypy3.11/shutil.py", line 752, in rmtree
    _rmtree_safe_fd(fd, path, onerror)
  File "/opt/pypy/lib/pypy3.11/shutil.py", line 703, in _rmtree_safe_fd
    onerror(os.unlink, fullname, sys.exc_info())
  File "/opt/pypy/lib/pypy3.11/shutil.py", line 701, in _rmtree_safe_fd
    os.unlink(entry.name, dir_fd=topfd)
OSError: [Errno 16] Device or resource busy: '.nfs0000002185235c1f00004cad'
Traceback (most recent call last):
  File "/opt/pypy/lib/pypy3.11/multiprocessing/process.py", line 314, in _bootstrap
    self.run()
  File "/opt/pypy/lib/pypy3.11/multiprocessing/process.py", line 108, in run
    self._target(*self._args, **self._kwargs)
  File "/opt/pypy/lib/pypy3.11/multiprocessing/managers.py", line 600, in _run_server
    server.serve_forever()
  File "/opt/pypy/lib/pypy3.11/multiprocessing/managers.py", line 184, in serve_forever
    sys.exit(0)
SystemExit: 0

During handling of the above exception, another exception occurred:

Traceback (most recent call last):
  File "/opt/pypy/lib/pypy3.11/multiprocessing/util.py", line 303, in _run_finalizers
    finalizer()
  File "/opt/pypy/lib/pypy3.11/multiprocessing/util.py", line 227, in __call__
    res = self._callback(*self._args, **self._kwargs)
          ^^^^^^^^^^^^^^^^^^^^^^^^^^^^^^^^^^^^^^^^^^^
  File "/opt/pypy/lib/pypy3.11/multiprocessing/util.py", line 136, in _remove_temp_dir
    rmtree(tempdir, onerror=onerror)
  File "/opt/pypy/lib/pypy3.11/shutil.py", line 752, in rmtree
    _rmtree_safe_fd(fd, path, onerror)
  File "/opt/pypy/lib/pypy3.11/shutil.py", line 703, in _rmtree_safe_fd
    onerror(os.unlink, fullname, sys.exc_info())
  File "/opt/pypy/lib/pypy3.11/shutil.py", line 701, in _rmtree_safe_fd
    os.unlink(entry.name, dir_fd=topfd)
OSError: [Errno 16] Device or resource busy: '.nfs000000220023143600004cae'
Traceback (most recent call last):
  File "/opt/pypy/lib/pypy3.11/multiprocessing/process.py", line 314, in _bootstrap
    self.run()
  File "/opt/pypy/lib/pypy3.11/multiprocessing/process.py", line 108, in run
    self._target(*self._args, **self._kwargs)
  File "/opt/pypy/lib/pypy3.11/multiprocessing/managers.py", line 600, in _run_server
    server.serve_forever()
  File "/opt/pypy/lib/pypy3.11/multiprocessing/managers.py", line 184, in serve_forever
    sys.exit(0)
SystemExit: 0

During handling of the above exception, another exception occurred:

Traceback (most recent call last):
  File "/opt/pypy/lib/pypy3.11/multiprocessing/util.py", line 303, in _run_finalizers
    finalizer()
  File "/opt/pypy/lib/pypy3.11/multiprocessing/util.py", line 227, in __call__
    res = self._callback(*self._args, **self._kwargs)
          ^^^^^^^^^^^^^^^^^^^^^^^^^^^^^^^^^^^^^^^^^^^
  File "/opt/pypy/lib/pypy3.11/multiprocessing/util.py", line 136, in _remove_temp_dir
    rmtree(tempdir, onerror=onerror)
  File "/opt/pypy/lib/pypy3.11/shutil.py", line 752, in rmtree
    _rmtree_safe_fd(fd, path, onerror)
  File "/opt/pypy/lib/pypy3.11/shutil.py", line 703, in _rmtree_safe_fd
    onerror(os.unlink, fullname, sys.exc_info())
  File "/opt/pypy/lib/pypy3.11/shutil.py", line 701, in _rmtree_safe_fd
    os.unlink(entry.name, dir_fd=topfd)
OSError: [Errno 16] Device or resource busy: '.nfs0000002282a0b42000004caf'
Traceback (most recent call last):
  File "/opt/pypy/lib/pypy3.11/multiprocessing/process.py", line 314, in _bootstrap
    self.run()
  File "/opt/pypy/lib/pypy3.11/multiprocessing/process.py", line 108, in run
    self._target(*self._args, **self._kwargs)
  File "/opt/pypy/lib/pypy3.11/multiprocessing/managers.py", line 600, in _run_server
    server.serve_forever()
  File "/opt/pypy/lib/pypy3.11/multiprocessing/managers.py", line 184, in serve_forever
    sys.exit(0)
SystemExit: 0

During handling of the above exception, another exception occurred:

Traceback (most recent call last):
  File "/opt/pypy/lib/pypy3.11/multiprocessing/util.py", line 303, in _run_finalizers
    finalizer()
  File "/opt/pypy/lib/pypy3.11/multiprocessing/util.py", line 227, in __call__
    res = self._callback(*self._args, **self._kwargs)
          ^^^^^^^^^^^^^^^^^^^^^^^^^^^^^^^^^^^^^^^^^^^
  File "/opt/pypy/lib/pypy3.11/multiprocessing/util.py", line 136, in _remove_temp_dir
    rmtree(tempdir, onerror=onerror)
  File "/opt/pypy/lib/pypy3.11/shutil.py", line 752, in rmtree
    _rmtree_safe_fd(fd, path, onerror)
  File "/opt/pypy/lib/pypy3.11/shutil.py", line 703, in _rmtree_safe_fd
    onerror(os.unlink, fullname, sys.exc_info())
  File "/opt/pypy/lib/pypy3.11/shutil.py", line 701, in _rmtree_safe_fd
    os.unlink(entry.name, dir_fd=topfd)
OSError: [Errno 16] Device or resource busy: '.nfs0000002302e9541600004cb0'
Traceback (most recent call last):
  File "/opt/pypy/lib/pypy3.11/multiprocessing/process.py", line 314, in _bootstrap
    self.run()
  File "/opt/pypy/lib/pypy3.11/multiprocessing/process.py", line 108, in run
    self._target(*self._args, **self._kwargs)
  File "/opt/pypy/lib/pypy3.11/multiprocessing/managers.py", line 600, in _run_server
    server.serve_forever()
  File "/opt/pypy/lib/pypy3.11/multiprocessing/managers.py", line 184, in serve_forever
    sys.exit(0)
SystemExit: 0

During handling of the above exception, another exception occurred:

Traceback (most recent call last):
  File "/opt/pypy/lib/pypy3.11/multiprocessing/util.py", line 303, in _run_finalizers
    finalizer()
  File "/opt/pypy/lib/pypy3.11/multiprocessing/util.py", line 227, in __call__
    res = self._callback(*self._args, **self._kwargs)
          ^^^^^^^^^^^^^^^^^^^^^^^^^^^^^^^^^^^^^^^^^^^
  File "/opt/pypy/lib/pypy3.11/multiprocessing/util.py", line 136, in _remove_temp_dir
    rmtree(tempdir, onerror=onerror)
  File "/opt/pypy/lib/pypy3.11/shutil.py", line 752, in rmtree
    _rmtree_safe_fd(fd, path, onerror)
  File "/opt/pypy/lib/pypy3.11/shutil.py", line 703, in _rmtree_safe_fd
    onerror(os.unlink, fullname, sys.exc_info())
  File "/opt/pypy/lib/pypy3.11/shutil.py", line 701, in _rmtree_safe_fd
    os.unlink(entry.name, dir_fd=topfd)
OSError: [Errno 16] Device or resource busy: '.nfs000000238273081300004cb1'
Traceback (most recent call last):
  File "/opt/pypy/lib/pypy3.11/multiprocessing/process.py", line 314, in _bootstrap
    self.run()
  File "/opt/pypy/lib/pypy3.11/multiprocessing/process.py", line 108, in run
    self._target(*self._args, **self._kwargs)
  File "/opt/pypy/lib/pypy3.11/multiprocessing/managers.py", line 600, in _run_server
    server.serve_forever()
  File "/opt/pypy/lib/pypy3.11/multiprocessing/managers.py", line 184, in serve_forever
    sys.exit(0)
SystemExit: 0

During handling of the above exception, another exception occurred:

Traceback (most recent call last):
  File "/opt/pypy/lib/pypy3.11/multiprocessing/util.py", line 303, in _run_finalizers
    finalizer()
  File "/opt/pypy/lib/pypy3.11/multiprocessing/util.py", line 227, in __call__
    res = self._callback(*self._args, **self._kwargs)
          ^^^^^^^^^^^^^^^^^^^^^^^^^^^^^^^^^^^^^^^^^^^
  File "/opt/pypy/lib/pypy3.11/multiprocessing/util.py", line 136, in _remove_temp_dir
    rmtree(tempdir, onerror=onerror)
  File "/opt/pypy/lib/pypy3.11/shutil.py", line 752, in rmtree
    _rmtree_safe_fd(fd, path, onerror)
  File "/opt/pypy/lib/pypy3.11/shutil.py", line 703, in _rmtree_safe_fd
    onerror(os.unlink, fullname, sys.exc_info())
  File "/opt/pypy/lib/pypy3.11/shutil.py", line 701, in _rmtree_safe_fd
    os.unlink(entry.name, dir_fd=topfd)
OSError: [Errno 16] Device or resource busy: '.nfs000000240013882f00004cb2'
Traceback (most recent call last):
  File "/opt/pypy/lib/pypy3.11/multiprocessing/process.py", line 314, in _bootstrap
    self.run()
  File "/opt/pypy/lib/pypy3.11/multiprocessing/process.py", line 108, in run
    self._target(*self._args, **self._kwargs)
  File "/opt/pypy/lib/pypy3.11/multiprocessing/managers.py", line 600, in _run_server
    server.serve_forever()
  File "/opt/pypy/lib/pypy3.11/multiprocessing/managers.py", line 184, in serve_forever
    sys.exit(0)
SystemExit: 0

During handling of the above exception, another exception occurred:

Traceback (most recent call last):
  File "/opt/pypy/lib/pypy3.11/multiprocessing/util.py", line 303, in _run_finalizers
    finalizer()
  File "/opt/pypy/lib/pypy3.11/multiprocessing/util.py", line 227, in __call__
    res = self._callback(*self._args, **self._kwargs)
          ^^^^^^^^^^^^^^^^^^^^^^^^^^^^^^^^^^^^^^^^^^^
  File "/opt/pypy/lib/pypy3.11/multiprocessing/util.py", line 136, in _remove_temp_dir
    rmtree(tempdir, onerror=onerror)
  File "/opt/pypy/lib/pypy3.11/shutil.py", line 752, in rmtree
    _rmtree_safe_fd(fd, path, onerror)
  File "/opt/pypy/lib/pypy3.11/shutil.py", line 703, in _rmtree_safe_fd
    onerror(os.unlink, fullname, sys.exc_info())
  File "/opt/pypy/lib/pypy3.11/shutil.py", line 701, in _rmtree_safe_fd
    os.unlink(entry.name, dir_fd=topfd)
OSError: [Errno 16] Device or resource busy: '.nfs0000002485e06c2100004cb3'
Traceback (most recent call last):
  File "/opt/pypy/lib/pypy3.11/multiprocessing/process.py", line 314, in _bootstrap
    self.run()
  File "/opt/pypy/lib/pypy3.11/multiprocessing/process.py", line 108, in run
    self._target(*self._args, **self._kwargs)
  File "/opt/pypy/lib/pypy3.11/multiprocessing/managers.py", line 600, in _run_server
    server.serve_forever()
  File "/opt/pypy/lib/pypy3.11/multiprocessing/managers.py", line 184, in serve_forever
    sys.exit(0)
SystemExit: 0

During handling of the above exception, another exception occurred:

Traceback (most recent call last):
  File "/opt/pypy/lib/pypy3.11/multiprocessing/util.py", line 303, in _run_finalizers
    finalizer()
  File "/opt/pypy/lib/pypy3.11/multiprocessing/util.py", line 227, in __call__
    res = self._callback(*self._args, **self._kwargs)
          ^^^^^^^^^^^^^^^^^^^^^^^^^^^^^^^^^^^^^^^^^^^
  File "/opt/pypy/lib/pypy3.11/multiprocessing/util.py", line 136, in _remove_temp_dir
    rmtree(tempdir, onerror=onerror)
  File "/opt/pypy/lib/pypy3.11/shutil.py", line 752, in rmtree
    _rmtree_safe_fd(fd, path, onerror)
  File "/opt/pypy/lib/pypy3.11/shutil.py", line 703, in _rmtree_safe_fd
    onerror(os.unlink, fullname, sys.exc_info())
  File "/opt/pypy/lib/pypy3.11/shutil.py", line 701, in _rmtree_safe_fd
    os.unlink(entry.name, dir_fd=topfd)
OSError: [Errno 16] Device or resource busy: '.nfs000000250083b80900004cb4'
Traceback (most recent call last):
  File "/opt/pypy/lib/pypy3.11/multiprocessing/process.py", line 314, in _bootstrap
    self.run()
  File "/opt/pypy/lib/pypy3.11/multiprocessing/process.py", line 108, in run
    self._target(*self._args, **self._kwargs)
  File "/opt/pypy/lib/pypy3.11/multiprocessing/managers.py", line 600, in _run_server
    server.serve_forever()
  File "/opt/pypy/lib/pypy3.11/multiprocessing/managers.py", line 184, in serve_forever
    sys.exit(0)
SystemExit: 0

During handling of the above exception, another exception occurred:

Traceback (most recent call last):
  File "/opt/pypy/lib/pypy3.11/multiprocessing/util.py", line 303, in _run_finalizers
    finalizer()
  File "/opt/pypy/lib/pypy3.11/multiprocessing/util.py", line 227, in __call__
    res = self._callback(*self._args, **self._kwargs)
          ^^^^^^^^^^^^^^^^^^^^^^^^^^^^^^^^^^^^^^^^^^^
  File "/opt/pypy/lib/pypy3.11/multiprocessing/util.py", line 136, in _remove_temp_dir
    rmtree(tempdir, onerror=onerror)
  File "/opt/pypy/lib/pypy3.11/shutil.py", line 752, in rmtree
    _rmtree_safe_fd(fd, path, onerror)
  File "/opt/pypy/lib/pypy3.11/shutil.py", line 703, in _rmtree_safe_fd
    onerror(os.unlink, fullname, sys.exc_info())
  File "/opt/pypy/lib/pypy3.11/shutil.py", line 701, in _rmtree_safe_fd
    os.unlink(entry.name, dir_fd=topfd)
OSError: [Errno 16] Device or resource busy: '.nfs0000002581b7182800004cb5'
Traceback (most recent call last):
  File "/opt/pypy/lib/pypy3.11/multiprocessing/process.py", line 314, in _bootstrap
    self.run()
  File "/opt/pypy/lib/pypy3.11/multiprocessing/process.py", line 108, in run
    self._target(*self._args, **self._kwargs)
  File "/opt/pypy/lib/pypy3.11/multiprocessing/managers.py", line 600, in _run_server
    server.serve_forever()
  File "/opt/pypy/lib/pypy3.11/multiprocessing/managers.py", line 184, in serve_forever
    sys.exit(0)
SystemExit: 0

During handling of the above exception, another exception occurred:

Traceback (most recent call last):
  File "/opt/pypy/lib/pypy3.11/multiprocessing/util.py", line 303, in _run_finalizers
    finalizer()
  File "/opt/pypy/lib/pypy3.11/multiprocessing/util.py", line 227, in __call__
    res = self._callback(*self._args, **self._kwargs)
          ^^^^^^^^^^^^^^^^^^^^^^^^^^^^^^^^^^^^^^^^^^^
  File "/opt/pypy/lib/pypy3.11/multiprocessing/util.py", line 136, in _remove_temp_dir
    rmtree(tempdir, onerror=onerror)
  File "/opt/pypy/lib/pypy3.11/shutil.py", line 752, in rmtree
    _rmtree_safe_fd(fd, path, onerror)
  File "/opt/pypy/lib/pypy3.11/shutil.py", line 703, in _rmtree_safe_fd
    onerror(os.unlink, fullname, sys.exc_info())
  File "/opt/pypy/lib/pypy3.11/shutil.py", line 701, in _rmtree_safe_fd
    os.unlink(entry.name, dir_fd=topfd)
OSError: [Errno 16] Device or resource busy: '.nfs0000002600b7580e00004cb6'
  Completed 10 iterations for size 100, cohesion 50.
  Completed 10 iterations for size 100, cohesion 80.
Running iterations for algorithm: bruteForce
  Completed 10 iterations for size 8, cohesion 20.
  Completed 10 iterations for size 8, cohesion 50.
  Completed 10 iterations for size 8, cohesion 80.
  Timeout! bruteForce at size 30, cohesion 20, iter 0 took longer than 30 seconds.
  Timeout! bruteForce at size 30, cohesion 20, iter 1 took longer than 30 seconds.
  Timeout! bruteForce at size 30, cohesion 20, iter 2 took longer than 30 seconds.
  First 3 runs timed out. Cancelling remaining iterations.
  Completed 10 iterations for size 30, cohesion 20.
  Timeout! bruteForce at size 30, cohesion 50, iter 0 took longer than 30 seconds.
  Timeout! bruteForce at size 30, cohesion 50, iter 1 took longer than 30 seconds.
  Timeout! bruteForce at size 30, cohesion 50, iter 2 took longer than 30 seconds.
  First 3 runs timed out. Cancelling remaining iterations.
  Completed 10 iterations for size 30, cohesion 50.
  Timeout! bruteForce at size 30, cohesion 80, iter 0 took longer than 30 seconds.
  Timeout! bruteForce at size 30, cohesion 80, iter 1 took longer than 30 seconds.
  Timeout! bruteForce at size 30, cohesion 80, iter 2 took longer than 30 seconds.
  First 3 runs timed out. Cancelling remaining iterations.
  Completed 10 iterations for size 30, cohesion 80.
  Timeout! bruteForce at size 100, cohesion 20, iter 0 took longer than 30 seconds.
  Timeout! bruteForce at size 100, cohesion 20, iter 1 took longer than 30 seconds.
  Timeout! bruteForce at size 100, cohesion 20, iter 2 took longer than 30 seconds.
  First 3 runs timed out. Cancelling remaining iterations.
  Completed 10 iterations for size 100, cohesion 20.
  Timeout! bruteForce at size 100, cohesion 50, iter 0 took longer than 30 seconds.
  Timeout! bruteForce at size 100, cohesion 50, iter 1 took longer than 30 seconds.
  Timeout! bruteForce at size 100, cohesion 50, iter 2 took longer than 30 seconds.
  First 3 runs timed out. Cancelling remaining iterations.
  Completed 10 iterations for size 100, cohesion 50.
  Timeout! bruteForce at size 100, cohesion 80, iter 0 took longer than 30 seconds.
  Timeout! bruteForce at size 100, cohesion 80, iter 1 took longer than 30 seconds.
  Timeout! bruteForce at size 100, cohesion 80, iter 2 took longer than 30 seconds.
  First 3 runs timed out. Cancelling remaining iterations.
  Completed 10 iterations for size 100, cohesion 80.
Running iterations for algorithm: anealing
  Completed 10 iterations for size 8, cohesion 20.
  Completed 10 iterations for size 8, cohesion 50.
  Completed 10 iterations for size 8, cohesion 80.
  Completed 10 iterations for size 30, cohesion 20.
Traceback (most recent call last):
  File "/opt/pypy/lib/pypy3.11/multiprocessing/process.py", line 314, in _bootstrap
    self.run()
  File "/opt/pypy/lib/pypy3.11/multiprocessing/process.py", line 108, in run
    self._target(*self._args, **self._kwargs)
  File "/opt/pypy/lib/pypy3.11/multiprocessing/managers.py", line 600, in _run_server
    server.serve_forever()
  File "/opt/pypy/lib/pypy3.11/multiprocessing/managers.py", line 184, in serve_forever
    sys.exit(0)
SystemExit: 0

During handling of the above exception, another exception occurred:

Traceback (most recent call last):
  File "/opt/pypy/lib/pypy3.11/multiprocessing/util.py", line 303, in _run_finalizers
    finalizer()
  File "/opt/pypy/lib/pypy3.11/multiprocessing/util.py", line 227, in __call__
    res = self._callback(*self._args, **self._kwargs)
          ^^^^^^^^^^^^^^^^^^^^^^^^^^^^^^^^^^^^^^^^^^^
  File "/opt/pypy/lib/pypy3.11/multiprocessing/util.py", line 136, in _remove_temp_dir
    rmtree(tempdir, onerror=onerror)
  File "/opt/pypy/lib/pypy3.11/shutil.py", line 752, in rmtree
    _rmtree_safe_fd(fd, path, onerror)
  File "/opt/pypy/lib/pypy3.11/shutil.py", line 703, in _rmtree_safe_fd
    onerror(os.unlink, fullname, sys.exc_info())
  File "/opt/pypy/lib/pypy3.11/shutil.py", line 701, in _rmtree_safe_fd
    os.unlink(entry.name, dir_fd=topfd)
OSError: [Errno 16] Device or resource busy: '.nfs000000268a26043700004cb7'
Traceback (most recent call last):
  File "/opt/pypy/lib/pypy3.11/multiprocessing/process.py", line 314, in _bootstrap
    self.run()
  File "/opt/pypy/lib/pypy3.11/multiprocessing/process.py", line 108, in run
    self._target(*self._args, **self._kwargs)
  File "/opt/pypy/lib/pypy3.11/multiprocessing/managers.py", line 600, in _run_server
    server.serve_forever()
  File "/opt/pypy/lib/pypy3.11/multiprocessing/managers.py", line 184, in serve_forever
    sys.exit(0)
SystemExit: 0

During handling of the above exception, another exception occurred:

Traceback (most recent call last):
  File "/opt/pypy/lib/pypy3.11/multiprocessing/util.py", line 303, in _run_finalizers
    finalizer()
  File "/opt/pypy/lib/pypy3.11/multiprocessing/util.py", line 227, in __call__
    res = self._callback(*self._args, **self._kwargs)
          ^^^^^^^^^^^^^^^^^^^^^^^^^^^^^^^^^^^^^^^^^^^
  File "/opt/pypy/lib/pypy3.11/multiprocessing/util.py", line 136, in _remove_temp_dir
    rmtree(tempdir, onerror=onerror)
  File "/opt/pypy/lib/pypy3.11/shutil.py", line 752, in rmtree
    _rmtree_safe_fd(fd, path, onerror)
  File "/opt/pypy/lib/pypy3.11/shutil.py", line 703, in _rmtree_safe_fd
    onerror(os.unlink, fullname, sys.exc_info())
  File "/opt/pypy/lib/pypy3.11/shutil.py", line 701, in _rmtree_safe_fd
    os.unlink(entry.name, dir_fd=topfd)
OSError: [Errno 16] Device or resource busy: '.nfs000000270088bc0700004cb8'
Traceback (most recent call last):
  File "/opt/pypy/lib/pypy3.11/multiprocessing/process.py", line 314, in _bootstrap
    self.run()
  File "/opt/pypy/lib/pypy3.11/multiprocessing/process.py", line 108, in run
    self._target(*self._args, **self._kwargs)
  File "/opt/pypy/lib/pypy3.11/multiprocessing/managers.py", line 600, in _run_server
    server.serve_forever()
  File "/opt/pypy/lib/pypy3.11/multiprocessing/managers.py", line 184, in serve_forever
    sys.exit(0)
SystemExit: 0

During handling of the above exception, another exception occurred:

Traceback (most recent call last):
  File "/opt/pypy/lib/pypy3.11/multiprocessing/util.py", line 303, in _run_finalizers
    finalizer()
  File "/opt/pypy/lib/pypy3.11/multiprocessing/util.py", line 227, in __call__
    res = self._callback(*self._args, **self._kwargs)
          ^^^^^^^^^^^^^^^^^^^^^^^^^^^^^^^^^^^^^^^^^^^
  File "/opt/pypy/lib/pypy3.11/multiprocessing/util.py", line 136, in _remove_temp_dir
    rmtree(tempdir, onerror=onerror)
  File "/opt/pypy/lib/pypy3.11/shutil.py", line 752, in rmtree
    _rmtree_safe_fd(fd, path, onerror)
  File "/opt/pypy/lib/pypy3.11/shutil.py", line 703, in _rmtree_safe_fd
    onerror(os.unlink, fullname, sys.exc_info())
  File "/opt/pypy/lib/pypy3.11/shutil.py", line 701, in _rmtree_safe_fd
    os.unlink(entry.name, dir_fd=topfd)
OSError: [Errno 16] Device or resource busy: '.nfs000000280093900700004cb9'
Traceback (most recent call last):
  File "/opt/pypy/lib/pypy3.11/multiprocessing/process.py", line 314, in _bootstrap
    self.run()
  File "/opt/pypy/lib/pypy3.11/multiprocessing/process.py", line 108, in run
    self._target(*self._args, **self._kwargs)
  File "/opt/pypy/lib/pypy3.11/multiprocessing/managers.py", line 600, in _run_server
    server.serve_forever()
  File "/opt/pypy/lib/pypy3.11/multiprocessing/managers.py", line 184, in serve_forever
    sys.exit(0)
SystemExit: 0

During handling of the above exception, another exception occurred:

Traceback (most recent call last):
  File "/opt/pypy/lib/pypy3.11/multiprocessing/util.py", line 303, in _run_finalizers
    finalizer()
  File "/opt/pypy/lib/pypy3.11/multiprocessing/util.py", line 227, in __call__
    res = self._callback(*self._args, **self._kwargs)
          ^^^^^^^^^^^^^^^^^^^^^^^^^^^^^^^^^^^^^^^^^^^
  File "/opt/pypy/lib/pypy3.11/multiprocessing/util.py", line 136, in _remove_temp_dir
    rmtree(tempdir, onerror=onerror)
  File "/opt/pypy/lib/pypy3.11/shutil.py", line 752, in rmtree
    _rmtree_safe_fd(fd, path, onerror)
  File "/opt/pypy/lib/pypy3.11/shutil.py", line 703, in _rmtree_safe_fd
    onerror(os.unlink, fullname, sys.exc_info())
  File "/opt/pypy/lib/pypy3.11/shutil.py", line 701, in _rmtree_safe_fd
    os.unlink(entry.name, dir_fd=topfd)
OSError: [Errno 16] Device or resource busy: '.nfs00000028809d002000004cba'
Traceback (most recent call last):
  File "/opt/pypy/lib/pypy3.11/multiprocessing/process.py", line 314, in _bootstrap
    self.run()
  File "/opt/pypy/lib/pypy3.11/multiprocessing/process.py", line 108, in run
    self._target(*self._args, **self._kwargs)
  File "/opt/pypy/lib/pypy3.11/multiprocessing/managers.py", line 600, in _run_server
    server.serve_forever()
  File "/opt/pypy/lib/pypy3.11/multiprocessing/managers.py", line 184, in serve_forever
    sys.exit(0)
SystemExit: 0

During handling of the above exception, another exception occurred:

Traceback (most recent call last):
  File "/opt/pypy/lib/pypy3.11/multiprocessing/util.py", line 303, in _run_finalizers
    finalizer()
  File "/opt/pypy/lib/pypy3.11/multiprocessing/util.py", line 227, in __call__
    res = self._callback(*self._args, **self._kwargs)
          ^^^^^^^^^^^^^^^^^^^^^^^^^^^^^^^^^^^^^^^^^^^
  File "/opt/pypy/lib/pypy3.11/multiprocessing/util.py", line 136, in _remove_temp_dir
    rmtree(tempdir, onerror=onerror)
  File "/opt/pypy/lib/pypy3.11/shutil.py", line 752, in rmtree
    _rmtree_safe_fd(fd, path, onerror)
  File "/opt/pypy/lib/pypy3.11/shutil.py", line 703, in _rmtree_safe_fd
    onerror(os.unlink, fullname, sys.exc_info())
  File "/opt/pypy/lib/pypy3.11/shutil.py", line 701, in _rmtree_safe_fd
    os.unlink(entry.name, dir_fd=topfd)
OSError: [Errno 16] Device or resource busy: '.nfs000000290129603800004cbb'
Traceback (most recent call last):
  File "/opt/pypy/lib/pypy3.11/multiprocessing/process.py", line 314, in _bootstrap
    self.run()
  File "/opt/pypy/lib/pypy3.11/multiprocessing/process.py", line 108, in run
    self._target(*self._args, **self._kwargs)
  File "/opt/pypy/lib/pypy3.11/multiprocessing/managers.py", line 600, in _run_server
    server.serve_forever()
  File "/opt/pypy/lib/pypy3.11/multiprocessing/managers.py", line 184, in serve_forever
    sys.exit(0)
SystemExit: 0

During handling of the above exception, another exception occurred:

Traceback (most recent call last):
  File "/opt/pypy/lib/pypy3.11/multiprocessing/util.py", line 303, in _run_finalizers
    finalizer()
  File "/opt/pypy/lib/pypy3.11/multiprocessing/util.py", line 227, in __call__
    res = self._callback(*self._args, **self._kwargs)
          ^^^^^^^^^^^^^^^^^^^^^^^^^^^^^^^^^^^^^^^^^^^
  File "/opt/pypy/lib/pypy3.11/multiprocessing/util.py", line 136, in _remove_temp_dir
    rmtree(tempdir, onerror=onerror)
  File "/opt/pypy/lib/pypy3.11/shutil.py", line 752, in rmtree
    _rmtree_safe_fd(fd, path, onerror)
  File "/opt/pypy/lib/pypy3.11/shutil.py", line 703, in _rmtree_safe_fd
    onerror(os.unlink, fullname, sys.exc_info())
  File "/opt/pypy/lib/pypy3.11/shutil.py", line 701, in _rmtree_safe_fd
    os.unlink(entry.name, dir_fd=topfd)
OSError: [Errno 16] Device or resource busy: '.nfs0000002980de1c0400004cbc'
Traceback (most recent call last):
  File "/opt/pypy/lib/pypy3.11/multiprocessing/process.py", line 314, in _bootstrap
    self.run()
  File "/opt/pypy/lib/pypy3.11/multiprocessing/process.py", line 108, in run
    self._target(*self._args, **self._kwargs)
  File "/opt/pypy/lib/pypy3.11/multiprocessing/managers.py", line 600, in _run_server
    server.serve_forever()
  File "/opt/pypy/lib/pypy3.11/multiprocessing/managers.py", line 184, in serve_forever
    sys.exit(0)
SystemExit: 0

During handling of the above exception, another exception occurred:

Traceback (most recent call last):
  File "/opt/pypy/lib/pypy3.11/multiprocessing/util.py", line 303, in _run_finalizers
    finalizer()
  File "/opt/pypy/lib/pypy3.11/multiprocessing/util.py", line 227, in __call__
    res = self._callback(*self._args, **self._kwargs)
          ^^^^^^^^^^^^^^^^^^^^^^^^^^^^^^^^^^^^^^^^^^^
  File "/opt/pypy/lib/pypy3.11/multiprocessing/util.py", line 136, in _remove_temp_dir
    rmtree(tempdir, onerror=onerror)
  File "/opt/pypy/lib/pypy3.11/shutil.py", line 752, in rmtree
    _rmtree_safe_fd(fd, path, onerror)
  File "/opt/pypy/lib/pypy3.11/shutil.py", line 703, in _rmtree_safe_fd
    onerror(os.unlink, fullname, sys.exc_info())
  File "/opt/pypy/lib/pypy3.11/shutil.py", line 701, in _rmtree_safe_fd
    os.unlink(entry.name, dir_fd=topfd)
OSError: [Errno 16] Device or resource busy: '.nfs0000002a0038d43600004cbd'
Traceback (most recent call last):
  File "/opt/pypy/lib/pypy3.11/multiprocessing/process.py", line 314, in _bootstrap
    self.run()
  File "/opt/pypy/lib/pypy3.11/multiprocessing/process.py", line 108, in run
    self._target(*self._args, **self._kwargs)
  File "/opt/pypy/lib/pypy3.11/multiprocessing/managers.py", line 600, in _run_server
    server.serve_forever()
  File "/opt/pypy/lib/pypy3.11/multiprocessing/managers.py", line 184, in serve_forever
    sys.exit(0)
SystemExit: 0

During handling of the above exception, another exception occurred:

Traceback (most recent call last):
  File "/opt/pypy/lib/pypy3.11/multiprocessing/util.py", line 303, in _run_finalizers
    finalizer()
  File "/opt/pypy/lib/pypy3.11/multiprocessing/util.py", line 227, in __call__
    res = self._callback(*self._args, **self._kwargs)
          ^^^^^^^^^^^^^^^^^^^^^^^^^^^^^^^^^^^^^^^^^^^
  File "/opt/pypy/lib/pypy3.11/multiprocessing/util.py", line 136, in _remove_temp_dir
    rmtree(tempdir, onerror=onerror)
  File "/opt/pypy/lib/pypy3.11/shutil.py", line 752, in rmtree
    _rmtree_safe_fd(fd, path, onerror)
  File "/opt/pypy/lib/pypy3.11/shutil.py", line 703, in _rmtree_safe_fd
    onerror(os.unlink, fullname, sys.exc_info())
  File "/opt/pypy/lib/pypy3.11/shutil.py", line 701, in _rmtree_safe_fd
    os.unlink(entry.name, dir_fd=topfd)
OSError: [Errno 16] Device or resource busy: '.nfs0000002a808ba03b00004cbe'
Traceback (most recent call last):
  File "/opt/pypy/lib/pypy3.11/multiprocessing/process.py", line 314, in _bootstrap
    self.run()
  File "/opt/pypy/lib/pypy3.11/multiprocessing/process.py", line 108, in run
    self._target(*self._args, **self._kwargs)
  File "/opt/pypy/lib/pypy3.11/multiprocessing/managers.py", line 600, in _run_server
    server.serve_forever()
  File "/opt/pypy/lib/pypy3.11/multiprocessing/managers.py", line 184, in serve_forever
    sys.exit(0)
SystemExit: 0

During handling of the above exception, another exception occurred:

Traceback (most recent call last):
  File "/opt/pypy/lib/pypy3.11/multiprocessing/util.py", line 303, in _run_finalizers
    finalizer()
  File "/opt/pypy/lib/pypy3.11/multiprocessing/util.py", line 227, in __call__
    res = self._callback(*self._args, **self._kwargs)
          ^^^^^^^^^^^^^^^^^^^^^^^^^^^^^^^^^^^^^^^^^^^
  File "/opt/pypy/lib/pypy3.11/multiprocessing/util.py", line 136, in _remove_temp_dir
    rmtree(tempdir, onerror=onerror)
  File "/opt/pypy/lib/pypy3.11/shutil.py", line 752, in rmtree
    _rmtree_safe_fd(fd, path, onerror)
  File "/opt/pypy/lib/pypy3.11/shutil.py", line 703, in _rmtree_safe_fd
    onerror(os.unlink, fullname, sys.exc_info())
  File "/opt/pypy/lib/pypy3.11/shutil.py", line 701, in _rmtree_safe_fd
    os.unlink(entry.name, dir_fd=topfd)
OSError: [Errno 16] Device or resource busy: '.nfs0000002b00b2583c00004cbf'
Traceback (most recent call last):
  File "/opt/pypy/lib/pypy3.11/multiprocessing/process.py", line 314, in _bootstrap
    self.run()
  File "/opt/pypy/lib/pypy3.11/multiprocessing/process.py", line 108, in run
    self._target(*self._args, **self._kwargs)
  File "/opt/pypy/lib/pypy3.11/multiprocessing/managers.py", line 600, in _run_server
    server.serve_forever()
  File "/opt/pypy/lib/pypy3.11/multiprocessing/managers.py", line 184, in serve_forever
    sys.exit(0)
SystemExit: 0

During handling of the above exception, another exception occurred:

Traceback (most recent call last):
  File "/opt/pypy/lib/pypy3.11/multiprocessing/util.py", line 303, in _run_finalizers
    finalizer()
  File "/opt/pypy/lib/pypy3.11/multiprocessing/util.py", line 227, in __call__
    res = self._callback(*self._args, **self._kwargs)
          ^^^^^^^^^^^^^^^^^^^^^^^^^^^^^^^^^^^^^^^^^^^
  File "/opt/pypy/lib/pypy3.11/multiprocessing/util.py", line 136, in _remove_temp_dir
    rmtree(tempdir, onerror=onerror)
  File "/opt/pypy/lib/pypy3.11/shutil.py", line 752, in rmtree
    _rmtree_safe_fd(fd, path, onerror)
  File "/opt/pypy/lib/pypy3.11/shutil.py", line 703, in _rmtree_safe_fd
    onerror(os.unlink, fullname, sys.exc_info())
  File "/opt/pypy/lib/pypy3.11/shutil.py", line 701, in _rmtree_safe_fd
    os.unlink(entry.name, dir_fd=topfd)
OSError: [Errno 16] Device or resource busy: '.nfs0000002b80abd01d00004cc0'
Traceback (most recent call last):
  File "/opt/pypy/lib/pypy3.11/multiprocessing/process.py", line 314, in _bootstrap
    self.run()
  File "/opt/pypy/lib/pypy3.11/multiprocessing/process.py", line 108, in run
    self._target(*self._args, **self._kwargs)
  File "/opt/pypy/lib/pypy3.11/multiprocessing/managers.py", line 600, in _run_server
    server.serve_forever()
  File "/opt/pypy/lib/pypy3.11/multiprocessing/managers.py", line 184, in serve_forever
    sys.exit(0)
SystemExit: 0

During handling of the above exception, another exception occurred:

Traceback (most recent call last):
  File "/opt/pypy/lib/pypy3.11/multiprocessing/util.py", line 303, in _run_finalizers
    finalizer()
  File "/opt/pypy/lib/pypy3.11/multiprocessing/util.py", line 227, in __call__
    res = self._callback(*self._args, **self._kwargs)
          ^^^^^^^^^^^^^^^^^^^^^^^^^^^^^^^^^^^^^^^^^^^
  File "/opt/pypy/lib/pypy3.11/multiprocessing/util.py", line 136, in _remove_temp_dir
    rmtree(tempdir, onerror=onerror)
  File "/opt/pypy/lib/pypy3.11/shutil.py", line 752, in rmtree
    _rmtree_safe_fd(fd, path, onerror)
  File "/opt/pypy/lib/pypy3.11/shutil.py", line 703, in _rmtree_safe_fd
    onerror(os.unlink, fullname, sys.exc_info())
  File "/opt/pypy/lib/pypy3.11/shutil.py", line 701, in _rmtree_safe_fd
    os.unlink(entry.name, dir_fd=topfd)
OSError: [Errno 16] Device or resource busy: '.nfs0000002c04b04c0400004cc1'
Traceback (most recent call last):
  File "/opt/pypy/lib/pypy3.11/multiprocessing/process.py", line 314, in _bootstrap
    self.run()
  File "/opt/pypy/lib/pypy3.11/multiprocessing/process.py", line 108, in run
    self._target(*self._args, **self._kwargs)
  File "/opt/pypy/lib/pypy3.11/multiprocessing/managers.py", line 600, in _run_server
    server.serve_forever()
  File "/opt/pypy/lib/pypy3.11/multiprocessing/managers.py", line 184, in serve_forever
    sys.exit(0)
SystemExit: 0

During handling of the above exception, another exception occurred:

Traceback (most recent call last):
  File "/opt/pypy/lib/pypy3.11/multiprocessing/util.py", line 303, in _run_finalizers
    finalizer()
  File "/opt/pypy/lib/pypy3.11/multiprocessing/util.py", line 227, in __call__
    res = self._callback(*self._args, **self._kwargs)
          ^^^^^^^^^^^^^^^^^^^^^^^^^^^^^^^^^^^^^^^^^^^
  File "/opt/pypy/lib/pypy3.11/multiprocessing/util.py", line 136, in _remove_temp_dir
    rmtree(tempdir, onerror=onerror)
  File "/opt/pypy/lib/pypy3.11/shutil.py", line 752, in rmtree
    _rmtree_safe_fd(fd, path, onerror)
  File "/opt/pypy/lib/pypy3.11/shutil.py", line 703, in _rmtree_safe_fd
    onerror(os.unlink, fullname, sys.exc_info())
  File "/opt/pypy/lib/pypy3.11/shutil.py", line 701, in _rmtree_safe_fd
    os.unlink(entry.name, dir_fd=topfd)
OSError: [Errno 16] Device or resource busy: '.nfs0000002c803cb83900004cc2'
Traceback (most recent call last):
  File "/opt/pypy/lib/pypy3.11/multiprocessing/process.py", line 314, in _bootstrap
    self.run()
  File "/opt/pypy/lib/pypy3.11/multiprocessing/process.py", line 108, in run
    self._target(*self._args, **self._kwargs)
  File "/opt/pypy/lib/pypy3.11/multiprocessing/managers.py", line 600, in _run_server
    server.serve_forever()
  File "/opt/pypy/lib/pypy3.11/multiprocessing/managers.py", line 184, in serve_forever
    sys.exit(0)
SystemExit: 0

During handling of the above exception, another exception occurred:

Traceback (most recent call last):
  File "/opt/pypy/lib/pypy3.11/multiprocessing/util.py", line 303, in _run_finalizers
    finalizer()
  File "/opt/pypy/lib/pypy3.11/multiprocessing/util.py", line 227, in __call__
    res = self._callback(*self._args, **self._kwargs)
          ^^^^^^^^^^^^^^^^^^^^^^^^^^^^^^^^^^^^^^^^^^^
  File "/opt/pypy/lib/pypy3.11/multiprocessing/util.py", line 136, in _remove_temp_dir
    rmtree(tempdir, onerror=onerror)
  File "/opt/pypy/lib/pypy3.11/shutil.py", line 752, in rmtree
    _rmtree_safe_fd(fd, path, onerror)
  File "/opt/pypy/lib/pypy3.11/shutil.py", line 703, in _rmtree_safe_fd
    onerror(os.unlink, fullname, sys.exc_info())
  File "/opt/pypy/lib/pypy3.11/shutil.py", line 701, in _rmtree_safe_fd
    os.unlink(entry.name, dir_fd=topfd)
OSError: [Errno 16] Device or resource busy: '.nfs0000002d0227c03b00004cc3'
Traceback (most recent call last):
  File "/opt/pypy/lib/pypy3.11/multiprocessing/process.py", line 314, in _bootstrap
    self.run()
  File "/opt/pypy/lib/pypy3.11/multiprocessing/process.py", line 108, in run
    self._target(*self._args, **self._kwargs)
  File "/opt/pypy/lib/pypy3.11/multiprocessing/managers.py", line 600, in _run_server
    server.serve_forever()
  File "/opt/pypy/lib/pypy3.11/multiprocessing/managers.py", line 184, in serve_forever
    sys.exit(0)
SystemExit: 0

During handling of the above exception, another exception occurred:

Traceback (most recent call last):
  File "/opt/pypy/lib/pypy3.11/multiprocessing/util.py", line 303, in _run_finalizers
    finalizer()
  File "/opt/pypy/lib/pypy3.11/multiprocessing/util.py", line 227, in __call__
    res = self._callback(*self._args, **self._kwargs)
          ^^^^^^^^^^^^^^^^^^^^^^^^^^^^^^^^^^^^^^^^^^^
  File "/opt/pypy/lib/pypy3.11/multiprocessing/util.py", line 136, in _remove_temp_dir
    rmtree(tempdir, onerror=onerror)
  File "/opt/pypy/lib/pypy3.11/shutil.py", line 752, in rmtree
    _rmtree_safe_fd(fd, path, onerror)
  File "/opt/pypy/lib/pypy3.11/shutil.py", line 703, in _rmtree_safe_fd
    onerror(os.unlink, fullname, sys.exc_info())
  File "/opt/pypy/lib/pypy3.11/shutil.py", line 701, in _rmtree_safe_fd
    os.unlink(entry.name, dir_fd=topfd)
OSError: [Errno 16] Device or resource busy: '.nfs0000002d80e63c5e00004cc4'
Traceback (most recent call last):
  File "/opt/pypy/lib/pypy3.11/multiprocessing/process.py", line 314, in _bootstrap
    self.run()
  File "/opt/pypy/lib/pypy3.11/multiprocessing/process.py", line 108, in run
    self._target(*self._args, **self._kwargs)
  File "/opt/pypy/lib/pypy3.11/multiprocessing/managers.py", line 600, in _run_server
    server.serve_forever()
  File "/opt/pypy/lib/pypy3.11/multiprocessing/managers.py", line 184, in serve_forever
    sys.exit(0)
SystemExit: 0

During handling of the above exception, another exception occurred:

Traceback (most recent call last):
  File "/opt/pypy/lib/pypy3.11/multiprocessing/util.py", line 303, in _run_finalizers
    finalizer()
  File "/opt/pypy/lib/pypy3.11/multiprocessing/util.py", line 227, in __call__
    res = self._callback(*self._args, **self._kwargs)
          ^^^^^^^^^^^^^^^^^^^^^^^^^^^^^^^^^^^^^^^^^^^
  File "/opt/pypy/lib/pypy3.11/multiprocessing/util.py", line 136, in _remove_temp_dir
    rmtree(tempdir, onerror=onerror)
  File "/opt/pypy/lib/pypy3.11/shutil.py", line 752, in rmtree
    _rmtree_safe_fd(fd, path, onerror)
  File "/opt/pypy/lib/pypy3.11/shutil.py", line 703, in _rmtree_safe_fd
    onerror(os.unlink, fullname, sys.exc_info())
  File "/opt/pypy/lib/pypy3.11/shutil.py", line 701, in _rmtree_safe_fd
    os.unlink(entry.name, dir_fd=topfd)
OSError: [Errno 16] Device or resource busy: '.nfs0000002e00dd302600004cc5'
Traceback (most recent call last):
  File "/opt/pypy/lib/pypy3.11/multiprocessing/process.py", line 314, in _bootstrap
    self.run()
  File "/opt/pypy/lib/pypy3.11/multiprocessing/process.py", line 108, in run
    self._target(*self._args, **self._kwargs)
  File "/opt/pypy/lib/pypy3.11/multiprocessing/managers.py", line 600, in _run_server
    server.serve_forever()
  File "/opt/pypy/lib/pypy3.11/multiprocessing/managers.py", line 184, in serve_forever
    sys.exit(0)
SystemExit: 0

During handling of the above exception, another exception occurred:

Traceback (most recent call last):
  File "/opt/pypy/lib/pypy3.11/multiprocessing/util.py", line 303, in _run_finalizers
    finalizer()
  File "/opt/pypy/lib/pypy3.11/multiprocessing/util.py", line 227, in __call__
    res = self._callback(*self._args, **self._kwargs)
          ^^^^^^^^^^^^^^^^^^^^^^^^^^^^^^^^^^^^^^^^^^^
  File "/opt/pypy/lib/pypy3.11/multiprocessing/util.py", line 136, in _remove_temp_dir
    rmtree(tempdir, onerror=onerror)
  File "/opt/pypy/lib/pypy3.11/shutil.py", line 752, in rmtree
    _rmtree_safe_fd(fd, path, onerror)
  File "/opt/pypy/lib/pypy3.11/shutil.py", line 703, in _rmtree_safe_fd
    onerror(os.unlink, fullname, sys.exc_info())
  File "/opt/pypy/lib/pypy3.11/shutil.py", line 701, in _rmtree_safe_fd
    os.unlink(entry.name, dir_fd=topfd)
OSError: [Errno 16] Device or resource busy: '.nfs0000002edd6a302d00004cc6'
Traceback (most recent call last):
  File "/opt/pypy/lib/pypy3.11/multiprocessing/process.py", line 314, in _bootstrap
    self.run()
  File "/opt/pypy/lib/pypy3.11/multiprocessing/process.py", line 108, in run
    self._target(*self._args, **self._kwargs)
  File "/opt/pypy/lib/pypy3.11/multiprocessing/managers.py", line 600, in _run_server
    server.serve_forever()
  File "/opt/pypy/lib/pypy3.11/multiprocessing/managers.py", line 184, in serve_forever
    sys.exit(0)
SystemExit: 0

During handling of the above exception, another exception occurred:

Traceback (most recent call last):
  File "/opt/pypy/lib/pypy3.11/multiprocessing/util.py", line 303, in _run_finalizers
    finalizer()
  File "/opt/pypy/lib/pypy3.11/multiprocessing/util.py", line 227, in __call__
    res = self._callback(*self._args, **self._kwargs)
          ^^^^^^^^^^^^^^^^^^^^^^^^^^^^^^^^^^^^^^^^^^^
  File "/opt/pypy/lib/pypy3.11/multiprocessing/util.py", line 136, in _remove_temp_dir
    rmtree(tempdir, onerror=onerror)
  File "/opt/pypy/lib/pypy3.11/shutil.py", line 752, in rmtree
    _rmtree_safe_fd(fd, path, onerror)
  File "/opt/pypy/lib/pypy3.11/shutil.py", line 703, in _rmtree_safe_fd
    onerror(os.unlink, fullname, sys.exc_info())
  File "/opt/pypy/lib/pypy3.11/shutil.py", line 701, in _rmtree_safe_fd
    os.unlink(entry.name, dir_fd=topfd)
OSError: [Errno 16] Device or resource busy: '.nfs0000002f019d282700004cc7'
Traceback (most recent call last):
  File "/opt/pypy/lib/pypy3.11/multiprocessing/process.py", line 314, in _bootstrap
    self.run()
  File "/opt/pypy/lib/pypy3.11/multiprocessing/process.py", line 108, in run
    self._target(*self._args, **self._kwargs)
  File "/opt/pypy/lib/pypy3.11/multiprocessing/managers.py", line 600, in _run_server
    server.serve_forever()
  File "/opt/pypy/lib/pypy3.11/multiprocessing/managers.py", line 184, in serve_forever
    sys.exit(0)
SystemExit: 0

During handling of the above exception, another exception occurred:

Traceback (most recent call last):
  File "/opt/pypy/lib/pypy3.11/multiprocessing/util.py", line 303, in _run_finalizers
    finalizer()
  File "/opt/pypy/lib/pypy3.11/multiprocessing/util.py", line 227, in __call__
    res = self._callback(*self._args, **self._kwargs)
          ^^^^^^^^^^^^^^^^^^^^^^^^^^^^^^^^^^^^^^^^^^^
  File "/opt/pypy/lib/pypy3.11/multiprocessing/util.py", line 136, in _remove_temp_dir
    rmtree(tempdir, onerror=onerror)
  File "/opt/pypy/lib/pypy3.11/shutil.py", line 752, in rmtree
    _rmtree_safe_fd(fd, path, onerror)
  File "/opt/pypy/lib/pypy3.11/shutil.py", line 703, in _rmtree_safe_fd
    onerror(os.unlink, fullname, sys.exc_info())
  File "/opt/pypy/lib/pypy3.11/shutil.py", line 701, in _rmtree_safe_fd
    os.unlink(entry.name, dir_fd=topfd)
OSError: [Errno 16] Device or resource busy: '.nfs0000002f9446e82800004cc8'
Traceback (most recent call last):
  File "/opt/pypy/lib/pypy3.11/multiprocessing/process.py", line 314, in _bootstrap
    self.run()
  File "/opt/pypy/lib/pypy3.11/multiprocessing/process.py", line 108, in run
    self._target(*self._args, **self._kwargs)
  File "/opt/pypy/lib/pypy3.11/multiprocessing/managers.py", line 600, in _run_server
    server.serve_forever()
  File "/opt/pypy/lib/pypy3.11/multiprocessing/managers.py", line 184, in serve_forever
    sys.exit(0)
SystemExit: 0

During handling of the above exception, another exception occurred:

Traceback (most recent call last):
  File "/opt/pypy/lib/pypy3.11/multiprocessing/util.py", line 303, in _run_finalizers
    finalizer()
  File "/opt/pypy/lib/pypy3.11/multiprocessing/util.py", line 227, in __call__
    res = self._callback(*self._args, **self._kwargs)
          ^^^^^^^^^^^^^^^^^^^^^^^^^^^^^^^^^^^^^^^^^^^
  File "/opt/pypy/lib/pypy3.11/multiprocessing/util.py", line 136, in _remove_temp_dir
    rmtree(tempdir, onerror=onerror)
  File "/opt/pypy/lib/pypy3.11/shutil.py", line 752, in rmtree
    _rmtree_safe_fd(fd, path, onerror)
  File "/opt/pypy/lib/pypy3.11/shutil.py", line 703, in _rmtree_safe_fd
    onerror(os.unlink, fullname, sys.exc_info())
  File "/opt/pypy/lib/pypy3.11/shutil.py", line 701, in _rmtree_safe_fd
    os.unlink(entry.name, dir_fd=topfd)
OSError: [Errno 16] Device or resource busy: '.nfs0000003000b8383700004cc9'
Traceback (most recent call last):
  File "/opt/pypy/lib/pypy3.11/multiprocessing/process.py", line 314, in _bootstrap
    self.run()
  File "/opt/pypy/lib/pypy3.11/multiprocessing/process.py", line 108, in run
    self._target(*self._args, **self._kwargs)
  File "/opt/pypy/lib/pypy3.11/multiprocessing/managers.py", line 600, in _run_server
    server.serve_forever()
  File "/opt/pypy/lib/pypy3.11/multiprocessing/managers.py", line 184, in serve_forever
    sys.exit(0)
SystemExit: 0

During handling of the above exception, another exception occurred:

Traceback (most recent call last):
  File "/opt/pypy/lib/pypy3.11/multiprocessing/util.py", line 303, in _run_finalizers
    finalizer()
  File "/opt/pypy/lib/pypy3.11/multiprocessing/util.py", line 227, in __call__
    res = self._callback(*self._args, **self._kwargs)
          ^^^^^^^^^^^^^^^^^^^^^^^^^^^^^^^^^^^^^^^^^^^
  File "/opt/pypy/lib/pypy3.11/multiprocessing/util.py", line 136, in _remove_temp_dir
    rmtree(tempdir, onerror=onerror)
  File "/opt/pypy/lib/pypy3.11/shutil.py", line 752, in rmtree
    _rmtree_safe_fd(fd, path, onerror)
  File "/opt/pypy/lib/pypy3.11/shutil.py", line 703, in _rmtree_safe_fd
    onerror(os.unlink, fullname, sys.exc_info())
  File "/opt/pypy/lib/pypy3.11/shutil.py", line 701, in _rmtree_safe_fd
    os.unlink(entry.name, dir_fd=topfd)
OSError: [Errno 16] Device or resource busy: '.nfs000000309101582100004cca'
Traceback (most recent call last):
  File "/opt/pypy/lib/pypy3.11/multiprocessing/process.py", line 314, in _bootstrap
    self.run()
  File "/opt/pypy/lib/pypy3.11/multiprocessing/process.py", line 108, in run
    self._target(*self._args, **self._kwargs)
  File "/opt/pypy/lib/pypy3.11/multiprocessing/managers.py", line 600, in _run_server
    server.serve_forever()
  File "/opt/pypy/lib/pypy3.11/multiprocessing/managers.py", line 184, in serve_forever
    sys.exit(0)
SystemExit: 0

During handling of the above exception, another exception occurred:

Traceback (most recent call last):
  File "/opt/pypy/lib/pypy3.11/multiprocessing/util.py", line 303, in _run_finalizers
    finalizer()
  File "/opt/pypy/lib/pypy3.11/multiprocessing/util.py", line 227, in __call__
    res = self._callback(*self._args, **self._kwargs)
          ^^^^^^^^^^^^^^^^^^^^^^^^^^^^^^^^^^^^^^^^^^^
  File "/opt/pypy/lib/pypy3.11/multiprocessing/util.py", line 136, in _remove_temp_dir
    rmtree(tempdir, onerror=onerror)
  File "/opt/pypy/lib/pypy3.11/shutil.py", line 752, in rmtree
    _rmtree_safe_fd(fd, path, onerror)
  File "/opt/pypy/lib/pypy3.11/shutil.py", line 703, in _rmtree_safe_fd
    onerror(os.unlink, fullname, sys.exc_info())
  File "/opt/pypy/lib/pypy3.11/shutil.py", line 701, in _rmtree_safe_fd
    os.unlink(entry.name, dir_fd=topfd)
OSError: [Errno 16] Device or resource busy: '.nfs0000003100d0b81a00004ccb'
Traceback (most recent call last):
  File "/opt/pypy/lib/pypy3.11/multiprocessing/process.py", line 314, in _bootstrap
    self.run()
  File "/opt/pypy/lib/pypy3.11/multiprocessing/process.py", line 108, in run
    self._target(*self._args, **self._kwargs)
  File "/opt/pypy/lib/pypy3.11/multiprocessing/managers.py", line 600, in _run_server
    server.serve_forever()
  File "/opt/pypy/lib/pypy3.11/multiprocessing/managers.py", line 184, in serve_forever
    sys.exit(0)
SystemExit: 0

During handling of the above exception, another exception occurred:

Traceback (most recent call last):
  File "/opt/pypy/lib/pypy3.11/multiprocessing/util.py", line 303, in _run_finalizers
    finalizer()
  File "/opt/pypy/lib/pypy3.11/multiprocessing/util.py", line 227, in __call__
    res = self._callback(*self._args, **self._kwargs)
          ^^^^^^^^^^^^^^^^^^^^^^^^^^^^^^^^^^^^^^^^^^^
  File "/opt/pypy/lib/pypy3.11/multiprocessing/util.py", line 136, in _remove_temp_dir
    rmtree(tempdir, onerror=onerror)
  File "/opt/pypy/lib/pypy3.11/shutil.py", line 752, in rmtree
    _rmtree_safe_fd(fd, path, onerror)
  File "/opt/pypy/lib/pypy3.11/shutil.py", line 703, in _rmtree_safe_fd
    onerror(os.unlink, fullname, sys.exc_info())
  File "/opt/pypy/lib/pypy3.11/shutil.py", line 701, in _rmtree_safe_fd
    os.unlink(entry.name, dir_fd=topfd)
OSError: [Errno 16] Device or resource busy: '.nfs000000318069080a00004ccc'
Traceback (most recent call last):
  File "/opt/pypy/lib/pypy3.11/multiprocessing/process.py", line 314, in _bootstrap
    self.run()
  File "/opt/pypy/lib/pypy3.11/multiprocessing/process.py", line 108, in run
    self._target(*self._args, **self._kwargs)
  File "/opt/pypy/lib/pypy3.11/multiprocessing/managers.py", line 600, in _run_server
    server.serve_forever()
  File "/opt/pypy/lib/pypy3.11/multiprocessing/managers.py", line 184, in serve_forever
    sys.exit(0)
SystemExit: 0

During handling of the above exception, another exception occurred:

Traceback (most recent call last):
  File "/opt/pypy/lib/pypy3.11/multiprocessing/util.py", line 303, in _run_finalizers
    finalizer()
  File "/opt/pypy/lib/pypy3.11/multiprocessing/util.py", line 227, in __call__
    res = self._callback(*self._args, **self._kwargs)
          ^^^^^^^^^^^^^^^^^^^^^^^^^^^^^^^^^^^^^^^^^^^
  File "/opt/pypy/lib/pypy3.11/multiprocessing/util.py", line 136, in _remove_temp_dir
    rmtree(tempdir, onerror=onerror)
  File "/opt/pypy/lib/pypy3.11/shutil.py", line 752, in rmtree
    _rmtree_safe_fd(fd, path, onerror)
  File "/opt/pypy/lib/pypy3.11/shutil.py", line 703, in _rmtree_safe_fd
    onerror(os.unlink, fullname, sys.exc_info())
  File "/opt/pypy/lib/pypy3.11/shutil.py", line 701, in _rmtree_safe_fd
    os.unlink(entry.name, dir_fd=topfd)
OSError: [Errno 16] Device or resource busy: '.nfs000000320102a81f00004ccd'
Traceback (most recent call last):
  File "/opt/pypy/lib/pypy3.11/multiprocessing/process.py", line 314, in _bootstrap
    self.run()
  File "/opt/pypy/lib/pypy3.11/multiprocessing/process.py", line 108, in run
    self._target(*self._args, **self._kwargs)
  File "/opt/pypy/lib/pypy3.11/multiprocessing/managers.py", line 600, in _run_server
    server.serve_forever()
  File "/opt/pypy/lib/pypy3.11/multiprocessing/managers.py", line 184, in serve_forever
    sys.exit(0)
SystemExit: 0

During handling of the above exception, another exception occurred:

Traceback (most recent call last):
  File "/opt/pypy/lib/pypy3.11/multiprocessing/util.py", line 303, in _run_finalizers
    finalizer()
  File "/opt/pypy/lib/pypy3.11/multiprocessing/util.py", line 227, in __call__
    res = self._callback(*self._args, **self._kwargs)
          ^^^^^^^^^^^^^^^^^^^^^^^^^^^^^^^^^^^^^^^^^^^
  File "/opt/pypy/lib/pypy3.11/multiprocessing/util.py", line 136, in _remove_temp_dir
    rmtree(tempdir, onerror=onerror)
  File "/opt/pypy/lib/pypy3.11/shutil.py", line 752, in rmtree
    _rmtree_safe_fd(fd, path, onerror)
  File "/opt/pypy/lib/pypy3.11/shutil.py", line 703, in _rmtree_safe_fd
    onerror(os.unlink, fullname, sys.exc_info())
  File "/opt/pypy/lib/pypy3.11/shutil.py", line 701, in _rmtree_safe_fd
    os.unlink(entry.name, dir_fd=topfd)
OSError: [Errno 16] Device or resource busy: '.nfs000000329a0c3c3f00004cce'
Traceback (most recent call last):
  File "/opt/pypy/lib/pypy3.11/multiprocessing/process.py", line 314, in _bootstrap
    self.run()
  File "/opt/pypy/lib/pypy3.11/multiprocessing/process.py", line 108, in run
    self._target(*self._args, **self._kwargs)
  File "/opt/pypy/lib/pypy3.11/multiprocessing/managers.py", line 600, in _run_server
    server.serve_forever()
  File "/opt/pypy/lib/pypy3.11/multiprocessing/managers.py", line 184, in serve_forever
    sys.exit(0)
SystemExit: 0

During handling of the above exception, another exception occurred:

Traceback (most recent call last):
  File "/opt/pypy/lib/pypy3.11/multiprocessing/util.py", line 303, in _run_finalizers
    finalizer()
  File "/opt/pypy/lib/pypy3.11/multiprocessing/util.py", line 227, in __call__
    res = self._callback(*self._args, **self._kwargs)
          ^^^^^^^^^^^^^^^^^^^^^^^^^^^^^^^^^^^^^^^^^^^
  File "/opt/pypy/lib/pypy3.11/multiprocessing/util.py", line 136, in _remove_temp_dir
    rmtree(tempdir, onerror=onerror)
  File "/opt/pypy/lib/pypy3.11/shutil.py", line 752, in rmtree
    _rmtree_safe_fd(fd, path, onerror)
  File "/opt/pypy/lib/pypy3.11/shutil.py", line 703, in _rmtree_safe_fd
    onerror(os.unlink, fullname, sys.exc_info())
  File "/opt/pypy/lib/pypy3.11/shutil.py", line 701, in _rmtree_safe_fd
    os.unlink(entry.name, dir_fd=topfd)
OSError: [Errno 16] Device or resource busy: '.nfs0000003320f7081100004ccf'
Traceback (most recent call last):
  File "/opt/pypy/lib/pypy3.11/multiprocessing/process.py", line 314, in _bootstrap
    self.run()
  File "/opt/pypy/lib/pypy3.11/multiprocessing/process.py", line 108, in run
    self._target(*self._args, **self._kwargs)
  File "/opt/pypy/lib/pypy3.11/multiprocessing/managers.py", line 600, in _run_server
    server.serve_forever()
  File "/opt/pypy/lib/pypy3.11/multiprocessing/managers.py", line 184, in serve_forever
    sys.exit(0)
SystemExit: 0

During handling of the above exception, another exception occurred:

Traceback (most recent call last):
  File "/opt/pypy/lib/pypy3.11/multiprocessing/util.py", line 303, in _run_finalizers
    finalizer()
  File "/opt/pypy/lib/pypy3.11/multiprocessing/util.py", line 227, in __call__
    res = self._callback(*self._args, **self._kwargs)
          ^^^^^^^^^^^^^^^^^^^^^^^^^^^^^^^^^^^^^^^^^^^
  File "/opt/pypy/lib/pypy3.11/multiprocessing/util.py", line 136, in _remove_temp_dir
    rmtree(tempdir, onerror=onerror)
  File "/opt/pypy/lib/pypy3.11/shutil.py", line 752, in rmtree
    _rmtree_safe_fd(fd, path, onerror)
  File "/opt/pypy/lib/pypy3.11/shutil.py", line 703, in _rmtree_safe_fd
    onerror(os.unlink, fullname, sys.exc_info())
  File "/opt/pypy/lib/pypy3.11/shutil.py", line 701, in _rmtree_safe_fd
    os.unlink(entry.name, dir_fd=topfd)
OSError: [Errno 16] Device or resource busy: '.nfs000000339a07383100004cd0'
Traceback (most recent call last):
  File "/opt/pypy/lib/pypy3.11/multiprocessing/process.py", line 314, in _bootstrap
    self.run()
  File "/opt/pypy/lib/pypy3.11/multiprocessing/process.py", line 108, in run
    self._target(*self._args, **self._kwargs)
  File "/opt/pypy/lib/pypy3.11/multiprocessing/managers.py", line 600, in _run_server
    server.serve_forever()
  File "/opt/pypy/lib/pypy3.11/multiprocessing/managers.py", line 184, in serve_forever
    sys.exit(0)
SystemExit: 0

During handling of the above exception, another exception occurred:

Traceback (most recent call last):
  File "/opt/pypy/lib/pypy3.11/multiprocessing/util.py", line 303, in _run_finalizers
    finalizer()
  File "/opt/pypy/lib/pypy3.11/multiprocessing/util.py", line 227, in __call__
    res = self._callback(*self._args, **self._kwargs)
          ^^^^^^^^^^^^^^^^^^^^^^^^^^^^^^^^^^^^^^^^^^^
  File "/opt/pypy/lib/pypy3.11/multiprocessing/util.py", line 136, in _remove_temp_dir
    rmtree(tempdir, onerror=onerror)
  File "/opt/pypy/lib/pypy3.11/shutil.py", line 752, in rmtree
    _rmtree_safe_fd(fd, path, onerror)
  File "/opt/pypy/lib/pypy3.11/shutil.py", line 703, in _rmtree_safe_fd
    onerror(os.unlink, fullname, sys.exc_info())
  File "/opt/pypy/lib/pypy3.11/shutil.py", line 701, in _rmtree_safe_fd
    os.unlink(entry.name, dir_fd=topfd)
OSError: [Errno 16] Device or resource busy: '.nfs00000034002a082700004cd1'
Traceback (most recent call last):
  File "/opt/pypy/lib/pypy3.11/multiprocessing/process.py", line 314, in _bootstrap
    self.run()
  File "/opt/pypy/lib/pypy3.11/multiprocessing/process.py", line 108, in run
    self._target(*self._args, **self._kwargs)
  File "/opt/pypy/lib/pypy3.11/multiprocessing/managers.py", line 600, in _run_server
    server.serve_forever()
  File "/opt/pypy/lib/pypy3.11/multiprocessing/managers.py", line 184, in serve_forever
    sys.exit(0)
SystemExit: 0

During handling of the above exception, another exception occurred:

Traceback (most recent call last):
  File "/opt/pypy/lib/pypy3.11/multiprocessing/util.py", line 303, in _run_finalizers
    finalizer()
  File "/opt/pypy/lib/pypy3.11/multiprocessing/util.py", line 227, in __call__
    res = self._callback(*self._args, **self._kwargs)
          ^^^^^^^^^^^^^^^^^^^^^^^^^^^^^^^^^^^^^^^^^^^
  File "/opt/pypy/lib/pypy3.11/multiprocessing/util.py", line 136, in _remove_temp_dir
    rmtree(tempdir, onerror=onerror)
  File "/opt/pypy/lib/pypy3.11/shutil.py", line 752, in rmtree
    _rmtree_safe_fd(fd, path, onerror)
  File "/opt/pypy/lib/pypy3.11/shutil.py", line 703, in _rmtree_safe_fd
    onerror(os.unlink, fullname, sys.exc_info())
  File "/opt/pypy/lib/pypy3.11/shutil.py", line 701, in _rmtree_safe_fd
    os.unlink(entry.name, dir_fd=topfd)
OSError: [Errno 16] Device or resource busy: '.nfs000000350246f43700004cd2'
Traceback (most recent call last):
  File "/opt/pypy/lib/pypy3.11/multiprocessing/process.py", line 314, in _bootstrap
    self.run()
  File "/opt/pypy/lib/pypy3.11/multiprocessing/process.py", line 108, in run
    self._target(*self._args, **self._kwargs)
  File "/opt/pypy/lib/pypy3.11/multiprocessing/managers.py", line 600, in _run_server
    server.serve_forever()
  File "/opt/pypy/lib/pypy3.11/multiprocessing/managers.py", line 184, in serve_forever
    sys.exit(0)
SystemExit: 0

During handling of the above exception, another exception occurred:

Traceback (most recent call last):
  File "/opt/pypy/lib/pypy3.11/multiprocessing/util.py", line 303, in _run_finalizers
    finalizer()
  File "/opt/pypy/lib/pypy3.11/multiprocessing/util.py", line 227, in __call__
    res = self._callback(*self._args, **self._kwargs)
          ^^^^^^^^^^^^^^^^^^^^^^^^^^^^^^^^^^^^^^^^^^^
  File "/opt/pypy/lib/pypy3.11/multiprocessing/util.py", line 136, in _remove_temp_dir
    rmtree(tempdir, onerror=onerror)
  File "/opt/pypy/lib/pypy3.11/shutil.py", line 752, in rmtree
    _rmtree_safe_fd(fd, path, onerror)
  File "/opt/pypy/lib/pypy3.11/shutil.py", line 703, in _rmtree_safe_fd
    onerror(os.unlink, fullname, sys.exc_info())
  File "/opt/pypy/lib/pypy3.11/shutil.py", line 701, in _rmtree_safe_fd
    os.unlink(entry.name, dir_fd=topfd)
OSError: [Errno 16] Device or resource busy: '.nfs0000003581df740000004cd3'
Traceback (most recent call last):
  File "/opt/pypy/lib/pypy3.11/multiprocessing/process.py", line 314, in _bootstrap
    self.run()
  File "/opt/pypy/lib/pypy3.11/multiprocessing/process.py", line 108, in run
    self._target(*self._args, **self._kwargs)
  File "/opt/pypy/lib/pypy3.11/multiprocessing/managers.py", line 600, in _run_server
    server.serve_forever()
  File "/opt/pypy/lib/pypy3.11/multiprocessing/managers.py", line 184, in serve_forever
    sys.exit(0)
SystemExit: 0

During handling of the above exception, another exception occurred:

Traceback (most recent call last):
  File "/opt/pypy/lib/pypy3.11/multiprocessing/util.py", line 303, in _run_finalizers
    finalizer()
  File "/opt/pypy/lib/pypy3.11/multiprocessing/util.py", line 227, in __call__
    res = self._callback(*self._args, **self._kwargs)
          ^^^^^^^^^^^^^^^^^^^^^^^^^^^^^^^^^^^^^^^^^^^
  File "/opt/pypy/lib/pypy3.11/multiprocessing/util.py", line 136, in _remove_temp_dir
    rmtree(tempdir, onerror=onerror)
  File "/opt/pypy/lib/pypy3.11/shutil.py", line 752, in rmtree
    _rmtree_safe_fd(fd, path, onerror)
  File "/opt/pypy/lib/pypy3.11/shutil.py", line 703, in _rmtree_safe_fd
    onerror(os.unlink, fullname, sys.exc_info())
  File "/opt/pypy/lib/pypy3.11/shutil.py", line 701, in _rmtree_safe_fd
    os.unlink(entry.name, dir_fd=topfd)
OSError: [Errno 16] Device or resource busy: '.nfs00000036027ee83b00004cd4'
Traceback (most recent call last):
  File "/opt/pypy/lib/pypy3.11/multiprocessing/process.py", line 314, in _bootstrap
    self.run()
  File "/opt/pypy/lib/pypy3.11/multiprocessing/process.py", line 108, in run
    self._target(*self._args, **self._kwargs)
  File "/opt/pypy/lib/pypy3.11/multiprocessing/managers.py", line 600, in _run_server
    server.serve_forever()
  File "/opt/pypy/lib/pypy3.11/multiprocessing/managers.py", line 184, in serve_forever
    sys.exit(0)
SystemExit: 0

During handling of the above exception, another exception occurred:

Traceback (most recent call last):
  File "/opt/pypy/lib/pypy3.11/multiprocessing/util.py", line 303, in _run_finalizers
    finalizer()
  File "/opt/pypy/lib/pypy3.11/multiprocessing/util.py", line 227, in __call__
    res = self._callback(*self._args, **self._kwargs)
          ^^^^^^^^^^^^^^^^^^^^^^^^^^^^^^^^^^^^^^^^^^^
  File "/opt/pypy/lib/pypy3.11/multiprocessing/util.py", line 136, in _remove_temp_dir
    rmtree(tempdir, onerror=onerror)
  File "/opt/pypy/lib/pypy3.11/shutil.py", line 752, in rmtree
    _rmtree_safe_fd(fd, path, onerror)
  File "/opt/pypy/lib/pypy3.11/shutil.py", line 703, in _rmtree_safe_fd
    onerror(os.unlink, fullname, sys.exc_info())
  File "/opt/pypy/lib/pypy3.11/shutil.py", line 701, in _rmtree_safe_fd
    os.unlink(entry.name, dir_fd=topfd)
OSError: [Errno 16] Device or resource busy: '.nfs000000369a0d4c3000004cd5'
Traceback (most recent call last):
  File "/opt/pypy/lib/pypy3.11/multiprocessing/process.py", line 314, in _bootstrap
    self.run()
  File "/opt/pypy/lib/pypy3.11/multiprocessing/process.py", line 108, in run
    self._target(*self._args, **self._kwargs)
  File "/opt/pypy/lib/pypy3.11/multiprocessing/managers.py", line 600, in _run_server
    server.serve_forever()
  File "/opt/pypy/lib/pypy3.11/multiprocessing/managers.py", line 184, in serve_forever
    sys.exit(0)
SystemExit: 0

During handling of the above exception, another exception occurred:

Traceback (most recent call last):
  File "/opt/pypy/lib/pypy3.11/multiprocessing/util.py", line 303, in _run_finalizers
    finalizer()
  File "/opt/pypy/lib/pypy3.11/multiprocessing/util.py", line 227, in __call__
    res = self._callback(*self._args, **self._kwargs)
          ^^^^^^^^^^^^^^^^^^^^^^^^^^^^^^^^^^^^^^^^^^^
  File "/opt/pypy/lib/pypy3.11/multiprocessing/util.py", line 136, in _remove_temp_dir
    rmtree(tempdir, onerror=onerror)
  File "/opt/pypy/lib/pypy3.11/shutil.py", line 752, in rmtree
    _rmtree_safe_fd(fd, path, onerror)
  File "/opt/pypy/lib/pypy3.11/shutil.py", line 703, in _rmtree_safe_fd
    onerror(os.unlink, fullname, sys.exc_info())
  File "/opt/pypy/lib/pypy3.11/shutil.py", line 701, in _rmtree_safe_fd
    os.unlink(entry.name, dir_fd=topfd)
OSError: [Errno 16] Device or resource busy: '.nfs000000370213500b00004cd6'
Traceback (most recent call last):
  File "/opt/pypy/lib/pypy3.11/multiprocessing/process.py", line 314, in _bootstrap
    self.run()
  File "/opt/pypy/lib/pypy3.11/multiprocessing/process.py", line 108, in run
    self._target(*self._args, **self._kwargs)
  File "/opt/pypy/lib/pypy3.11/multiprocessing/managers.py", line 600, in _run_server
    server.serve_forever()
  File "/opt/pypy/lib/pypy3.11/multiprocessing/managers.py", line 184, in serve_forever
    sys.exit(0)
SystemExit: 0

During handling of the above exception, another exception occurred:

Traceback (most recent call last):
  File "/opt/pypy/lib/pypy3.11/multiprocessing/util.py", line 303, in _run_finalizers
    finalizer()
  File "/opt/pypy/lib/pypy3.11/multiprocessing/util.py", line 227, in __call__
    res = self._callback(*self._args, **self._kwargs)
          ^^^^^^^^^^^^^^^^^^^^^^^^^^^^^^^^^^^^^^^^^^^
  File "/opt/pypy/lib/pypy3.11/multiprocessing/util.py", line 136, in _remove_temp_dir
    rmtree(tempdir, onerror=onerror)
  File "/opt/pypy/lib/pypy3.11/shutil.py", line 752, in rmtree
    _rmtree_safe_fd(fd, path, onerror)
  File "/opt/pypy/lib/pypy3.11/shutil.py", line 703, in _rmtree_safe_fd
    onerror(os.unlink, fullname, sys.exc_info())
  File "/opt/pypy/lib/pypy3.11/shutil.py", line 701, in _rmtree_safe_fd
    os.unlink(entry.name, dir_fd=topfd)
OSError: [Errno 16] Device or resource busy: '.nfs0000003791c4a83a00004cd7'
Traceback (most recent call last):
  File "/opt/pypy/lib/pypy3.11/multiprocessing/process.py", line 314, in _bootstrap
    self.run()
  File "/opt/pypy/lib/pypy3.11/multiprocessing/process.py", line 108, in run
    self._target(*self._args, **self._kwargs)
  File "/opt/pypy/lib/pypy3.11/multiprocessing/managers.py", line 600, in _run_server
    server.serve_forever()
  File "/opt/pypy/lib/pypy3.11/multiprocessing/managers.py", line 184, in serve_forever
    sys.exit(0)
SystemExit: 0

During handling of the above exception, another exception occurred:

Traceback (most recent call last):
  File "/opt/pypy/lib/pypy3.11/multiprocessing/util.py", line 303, in _run_finalizers
    finalizer()
  File "/opt/pypy/lib/pypy3.11/multiprocessing/util.py", line 227, in __call__
    res = self._callback(*self._args, **self._kwargs)
          ^^^^^^^^^^^^^^^^^^^^^^^^^^^^^^^^^^^^^^^^^^^
  File "/opt/pypy/lib/pypy3.11/multiprocessing/util.py", line 136, in _remove_temp_dir
    rmtree(tempdir, onerror=onerror)
  File "/opt/pypy/lib/pypy3.11/shutil.py", line 752, in rmtree
    _rmtree_safe_fd(fd, path, onerror)
  File "/opt/pypy/lib/pypy3.11/shutil.py", line 703, in _rmtree_safe_fd
    onerror(os.unlink, fullname, sys.exc_info())
  File "/opt/pypy/lib/pypy3.11/shutil.py", line 701, in _rmtree_safe_fd
    os.unlink(entry.name, dir_fd=topfd)
OSError: [Errno 16] Device or resource busy: '.nfs0000003803948c2b00004cd8'
Traceback (most recent call last):
  File "/opt/pypy/lib/pypy3.11/multiprocessing/process.py", line 314, in _bootstrap
    self.run()
  File "/opt/pypy/lib/pypy3.11/multiprocessing/process.py", line 108, in run
    self._target(*self._args, **self._kwargs)
  File "/opt/pypy/lib/pypy3.11/multiprocessing/managers.py", line 600, in _run_server
    server.serve_forever()
  File "/opt/pypy/lib/pypy3.11/multiprocessing/managers.py", line 184, in serve_forever
    sys.exit(0)
SystemExit: 0

During handling of the above exception, another exception occurred:

Traceback (most recent call last):
  File "/opt/pypy/lib/pypy3.11/multiprocessing/util.py", line 303, in _run_finalizers
    finalizer()
  File "/opt/pypy/lib/pypy3.11/multiprocessing/util.py", line 227, in __call__
    res = self._callback(*self._args, **self._kwargs)
          ^^^^^^^^^^^^^^^^^^^^^^^^^^^^^^^^^^^^^^^^^^^
  File "/opt/pypy/lib/pypy3.11/multiprocessing/util.py", line 136, in _remove_temp_dir
    rmtree(tempdir, onerror=onerror)
  File "/opt/pypy/lib/pypy3.11/shutil.py", line 752, in rmtree
    _rmtree_safe_fd(fd, path, onerror)
  File "/opt/pypy/lib/pypy3.11/shutil.py", line 703, in _rmtree_safe_fd
    onerror(os.unlink, fullname, sys.exc_info())
  File "/opt/pypy/lib/pypy3.11/shutil.py", line 701, in _rmtree_safe_fd
    os.unlink(entry.name, dir_fd=topfd)
OSError: [Errno 16] Device or resource busy: '.nfs0000003883aa780a00004cd9'
Traceback (most recent call last):
  File "/opt/pypy/lib/pypy3.11/multiprocessing/process.py", line 314, in _bootstrap
    self.run()
  File "/opt/pypy/lib/pypy3.11/multiprocessing/process.py", line 108, in run
    self._target(*self._args, **self._kwargs)
  File "/opt/pypy/lib/pypy3.11/multiprocessing/managers.py", line 600, in _run_server
    server.serve_forever()
  File "/opt/pypy/lib/pypy3.11/multiprocessing/managers.py", line 184, in serve_forever
    sys.exit(0)
SystemExit: 0

During handling of the above exception, another exception occurred:

Traceback (most recent call last):
  File "/opt/pypy/lib/pypy3.11/multiprocessing/util.py", line 303, in _run_finalizers
    finalizer()
  File "/opt/pypy/lib/pypy3.11/multiprocessing/util.py", line 227, in __call__
    res = self._callback(*self._args, **self._kwargs)
          ^^^^^^^^^^^^^^^^^^^^^^^^^^^^^^^^^^^^^^^^^^^
  File "/opt/pypy/lib/pypy3.11/multiprocessing/util.py", line 136, in _remove_temp_dir
    rmtree(tempdir, onerror=onerror)
  File "/opt/pypy/lib/pypy3.11/shutil.py", line 752, in rmtree
    _rmtree_safe_fd(fd, path, onerror)
  File "/opt/pypy/lib/pypy3.11/shutil.py", line 703, in _rmtree_safe_fd
    onerror(os.unlink, fullname, sys.exc_info())
  File "/opt/pypy/lib/pypy3.11/shutil.py", line 701, in _rmtree_safe_fd
    os.unlink(entry.name, dir_fd=topfd)
OSError: [Errno 16] Device or resource busy: '.nfs00000039018abc1400004cda'
Traceback (most recent call last):
  File "/opt/pypy/lib/pypy3.11/multiprocessing/process.py", line 314, in _bootstrap
    self.run()
  File "/opt/pypy/lib/pypy3.11/multiprocessing/process.py", line 108, in run
    self._target(*self._args, **self._kwargs)
  File "/opt/pypy/lib/pypy3.11/multiprocessing/managers.py", line 600, in _run_server
    server.serve_forever()
  File "/opt/pypy/lib/pypy3.11/multiprocessing/managers.py", line 184, in serve_forever
    sys.exit(0)
SystemExit: 0

During handling of the above exception, another exception occurred:

Traceback (most recent call last):
  File "/opt/pypy/lib/pypy3.11/multiprocessing/util.py", line 303, in _run_finalizers
    finalizer()
  File "/opt/pypy/lib/pypy3.11/multiprocessing/util.py", line 227, in __call__
    res = self._callback(*self._args, **self._kwargs)
          ^^^^^^^^^^^^^^^^^^^^^^^^^^^^^^^^^^^^^^^^^^^
  File "/opt/pypy/lib/pypy3.11/multiprocessing/util.py", line 136, in _remove_temp_dir
    rmtree(tempdir, onerror=onerror)
  File "/opt/pypy/lib/pypy3.11/shutil.py", line 752, in rmtree
    _rmtree_safe_fd(fd, path, onerror)
  File "/opt/pypy/lib/pypy3.11/shutil.py", line 703, in _rmtree_safe_fd
    onerror(os.unlink, fullname, sys.exc_info())
  File "/opt/pypy/lib/pypy3.11/shutil.py", line 701, in _rmtree_safe_fd
    os.unlink(entry.name, dir_fd=topfd)
OSError: [Errno 16] Device or resource busy: '.nfs0000003a805e343200004cdb'
Traceback (most recent call last):
  File "/opt/pypy/lib/pypy3.11/multiprocessing/process.py", line 314, in _bootstrap
    self.run()
  File "/opt/pypy/lib/pypy3.11/multiprocessing/process.py", line 108, in run
    self._target(*self._args, **self._kwargs)
  File "/opt/pypy/lib/pypy3.11/multiprocessing/managers.py", line 600, in _run_server
    server.serve_forever()
  File "/opt/pypy/lib/pypy3.11/multiprocessing/managers.py", line 184, in serve_forever
    sys.exit(0)
SystemExit: 0

During handling of the above exception, another exception occurred:

Traceback (most recent call last):
  File "/opt/pypy/lib/pypy3.11/multiprocessing/util.py", line 303, in _run_finalizers
    finalizer()
  File "/opt/pypy/lib/pypy3.11/multiprocessing/util.py", line 227, in __call__
    res = self._callback(*self._args, **self._kwargs)
          ^^^^^^^^^^^^^^^^^^^^^^^^^^^^^^^^^^^^^^^^^^^
  File "/opt/pypy/lib/pypy3.11/multiprocessing/util.py", line 136, in _remove_temp_dir
    rmtree(tempdir, onerror=onerror)
  File "/opt/pypy/lib/pypy3.11/shutil.py", line 752, in rmtree
    _rmtree_safe_fd(fd, path, onerror)
  File "/opt/pypy/lib/pypy3.11/shutil.py", line 703, in _rmtree_safe_fd
    onerror(os.unlink, fullname, sys.exc_info())
  File "/opt/pypy/lib/pypy3.11/shutil.py", line 701, in _rmtree_safe_fd
    os.unlink(entry.name, dir_fd=topfd)
OSError: [Errno 16] Device or resource busy: '.nfs0000003b0017f40200004cdc'
Traceback (most recent call last):
  File "/opt/pypy/lib/pypy3.11/multiprocessing/process.py", line 314, in _bootstrap
    self.run()
  File "/opt/pypy/lib/pypy3.11/multiprocessing/process.py", line 108, in run
    self._target(*self._args, **self._kwargs)
  File "/opt/pypy/lib/pypy3.11/multiprocessing/managers.py", line 600, in _run_server
    server.serve_forever()
  File "/opt/pypy/lib/pypy3.11/multiprocessing/managers.py", line 184, in serve_forever
    sys.exit(0)
SystemExit: 0

During handling of the above exception, another exception occurred:

Traceback (most recent call last):
  File "/opt/pypy/lib/pypy3.11/multiprocessing/util.py", line 303, in _run_finalizers
    finalizer()
  File "/opt/pypy/lib/pypy3.11/multiprocessing/util.py", line 227, in __call__
    res = self._callback(*self._args, **self._kwargs)
          ^^^^^^^^^^^^^^^^^^^^^^^^^^^^^^^^^^^^^^^^^^^
  File "/opt/pypy/lib/pypy3.11/multiprocessing/util.py", line 136, in _remove_temp_dir
    rmtree(tempdir, onerror=onerror)
  File "/opt/pypy/lib/pypy3.11/shutil.py", line 752, in rmtree
    _rmtree_safe_fd(fd, path, onerror)
  File "/opt/pypy/lib/pypy3.11/shutil.py", line 703, in _rmtree_safe_fd
    onerror(os.unlink, fullname, sys.exc_info())
  File "/opt/pypy/lib/pypy3.11/shutil.py", line 701, in _rmtree_safe_fd
    os.unlink(entry.name, dir_fd=topfd)
OSError: [Errno 16] Device or resource busy: '.nfs0000003b8e39402900004cdd'
Traceback (most recent call last):
  File "/opt/pypy/lib/pypy3.11/multiprocessing/process.py", line 314, in _bootstrap
    self.run()
  File "/opt/pypy/lib/pypy3.11/multiprocessing/process.py", line 108, in run
    self._target(*self._args, **self._kwargs)
  File "/opt/pypy/lib/pypy3.11/multiprocessing/managers.py", line 600, in _run_server
    server.serve_forever()
  File "/opt/pypy/lib/pypy3.11/multiprocessing/managers.py", line 184, in serve_forever
    sys.exit(0)
SystemExit: 0

During handling of the above exception, another exception occurred:

Traceback (most recent call last):
  File "/opt/pypy/lib/pypy3.11/multiprocessing/util.py", line 303, in _run_finalizers
    finalizer()
  File "/opt/pypy/lib/pypy3.11/multiprocessing/util.py", line 227, in __call__
    res = self._callback(*self._args, **self._kwargs)
          ^^^^^^^^^^^^^^^^^^^^^^^^^^^^^^^^^^^^^^^^^^^
  File "/opt/pypy/lib/pypy3.11/multiprocessing/util.py", line 136, in _remove_temp_dir
    rmtree(tempdir, onerror=onerror)
  File "/opt/pypy/lib/pypy3.11/shutil.py", line 752, in rmtree
    _rmtree_safe_fd(fd, path, onerror)
  File "/opt/pypy/lib/pypy3.11/shutil.py", line 703, in _rmtree_safe_fd
    onerror(os.unlink, fullname, sys.exc_info())
  File "/opt/pypy/lib/pypy3.11/shutil.py", line 701, in _rmtree_safe_fd
    os.unlink(entry.name, dir_fd=topfd)
OSError: [Errno 16] Device or resource busy: '.nfs0000003c003d680300004cde'
Traceback (most recent call last):
  File "/opt/pypy/lib/pypy3.11/multiprocessing/process.py", line 314, in _bootstrap
    self.run()
  File "/opt/pypy/lib/pypy3.11/multiprocessing/process.py", line 108, in run
    self._target(*self._args, **self._kwargs)
  File "/opt/pypy/lib/pypy3.11/multiprocessing/managers.py", line 600, in _run_server
    server.serve_forever()
  File "/opt/pypy/lib/pypy3.11/multiprocessing/managers.py", line 184, in serve_forever
    sys.exit(0)
SystemExit: 0

During handling of the above exception, another exception occurred:

Traceback (most recent call last):
  File "/opt/pypy/lib/pypy3.11/multiprocessing/util.py", line 303, in _run_finalizers
    finalizer()
  File "/opt/pypy/lib/pypy3.11/multiprocessing/util.py", line 227, in __call__
    res = self._callback(*self._args, **self._kwargs)
          ^^^^^^^^^^^^^^^^^^^^^^^^^^^^^^^^^^^^^^^^^^^
  File "/opt/pypy/lib/pypy3.11/multiprocessing/util.py", line 136, in _remove_temp_dir
    rmtree(tempdir, onerror=onerror)
  File "/opt/pypy/lib/pypy3.11/shutil.py", line 752, in rmtree
    _rmtree_safe_fd(fd, path, onerror)
  File "/opt/pypy/lib/pypy3.11/shutil.py", line 703, in _rmtree_safe_fd
    onerror(os.unlink, fullname, sys.exc_info())
  File "/opt/pypy/lib/pypy3.11/shutil.py", line 701, in _rmtree_safe_fd
    os.unlink(entry.name, dir_fd=topfd)
OSError: [Errno 16] Device or resource busy: '.nfs0000003c83e9142700004cdf'
Traceback (most recent call last):
  File "/opt/pypy/lib/pypy3.11/multiprocessing/process.py", line 314, in _bootstrap
    self.run()
  File "/opt/pypy/lib/pypy3.11/multiprocessing/process.py", line 108, in run
    self._target(*self._args, **self._kwargs)
  File "/opt/pypy/lib/pypy3.11/multiprocessing/managers.py", line 600, in _run_server
    server.serve_forever()
  File "/opt/pypy/lib/pypy3.11/multiprocessing/managers.py", line 184, in serve_forever
    sys.exit(0)
SystemExit: 0

During handling of the above exception, another exception occurred:

Traceback (most recent call last):
  File "/opt/pypy/lib/pypy3.11/multiprocessing/util.py", line 303, in _run_finalizers
    finalizer()
  File "/opt/pypy/lib/pypy3.11/multiprocessing/util.py", line 227, in __call__
    res = self._callback(*self._args, **self._kwargs)
          ^^^^^^^^^^^^^^^^^^^^^^^^^^^^^^^^^^^^^^^^^^^
  File "/opt/pypy/lib/pypy3.11/multiprocessing/util.py", line 136, in _remove_temp_dir
    rmtree(tempdir, onerror=onerror)
  File "/opt/pypy/lib/pypy3.11/shutil.py", line 752, in rmtree
    _rmtree_safe_fd(fd, path, onerror)
  File "/opt/pypy/lib/pypy3.11/shutil.py", line 703, in _rmtree_safe_fd
    onerror(os.unlink, fullname, sys.exc_info())
  File "/opt/pypy/lib/pypy3.11/shutil.py", line 701, in _rmtree_safe_fd
    os.unlink(entry.name, dir_fd=topfd)
OSError: [Errno 16] Device or resource busy: '.nfs0000003d0028406500004ce0'
Traceback (most recent call last):
  File "/opt/pypy/lib/pypy3.11/multiprocessing/process.py", line 314, in _bootstrap
    self.run()
  File "/opt/pypy/lib/pypy3.11/multiprocessing/process.py", line 108, in run
    self._target(*self._args, **self._kwargs)
  File "/opt/pypy/lib/pypy3.11/multiprocessing/managers.py", line 600, in _run_server
    server.serve_forever()
  File "/opt/pypy/lib/pypy3.11/multiprocessing/managers.py", line 184, in serve_forever
    sys.exit(0)
SystemExit: 0

During handling of the above exception, another exception occurred:

Traceback (most recent call last):
  File "/opt/pypy/lib/pypy3.11/multiprocessing/util.py", line 303, in _run_finalizers
    finalizer()
  File "/opt/pypy/lib/pypy3.11/multiprocessing/util.py", line 227, in __call__
    res = self._callback(*self._args, **self._kwargs)
          ^^^^^^^^^^^^^^^^^^^^^^^^^^^^^^^^^^^^^^^^^^^
  File "/opt/pypy/lib/pypy3.11/multiprocessing/util.py", line 136, in _remove_temp_dir
    rmtree(tempdir, onerror=onerror)
  File "/opt/pypy/lib/pypy3.11/shutil.py", line 752, in rmtree
    _rmtree_safe_fd(fd, path, onerror)
  File "/opt/pypy/lib/pypy3.11/shutil.py", line 703, in _rmtree_safe_fd
    onerror(os.unlink, fullname, sys.exc_info())
  File "/opt/pypy/lib/pypy3.11/shutil.py", line 701, in _rmtree_safe_fd
    os.unlink(entry.name, dir_fd=topfd)
OSError: [Errno 16] Device or resource busy: '.nfs0000003d8000e02000004ce1'
Traceback (most recent call last):
  File "/opt/pypy/lib/pypy3.11/multiprocessing/process.py", line 314, in _bootstrap
    self.run()
  File "/opt/pypy/lib/pypy3.11/multiprocessing/process.py", line 108, in run
    self._target(*self._args, **self._kwargs)
  File "/opt/pypy/lib/pypy3.11/multiprocessing/managers.py", line 600, in _run_server
    server.serve_forever()
  File "/opt/pypy/lib/pypy3.11/multiprocessing/managers.py", line 184, in serve_forever
    sys.exit(0)
SystemExit: 0

During handling of the above exception, another exception occurred:

Traceback (most recent call last):
  File "/opt/pypy/lib/pypy3.11/multiprocessing/util.py", line 303, in _run_finalizers
    finalizer()
  File "/opt/pypy/lib/pypy3.11/multiprocessing/util.py", line 227, in __call__
    res = self._callback(*self._args, **self._kwargs)
          ^^^^^^^^^^^^^^^^^^^^^^^^^^^^^^^^^^^^^^^^^^^
  File "/opt/pypy/lib/pypy3.11/multiprocessing/util.py", line 136, in _remove_temp_dir
    rmtree(tempdir, onerror=onerror)
  File "/opt/pypy/lib/pypy3.11/shutil.py", line 752, in rmtree
    _rmtree_safe_fd(fd, path, onerror)
  File "/opt/pypy/lib/pypy3.11/shutil.py", line 703, in _rmtree_safe_fd
    onerror(os.unlink, fullname, sys.exc_info())
  File "/opt/pypy/lib/pypy3.11/shutil.py", line 701, in _rmtree_safe_fd
    os.unlink(entry.name, dir_fd=topfd)
OSError: [Errno 16] Device or resource busy: '.nfs0000003e00f3583800004ce2'
Traceback (most recent call last):
  File "/opt/pypy/lib/pypy3.11/multiprocessing/process.py", line 314, in _bootstrap
    self.run()
  File "/opt/pypy/lib/pypy3.11/multiprocessing/process.py", line 108, in run
    self._target(*self._args, **self._kwargs)
  File "/opt/pypy/lib/pypy3.11/multiprocessing/managers.py", line 600, in _run_server
    server.serve_forever()
  File "/opt/pypy/lib/pypy3.11/multiprocessing/managers.py", line 184, in serve_forever
    sys.exit(0)
SystemExit: 0

During handling of the above exception, another exception occurred:

Traceback (most recent call last):
  File "/opt/pypy/lib/pypy3.11/multiprocessing/util.py", line 303, in _run_finalizers
    finalizer()
  File "/opt/pypy/lib/pypy3.11/multiprocessing/util.py", line 227, in __call__
    res = self._callback(*self._args, **self._kwargs)
          ^^^^^^^^^^^^^^^^^^^^^^^^^^^^^^^^^^^^^^^^^^^
  File "/opt/pypy/lib/pypy3.11/multiprocessing/util.py", line 136, in _remove_temp_dir
    rmtree(tempdir, onerror=onerror)
  File "/opt/pypy/lib/pypy3.11/shutil.py", line 752, in rmtree
    _rmtree_safe_fd(fd, path, onerror)
  File "/opt/pypy/lib/pypy3.11/shutil.py", line 703, in _rmtree_safe_fd
    onerror(os.unlink, fullname, sys.exc_info())
  File "/opt/pypy/lib/pypy3.11/shutil.py", line 701, in _rmtree_safe_fd
    os.unlink(entry.name, dir_fd=topfd)
OSError: [Errno 16] Device or resource busy: '.nfs0000003e83fb6c1200004ce3'
Traceback (most recent call last):
  File "/opt/pypy/lib/pypy3.11/multiprocessing/process.py", line 314, in _bootstrap
    self.run()
  File "/opt/pypy/lib/pypy3.11/multiprocessing/process.py", line 108, in run
    self._target(*self._args, **self._kwargs)
  File "/opt/pypy/lib/pypy3.11/multiprocessing/managers.py", line 600, in _run_server
    server.serve_forever()
  File "/opt/pypy/lib/pypy3.11/multiprocessing/managers.py", line 184, in serve_forever
    sys.exit(0)
SystemExit: 0

During handling of the above exception, another exception occurred:

Traceback (most recent call last):
  File "/opt/pypy/lib/pypy3.11/multiprocessing/util.py", line 303, in _run_finalizers
    finalizer()
  File "/opt/pypy/lib/pypy3.11/multiprocessing/util.py", line 227, in __call__
    res = self._callback(*self._args, **self._kwargs)
          ^^^^^^^^^^^^^^^^^^^^^^^^^^^^^^^^^^^^^^^^^^^
  File "/opt/pypy/lib/pypy3.11/multiprocessing/util.py", line 136, in _remove_temp_dir
    rmtree(tempdir, onerror=onerror)
  File "/opt/pypy/lib/pypy3.11/shutil.py", line 752, in rmtree
    _rmtree_safe_fd(fd, path, onerror)
  File "/opt/pypy/lib/pypy3.11/shutil.py", line 703, in _rmtree_safe_fd
    onerror(os.unlink, fullname, sys.exc_info())
  File "/opt/pypy/lib/pypy3.11/shutil.py", line 701, in _rmtree_safe_fd
    os.unlink(entry.name, dir_fd=topfd)
OSError: [Errno 16] Device or resource busy: '.nfs0000003f00625c1c00004ce4'
Traceback (most recent call last):
  File "/opt/pypy/lib/pypy3.11/multiprocessing/process.py", line 314, in _bootstrap
    self.run()
  File "/opt/pypy/lib/pypy3.11/multiprocessing/process.py", line 108, in run
    self._target(*self._args, **self._kwargs)
  File "/opt/pypy/lib/pypy3.11/multiprocessing/managers.py", line 600, in _run_server
    server.serve_forever()
  File "/opt/pypy/lib/pypy3.11/multiprocessing/managers.py", line 184, in serve_forever
    sys.exit(0)
SystemExit: 0

During handling of the above exception, another exception occurred:

Traceback (most recent call last):
  File "/opt/pypy/lib/pypy3.11/multiprocessing/util.py", line 303, in _run_finalizers
    finalizer()
  File "/opt/pypy/lib/pypy3.11/multiprocessing/util.py", line 227, in __call__
    res = self._callback(*self._args, **self._kwargs)
          ^^^^^^^^^^^^^^^^^^^^^^^^^^^^^^^^^^^^^^^^^^^
  File "/opt/pypy/lib/pypy3.11/multiprocessing/util.py", line 136, in _remove_temp_dir
    rmtree(tempdir, onerror=onerror)
  File "/opt/pypy/lib/pypy3.11/shutil.py", line 752, in rmtree
    _rmtree_safe_fd(fd, path, onerror)
  File "/opt/pypy/lib/pypy3.11/shutil.py", line 703, in _rmtree_safe_fd
    onerror(os.unlink, fullname, sys.exc_info())
  File "/opt/pypy/lib/pypy3.11/shutil.py", line 701, in _rmtree_safe_fd
    os.unlink(entry.name, dir_fd=topfd)
OSError: [Errno 16] Device or resource busy: '.nfs0000003f8905182100004ce5'
Traceback (most recent call last):
  File "/opt/pypy/lib/pypy3.11/multiprocessing/process.py", line 314, in _bootstrap
    self.run()
  File "/opt/pypy/lib/pypy3.11/multiprocessing/process.py", line 108, in run
    self._target(*self._args, **self._kwargs)
  File "/opt/pypy/lib/pypy3.11/multiprocessing/managers.py", line 600, in _run_server
    server.serve_forever()
  File "/opt/pypy/lib/pypy3.11/multiprocessing/managers.py", line 184, in serve_forever
    sys.exit(0)
SystemExit: 0

During handling of the above exception, another exception occurred:

Traceback (most recent call last):
  File "/opt/pypy/lib/pypy3.11/multiprocessing/util.py", line 303, in _run_finalizers
    finalizer()
  File "/opt/pypy/lib/pypy3.11/multiprocessing/util.py", line 227, in __call__
    res = self._callback(*self._args, **self._kwargs)
          ^^^^^^^^^^^^^^^^^^^^^^^^^^^^^^^^^^^^^^^^^^^
  File "/opt/pypy/lib/pypy3.11/multiprocessing/util.py", line 136, in _remove_temp_dir
    rmtree(tempdir, onerror=onerror)
  File "/opt/pypy/lib/pypy3.11/shutil.py", line 752, in rmtree
    _rmtree_safe_fd(fd, path, onerror)
  File "/opt/pypy/lib/pypy3.11/shutil.py", line 703, in _rmtree_safe_fd
    onerror(os.unlink, fullname, sys.exc_info())
  File "/opt/pypy/lib/pypy3.11/shutil.py", line 701, in _rmtree_safe_fd
    os.unlink(entry.name, dir_fd=topfd)
OSError: [Errno 16] Device or resource busy: '.nfs0000004100220c3e00004ce6'
Traceback (most recent call last):
  File "/opt/pypy/lib/pypy3.11/multiprocessing/process.py", line 314, in _bootstrap
    self.run()
  File "/opt/pypy/lib/pypy3.11/multiprocessing/process.py", line 108, in run
    self._target(*self._args, **self._kwargs)
  File "/opt/pypy/lib/pypy3.11/multiprocessing/managers.py", line 600, in _run_server
    server.serve_forever()
  File "/opt/pypy/lib/pypy3.11/multiprocessing/managers.py", line 184, in serve_forever
    sys.exit(0)
SystemExit: 0

During handling of the above exception, another exception occurred:

Traceback (most recent call last):
  File "/opt/pypy/lib/pypy3.11/multiprocessing/util.py", line 303, in _run_finalizers
    finalizer()
  File "/opt/pypy/lib/pypy3.11/multiprocessing/util.py", line 227, in __call__
    res = self._callback(*self._args, **self._kwargs)
          ^^^^^^^^^^^^^^^^^^^^^^^^^^^^^^^^^^^^^^^^^^^
  File "/opt/pypy/lib/pypy3.11/multiprocessing/util.py", line 136, in _remove_temp_dir
    rmtree(tempdir, onerror=onerror)
  File "/opt/pypy/lib/pypy3.11/shutil.py", line 752, in rmtree
    _rmtree_safe_fd(fd, path, onerror)
  File "/opt/pypy/lib/pypy3.11/shutil.py", line 703, in _rmtree_safe_fd
    onerror(os.unlink, fullname, sys.exc_info())
  File "/opt/pypy/lib/pypy3.11/shutil.py", line 701, in _rmtree_safe_fd
    os.unlink(entry.name, dir_fd=topfd)
OSError: [Errno 16] Device or resource busy: '.nfs00000041c682b01e00004ce7'
Traceback (most recent call last):
  File "/opt/pypy/lib/pypy3.11/multiprocessing/process.py", line 314, in _bootstrap
    self.run()
  File "/opt/pypy/lib/pypy3.11/multiprocessing/process.py", line 108, in run
    self._target(*self._args, **self._kwargs)
  File "/opt/pypy/lib/pypy3.11/multiprocessing/managers.py", line 600, in _run_server
    server.serve_forever()
  File "/opt/pypy/lib/pypy3.11/multiprocessing/managers.py", line 184, in serve_forever
    sys.exit(0)
SystemExit: 0

During handling of the above exception, another exception occurred:

Traceback (most recent call last):
  File "/opt/pypy/lib/pypy3.11/multiprocessing/util.py", line 303, in _run_finalizers
    finalizer()
  File "/opt/pypy/lib/pypy3.11/multiprocessing/util.py", line 227, in __call__
    res = self._callback(*self._args, **self._kwargs)
          ^^^^^^^^^^^^^^^^^^^^^^^^^^^^^^^^^^^^^^^^^^^
  File "/opt/pypy/lib/pypy3.11/multiprocessing/util.py", line 136, in _remove_temp_dir
    rmtree(tempdir, onerror=onerror)
  File "/opt/pypy/lib/pypy3.11/shutil.py", line 752, in rmtree
    _rmtree_safe_fd(fd, path, onerror)
  File "/opt/pypy/lib/pypy3.11/shutil.py", line 703, in _rmtree_safe_fd
    onerror(os.unlink, fullname, sys.exc_info())
  File "/opt/pypy/lib/pypy3.11/shutil.py", line 701, in _rmtree_safe_fd
    os.unlink(entry.name, dir_fd=topfd)
OSError: [Errno 16] Device or resource busy: '.nfs00000043000b941d00004ce8'
Traceback (most recent call last):
  File "/opt/pypy/lib/pypy3.11/multiprocessing/process.py", line 314, in _bootstrap
    self.run()
  File "/opt/pypy/lib/pypy3.11/multiprocessing/process.py", line 108, in run
    self._target(*self._args, **self._kwargs)
  File "/opt/pypy/lib/pypy3.11/multiprocessing/managers.py", line 600, in _run_server
    server.serve_forever()
  File "/opt/pypy/lib/pypy3.11/multiprocessing/managers.py", line 184, in serve_forever
    sys.exit(0)
SystemExit: 0

During handling of the above exception, another exception occurred:

Traceback (most recent call last):
  File "/opt/pypy/lib/pypy3.11/multiprocessing/util.py", line 303, in _run_finalizers
    finalizer()
  File "/opt/pypy/lib/pypy3.11/multiprocessing/util.py", line 227, in __call__
    res = self._callback(*self._args, **self._kwargs)
          ^^^^^^^^^^^^^^^^^^^^^^^^^^^^^^^^^^^^^^^^^^^
  File "/opt/pypy/lib/pypy3.11/multiprocessing/util.py", line 136, in _remove_temp_dir
    rmtree(tempdir, onerror=onerror)
  File "/opt/pypy/lib/pypy3.11/shutil.py", line 752, in rmtree
    _rmtree_safe_fd(fd, path, onerror)
  File "/opt/pypy/lib/pypy3.11/shutil.py", line 703, in _rmtree_safe_fd
    onerror(os.unlink, fullname, sys.exc_info())
  File "/opt/pypy/lib/pypy3.11/shutil.py", line 701, in _rmtree_safe_fd
    os.unlink(entry.name, dir_fd=topfd)
OSError: [Errno 16] Device or resource busy: '.nfs000000438033241e00004ce9'
Traceback (most recent call last):
  File "/opt/pypy/lib/pypy3.11/multiprocessing/process.py", line 314, in _bootstrap
    self.run()
  File "/opt/pypy/lib/pypy3.11/multiprocessing/process.py", line 108, in run
    self._target(*self._args, **self._kwargs)
  File "/opt/pypy/lib/pypy3.11/multiprocessing/managers.py", line 600, in _run_server
    server.serve_forever()
  File "/opt/pypy/lib/pypy3.11/multiprocessing/managers.py", line 184, in serve_forever
    sys.exit(0)
SystemExit: 0

During handling of the above exception, another exception occurred:

Traceback (most recent call last):
  File "/opt/pypy/lib/pypy3.11/multiprocessing/util.py", line 303, in _run_finalizers
    finalizer()
  File "/opt/pypy/lib/pypy3.11/multiprocessing/util.py", line 227, in __call__
    res = self._callback(*self._args, **self._kwargs)
          ^^^^^^^^^^^^^^^^^^^^^^^^^^^^^^^^^^^^^^^^^^^
  File "/opt/pypy/lib/pypy3.11/multiprocessing/util.py", line 136, in _remove_temp_dir
    rmtree(tempdir, onerror=onerror)
  File "/opt/pypy/lib/pypy3.11/shutil.py", line 752, in rmtree
    _rmtree_safe_fd(fd, path, onerror)
  File "/opt/pypy/lib/pypy3.11/shutil.py", line 703, in _rmtree_safe_fd
    onerror(os.unlink, fullname, sys.exc_info())
  File "/opt/pypy/lib/pypy3.11/shutil.py", line 701, in _rmtree_safe_fd
    os.unlink(entry.name, dir_fd=topfd)
OSError: [Errno 16] Device or resource busy: '.nfs000000441399600d00004cea'
Traceback (most recent call last):
  File "/opt/pypy/lib/pypy3.11/multiprocessing/process.py", line 314, in _bootstrap
    self.run()
  File "/opt/pypy/lib/pypy3.11/multiprocessing/process.py", line 108, in run
    self._target(*self._args, **self._kwargs)
  File "/opt/pypy/lib/pypy3.11/multiprocessing/managers.py", line 600, in _run_server
    server.serve_forever()
  File "/opt/pypy/lib/pypy3.11/multiprocessing/managers.py", line 184, in serve_forever
    sys.exit(0)
SystemExit: 0

During handling of the above exception, another exception occurred:

Traceback (most recent call last):
  File "/opt/pypy/lib/pypy3.11/multiprocessing/util.py", line 303, in _run_finalizers
    finalizer()
  File "/opt/pypy/lib/pypy3.11/multiprocessing/util.py", line 227, in __call__
    res = self._callback(*self._args, **self._kwargs)
          ^^^^^^^^^^^^^^^^^^^^^^^^^^^^^^^^^^^^^^^^^^^
  File "/opt/pypy/lib/pypy3.11/multiprocessing/util.py", line 136, in _remove_temp_dir
    rmtree(tempdir, onerror=onerror)
  File "/opt/pypy/lib/pypy3.11/shutil.py", line 752, in rmtree
    _rmtree_safe_fd(fd, path, onerror)
  File "/opt/pypy/lib/pypy3.11/shutil.py", line 703, in _rmtree_safe_fd
    onerror(os.unlink, fullname, sys.exc_info())
  File "/opt/pypy/lib/pypy3.11/shutil.py", line 701, in _rmtree_safe_fd
    os.unlink(entry.name, dir_fd=topfd)
OSError: [Errno 16] Device or resource busy: '.nfs000000448031483100004ceb'
Traceback (most recent call last):
  File "/opt/pypy/lib/pypy3.11/multiprocessing/process.py", line 314, in _bootstrap
    self.run()
  File "/opt/pypy/lib/pypy3.11/multiprocessing/process.py", line 108, in run
    self._target(*self._args, **self._kwargs)
  File "/opt/pypy/lib/pypy3.11/multiprocessing/managers.py", line 600, in _run_server
    server.serve_forever()
  File "/opt/pypy/lib/pypy3.11/multiprocessing/managers.py", line 184, in serve_forever
    sys.exit(0)
SystemExit: 0

During handling of the above exception, another exception occurred:

Traceback (most recent call last):
  File "/opt/pypy/lib/pypy3.11/multiprocessing/util.py", line 303, in _run_finalizers
    finalizer()
  File "/opt/pypy/lib/pypy3.11/multiprocessing/util.py", line 227, in __call__
    res = self._callback(*self._args, **self._kwargs)
          ^^^^^^^^^^^^^^^^^^^^^^^^^^^^^^^^^^^^^^^^^^^
  File "/opt/pypy/lib/pypy3.11/multiprocessing/util.py", line 136, in _remove_temp_dir
    rmtree(tempdir, onerror=onerror)
  File "/opt/pypy/lib/pypy3.11/shutil.py", line 752, in rmtree
    _rmtree_safe_fd(fd, path, onerror)
  File "/opt/pypy/lib/pypy3.11/shutil.py", line 703, in _rmtree_safe_fd
    onerror(os.unlink, fullname, sys.exc_info())
  File "/opt/pypy/lib/pypy3.11/shutil.py", line 701, in _rmtree_safe_fd
    os.unlink(entry.name, dir_fd=topfd)
OSError: [Errno 16] Device or resource busy: '.nfs000000458540e80500004cec'
Traceback (most recent call last):
  File "/opt/pypy/lib/pypy3.11/multiprocessing/process.py", line 314, in _bootstrap
    self.run()
  File "/opt/pypy/lib/pypy3.11/multiprocessing/process.py", line 108, in run
    self._target(*self._args, **self._kwargs)
  File "/opt/pypy/lib/pypy3.11/multiprocessing/managers.py", line 600, in _run_server
    server.serve_forever()
  File "/opt/pypy/lib/pypy3.11/multiprocessing/managers.py", line 184, in serve_forever
    sys.exit(0)
SystemExit: 0

During handling of the above exception, another exception occurred:

Traceback (most recent call last):
  File "/opt/pypy/lib/pypy3.11/multiprocessing/util.py", line 303, in _run_finalizers
    finalizer()
  File "/opt/pypy/lib/pypy3.11/multiprocessing/util.py", line 227, in __call__
    res = self._callback(*self._args, **self._kwargs)
          ^^^^^^^^^^^^^^^^^^^^^^^^^^^^^^^^^^^^^^^^^^^
  File "/opt/pypy/lib/pypy3.11/multiprocessing/util.py", line 136, in _remove_temp_dir
    rmtree(tempdir, onerror=onerror)
  File "/opt/pypy/lib/pypy3.11/shutil.py", line 752, in rmtree
    _rmtree_safe_fd(fd, path, onerror)
  File "/opt/pypy/lib/pypy3.11/shutil.py", line 703, in _rmtree_safe_fd
    onerror(os.unlink, fullname, sys.exc_info())
  File "/opt/pypy/lib/pypy3.11/shutil.py", line 701, in _rmtree_safe_fd
    os.unlink(entry.name, dir_fd=topfd)
OSError: [Errno 16] Device or resource busy: '.nfs000000460119141700004ced'
Traceback (most recent call last):
  File "/opt/pypy/lib/pypy3.11/multiprocessing/process.py", line 314, in _bootstrap
    self.run()
  File "/opt/pypy/lib/pypy3.11/multiprocessing/process.py", line 108, in run
    self._target(*self._args, **self._kwargs)
  File "/opt/pypy/lib/pypy3.11/multiprocessing/managers.py", line 600, in _run_server
    server.serve_forever()
  File "/opt/pypy/lib/pypy3.11/multiprocessing/managers.py", line 184, in serve_forever
    sys.exit(0)
SystemExit: 0

During handling of the above exception, another exception occurred:

Traceback (most recent call last):
  File "/opt/pypy/lib/pypy3.11/multiprocessing/util.py", line 303, in _run_finalizers
    finalizer()
  File "/opt/pypy/lib/pypy3.11/multiprocessing/util.py", line 227, in __call__
    res = self._callback(*self._args, **self._kwargs)
          ^^^^^^^^^^^^^^^^^^^^^^^^^^^^^^^^^^^^^^^^^^^
  File "/opt/pypy/lib/pypy3.11/multiprocessing/util.py", line 136, in _remove_temp_dir
    rmtree(tempdir, onerror=onerror)
  File "/opt/pypy/lib/pypy3.11/shutil.py", line 752, in rmtree
    _rmtree_safe_fd(fd, path, onerror)
  File "/opt/pypy/lib/pypy3.11/shutil.py", line 703, in _rmtree_safe_fd
    onerror(os.unlink, fullname, sys.exc_info())
  File "/opt/pypy/lib/pypy3.11/shutil.py", line 701, in _rmtree_safe_fd
    os.unlink(entry.name, dir_fd=topfd)
OSError: [Errno 16] Device or resource busy: '.nfs00000046802aec3700004cee'
Traceback (most recent call last):
  File "/opt/pypy/lib/pypy3.11/multiprocessing/process.py", line 314, in _bootstrap
    self.run()
  File "/opt/pypy/lib/pypy3.11/multiprocessing/process.py", line 108, in run
    self._target(*self._args, **self._kwargs)
  File "/opt/pypy/lib/pypy3.11/multiprocessing/managers.py", line 600, in _run_server
    server.serve_forever()
  File "/opt/pypy/lib/pypy3.11/multiprocessing/managers.py", line 184, in serve_forever
    sys.exit(0)
SystemExit: 0

During handling of the above exception, another exception occurred:

Traceback (most recent call last):
  File "/opt/pypy/lib/pypy3.11/multiprocessing/util.py", line 303, in _run_finalizers
    finalizer()
  File "/opt/pypy/lib/pypy3.11/multiprocessing/util.py", line 227, in __call__
    res = self._callback(*self._args, **self._kwargs)
          ^^^^^^^^^^^^^^^^^^^^^^^^^^^^^^^^^^^^^^^^^^^
  File "/opt/pypy/lib/pypy3.11/multiprocessing/util.py", line 136, in _remove_temp_dir
    rmtree(tempdir, onerror=onerror)
  File "/opt/pypy/lib/pypy3.11/shutil.py", line 752, in rmtree
    _rmtree_safe_fd(fd, path, onerror)
  File "/opt/pypy/lib/pypy3.11/shutil.py", line 703, in _rmtree_safe_fd
    onerror(os.unlink, fullname, sys.exc_info())
  File "/opt/pypy/lib/pypy3.11/shutil.py", line 701, in _rmtree_safe_fd
    os.unlink(entry.name, dir_fd=topfd)
OSError: [Errno 16] Device or resource busy: '.nfs0000004a0645940e00004cef'
Traceback (most recent call last):
  File "/opt/pypy/lib/pypy3.11/multiprocessing/process.py", line 314, in _bootstrap
    self.run()
  File "/opt/pypy/lib/pypy3.11/multiprocessing/process.py", line 108, in run
    self._target(*self._args, **self._kwargs)
  File "/opt/pypy/lib/pypy3.11/multiprocessing/managers.py", line 600, in _run_server
    server.serve_forever()
  File "/opt/pypy/lib/pypy3.11/multiprocessing/managers.py", line 184, in serve_forever
    sys.exit(0)
SystemExit: 0

During handling of the above exception, another exception occurred:

Traceback (most recent call last):
  File "/opt/pypy/lib/pypy3.11/multiprocessing/util.py", line 303, in _run_finalizers
    finalizer()
  File "/opt/pypy/lib/pypy3.11/multiprocessing/util.py", line 227, in __call__
    res = self._callback(*self._args, **self._kwargs)
          ^^^^^^^^^^^^^^^^^^^^^^^^^^^^^^^^^^^^^^^^^^^
  File "/opt/pypy/lib/pypy3.11/multiprocessing/util.py", line 136, in _remove_temp_dir
    rmtree(tempdir, onerror=onerror)
  File "/opt/pypy/lib/pypy3.11/shutil.py", line 752, in rmtree
    _rmtree_safe_fd(fd, path, onerror)
  File "/opt/pypy/lib/pypy3.11/shutil.py", line 703, in _rmtree_safe_fd
    onerror(os.unlink, fullname, sys.exc_info())
  File "/opt/pypy/lib/pypy3.11/shutil.py", line 701, in _rmtree_safe_fd
    os.unlink(entry.name, dir_fd=topfd)
OSError: [Errno 16] Device or resource busy: '.nfs0000004b01e90c0c00004cf0'
Traceback (most recent call last):
  File "/opt/pypy/lib/pypy3.11/multiprocessing/process.py", line 314, in _bootstrap
    self.run()
  File "/opt/pypy/lib/pypy3.11/multiprocessing/process.py", line 108, in run
    self._target(*self._args, **self._kwargs)
  File "/opt/pypy/lib/pypy3.11/multiprocessing/managers.py", line 600, in _run_server
    server.serve_forever()
  File "/opt/pypy/lib/pypy3.11/multiprocessing/managers.py", line 184, in serve_forever
    sys.exit(0)
SystemExit: 0

During handling of the above exception, another exception occurred:

Traceback (most recent call last):
  File "/opt/pypy/lib/pypy3.11/multiprocessing/util.py", line 303, in _run_finalizers
    finalizer()
  File "/opt/pypy/lib/pypy3.11/multiprocessing/util.py", line 227, in __call__
    res = self._callback(*self._args, **self._kwargs)
          ^^^^^^^^^^^^^^^^^^^^^^^^^^^^^^^^^^^^^^^^^^^
  File "/opt/pypy/lib/pypy3.11/multiprocessing/util.py", line 136, in _remove_temp_dir
    rmtree(tempdir, onerror=onerror)
  File "/opt/pypy/lib/pypy3.11/shutil.py", line 752, in rmtree
    _rmtree_safe_fd(fd, path, onerror)
  File "/opt/pypy/lib/pypy3.11/shutil.py", line 703, in _rmtree_safe_fd
    onerror(os.unlink, fullname, sys.exc_info())
  File "/opt/pypy/lib/pypy3.11/shutil.py", line 701, in _rmtree_safe_fd
    os.unlink(entry.name, dir_fd=topfd)
OSError: [Errno 16] Device or resource busy: '.nfs0000004b822b3c2400004cf1'
Traceback (most recent call last):
  File "/opt/pypy/lib/pypy3.11/multiprocessing/process.py", line 314, in _bootstrap
    self.run()
  File "/opt/pypy/lib/pypy3.11/multiprocessing/process.py", line 108, in run
    self._target(*self._args, **self._kwargs)
  File "/opt/pypy/lib/pypy3.11/multiprocessing/managers.py", line 600, in _run_server
    server.serve_forever()
  File "/opt/pypy/lib/pypy3.11/multiprocessing/managers.py", line 184, in serve_forever
    sys.exit(0)
SystemExit: 0

During handling of the above exception, another exception occurred:

Traceback (most recent call last):
  File "/opt/pypy/lib/pypy3.11/multiprocessing/util.py", line 303, in _run_finalizers
    finalizer()
  File "/opt/pypy/lib/pypy3.11/multiprocessing/util.py", line 227, in __call__
    res = self._callback(*self._args, **self._kwargs)
          ^^^^^^^^^^^^^^^^^^^^^^^^^^^^^^^^^^^^^^^^^^^
  File "/opt/pypy/lib/pypy3.11/multiprocessing/util.py", line 136, in _remove_temp_dir
    rmtree(tempdir, onerror=onerror)
  File "/opt/pypy/lib/pypy3.11/shutil.py", line 752, in rmtree
    _rmtree_safe_fd(fd, path, onerror)
  File "/opt/pypy/lib/pypy3.11/shutil.py", line 703, in _rmtree_safe_fd
    onerror(os.unlink, fullname, sys.exc_info())
  File "/opt/pypy/lib/pypy3.11/shutil.py", line 701, in _rmtree_safe_fd
    os.unlink(entry.name, dir_fd=topfd)
OSError: [Errno 16] Device or resource busy: '.nfs0000004c02b2141a00004cf2'
Traceback (most recent call last):
  File "/opt/pypy/lib/pypy3.11/multiprocessing/process.py", line 314, in _bootstrap
    self.run()
  File "/opt/pypy/lib/pypy3.11/multiprocessing/process.py", line 108, in run
    self._target(*self._args, **self._kwargs)
  File "/opt/pypy/lib/pypy3.11/multiprocessing/managers.py", line 600, in _run_server
    server.serve_forever()
  File "/opt/pypy/lib/pypy3.11/multiprocessing/managers.py", line 184, in serve_forever
    sys.exit(0)
SystemExit: 0

During handling of the above exception, another exception occurred:

Traceback (most recent call last):
  File "/opt/pypy/lib/pypy3.11/multiprocessing/util.py", line 303, in _run_finalizers
    finalizer()
  File "/opt/pypy/lib/pypy3.11/multiprocessing/util.py", line 227, in __call__
    res = self._callback(*self._args, **self._kwargs)
          ^^^^^^^^^^^^^^^^^^^^^^^^^^^^^^^^^^^^^^^^^^^
  File "/opt/pypy/lib/pypy3.11/multiprocessing/util.py", line 136, in _remove_temp_dir
    rmtree(tempdir, onerror=onerror)
  File "/opt/pypy/lib/pypy3.11/shutil.py", line 752, in rmtree
    _rmtree_safe_fd(fd, path, onerror)
  File "/opt/pypy/lib/pypy3.11/shutil.py", line 703, in _rmtree_safe_fd
    onerror(os.unlink, fullname, sys.exc_info())
  File "/opt/pypy/lib/pypy3.11/shutil.py", line 701, in _rmtree_safe_fd
    os.unlink(entry.name, dir_fd=topfd)
OSError: [Errno 16] Device or resource busy: '.nfs0000004c808d08a300004cf3'
Traceback (most recent call last):
  File "/opt/pypy/lib/pypy3.11/multiprocessing/process.py", line 314, in _bootstrap
    self.run()
  File "/opt/pypy/lib/pypy3.11/multiprocessing/process.py", line 108, in run
    self._target(*self._args, **self._kwargs)
  File "/opt/pypy/lib/pypy3.11/multiprocessing/managers.py", line 600, in _run_server
    server.serve_forever()
  File "/opt/pypy/lib/pypy3.11/multiprocessing/managers.py", line 184, in serve_forever
    sys.exit(0)
SystemExit: 0

During handling of the above exception, another exception occurred:

Traceback (most recent call last):
  File "/opt/pypy/lib/pypy3.11/multiprocessing/util.py", line 303, in _run_finalizers
    finalizer()
  File "/opt/pypy/lib/pypy3.11/multiprocessing/util.py", line 227, in __call__
    res = self._callback(*self._args, **self._kwargs)
          ^^^^^^^^^^^^^^^^^^^^^^^^^^^^^^^^^^^^^^^^^^^
  File "/opt/pypy/lib/pypy3.11/multiprocessing/util.py", line 136, in _remove_temp_dir
    rmtree(tempdir, onerror=onerror)
  File "/opt/pypy/lib/pypy3.11/shutil.py", line 752, in rmtree
    _rmtree_safe_fd(fd, path, onerror)
  File "/opt/pypy/lib/pypy3.11/shutil.py", line 703, in _rmtree_safe_fd
    onerror(os.unlink, fullname, sys.exc_info())
  File "/opt/pypy/lib/pypy3.11/shutil.py", line 701, in _rmtree_safe_fd
    os.unlink(entry.name, dir_fd=topfd)
OSError: [Errno 16] Device or resource busy: '.nfs0000004d14b0b82500004cf4'
Traceback (most recent call last):
  File "/opt/pypy/lib/pypy3.11/multiprocessing/process.py", line 314, in _bootstrap
    self.run()
  File "/opt/pypy/lib/pypy3.11/multiprocessing/process.py", line 108, in run
    self._target(*self._args, **self._kwargs)
  File "/opt/pypy/lib/pypy3.11/multiprocessing/managers.py", line 600, in _run_server
    server.serve_forever()
  File "/opt/pypy/lib/pypy3.11/multiprocessing/managers.py", line 184, in serve_forever
    sys.exit(0)
SystemExit: 0

During handling of the above exception, another exception occurred:

Traceback (most recent call last):
  File "/opt/pypy/lib/pypy3.11/multiprocessing/util.py", line 303, in _run_finalizers
    finalizer()
  File "/opt/pypy/lib/pypy3.11/multiprocessing/util.py", line 227, in __call__
    res = self._callback(*self._args, **self._kwargs)
          ^^^^^^^^^^^^^^^^^^^^^^^^^^^^^^^^^^^^^^^^^^^
  File "/opt/pypy/lib/pypy3.11/multiprocessing/util.py", line 136, in _remove_temp_dir
    rmtree(tempdir, onerror=onerror)
  File "/opt/pypy/lib/pypy3.11/shutil.py", line 752, in rmtree
    _rmtree_safe_fd(fd, path, onerror)
  File "/opt/pypy/lib/pypy3.11/shutil.py", line 703, in _rmtree_safe_fd
    onerror(os.unlink, fullname, sys.exc_info())
  File "/opt/pypy/lib/pypy3.11/shutil.py", line 701, in _rmtree_safe_fd
    os.unlink(entry.name, dir_fd=topfd)
OSError: [Errno 16] Device or resource busy: '.nfs0000004d9bd7cc0800004cf5'
Traceback (most recent call last):
  File "/opt/pypy/lib/pypy3.11/multiprocessing/process.py", line 314, in _bootstrap
    self.run()
  File "/opt/pypy/lib/pypy3.11/multiprocessing/process.py", line 108, in run
    self._target(*self._args, **self._kwargs)
  File "/opt/pypy/lib/pypy3.11/multiprocessing/managers.py", line 600, in _run_server
    server.serve_forever()
  File "/opt/pypy/lib/pypy3.11/multiprocessing/managers.py", line 184, in serve_forever
    sys.exit(0)
SystemExit: 0

During handling of the above exception, another exception occurred:

Traceback (most recent call last):
  File "/opt/pypy/lib/pypy3.11/multiprocessing/util.py", line 303, in _run_finalizers
    finalizer()
  File "/opt/pypy/lib/pypy3.11/multiprocessing/util.py", line 227, in __call__
    res = self._callback(*self._args, **self._kwargs)
          ^^^^^^^^^^^^^^^^^^^^^^^^^^^^^^^^^^^^^^^^^^^
  File "/opt/pypy/lib/pypy3.11/multiprocessing/util.py", line 136, in _remove_temp_dir
    rmtree(tempdir, onerror=onerror)
  File "/opt/pypy/lib/pypy3.11/shutil.py", line 752, in rmtree
    _rmtree_safe_fd(fd, path, onerror)
  File "/opt/pypy/lib/pypy3.11/shutil.py", line 703, in _rmtree_safe_fd
    onerror(os.unlink, fullname, sys.exc_info())
  File "/opt/pypy/lib/pypy3.11/shutil.py", line 701, in _rmtree_safe_fd
    os.unlink(entry.name, dir_fd=topfd)
OSError: [Errno 16] Device or resource busy: '.nfs0000004e0a9d040c00004cf6'
Traceback (most recent call last):
  File "/opt/pypy/lib/pypy3.11/multiprocessing/process.py", line 314, in _bootstrap
    self.run()
  File "/opt/pypy/lib/pypy3.11/multiprocessing/process.py", line 108, in run
    self._target(*self._args, **self._kwargs)
  File "/opt/pypy/lib/pypy3.11/multiprocessing/managers.py", line 600, in _run_server
    server.serve_forever()
  File "/opt/pypy/lib/pypy3.11/multiprocessing/managers.py", line 184, in serve_forever
    sys.exit(0)
SystemExit: 0

During handling of the above exception, another exception occurred:

Traceback (most recent call last):
  File "/opt/pypy/lib/pypy3.11/multiprocessing/util.py", line 303, in _run_finalizers
    finalizer()
  File "/opt/pypy/lib/pypy3.11/multiprocessing/util.py", line 227, in __call__
    res = self._callback(*self._args, **self._kwargs)
          ^^^^^^^^^^^^^^^^^^^^^^^^^^^^^^^^^^^^^^^^^^^
  File "/opt/pypy/lib/pypy3.11/multiprocessing/util.py", line 136, in _remove_temp_dir
    rmtree(tempdir, onerror=onerror)
  File "/opt/pypy/lib/pypy3.11/shutil.py", line 752, in rmtree
    _rmtree_safe_fd(fd, path, onerror)
  File "/opt/pypy/lib/pypy3.11/shutil.py", line 703, in _rmtree_safe_fd
    onerror(os.unlink, fullname, sys.exc_info())
  File "/opt/pypy/lib/pypy3.11/shutil.py", line 701, in _rmtree_safe_fd
    os.unlink(entry.name, dir_fd=topfd)
OSError: [Errno 16] Device or resource busy: '.nfs0000004e815a102000004cf7'
Traceback (most recent call last):
  File "/opt/pypy/lib/pypy3.11/multiprocessing/process.py", line 314, in _bootstrap
    self.run()
  File "/opt/pypy/lib/pypy3.11/multiprocessing/process.py", line 108, in run
    self._target(*self._args, **self._kwargs)
  File "/opt/pypy/lib/pypy3.11/multiprocessing/managers.py", line 600, in _run_server
    server.serve_forever()
  File "/opt/pypy/lib/pypy3.11/multiprocessing/managers.py", line 184, in serve_forever
    sys.exit(0)
SystemExit: 0

During handling of the above exception, another exception occurred:

Traceback (most recent call last):
  File "/opt/pypy/lib/pypy3.11/multiprocessing/util.py", line 303, in _run_finalizers
    finalizer()
  File "/opt/pypy/lib/pypy3.11/multiprocessing/util.py", line 227, in __call__
    res = self._callback(*self._args, **self._kwargs)
          ^^^^^^^^^^^^^^^^^^^^^^^^^^^^^^^^^^^^^^^^^^^
  File "/opt/pypy/lib/pypy3.11/multiprocessing/util.py", line 136, in _remove_temp_dir
    rmtree(tempdir, onerror=onerror)
  File "/opt/pypy/lib/pypy3.11/shutil.py", line 752, in rmtree
    _rmtree_safe_fd(fd, path, onerror)
  File "/opt/pypy/lib/pypy3.11/shutil.py", line 703, in _rmtree_safe_fd
    onerror(os.unlink, fullname, sys.exc_info())
  File "/opt/pypy/lib/pypy3.11/shutil.py", line 701, in _rmtree_safe_fd
    os.unlink(entry.name, dir_fd=topfd)
OSError: [Errno 16] Device or resource busy: '.nfs0000004f0176e80a00004cf8'
Traceback (most recent call last):
  File "/opt/pypy/lib/pypy3.11/multiprocessing/process.py", line 314, in _bootstrap
    self.run()
  File "/opt/pypy/lib/pypy3.11/multiprocessing/process.py", line 108, in run
    self._target(*self._args, **self._kwargs)
  File "/opt/pypy/lib/pypy3.11/multiprocessing/managers.py", line 600, in _run_server
    server.serve_forever()
  File "/opt/pypy/lib/pypy3.11/multiprocessing/managers.py", line 184, in serve_forever
    sys.exit(0)
SystemExit: 0

During handling of the above exception, another exception occurred:

Traceback (most recent call last):
  File "/opt/pypy/lib/pypy3.11/multiprocessing/util.py", line 303, in _run_finalizers
    finalizer()
  File "/opt/pypy/lib/pypy3.11/multiprocessing/util.py", line 227, in __call__
    res = self._callback(*self._args, **self._kwargs)
          ^^^^^^^^^^^^^^^^^^^^^^^^^^^^^^^^^^^^^^^^^^^
  File "/opt/pypy/lib/pypy3.11/multiprocessing/util.py", line 136, in _remove_temp_dir
    rmtree(tempdir, onerror=onerror)
  File "/opt/pypy/lib/pypy3.11/shutil.py", line 752, in rmtree
    _rmtree_safe_fd(fd, path, onerror)
  File "/opt/pypy/lib/pypy3.11/shutil.py", line 703, in _rmtree_safe_fd
    onerror(os.unlink, fullname, sys.exc_info())
  File "/opt/pypy/lib/pypy3.11/shutil.py", line 701, in _rmtree_safe_fd
    os.unlink(entry.name, dir_fd=topfd)
OSError: [Errno 16] Device or resource busy: '.nfs0000004f80172c3d00004cf9'
Traceback (most recent call last):
  File "/opt/pypy/lib/pypy3.11/multiprocessing/process.py", line 314, in _bootstrap
    self.run()
  File "/opt/pypy/lib/pypy3.11/multiprocessing/process.py", line 108, in run
    self._target(*self._args, **self._kwargs)
  File "/opt/pypy/lib/pypy3.11/multiprocessing/managers.py", line 600, in _run_server
    server.serve_forever()
  File "/opt/pypy/lib/pypy3.11/multiprocessing/managers.py", line 184, in serve_forever
    sys.exit(0)
SystemExit: 0

During handling of the above exception, another exception occurred:

Traceback (most recent call last):
  File "/opt/pypy/lib/pypy3.11/multiprocessing/util.py", line 303, in _run_finalizers
    finalizer()
  File "/opt/pypy/lib/pypy3.11/multiprocessing/util.py", line 227, in __call__
    res = self._callback(*self._args, **self._kwargs)
          ^^^^^^^^^^^^^^^^^^^^^^^^^^^^^^^^^^^^^^^^^^^
  File "/opt/pypy/lib/pypy3.11/multiprocessing/util.py", line 136, in _remove_temp_dir
    rmtree(tempdir, onerror=onerror)
  File "/opt/pypy/lib/pypy3.11/shutil.py", line 752, in rmtree
    _rmtree_safe_fd(fd, path, onerror)
  File "/opt/pypy/lib/pypy3.11/shutil.py", line 703, in _rmtree_safe_fd
    onerror(os.unlink, fullname, sys.exc_info())
  File "/opt/pypy/lib/pypy3.11/shutil.py", line 701, in _rmtree_safe_fd
    os.unlink(entry.name, dir_fd=topfd)
OSError: [Errno 16] Device or resource busy: '.nfs00000050006cd82b00004cfa'
Traceback (most recent call last):
  File "/opt/pypy/lib/pypy3.11/multiprocessing/process.py", line 314, in _bootstrap
    self.run()
  File "/opt/pypy/lib/pypy3.11/multiprocessing/process.py", line 108, in run
    self._target(*self._args, **self._kwargs)
  File "/opt/pypy/lib/pypy3.11/multiprocessing/managers.py", line 600, in _run_server
    server.serve_forever()
  File "/opt/pypy/lib/pypy3.11/multiprocessing/managers.py", line 184, in serve_forever
    sys.exit(0)
SystemExit: 0

During handling of the above exception, another exception occurred:

Traceback (most recent call last):
  File "/opt/pypy/lib/pypy3.11/multiprocessing/util.py", line 303, in _run_finalizers
    finalizer()
  File "/opt/pypy/lib/pypy3.11/multiprocessing/util.py", line 227, in __call__
    res = self._callback(*self._args, **self._kwargs)
          ^^^^^^^^^^^^^^^^^^^^^^^^^^^^^^^^^^^^^^^^^^^
  File "/opt/pypy/lib/pypy3.11/multiprocessing/util.py", line 136, in _remove_temp_dir
    rmtree(tempdir, onerror=onerror)
  File "/opt/pypy/lib/pypy3.11/shutil.py", line 752, in rmtree
    _rmtree_safe_fd(fd, path, onerror)
  File "/opt/pypy/lib/pypy3.11/shutil.py", line 703, in _rmtree_safe_fd
    onerror(os.unlink, fullname, sys.exc_info())
  File "/opt/pypy/lib/pypy3.11/shutil.py", line 701, in _rmtree_safe_fd
    os.unlink(entry.name, dir_fd=topfd)
OSError: [Errno 16] Device or resource busy: '.nfs000000509722442300004cfb'
Traceback (most recent call last):
  File "/opt/pypy/lib/pypy3.11/multiprocessing/process.py", line 314, in _bootstrap
    self.run()
  File "/opt/pypy/lib/pypy3.11/multiprocessing/process.py", line 108, in run
    self._target(*self._args, **self._kwargs)
  File "/opt/pypy/lib/pypy3.11/multiprocessing/managers.py", line 600, in _run_server
    server.serve_forever()
  File "/opt/pypy/lib/pypy3.11/multiprocessing/managers.py", line 184, in serve_forever
    sys.exit(0)
SystemExit: 0

During handling of the above exception, another exception occurred:

Traceback (most recent call last):
  File "/opt/pypy/lib/pypy3.11/multiprocessing/util.py", line 303, in _run_finalizers
    finalizer()
  File "/opt/pypy/lib/pypy3.11/multiprocessing/util.py", line 227, in __call__
    res = self._callback(*self._args, **self._kwargs)
          ^^^^^^^^^^^^^^^^^^^^^^^^^^^^^^^^^^^^^^^^^^^
  File "/opt/pypy/lib/pypy3.11/multiprocessing/util.py", line 136, in _remove_temp_dir
    rmtree(tempdir, onerror=onerror)
  File "/opt/pypy/lib/pypy3.11/shutil.py", line 752, in rmtree
    _rmtree_safe_fd(fd, path, onerror)
  File "/opt/pypy/lib/pypy3.11/shutil.py", line 703, in _rmtree_safe_fd
    onerror(os.unlink, fullname, sys.exc_info())
  File "/opt/pypy/lib/pypy3.11/shutil.py", line 701, in _rmtree_safe_fd
    os.unlink(entry.name, dir_fd=topfd)
OSError: [Errno 16] Device or resource busy: '.nfs0000005100fabc6000004cfc'
Traceback (most recent call last):
  File "/opt/pypy/lib/pypy3.11/multiprocessing/process.py", line 314, in _bootstrap
    self.run()
  File "/opt/pypy/lib/pypy3.11/multiprocessing/process.py", line 108, in run
    self._target(*self._args, **self._kwargs)
  File "/opt/pypy/lib/pypy3.11/multiprocessing/managers.py", line 600, in _run_server
    server.serve_forever()
  File "/opt/pypy/lib/pypy3.11/multiprocessing/managers.py", line 184, in serve_forever
    sys.exit(0)
SystemExit: 0

During handling of the above exception, another exception occurred:

Traceback (most recent call last):
  File "/opt/pypy/lib/pypy3.11/multiprocessing/util.py", line 303, in _run_finalizers
    finalizer()
  File "/opt/pypy/lib/pypy3.11/multiprocessing/util.py", line 227, in __call__
    res = self._callback(*self._args, **self._kwargs)
          ^^^^^^^^^^^^^^^^^^^^^^^^^^^^^^^^^^^^^^^^^^^
  File "/opt/pypy/lib/pypy3.11/multiprocessing/util.py", line 136, in _remove_temp_dir
    rmtree(tempdir, onerror=onerror)
  File "/opt/pypy/lib/pypy3.11/shutil.py", line 752, in rmtree
    _rmtree_safe_fd(fd, path, onerror)
  File "/opt/pypy/lib/pypy3.11/shutil.py", line 703, in _rmtree_safe_fd
    onerror(os.unlink, fullname, sys.exc_info())
  File "/opt/pypy/lib/pypy3.11/shutil.py", line 701, in _rmtree_safe_fd
    os.unlink(entry.name, dir_fd=topfd)
OSError: [Errno 16] Device or resource busy: '.nfs000000518204203800004cfd'
Traceback (most recent call last):
  File "/opt/pypy/lib/pypy3.11/multiprocessing/process.py", line 314, in _bootstrap
    self.run()
  File "/opt/pypy/lib/pypy3.11/multiprocessing/process.py", line 108, in run
    self._target(*self._args, **self._kwargs)
  File "/opt/pypy/lib/pypy3.11/multiprocessing/managers.py", line 600, in _run_server
    server.serve_forever()
  File "/opt/pypy/lib/pypy3.11/multiprocessing/managers.py", line 184, in serve_forever
    sys.exit(0)
SystemExit: 0

During handling of the above exception, another exception occurred:

Traceback (most recent call last):
  File "/opt/pypy/lib/pypy3.11/multiprocessing/util.py", line 303, in _run_finalizers
    finalizer()
  File "/opt/pypy/lib/pypy3.11/multiprocessing/util.py", line 227, in __call__
    res = self._callback(*self._args, **self._kwargs)
          ^^^^^^^^^^^^^^^^^^^^^^^^^^^^^^^^^^^^^^^^^^^
  File "/opt/pypy/lib/pypy3.11/multiprocessing/util.py", line 136, in _remove_temp_dir
    rmtree(tempdir, onerror=onerror)
  File "/opt/pypy/lib/pypy3.11/shutil.py", line 752, in rmtree
    _rmtree_safe_fd(fd, path, onerror)
  File "/opt/pypy/lib/pypy3.11/shutil.py", line 703, in _rmtree_safe_fd
    onerror(os.unlink, fullname, sys.exc_info())
  File "/opt/pypy/lib/pypy3.11/shutil.py", line 701, in _rmtree_safe_fd
    os.unlink(entry.name, dir_fd=topfd)
OSError: [Errno 16] Device or resource busy: '.nfs0000005200b5900500004cfe'
Traceback (most recent call last):
  File "/opt/pypy/lib/pypy3.11/multiprocessing/process.py", line 314, in _bootstrap
    self.run()
  File "/opt/pypy/lib/pypy3.11/multiprocessing/process.py", line 108, in run
    self._target(*self._args, **self._kwargs)
  File "/opt/pypy/lib/pypy3.11/multiprocessing/managers.py", line 600, in _run_server
    server.serve_forever()
  File "/opt/pypy/lib/pypy3.11/multiprocessing/managers.py", line 184, in serve_forever
    sys.exit(0)
SystemExit: 0

During handling of the above exception, another exception occurred:

Traceback (most recent call last):
  File "/opt/pypy/lib/pypy3.11/multiprocessing/util.py", line 303, in _run_finalizers
    finalizer()
  File "/opt/pypy/lib/pypy3.11/multiprocessing/util.py", line 227, in __call__
    res = self._callback(*self._args, **self._kwargs)
          ^^^^^^^^^^^^^^^^^^^^^^^^^^^^^^^^^^^^^^^^^^^
  File "/opt/pypy/lib/pypy3.11/multiprocessing/util.py", line 136, in _remove_temp_dir
    rmtree(tempdir, onerror=onerror)
  File "/opt/pypy/lib/pypy3.11/shutil.py", line 752, in rmtree
    _rmtree_safe_fd(fd, path, onerror)
  File "/opt/pypy/lib/pypy3.11/shutil.py", line 703, in _rmtree_safe_fd
    onerror(os.unlink, fullname, sys.exc_info())
  File "/opt/pypy/lib/pypy3.11/shutil.py", line 701, in _rmtree_safe_fd
    os.unlink(entry.name, dir_fd=topfd)
OSError: [Errno 16] Device or resource busy: '.nfs000000528077083900004cff'
Traceback (most recent call last):
  File "/opt/pypy/lib/pypy3.11/multiprocessing/process.py", line 314, in _bootstrap
    self.run()
  File "/opt/pypy/lib/pypy3.11/multiprocessing/process.py", line 108, in run
    self._target(*self._args, **self._kwargs)
  File "/opt/pypy/lib/pypy3.11/multiprocessing/managers.py", line 600, in _run_server
    server.serve_forever()
  File "/opt/pypy/lib/pypy3.11/multiprocessing/managers.py", line 184, in serve_forever
    sys.exit(0)
SystemExit: 0

During handling of the above exception, another exception occurred:

Traceback (most recent call last):
  File "/opt/pypy/lib/pypy3.11/multiprocessing/util.py", line 303, in _run_finalizers
    finalizer()
  File "/opt/pypy/lib/pypy3.11/multiprocessing/util.py", line 227, in __call__
    res = self._callback(*self._args, **self._kwargs)
          ^^^^^^^^^^^^^^^^^^^^^^^^^^^^^^^^^^^^^^^^^^^
  File "/opt/pypy/lib/pypy3.11/multiprocessing/util.py", line 136, in _remove_temp_dir
    rmtree(tempdir, onerror=onerror)
  File "/opt/pypy/lib/pypy3.11/shutil.py", line 752, in rmtree
    _rmtree_safe_fd(fd, path, onerror)
  File "/opt/pypy/lib/pypy3.11/shutil.py", line 703, in _rmtree_safe_fd
    onerror(os.unlink, fullname, sys.exc_info())
  File "/opt/pypy/lib/pypy3.11/shutil.py", line 701, in _rmtree_safe_fd
    os.unlink(entry.name, dir_fd=topfd)
OSError: [Errno 16] Device or resource busy: '.nfs0000005309b1182700004d00'
Traceback (most recent call last):
  File "/opt/pypy/lib/pypy3.11/multiprocessing/process.py", line 314, in _bootstrap
    self.run()
  File "/opt/pypy/lib/pypy3.11/multiprocessing/process.py", line 108, in run
    self._target(*self._args, **self._kwargs)
  File "/opt/pypy/lib/pypy3.11/multiprocessing/managers.py", line 600, in _run_server
    server.serve_forever()
  File "/opt/pypy/lib/pypy3.11/multiprocessing/managers.py", line 184, in serve_forever
    sys.exit(0)
SystemExit: 0

During handling of the above exception, another exception occurred:

Traceback (most recent call last):
  File "/opt/pypy/lib/pypy3.11/multiprocessing/util.py", line 303, in _run_finalizers
    finalizer()
  File "/opt/pypy/lib/pypy3.11/multiprocessing/util.py", line 227, in __call__
    res = self._callback(*self._args, **self._kwargs)
          ^^^^^^^^^^^^^^^^^^^^^^^^^^^^^^^^^^^^^^^^^^^
  File "/opt/pypy/lib/pypy3.11/multiprocessing/util.py", line 136, in _remove_temp_dir
    rmtree(tempdir, onerror=onerror)
  File "/opt/pypy/lib/pypy3.11/shutil.py", line 752, in rmtree
    _rmtree_safe_fd(fd, path, onerror)
  File "/opt/pypy/lib/pypy3.11/shutil.py", line 703, in _rmtree_safe_fd
    onerror(os.unlink, fullname, sys.exc_info())
  File "/opt/pypy/lib/pypy3.11/shutil.py", line 701, in _rmtree_safe_fd
    os.unlink(entry.name, dir_fd=topfd)
OSError: [Errno 16] Device or resource busy: '.nfs000000538021501800004d01'
Traceback (most recent call last):
  File "/opt/pypy/lib/pypy3.11/multiprocessing/process.py", line 314, in _bootstrap
    self.run()
  File "/opt/pypy/lib/pypy3.11/multiprocessing/process.py", line 108, in run
    self._target(*self._args, **self._kwargs)
  File "/opt/pypy/lib/pypy3.11/multiprocessing/managers.py", line 600, in _run_server
    server.serve_forever()
  File "/opt/pypy/lib/pypy3.11/multiprocessing/managers.py", line 184, in serve_forever
    sys.exit(0)
SystemExit: 0

During handling of the above exception, another exception occurred:

Traceback (most recent call last):
  File "/opt/pypy/lib/pypy3.11/multiprocessing/util.py", line 303, in _run_finalizers
    finalizer()
  File "/opt/pypy/lib/pypy3.11/multiprocessing/util.py", line 227, in __call__
    res = self._callback(*self._args, **self._kwargs)
          ^^^^^^^^^^^^^^^^^^^^^^^^^^^^^^^^^^^^^^^^^^^
  File "/opt/pypy/lib/pypy3.11/multiprocessing/util.py", line 136, in _remove_temp_dir
    rmtree(tempdir, onerror=onerror)
  File "/opt/pypy/lib/pypy3.11/shutil.py", line 752, in rmtree
    _rmtree_safe_fd(fd, path, onerror)
  File "/opt/pypy/lib/pypy3.11/shutil.py", line 703, in _rmtree_safe_fd
    onerror(os.unlink, fullname, sys.exc_info())
  File "/opt/pypy/lib/pypy3.11/shutil.py", line 701, in _rmtree_safe_fd
    os.unlink(entry.name, dir_fd=topfd)
OSError: [Errno 16] Device or resource busy: '.nfs000000540017c02a00004d02'
Traceback (most recent call last):
  File "/opt/pypy/lib/pypy3.11/multiprocessing/process.py", line 314, in _bootstrap
    self.run()
  File "/opt/pypy/lib/pypy3.11/multiprocessing/process.py", line 108, in run
    self._target(*self._args, **self._kwargs)
  File "/opt/pypy/lib/pypy3.11/multiprocessing/managers.py", line 600, in _run_server
    server.serve_forever()
  File "/opt/pypy/lib/pypy3.11/multiprocessing/managers.py", line 184, in serve_forever
    sys.exit(0)
SystemExit: 0

During handling of the above exception, another exception occurred:

Traceback (most recent call last):
  File "/opt/pypy/lib/pypy3.11/multiprocessing/util.py", line 303, in _run_finalizers
    finalizer()
  File "/opt/pypy/lib/pypy3.11/multiprocessing/util.py", line 227, in __call__
    res = self._callback(*self._args, **self._kwargs)
          ^^^^^^^^^^^^^^^^^^^^^^^^^^^^^^^^^^^^^^^^^^^
  File "/opt/pypy/lib/pypy3.11/multiprocessing/util.py", line 136, in _remove_temp_dir
    rmtree(tempdir, onerror=onerror)
  File "/opt/pypy/lib/pypy3.11/shutil.py", line 752, in rmtree
    _rmtree_safe_fd(fd, path, onerror)
  File "/opt/pypy/lib/pypy3.11/shutil.py", line 703, in _rmtree_safe_fd
    onerror(os.unlink, fullname, sys.exc_info())
  File "/opt/pypy/lib/pypy3.11/shutil.py", line 701, in _rmtree_safe_fd
    os.unlink(entry.name, dir_fd=topfd)
OSError: [Errno 16] Device or resource busy: '.nfs00000054804e601f00004d03'
Traceback (most recent call last):
  File "/opt/pypy/lib/pypy3.11/multiprocessing/process.py", line 314, in _bootstrap
    self.run()
  File "/opt/pypy/lib/pypy3.11/multiprocessing/process.py", line 108, in run
    self._target(*self._args, **self._kwargs)
  File "/opt/pypy/lib/pypy3.11/multiprocessing/managers.py", line 600, in _run_server
    server.serve_forever()
  File "/opt/pypy/lib/pypy3.11/multiprocessing/managers.py", line 184, in serve_forever
    sys.exit(0)
SystemExit: 0

During handling of the above exception, another exception occurred:

Traceback (most recent call last):
  File "/opt/pypy/lib/pypy3.11/multiprocessing/util.py", line 303, in _run_finalizers
    finalizer()
  File "/opt/pypy/lib/pypy3.11/multiprocessing/util.py", line 227, in __call__
    res = self._callback(*self._args, **self._kwargs)
          ^^^^^^^^^^^^^^^^^^^^^^^^^^^^^^^^^^^^^^^^^^^
  File "/opt/pypy/lib/pypy3.11/multiprocessing/util.py", line 136, in _remove_temp_dir
    rmtree(tempdir, onerror=onerror)
  File "/opt/pypy/lib/pypy3.11/shutil.py", line 752, in rmtree
    _rmtree_safe_fd(fd, path, onerror)
  File "/opt/pypy/lib/pypy3.11/shutil.py", line 703, in _rmtree_safe_fd
    onerror(os.unlink, fullname, sys.exc_info())
  File "/opt/pypy/lib/pypy3.11/shutil.py", line 701, in _rmtree_safe_fd
    os.unlink(entry.name, dir_fd=topfd)
OSError: [Errno 16] Device or resource busy: '.nfs000000551188f01e00004d04'
Traceback (most recent call last):
  File "/opt/pypy/lib/pypy3.11/multiprocessing/process.py", line 314, in _bootstrap
    self.run()
  File "/opt/pypy/lib/pypy3.11/multiprocessing/process.py", line 108, in run
    self._target(*self._args, **self._kwargs)
  File "/opt/pypy/lib/pypy3.11/multiprocessing/managers.py", line 600, in _run_server
    server.serve_forever()
  File "/opt/pypy/lib/pypy3.11/multiprocessing/managers.py", line 184, in serve_forever
    sys.exit(0)
SystemExit: 0

During handling of the above exception, another exception occurred:

Traceback (most recent call last):
  File "/opt/pypy/lib/pypy3.11/multiprocessing/util.py", line 303, in _run_finalizers
    finalizer()
  File "/opt/pypy/lib/pypy3.11/multiprocessing/util.py", line 227, in __call__
    res = self._callback(*self._args, **self._kwargs)
          ^^^^^^^^^^^^^^^^^^^^^^^^^^^^^^^^^^^^^^^^^^^
  File "/opt/pypy/lib/pypy3.11/multiprocessing/util.py", line 136, in _remove_temp_dir
    rmtree(tempdir, onerror=onerror)
  File "/opt/pypy/lib/pypy3.11/shutil.py", line 752, in rmtree
    _rmtree_safe_fd(fd, path, onerror)
  File "/opt/pypy/lib/pypy3.11/shutil.py", line 703, in _rmtree_safe_fd
    onerror(os.unlink, fullname, sys.exc_info())
  File "/opt/pypy/lib/pypy3.11/shutil.py", line 701, in _rmtree_safe_fd
    os.unlink(entry.name, dir_fd=topfd)
OSError: [Errno 16] Device or resource busy: '.nfs000000558120c41200004d05'
Traceback (most recent call last):
  File "/opt/pypy/lib/pypy3.11/multiprocessing/process.py", line 314, in _bootstrap
    self.run()
  File "/opt/pypy/lib/pypy3.11/multiprocessing/process.py", line 108, in run
    self._target(*self._args, **self._kwargs)
  File "/opt/pypy/lib/pypy3.11/multiprocessing/managers.py", line 600, in _run_server
    server.serve_forever()
  File "/opt/pypy/lib/pypy3.11/multiprocessing/managers.py", line 184, in serve_forever
    sys.exit(0)
SystemExit: 0

During handling of the above exception, another exception occurred:

Traceback (most recent call last):
  File "/opt/pypy/lib/pypy3.11/multiprocessing/util.py", line 303, in _run_finalizers
    finalizer()
  File "/opt/pypy/lib/pypy3.11/multiprocessing/util.py", line 227, in __call__
    res = self._callback(*self._args, **self._kwargs)
          ^^^^^^^^^^^^^^^^^^^^^^^^^^^^^^^^^^^^^^^^^^^
  File "/opt/pypy/lib/pypy3.11/multiprocessing/util.py", line 136, in _remove_temp_dir
    rmtree(tempdir, onerror=onerror)
  File "/opt/pypy/lib/pypy3.11/shutil.py", line 752, in rmtree
    _rmtree_safe_fd(fd, path, onerror)
  File "/opt/pypy/lib/pypy3.11/shutil.py", line 703, in _rmtree_safe_fd
    onerror(os.unlink, fullname, sys.exc_info())
  File "/opt/pypy/lib/pypy3.11/shutil.py", line 701, in _rmtree_safe_fd
    os.unlink(entry.name, dir_fd=topfd)
OSError: [Errno 16] Device or resource busy: '.nfs000000560016a02400004d06'
Traceback (most recent call last):
  File "/opt/pypy/lib/pypy3.11/multiprocessing/process.py", line 314, in _bootstrap
    self.run()
  File "/opt/pypy/lib/pypy3.11/multiprocessing/process.py", line 108, in run
    self._target(*self._args, **self._kwargs)
  File "/opt/pypy/lib/pypy3.11/multiprocessing/managers.py", line 600, in _run_server
    server.serve_forever()
  File "/opt/pypy/lib/pypy3.11/multiprocessing/managers.py", line 184, in serve_forever
    sys.exit(0)
SystemExit: 0

During handling of the above exception, another exception occurred:

Traceback (most recent call last):
  File "/opt/pypy/lib/pypy3.11/multiprocessing/util.py", line 303, in _run_finalizers
    finalizer()
  File "/opt/pypy/lib/pypy3.11/multiprocessing/util.py", line 227, in __call__
    res = self._callback(*self._args, **self._kwargs)
          ^^^^^^^^^^^^^^^^^^^^^^^^^^^^^^^^^^^^^^^^^^^
  File "/opt/pypy/lib/pypy3.11/multiprocessing/util.py", line 136, in _remove_temp_dir
    rmtree(tempdir, onerror=onerror)
  File "/opt/pypy/lib/pypy3.11/shutil.py", line 752, in rmtree
    _rmtree_safe_fd(fd, path, onerror)
  File "/opt/pypy/lib/pypy3.11/shutil.py", line 703, in _rmtree_safe_fd
    onerror(os.unlink, fullname, sys.exc_info())
  File "/opt/pypy/lib/pypy3.11/shutil.py", line 701, in _rmtree_safe_fd
    os.unlink(entry.name, dir_fd=topfd)
OSError: [Errno 16] Device or resource busy: '.nfs0000005680b7242700004d07'
Traceback (most recent call last):
  File "/opt/pypy/lib/pypy3.11/multiprocessing/process.py", line 314, in _bootstrap
    self.run()
  File "/opt/pypy/lib/pypy3.11/multiprocessing/process.py", line 108, in run
    self._target(*self._args, **self._kwargs)
  File "/opt/pypy/lib/pypy3.11/multiprocessing/managers.py", line 600, in _run_server
    server.serve_forever()
  File "/opt/pypy/lib/pypy3.11/multiprocessing/managers.py", line 184, in serve_forever
    sys.exit(0)
SystemExit: 0

During handling of the above exception, another exception occurred:

Traceback (most recent call last):
  File "/opt/pypy/lib/pypy3.11/multiprocessing/util.py", line 303, in _run_finalizers
    finalizer()
  File "/opt/pypy/lib/pypy3.11/multiprocessing/util.py", line 227, in __call__
    res = self._callback(*self._args, **self._kwargs)
          ^^^^^^^^^^^^^^^^^^^^^^^^^^^^^^^^^^^^^^^^^^^
  File "/opt/pypy/lib/pypy3.11/multiprocessing/util.py", line 136, in _remove_temp_dir
    rmtree(tempdir, onerror=onerror)
  File "/opt/pypy/lib/pypy3.11/shutil.py", line 752, in rmtree
    _rmtree_safe_fd(fd, path, onerror)
  File "/opt/pypy/lib/pypy3.11/shutil.py", line 703, in _rmtree_safe_fd
    onerror(os.unlink, fullname, sys.exc_info())
  File "/opt/pypy/lib/pypy3.11/shutil.py", line 701, in _rmtree_safe_fd
    os.unlink(entry.name, dir_fd=topfd)
OSError: [Errno 16] Device or resource busy: '.nfs0000005700bba40f00004d08'
Traceback (most recent call last):
  File "/opt/pypy/lib/pypy3.11/multiprocessing/process.py", line 314, in _bootstrap
    self.run()
  File "/opt/pypy/lib/pypy3.11/multiprocessing/process.py", line 108, in run
    self._target(*self._args, **self._kwargs)
  File "/opt/pypy/lib/pypy3.11/multiprocessing/managers.py", line 600, in _run_server
    server.serve_forever()
  File "/opt/pypy/lib/pypy3.11/multiprocessing/managers.py", line 184, in serve_forever
    sys.exit(0)
SystemExit: 0

During handling of the above exception, another exception occurred:

Traceback (most recent call last):
  File "/opt/pypy/lib/pypy3.11/multiprocessing/util.py", line 303, in _run_finalizers
    finalizer()
  File "/opt/pypy/lib/pypy3.11/multiprocessing/util.py", line 227, in __call__
    res = self._callback(*self._args, **self._kwargs)
          ^^^^^^^^^^^^^^^^^^^^^^^^^^^^^^^^^^^^^^^^^^^
  File "/opt/pypy/lib/pypy3.11/multiprocessing/util.py", line 136, in _remove_temp_dir
    rmtree(tempdir, onerror=onerror)
  File "/opt/pypy/lib/pypy3.11/shutil.py", line 752, in rmtree
    _rmtree_safe_fd(fd, path, onerror)
  File "/opt/pypy/lib/pypy3.11/shutil.py", line 703, in _rmtree_safe_fd
    onerror(os.unlink, fullname, sys.exc_info())
  File "/opt/pypy/lib/pypy3.11/shutil.py", line 701, in _rmtree_safe_fd
    os.unlink(entry.name, dir_fd=topfd)
OSError: [Errno 16] Device or resource busy: '.nfs000000578185843400004d09'
Traceback (most recent call last):
  File "/opt/pypy/lib/pypy3.11/multiprocessing/process.py", line 314, in _bootstrap
    self.run()
  File "/opt/pypy/lib/pypy3.11/multiprocessing/process.py", line 108, in run
    self._target(*self._args, **self._kwargs)
  File "/opt/pypy/lib/pypy3.11/multiprocessing/managers.py", line 600, in _run_server
    server.serve_forever()
  File "/opt/pypy/lib/pypy3.11/multiprocessing/managers.py", line 184, in serve_forever
    sys.exit(0)
SystemExit: 0

During handling of the above exception, another exception occurred:

Traceback (most recent call last):
  File "/opt/pypy/lib/pypy3.11/multiprocessing/util.py", line 303, in _run_finalizers
    finalizer()
  File "/opt/pypy/lib/pypy3.11/multiprocessing/util.py", line 227, in __call__
    res = self._callback(*self._args, **self._kwargs)
          ^^^^^^^^^^^^^^^^^^^^^^^^^^^^^^^^^^^^^^^^^^^
  File "/opt/pypy/lib/pypy3.11/multiprocessing/util.py", line 136, in _remove_temp_dir
    rmtree(tempdir, onerror=onerror)
  File "/opt/pypy/lib/pypy3.11/shutil.py", line 752, in rmtree
    _rmtree_safe_fd(fd, path, onerror)
  File "/opt/pypy/lib/pypy3.11/shutil.py", line 703, in _rmtree_safe_fd
    onerror(os.unlink, fullname, sys.exc_info())
  File "/opt/pypy/lib/pypy3.11/shutil.py", line 701, in _rmtree_safe_fd
    os.unlink(entry.name, dir_fd=topfd)
OSError: [Errno 16] Device or resource busy: '.nfs000000580014105600004d0a'
Traceback (most recent call last):
  File "/opt/pypy/lib/pypy3.11/multiprocessing/process.py", line 314, in _bootstrap
    self.run()
  File "/opt/pypy/lib/pypy3.11/multiprocessing/process.py", line 108, in run
    self._target(*self._args, **self._kwargs)
  File "/opt/pypy/lib/pypy3.11/multiprocessing/managers.py", line 600, in _run_server
    server.serve_forever()
  File "/opt/pypy/lib/pypy3.11/multiprocessing/managers.py", line 184, in serve_forever
    sys.exit(0)
SystemExit: 0

During handling of the above exception, another exception occurred:

Traceback (most recent call last):
  File "/opt/pypy/lib/pypy3.11/multiprocessing/util.py", line 303, in _run_finalizers
    finalizer()
  File "/opt/pypy/lib/pypy3.11/multiprocessing/util.py", line 227, in __call__
    res = self._callback(*self._args, **self._kwargs)
          ^^^^^^^^^^^^^^^^^^^^^^^^^^^^^^^^^^^^^^^^^^^
  File "/opt/pypy/lib/pypy3.11/multiprocessing/util.py", line 136, in _remove_temp_dir
    rmtree(tempdir, onerror=onerror)
  File "/opt/pypy/lib/pypy3.11/shutil.py", line 752, in rmtree
    _rmtree_safe_fd(fd, path, onerror)
  File "/opt/pypy/lib/pypy3.11/shutil.py", line 703, in _rmtree_safe_fd
    onerror(os.unlink, fullname, sys.exc_info())
  File "/opt/pypy/lib/pypy3.11/shutil.py", line 701, in _rmtree_safe_fd
    os.unlink(entry.name, dir_fd=topfd)
OSError: [Errno 16] Device or resource busy: '.nfs00000058813fec3000004d0b'
Traceback (most recent call last):
  File "/opt/pypy/lib/pypy3.11/multiprocessing/process.py", line 314, in _bootstrap
    self.run()
  File "/opt/pypy/lib/pypy3.11/multiprocessing/process.py", line 108, in run
    self._target(*self._args, **self._kwargs)
  File "/opt/pypy/lib/pypy3.11/multiprocessing/managers.py", line 600, in _run_server
    server.serve_forever()
  File "/opt/pypy/lib/pypy3.11/multiprocessing/managers.py", line 184, in serve_forever
    sys.exit(0)
SystemExit: 0

During handling of the above exception, another exception occurred:

Traceback (most recent call last):
  File "/opt/pypy/lib/pypy3.11/multiprocessing/util.py", line 303, in _run_finalizers
    finalizer()
  File "/opt/pypy/lib/pypy3.11/multiprocessing/util.py", line 227, in __call__
    res = self._callback(*self._args, **self._kwargs)
          ^^^^^^^^^^^^^^^^^^^^^^^^^^^^^^^^^^^^^^^^^^^
  File "/opt/pypy/lib/pypy3.11/multiprocessing/util.py", line 136, in _remove_temp_dir
    rmtree(tempdir, onerror=onerror)
  File "/opt/pypy/lib/pypy3.11/shutil.py", line 752, in rmtree
    _rmtree_safe_fd(fd, path, onerror)
  File "/opt/pypy/lib/pypy3.11/shutil.py", line 703, in _rmtree_safe_fd
    onerror(os.unlink, fullname, sys.exc_info())
  File "/opt/pypy/lib/pypy3.11/shutil.py", line 701, in _rmtree_safe_fd
    os.unlink(entry.name, dir_fd=topfd)
OSError: [Errno 16] Device or resource busy: '.nfs00000059001f440b00004d0c'
Traceback (most recent call last):
  File "/opt/pypy/lib/pypy3.11/multiprocessing/process.py", line 314, in _bootstrap
    self.run()
  File "/opt/pypy/lib/pypy3.11/multiprocessing/process.py", line 108, in run
    self._target(*self._args, **self._kwargs)
  File "/opt/pypy/lib/pypy3.11/multiprocessing/managers.py", line 600, in _run_server
    server.serve_forever()
  File "/opt/pypy/lib/pypy3.11/multiprocessing/managers.py", line 184, in serve_forever
    sys.exit(0)
SystemExit: 0

During handling of the above exception, another exception occurred:

Traceback (most recent call last):
  File "/opt/pypy/lib/pypy3.11/multiprocessing/util.py", line 303, in _run_finalizers
    finalizer()
  File "/opt/pypy/lib/pypy3.11/multiprocessing/util.py", line 227, in __call__
    res = self._callback(*self._args, **self._kwargs)
          ^^^^^^^^^^^^^^^^^^^^^^^^^^^^^^^^^^^^^^^^^^^
  File "/opt/pypy/lib/pypy3.11/multiprocessing/util.py", line 136, in _remove_temp_dir
    rmtree(tempdir, onerror=onerror)
  File "/opt/pypy/lib/pypy3.11/shutil.py", line 752, in rmtree
    _rmtree_safe_fd(fd, path, onerror)
  File "/opt/pypy/lib/pypy3.11/shutil.py", line 703, in _rmtree_safe_fd
    onerror(os.unlink, fullname, sys.exc_info())
  File "/opt/pypy/lib/pypy3.11/shutil.py", line 701, in _rmtree_safe_fd
    os.unlink(entry.name, dir_fd=topfd)
OSError: [Errno 16] Device or resource busy: '.nfs0000005984d3b82d00004d0d'
Traceback (most recent call last):
  File "/opt/pypy/lib/pypy3.11/multiprocessing/process.py", line 314, in _bootstrap
    self.run()
  File "/opt/pypy/lib/pypy3.11/multiprocessing/process.py", line 108, in run
    self._target(*self._args, **self._kwargs)
  File "/opt/pypy/lib/pypy3.11/multiprocessing/managers.py", line 600, in _run_server
    server.serve_forever()
  File "/opt/pypy/lib/pypy3.11/multiprocessing/managers.py", line 184, in serve_forever
    sys.exit(0)
SystemExit: 0

During handling of the above exception, another exception occurred:

Traceback (most recent call last):
  File "/opt/pypy/lib/pypy3.11/multiprocessing/util.py", line 303, in _run_finalizers
    finalizer()
  File "/opt/pypy/lib/pypy3.11/multiprocessing/util.py", line 227, in __call__
    res = self._callback(*self._args, **self._kwargs)
          ^^^^^^^^^^^^^^^^^^^^^^^^^^^^^^^^^^^^^^^^^^^
  File "/opt/pypy/lib/pypy3.11/multiprocessing/util.py", line 136, in _remove_temp_dir
    rmtree(tempdir, onerror=onerror)
  File "/opt/pypy/lib/pypy3.11/shutil.py", line 752, in rmtree
    _rmtree_safe_fd(fd, path, onerror)
  File "/opt/pypy/lib/pypy3.11/shutil.py", line 703, in _rmtree_safe_fd
    onerror(os.unlink, fullname, sys.exc_info())
  File "/opt/pypy/lib/pypy3.11/shutil.py", line 701, in _rmtree_safe_fd
    os.unlink(entry.name, dir_fd=topfd)
OSError: [Errno 16] Device or resource busy: '.nfs0000005a006ba81800004d0e'
Traceback (most recent call last):
  File "/opt/pypy/lib/pypy3.11/multiprocessing/process.py", line 314, in _bootstrap
    self.run()
  File "/opt/pypy/lib/pypy3.11/multiprocessing/process.py", line 108, in run
    self._target(*self._args, **self._kwargs)
  File "/opt/pypy/lib/pypy3.11/multiprocessing/managers.py", line 600, in _run_server
    server.serve_forever()
  File "/opt/pypy/lib/pypy3.11/multiprocessing/managers.py", line 184, in serve_forever
    sys.exit(0)
SystemExit: 0

During handling of the above exception, another exception occurred:

Traceback (most recent call last):
  File "/opt/pypy/lib/pypy3.11/multiprocessing/util.py", line 303, in _run_finalizers
    finalizer()
  File "/opt/pypy/lib/pypy3.11/multiprocessing/util.py", line 227, in __call__
    res = self._callback(*self._args, **self._kwargs)
          ^^^^^^^^^^^^^^^^^^^^^^^^^^^^^^^^^^^^^^^^^^^
  File "/opt/pypy/lib/pypy3.11/multiprocessing/util.py", line 136, in _remove_temp_dir
    rmtree(tempdir, onerror=onerror)
  File "/opt/pypy/lib/pypy3.11/shutil.py", line 752, in rmtree
    _rmtree_safe_fd(fd, path, onerror)
  File "/opt/pypy/lib/pypy3.11/shutil.py", line 703, in _rmtree_safe_fd
    onerror(os.unlink, fullname, sys.exc_info())
  File "/opt/pypy/lib/pypy3.11/shutil.py", line 701, in _rmtree_safe_fd
    os.unlink(entry.name, dir_fd=topfd)
OSError: [Errno 16] Device or resource busy: '.nfs0000005a808e380800004d0f'
Traceback (most recent call last):
  File "/opt/pypy/lib/pypy3.11/multiprocessing/process.py", line 314, in _bootstrap
    self.run()
  File "/opt/pypy/lib/pypy3.11/multiprocessing/process.py", line 108, in run
    self._target(*self._args, **self._kwargs)
  File "/opt/pypy/lib/pypy3.11/multiprocessing/managers.py", line 600, in _run_server
    server.serve_forever()
  File "/opt/pypy/lib/pypy3.11/multiprocessing/managers.py", line 184, in serve_forever
    sys.exit(0)
SystemExit: 0

During handling of the above exception, another exception occurred:

Traceback (most recent call last):
  File "/opt/pypy/lib/pypy3.11/multiprocessing/util.py", line 303, in _run_finalizers
    finalizer()
  File "/opt/pypy/lib/pypy3.11/multiprocessing/util.py", line 227, in __call__
    res = self._callback(*self._args, **self._kwargs)
          ^^^^^^^^^^^^^^^^^^^^^^^^^^^^^^^^^^^^^^^^^^^
  File "/opt/pypy/lib/pypy3.11/multiprocessing/util.py", line 136, in _remove_temp_dir
    rmtree(tempdir, onerror=onerror)
  File "/opt/pypy/lib/pypy3.11/shutil.py", line 752, in rmtree
    _rmtree_safe_fd(fd, path, onerror)
  File "/opt/pypy/lib/pypy3.11/shutil.py", line 703, in _rmtree_safe_fd
    onerror(os.unlink, fullname, sys.exc_info())
  File "/opt/pypy/lib/pypy3.11/shutil.py", line 701, in _rmtree_safe_fd
    os.unlink(entry.name, dir_fd=topfd)
OSError: [Errno 16] Device or resource busy: '.nfs0000005b02f3440b00004d10'
Traceback (most recent call last):
  File "/opt/pypy/lib/pypy3.11/multiprocessing/process.py", line 314, in _bootstrap
    self.run()
  File "/opt/pypy/lib/pypy3.11/multiprocessing/process.py", line 108, in run
    self._target(*self._args, **self._kwargs)
  File "/opt/pypy/lib/pypy3.11/multiprocessing/managers.py", line 600, in _run_server
    server.serve_forever()
  File "/opt/pypy/lib/pypy3.11/multiprocessing/managers.py", line 184, in serve_forever
    sys.exit(0)
SystemExit: 0

During handling of the above exception, another exception occurred:

Traceback (most recent call last):
  File "/opt/pypy/lib/pypy3.11/multiprocessing/util.py", line 303, in _run_finalizers
    finalizer()
  File "/opt/pypy/lib/pypy3.11/multiprocessing/util.py", line 227, in __call__
    res = self._callback(*self._args, **self._kwargs)
          ^^^^^^^^^^^^^^^^^^^^^^^^^^^^^^^^^^^^^^^^^^^
  File "/opt/pypy/lib/pypy3.11/multiprocessing/util.py", line 136, in _remove_temp_dir
    rmtree(tempdir, onerror=onerror)
  File "/opt/pypy/lib/pypy3.11/shutil.py", line 752, in rmtree
    _rmtree_safe_fd(fd, path, onerror)
  File "/opt/pypy/lib/pypy3.11/shutil.py", line 703, in _rmtree_safe_fd
    onerror(os.unlink, fullname, sys.exc_info())
  File "/opt/pypy/lib/pypy3.11/shutil.py", line 701, in _rmtree_safe_fd
    os.unlink(entry.name, dir_fd=topfd)
OSError: [Errno 16] Device or resource busy: '.nfs0000005b8028b81200004d11'
Traceback (most recent call last):
  File "/opt/pypy/lib/pypy3.11/multiprocessing/process.py", line 314, in _bootstrap
    self.run()
  File "/opt/pypy/lib/pypy3.11/multiprocessing/process.py", line 108, in run
    self._target(*self._args, **self._kwargs)
  File "/opt/pypy/lib/pypy3.11/multiprocessing/managers.py", line 600, in _run_server
    server.serve_forever()
  File "/opt/pypy/lib/pypy3.11/multiprocessing/managers.py", line 184, in serve_forever
    sys.exit(0)
SystemExit: 0

During handling of the above exception, another exception occurred:

Traceback (most recent call last):
  File "/opt/pypy/lib/pypy3.11/multiprocessing/util.py", line 303, in _run_finalizers
    finalizer()
  File "/opt/pypy/lib/pypy3.11/multiprocessing/util.py", line 227, in __call__
    res = self._callback(*self._args, **self._kwargs)
          ^^^^^^^^^^^^^^^^^^^^^^^^^^^^^^^^^^^^^^^^^^^
  File "/opt/pypy/lib/pypy3.11/multiprocessing/util.py", line 136, in _remove_temp_dir
    rmtree(tempdir, onerror=onerror)
  File "/opt/pypy/lib/pypy3.11/shutil.py", line 752, in rmtree
    _rmtree_safe_fd(fd, path, onerror)
  File "/opt/pypy/lib/pypy3.11/shutil.py", line 703, in _rmtree_safe_fd
    onerror(os.unlink, fullname, sys.exc_info())
  File "/opt/pypy/lib/pypy3.11/shutil.py", line 701, in _rmtree_safe_fd
    os.unlink(entry.name, dir_fd=topfd)
OSError: [Errno 16] Device or resource busy: '.nfs0000005c002d142700004d12'
Traceback (most recent call last):
  File "/opt/pypy/lib/pypy3.11/multiprocessing/process.py", line 314, in _bootstrap
    self.run()
  File "/opt/pypy/lib/pypy3.11/multiprocessing/process.py", line 108, in run
    self._target(*self._args, **self._kwargs)
  File "/opt/pypy/lib/pypy3.11/multiprocessing/managers.py", line 600, in _run_server
    server.serve_forever()
  File "/opt/pypy/lib/pypy3.11/multiprocessing/managers.py", line 184, in serve_forever
    sys.exit(0)
SystemExit: 0

During handling of the above exception, another exception occurred:

Traceback (most recent call last):
  File "/opt/pypy/lib/pypy3.11/multiprocessing/util.py", line 303, in _run_finalizers
    finalizer()
  File "/opt/pypy/lib/pypy3.11/multiprocessing/util.py", line 227, in __call__
    res = self._callback(*self._args, **self._kwargs)
          ^^^^^^^^^^^^^^^^^^^^^^^^^^^^^^^^^^^^^^^^^^^
  File "/opt/pypy/lib/pypy3.11/multiprocessing/util.py", line 136, in _remove_temp_dir
    rmtree(tempdir, onerror=onerror)
  File "/opt/pypy/lib/pypy3.11/shutil.py", line 752, in rmtree
    _rmtree_safe_fd(fd, path, onerror)
  File "/opt/pypy/lib/pypy3.11/shutil.py", line 703, in _rmtree_safe_fd
    onerror(os.unlink, fullname, sys.exc_info())
  File "/opt/pypy/lib/pypy3.11/shutil.py", line 701, in _rmtree_safe_fd
    os.unlink(entry.name, dir_fd=topfd)
OSError: [Errno 16] Device or resource busy: '.nfs0000005c91ebd80b00004d13'
Traceback (most recent call last):
  File "/opt/pypy/lib/pypy3.11/multiprocessing/process.py", line 314, in _bootstrap
    self.run()
  File "/opt/pypy/lib/pypy3.11/multiprocessing/process.py", line 108, in run
    self._target(*self._args, **self._kwargs)
  File "/opt/pypy/lib/pypy3.11/multiprocessing/managers.py", line 600, in _run_server
    server.serve_forever()
  File "/opt/pypy/lib/pypy3.11/multiprocessing/managers.py", line 184, in serve_forever
    sys.exit(0)
SystemExit: 0

During handling of the above exception, another exception occurred:

Traceback (most recent call last):
  File "/opt/pypy/lib/pypy3.11/multiprocessing/util.py", line 303, in _run_finalizers
    finalizer()
  File "/opt/pypy/lib/pypy3.11/multiprocessing/util.py", line 227, in __call__
    res = self._callback(*self._args, **self._kwargs)
          ^^^^^^^^^^^^^^^^^^^^^^^^^^^^^^^^^^^^^^^^^^^
  File "/opt/pypy/lib/pypy3.11/multiprocessing/util.py", line 136, in _remove_temp_dir
    rmtree(tempdir, onerror=onerror)
  File "/opt/pypy/lib/pypy3.11/shutil.py", line 752, in rmtree
    _rmtree_safe_fd(fd, path, onerror)
  File "/opt/pypy/lib/pypy3.11/shutil.py", line 703, in _rmtree_safe_fd
    onerror(os.unlink, fullname, sys.exc_info())
  File "/opt/pypy/lib/pypy3.11/shutil.py", line 701, in _rmtree_safe_fd
    os.unlink(entry.name, dir_fd=topfd)
OSError: [Errno 16] Device or resource busy: '.nfs0000005d003a985b00004d14'
Traceback (most recent call last):
  File "/opt/pypy/lib/pypy3.11/multiprocessing/process.py", line 314, in _bootstrap
    self.run()
  File "/opt/pypy/lib/pypy3.11/multiprocessing/process.py", line 108, in run
    self._target(*self._args, **self._kwargs)
  File "/opt/pypy/lib/pypy3.11/multiprocessing/managers.py", line 600, in _run_server
    server.serve_forever()
  File "/opt/pypy/lib/pypy3.11/multiprocessing/managers.py", line 184, in serve_forever
    sys.exit(0)
SystemExit: 0

During handling of the above exception, another exception occurred:

Traceback (most recent call last):
  File "/opt/pypy/lib/pypy3.11/multiprocessing/util.py", line 303, in _run_finalizers
    finalizer()
  File "/opt/pypy/lib/pypy3.11/multiprocessing/util.py", line 227, in __call__
    res = self._callback(*self._args, **self._kwargs)
          ^^^^^^^^^^^^^^^^^^^^^^^^^^^^^^^^^^^^^^^^^^^
  File "/opt/pypy/lib/pypy3.11/multiprocessing/util.py", line 136, in _remove_temp_dir
    rmtree(tempdir, onerror=onerror)
  File "/opt/pypy/lib/pypy3.11/shutil.py", line 752, in rmtree
    _rmtree_safe_fd(fd, path, onerror)
  File "/opt/pypy/lib/pypy3.11/shutil.py", line 703, in _rmtree_safe_fd
    onerror(os.unlink, fullname, sys.exc_info())
  File "/opt/pypy/lib/pypy3.11/shutil.py", line 701, in _rmtree_safe_fd
    os.unlink(entry.name, dir_fd=topfd)
OSError: [Errno 16] Device or resource busy: '.nfs0000005d8c9e103c00004d15'
Traceback (most recent call last):
  File "/opt/pypy/lib/pypy3.11/multiprocessing/process.py", line 314, in _bootstrap
    self.run()
  File "/opt/pypy/lib/pypy3.11/multiprocessing/process.py", line 108, in run
    self._target(*self._args, **self._kwargs)
  File "/opt/pypy/lib/pypy3.11/multiprocessing/managers.py", line 600, in _run_server
    server.serve_forever()
  File "/opt/pypy/lib/pypy3.11/multiprocessing/managers.py", line 184, in serve_forever
    sys.exit(0)
SystemExit: 0

During handling of the above exception, another exception occurred:

Traceback (most recent call last):
  File "/opt/pypy/lib/pypy3.11/multiprocessing/util.py", line 303, in _run_finalizers
    finalizer()
  File "/opt/pypy/lib/pypy3.11/multiprocessing/util.py", line 227, in __call__
    res = self._callback(*self._args, **self._kwargs)
          ^^^^^^^^^^^^^^^^^^^^^^^^^^^^^^^^^^^^^^^^^^^
  File "/opt/pypy/lib/pypy3.11/multiprocessing/util.py", line 136, in _remove_temp_dir
    rmtree(tempdir, onerror=onerror)
  File "/opt/pypy/lib/pypy3.11/shutil.py", line 752, in rmtree
    _rmtree_safe_fd(fd, path, onerror)
  File "/opt/pypy/lib/pypy3.11/shutil.py", line 703, in _rmtree_safe_fd
    onerror(os.unlink, fullname, sys.exc_info())
  File "/opt/pypy/lib/pypy3.11/shutil.py", line 701, in _rmtree_safe_fd
    os.unlink(entry.name, dir_fd=topfd)
OSError: [Errno 16] Device or resource busy: '.nfs0000005e1106800b00004d16'
Traceback (most recent call last):
  File "/opt/pypy/lib/pypy3.11/multiprocessing/process.py", line 314, in _bootstrap
    self.run()
  File "/opt/pypy/lib/pypy3.11/multiprocessing/process.py", line 108, in run
    self._target(*self._args, **self._kwargs)
  File "/opt/pypy/lib/pypy3.11/multiprocessing/managers.py", line 600, in _run_server
    server.serve_forever()
  File "/opt/pypy/lib/pypy3.11/multiprocessing/managers.py", line 184, in serve_forever
    sys.exit(0)
SystemExit: 0

During handling of the above exception, another exception occurred:

Traceback (most recent call last):
  File "/opt/pypy/lib/pypy3.11/multiprocessing/util.py", line 303, in _run_finalizers
    finalizer()
  File "/opt/pypy/lib/pypy3.11/multiprocessing/util.py", line 227, in __call__
    res = self._callback(*self._args, **self._kwargs)
          ^^^^^^^^^^^^^^^^^^^^^^^^^^^^^^^^^^^^^^^^^^^
  File "/opt/pypy/lib/pypy3.11/multiprocessing/util.py", line 136, in _remove_temp_dir
    rmtree(tempdir, onerror=onerror)
  File "/opt/pypy/lib/pypy3.11/shutil.py", line 752, in rmtree
    _rmtree_safe_fd(fd, path, onerror)
  File "/opt/pypy/lib/pypy3.11/shutil.py", line 703, in _rmtree_safe_fd
    onerror(os.unlink, fullname, sys.exc_info())
  File "/opt/pypy/lib/pypy3.11/shutil.py", line 701, in _rmtree_safe_fd
    os.unlink(entry.name, dir_fd=topfd)
OSError: [Errno 16] Device or resource busy: '.nfs0000005e9374842000004d17'
Traceback (most recent call last):
  File "/opt/pypy/lib/pypy3.11/multiprocessing/process.py", line 314, in _bootstrap
    self.run()
  File "/opt/pypy/lib/pypy3.11/multiprocessing/process.py", line 108, in run
    self._target(*self._args, **self._kwargs)
  File "/opt/pypy/lib/pypy3.11/multiprocessing/managers.py", line 600, in _run_server
    server.serve_forever()
  File "/opt/pypy/lib/pypy3.11/multiprocessing/managers.py", line 184, in serve_forever
    sys.exit(0)
SystemExit: 0

During handling of the above exception, another exception occurred:

Traceback (most recent call last):
  File "/opt/pypy/lib/pypy3.11/multiprocessing/util.py", line 303, in _run_finalizers
    finalizer()
  File "/opt/pypy/lib/pypy3.11/multiprocessing/util.py", line 227, in __call__
    res = self._callback(*self._args, **self._kwargs)
          ^^^^^^^^^^^^^^^^^^^^^^^^^^^^^^^^^^^^^^^^^^^
  File "/opt/pypy/lib/pypy3.11/multiprocessing/util.py", line 136, in _remove_temp_dir
    rmtree(tempdir, onerror=onerror)
  File "/opt/pypy/lib/pypy3.11/shutil.py", line 752, in rmtree
    _rmtree_safe_fd(fd, path, onerror)
  File "/opt/pypy/lib/pypy3.11/shutil.py", line 703, in _rmtree_safe_fd
    onerror(os.unlink, fullname, sys.exc_info())
  File "/opt/pypy/lib/pypy3.11/shutil.py", line 701, in _rmtree_safe_fd
    os.unlink(entry.name, dir_fd=topfd)
OSError: [Errno 16] Device or resource busy: '.nfs0000005f0045480200004d18'
Traceback (most recent call last):
  File "/opt/pypy/lib/pypy3.11/multiprocessing/process.py", line 314, in _bootstrap
    self.run()
  File "/opt/pypy/lib/pypy3.11/multiprocessing/process.py", line 108, in run
    self._target(*self._args, **self._kwargs)
  File "/opt/pypy/lib/pypy3.11/multiprocessing/managers.py", line 600, in _run_server
    server.serve_forever()
  File "/opt/pypy/lib/pypy3.11/multiprocessing/managers.py", line 184, in serve_forever
    sys.exit(0)
SystemExit: 0

During handling of the above exception, another exception occurred:

Traceback (most recent call last):
  File "/opt/pypy/lib/pypy3.11/multiprocessing/util.py", line 303, in _run_finalizers
    finalizer()
  File "/opt/pypy/lib/pypy3.11/multiprocessing/util.py", line 227, in __call__
    res = self._callback(*self._args, **self._kwargs)
          ^^^^^^^^^^^^^^^^^^^^^^^^^^^^^^^^^^^^^^^^^^^
  File "/opt/pypy/lib/pypy3.11/multiprocessing/util.py", line 136, in _remove_temp_dir
    rmtree(tempdir, onerror=onerror)
  File "/opt/pypy/lib/pypy3.11/shutil.py", line 752, in rmtree
    _rmtree_safe_fd(fd, path, onerror)
  File "/opt/pypy/lib/pypy3.11/shutil.py", line 703, in _rmtree_safe_fd
    onerror(os.unlink, fullname, sys.exc_info())
  File "/opt/pypy/lib/pypy3.11/shutil.py", line 701, in _rmtree_safe_fd
    os.unlink(entry.name, dir_fd=topfd)
OSError: [Errno 16] Device or resource busy: '.nfs0000005fb37ad81e00004d19'
  Completed 10 iterations for size 30, cohesion 50.
  Completed 10 iterations for size 30, cohesion 80.
  Completed 10 iterations for size 100, cohesion 20.
  Completed 10 iterations for size 100, cohesion 50.
  Completed 10 iterations for size 100, cohesion 80.
Running iterations for algorithm: tabuSearch
  Completed 10 iterations for size 8, cohesion 20.
  Completed 10 iterations for size 8, cohesion 50.
  Completed 10 iterations for size 8, cohesion 80.
Traceback (most recent call last):
  File "/opt/pypy/lib/pypy3.11/multiprocessing/process.py", line 314, in _bootstrap
    self.run()
  File "/opt/pypy/lib/pypy3.11/multiprocessing/process.py", line 108, in run
    self._target(*self._args, **self._kwargs)
  File "/opt/pypy/lib/pypy3.11/multiprocessing/managers.py", line 600, in _run_server
    server.serve_forever()
  File "/opt/pypy/lib/pypy3.11/multiprocessing/managers.py", line 184, in serve_forever
    sys.exit(0)
SystemExit: 0

During handling of the above exception, another exception occurred:

Traceback (most recent call last):
  File "/opt/pypy/lib/pypy3.11/multiprocessing/util.py", line 303, in _run_finalizers
    finalizer()
  File "/opt/pypy/lib/pypy3.11/multiprocessing/util.py", line 227, in __call__
    res = self._callback(*self._args, **self._kwargs)
          ^^^^^^^^^^^^^^^^^^^^^^^^^^^^^^^^^^^^^^^^^^^
  File "/opt/pypy/lib/pypy3.11/multiprocessing/util.py", line 136, in _remove_temp_dir
    rmtree(tempdir, onerror=onerror)
  File "/opt/pypy/lib/pypy3.11/shutil.py", line 752, in rmtree
    _rmtree_safe_fd(fd, path, onerror)
  File "/opt/pypy/lib/pypy3.11/shutil.py", line 703, in _rmtree_safe_fd
    onerror(os.unlink, fullname, sys.exc_info())
  File "/opt/pypy/lib/pypy3.11/shutil.py", line 701, in _rmtree_safe_fd
    os.unlink(entry.name, dir_fd=topfd)
OSError: [Errno 16] Device or resource busy: '.nfs000000600390ac2600004d1a'
Traceback (most recent call last):
  File "/opt/pypy/lib/pypy3.11/multiprocessing/process.py", line 314, in _bootstrap
    self.run()
  File "/opt/pypy/lib/pypy3.11/multiprocessing/process.py", line 108, in run
    self._target(*self._args, **self._kwargs)
  File "/opt/pypy/lib/pypy3.11/multiprocessing/managers.py", line 600, in _run_server
    server.serve_forever()
  File "/opt/pypy/lib/pypy3.11/multiprocessing/managers.py", line 184, in serve_forever
    sys.exit(0)
SystemExit: 0

During handling of the above exception, another exception occurred:

Traceback (most recent call last):
  File "/opt/pypy/lib/pypy3.11/multiprocessing/util.py", line 303, in _run_finalizers
    finalizer()
  File "/opt/pypy/lib/pypy3.11/multiprocessing/util.py", line 227, in __call__
    res = self._callback(*self._args, **self._kwargs)
          ^^^^^^^^^^^^^^^^^^^^^^^^^^^^^^^^^^^^^^^^^^^
  File "/opt/pypy/lib/pypy3.11/multiprocessing/util.py", line 136, in _remove_temp_dir
    rmtree(tempdir, onerror=onerror)
  File "/opt/pypy/lib/pypy3.11/shutil.py", line 752, in rmtree
    _rmtree_safe_fd(fd, path, onerror)
  File "/opt/pypy/lib/pypy3.11/shutil.py", line 703, in _rmtree_safe_fd
    onerror(os.unlink, fullname, sys.exc_info())
  File "/opt/pypy/lib/pypy3.11/shutil.py", line 701, in _rmtree_safe_fd
    os.unlink(entry.name, dir_fd=topfd)
OSError: [Errno 16] Device or resource busy: '.nfs0000006080140c2900004d1b'
Traceback (most recent call last):
  File "/opt/pypy/lib/pypy3.11/multiprocessing/process.py", line 314, in _bootstrap
    self.run()
  File "/opt/pypy/lib/pypy3.11/multiprocessing/process.py", line 108, in run
    self._target(*self._args, **self._kwargs)
  File "/opt/pypy/lib/pypy3.11/multiprocessing/managers.py", line 600, in _run_server
    server.serve_forever()
  File "/opt/pypy/lib/pypy3.11/multiprocessing/managers.py", line 184, in serve_forever
    sys.exit(0)
SystemExit: 0

During handling of the above exception, another exception occurred:

Traceback (most recent call last):
  File "/opt/pypy/lib/pypy3.11/multiprocessing/util.py", line 303, in _run_finalizers
    finalizer()
  File "/opt/pypy/lib/pypy3.11/multiprocessing/util.py", line 227, in __call__
    res = self._callback(*self._args, **self._kwargs)
          ^^^^^^^^^^^^^^^^^^^^^^^^^^^^^^^^^^^^^^^^^^^
  File "/opt/pypy/lib/pypy3.11/multiprocessing/util.py", line 136, in _remove_temp_dir
    rmtree(tempdir, onerror=onerror)
  File "/opt/pypy/lib/pypy3.11/shutil.py", line 752, in rmtree
    _rmtree_safe_fd(fd, path, onerror)
  File "/opt/pypy/lib/pypy3.11/shutil.py", line 703, in _rmtree_safe_fd
    onerror(os.unlink, fullname, sys.exc_info())
  File "/opt/pypy/lib/pypy3.11/shutil.py", line 701, in _rmtree_safe_fd
    os.unlink(entry.name, dir_fd=topfd)
OSError: [Errno 16] Device or resource busy: '.nfs000000612400b41300004d1c'
Traceback (most recent call last):
  File "/opt/pypy/lib/pypy3.11/multiprocessing/process.py", line 314, in _bootstrap
    self.run()
  File "/opt/pypy/lib/pypy3.11/multiprocessing/process.py", line 108, in run
    self._target(*self._args, **self._kwargs)
  File "/opt/pypy/lib/pypy3.11/multiprocessing/managers.py", line 600, in _run_server
    server.serve_forever()
  File "/opt/pypy/lib/pypy3.11/multiprocessing/managers.py", line 184, in serve_forever
    sys.exit(0)
SystemExit: 0

During handling of the above exception, another exception occurred:

Traceback (most recent call last):
  File "/opt/pypy/lib/pypy3.11/multiprocessing/util.py", line 303, in _run_finalizers
    finalizer()
  File "/opt/pypy/lib/pypy3.11/multiprocessing/util.py", line 227, in __call__
    res = self._callback(*self._args, **self._kwargs)
          ^^^^^^^^^^^^^^^^^^^^^^^^^^^^^^^^^^^^^^^^^^^
  File "/opt/pypy/lib/pypy3.11/multiprocessing/util.py", line 136, in _remove_temp_dir
    rmtree(tempdir, onerror=onerror)
  File "/opt/pypy/lib/pypy3.11/shutil.py", line 752, in rmtree
    _rmtree_safe_fd(fd, path, onerror)
  File "/opt/pypy/lib/pypy3.11/shutil.py", line 703, in _rmtree_safe_fd
    onerror(os.unlink, fullname, sys.exc_info())
  File "/opt/pypy/lib/pypy3.11/shutil.py", line 701, in _rmtree_safe_fd
    os.unlink(entry.name, dir_fd=topfd)
OSError: [Errno 16] Device or resource busy: '.nfs00000061830ecc3800004d1d'
Traceback (most recent call last):
  File "/opt/pypy/lib/pypy3.11/multiprocessing/process.py", line 314, in _bootstrap
    self.run()
  File "/opt/pypy/lib/pypy3.11/multiprocessing/process.py", line 108, in run
    self._target(*self._args, **self._kwargs)
  File "/opt/pypy/lib/pypy3.11/multiprocessing/managers.py", line 600, in _run_server
    server.serve_forever()
  File "/opt/pypy/lib/pypy3.11/multiprocessing/managers.py", line 184, in serve_forever
    sys.exit(0)
SystemExit: 0

During handling of the above exception, another exception occurred:

Traceback (most recent call last):
  File "/opt/pypy/lib/pypy3.11/multiprocessing/util.py", line 303, in _run_finalizers
    finalizer()
  File "/opt/pypy/lib/pypy3.11/multiprocessing/util.py", line 227, in __call__
    res = self._callback(*self._args, **self._kwargs)
          ^^^^^^^^^^^^^^^^^^^^^^^^^^^^^^^^^^^^^^^^^^^
  File "/opt/pypy/lib/pypy3.11/multiprocessing/util.py", line 136, in _remove_temp_dir
    rmtree(tempdir, onerror=onerror)
  File "/opt/pypy/lib/pypy3.11/shutil.py", line 752, in rmtree
    _rmtree_safe_fd(fd, path, onerror)
  File "/opt/pypy/lib/pypy3.11/shutil.py", line 703, in _rmtree_safe_fd
    onerror(os.unlink, fullname, sys.exc_info())
  File "/opt/pypy/lib/pypy3.11/shutil.py", line 701, in _rmtree_safe_fd
    os.unlink(entry.name, dir_fd=topfd)
OSError: [Errno 16] Device or resource busy: '.nfs000000623ef6203200004d1e'
Traceback (most recent call last):
  File "/opt/pypy/lib/pypy3.11/multiprocessing/process.py", line 314, in _bootstrap
    self.run()
  File "/opt/pypy/lib/pypy3.11/multiprocessing/process.py", line 108, in run
    self._target(*self._args, **self._kwargs)
  File "/opt/pypy/lib/pypy3.11/multiprocessing/managers.py", line 600, in _run_server
    server.serve_forever()
  File "/opt/pypy/lib/pypy3.11/multiprocessing/managers.py", line 184, in serve_forever
    sys.exit(0)
SystemExit: 0

During handling of the above exception, another exception occurred:

Traceback (most recent call last):
  File "/opt/pypy/lib/pypy3.11/multiprocessing/util.py", line 303, in _run_finalizers
    finalizer()
  File "/opt/pypy/lib/pypy3.11/multiprocessing/util.py", line 227, in __call__
    res = self._callback(*self._args, **self._kwargs)
          ^^^^^^^^^^^^^^^^^^^^^^^^^^^^^^^^^^^^^^^^^^^
  File "/opt/pypy/lib/pypy3.11/multiprocessing/util.py", line 136, in _remove_temp_dir
    rmtree(tempdir, onerror=onerror)
  File "/opt/pypy/lib/pypy3.11/shutil.py", line 752, in rmtree
    _rmtree_safe_fd(fd, path, onerror)
  File "/opt/pypy/lib/pypy3.11/shutil.py", line 703, in _rmtree_safe_fd
    onerror(os.unlink, fullname, sys.exc_info())
  File "/opt/pypy/lib/pypy3.11/shutil.py", line 701, in _rmtree_safe_fd
    os.unlink(entry.name, dir_fd=topfd)
OSError: [Errno 16] Device or resource busy: '.nfs0000006280dbdc1a00004d1f'
Traceback (most recent call last):
  File "/opt/pypy/lib/pypy3.11/multiprocessing/process.py", line 314, in _bootstrap
    self.run()
  File "/opt/pypy/lib/pypy3.11/multiprocessing/process.py", line 108, in run
    self._target(*self._args, **self._kwargs)
  File "/opt/pypy/lib/pypy3.11/multiprocessing/managers.py", line 600, in _run_server
    server.serve_forever()
  File "/opt/pypy/lib/pypy3.11/multiprocessing/managers.py", line 184, in serve_forever
    sys.exit(0)
SystemExit: 0

During handling of the above exception, another exception occurred:

Traceback (most recent call last):
  File "/opt/pypy/lib/pypy3.11/multiprocessing/util.py", line 303, in _run_finalizers
    finalizer()
  File "/opt/pypy/lib/pypy3.11/multiprocessing/util.py", line 227, in __call__
    res = self._callback(*self._args, **self._kwargs)
          ^^^^^^^^^^^^^^^^^^^^^^^^^^^^^^^^^^^^^^^^^^^
  File "/opt/pypy/lib/pypy3.11/multiprocessing/util.py", line 136, in _remove_temp_dir
    rmtree(tempdir, onerror=onerror)
  File "/opt/pypy/lib/pypy3.11/shutil.py", line 752, in rmtree
    _rmtree_safe_fd(fd, path, onerror)
  File "/opt/pypy/lib/pypy3.11/shutil.py", line 703, in _rmtree_safe_fd
    onerror(os.unlink, fullname, sys.exc_info())
  File "/opt/pypy/lib/pypy3.11/shutil.py", line 701, in _rmtree_safe_fd
    os.unlink(entry.name, dir_fd=topfd)
OSError: [Errno 16] Device or resource busy: '.nfs0000006303dc7c3400004d20'
Traceback (most recent call last):
  File "/opt/pypy/lib/pypy3.11/multiprocessing/process.py", line 314, in _bootstrap
    self.run()
  File "/opt/pypy/lib/pypy3.11/multiprocessing/process.py", line 108, in run
    self._target(*self._args, **self._kwargs)
  File "/opt/pypy/lib/pypy3.11/multiprocessing/managers.py", line 600, in _run_server
    server.serve_forever()
  File "/opt/pypy/lib/pypy3.11/multiprocessing/managers.py", line 184, in serve_forever
    sys.exit(0)
SystemExit: 0

During handling of the above exception, another exception occurred:

Traceback (most recent call last):
  File "/opt/pypy/lib/pypy3.11/multiprocessing/util.py", line 303, in _run_finalizers
    finalizer()
  File "/opt/pypy/lib/pypy3.11/multiprocessing/util.py", line 227, in __call__
    res = self._callback(*self._args, **self._kwargs)
          ^^^^^^^^^^^^^^^^^^^^^^^^^^^^^^^^^^^^^^^^^^^
  File "/opt/pypy/lib/pypy3.11/multiprocessing/util.py", line 136, in _remove_temp_dir
    rmtree(tempdir, onerror=onerror)
  File "/opt/pypy/lib/pypy3.11/shutil.py", line 752, in rmtree
    _rmtree_safe_fd(fd, path, onerror)
  File "/opt/pypy/lib/pypy3.11/shutil.py", line 703, in _rmtree_safe_fd
    onerror(os.unlink, fullname, sys.exc_info())
  File "/opt/pypy/lib/pypy3.11/shutil.py", line 701, in _rmtree_safe_fd
    os.unlink(entry.name, dir_fd=topfd)
OSError: [Errno 16] Device or resource busy: '.nfs0000006394105c2b00004d21'
Traceback (most recent call last):
  File "/opt/pypy/lib/pypy3.11/multiprocessing/process.py", line 314, in _bootstrap
    self.run()
  File "/opt/pypy/lib/pypy3.11/multiprocessing/process.py", line 108, in run
    self._target(*self._args, **self._kwargs)
  File "/opt/pypy/lib/pypy3.11/multiprocessing/managers.py", line 600, in _run_server
    server.serve_forever()
  File "/opt/pypy/lib/pypy3.11/multiprocessing/managers.py", line 184, in serve_forever
    sys.exit(0)
SystemExit: 0

During handling of the above exception, another exception occurred:

Traceback (most recent call last):
  File "/opt/pypy/lib/pypy3.11/multiprocessing/util.py", line 303, in _run_finalizers
    finalizer()
  File "/opt/pypy/lib/pypy3.11/multiprocessing/util.py", line 227, in __call__
    res = self._callback(*self._args, **self._kwargs)
          ^^^^^^^^^^^^^^^^^^^^^^^^^^^^^^^^^^^^^^^^^^^
  File "/opt/pypy/lib/pypy3.11/multiprocessing/util.py", line 136, in _remove_temp_dir
    rmtree(tempdir, onerror=onerror)
  File "/opt/pypy/lib/pypy3.11/shutil.py", line 752, in rmtree
    _rmtree_safe_fd(fd, path, onerror)
  File "/opt/pypy/lib/pypy3.11/shutil.py", line 703, in _rmtree_safe_fd
    onerror(os.unlink, fullname, sys.exc_info())
  File "/opt/pypy/lib/pypy3.11/shutil.py", line 701, in _rmtree_safe_fd
    os.unlink(entry.name, dir_fd=topfd)
OSError: [Errno 16] Device or resource busy: '.nfs000000640077802500004d22'
Traceback (most recent call last):
  File "/opt/pypy/lib/pypy3.11/multiprocessing/process.py", line 314, in _bootstrap
    self.run()
  File "/opt/pypy/lib/pypy3.11/multiprocessing/process.py", line 108, in run
    self._target(*self._args, **self._kwargs)
  File "/opt/pypy/lib/pypy3.11/multiprocessing/managers.py", line 600, in _run_server
    server.serve_forever()
  File "/opt/pypy/lib/pypy3.11/multiprocessing/managers.py", line 184, in serve_forever
    sys.exit(0)
SystemExit: 0

During handling of the above exception, another exception occurred:

Traceback (most recent call last):
  File "/opt/pypy/lib/pypy3.11/multiprocessing/util.py", line 303, in _run_finalizers
    finalizer()
  File "/opt/pypy/lib/pypy3.11/multiprocessing/util.py", line 227, in __call__
    res = self._callback(*self._args, **self._kwargs)
          ^^^^^^^^^^^^^^^^^^^^^^^^^^^^^^^^^^^^^^^^^^^
  File "/opt/pypy/lib/pypy3.11/multiprocessing/util.py", line 136, in _remove_temp_dir
    rmtree(tempdir, onerror=onerror)
  File "/opt/pypy/lib/pypy3.11/shutil.py", line 752, in rmtree
    _rmtree_safe_fd(fd, path, onerror)
  File "/opt/pypy/lib/pypy3.11/shutil.py", line 703, in _rmtree_safe_fd
    onerror(os.unlink, fullname, sys.exc_info())
  File "/opt/pypy/lib/pypy3.11/shutil.py", line 701, in _rmtree_safe_fd
    os.unlink(entry.name, dir_fd=topfd)
OSError: [Errno 16] Device or resource busy: '.nfs0000006491464c3600004d23'
Traceback (most recent call last):
  File "/opt/pypy/lib/pypy3.11/multiprocessing/process.py", line 314, in _bootstrap
    self.run()
  File "/opt/pypy/lib/pypy3.11/multiprocessing/process.py", line 108, in run
    self._target(*self._args, **self._kwargs)
  File "/opt/pypy/lib/pypy3.11/multiprocessing/managers.py", line 600, in _run_server
    server.serve_forever()
  File "/opt/pypy/lib/pypy3.11/multiprocessing/managers.py", line 184, in serve_forever
    sys.exit(0)
SystemExit: 0

During handling of the above exception, another exception occurred:

Traceback (most recent call last):
  File "/opt/pypy/lib/pypy3.11/multiprocessing/util.py", line 303, in _run_finalizers
    finalizer()
  File "/opt/pypy/lib/pypy3.11/multiprocessing/util.py", line 227, in __call__
    res = self._callback(*self._args, **self._kwargs)
          ^^^^^^^^^^^^^^^^^^^^^^^^^^^^^^^^^^^^^^^^^^^
  File "/opt/pypy/lib/pypy3.11/multiprocessing/util.py", line 136, in _remove_temp_dir
    rmtree(tempdir, onerror=onerror)
  File "/opt/pypy/lib/pypy3.11/shutil.py", line 752, in rmtree
    _rmtree_safe_fd(fd, path, onerror)
  File "/opt/pypy/lib/pypy3.11/shutil.py", line 703, in _rmtree_safe_fd
    onerror(os.unlink, fullname, sys.exc_info())
  File "/opt/pypy/lib/pypy3.11/shutil.py", line 701, in _rmtree_safe_fd
    os.unlink(entry.name, dir_fd=topfd)
OSError: [Errno 16] Device or resource busy: '.nfs000000650065c40100004d24'
Traceback (most recent call last):
  File "/opt/pypy/lib/pypy3.11/multiprocessing/process.py", line 314, in _bootstrap
    self.run()
  File "/opt/pypy/lib/pypy3.11/multiprocessing/process.py", line 108, in run
    self._target(*self._args, **self._kwargs)
  File "/opt/pypy/lib/pypy3.11/multiprocessing/managers.py", line 600, in _run_server
    server.serve_forever()
  File "/opt/pypy/lib/pypy3.11/multiprocessing/managers.py", line 184, in serve_forever
    sys.exit(0)
SystemExit: 0

During handling of the above exception, another exception occurred:

Traceback (most recent call last):
  File "/opt/pypy/lib/pypy3.11/multiprocessing/util.py", line 303, in _run_finalizers
    finalizer()
  File "/opt/pypy/lib/pypy3.11/multiprocessing/util.py", line 227, in __call__
    res = self._callback(*self._args, **self._kwargs)
          ^^^^^^^^^^^^^^^^^^^^^^^^^^^^^^^^^^^^^^^^^^^
  File "/opt/pypy/lib/pypy3.11/multiprocessing/util.py", line 136, in _remove_temp_dir
    rmtree(tempdir, onerror=onerror)
  File "/opt/pypy/lib/pypy3.11/shutil.py", line 752, in rmtree
    _rmtree_safe_fd(fd, path, onerror)
  File "/opt/pypy/lib/pypy3.11/shutil.py", line 703, in _rmtree_safe_fd
    onerror(os.unlink, fullname, sys.exc_info())
  File "/opt/pypy/lib/pypy3.11/shutil.py", line 701, in _rmtree_safe_fd
    os.unlink(entry.name, dir_fd=topfd)
OSError: [Errno 16] Device or resource busy: '.nfs00000065aa8c003500004d25'
Traceback (most recent call last):
  File "/opt/pypy/lib/pypy3.11/multiprocessing/process.py", line 314, in _bootstrap
    self.run()
  File "/opt/pypy/lib/pypy3.11/multiprocessing/process.py", line 108, in run
    self._target(*self._args, **self._kwargs)
  File "/opt/pypy/lib/pypy3.11/multiprocessing/managers.py", line 600, in _run_server
    server.serve_forever()
  File "/opt/pypy/lib/pypy3.11/multiprocessing/managers.py", line 184, in serve_forever
    sys.exit(0)
SystemExit: 0

During handling of the above exception, another exception occurred:

Traceback (most recent call last):
  File "/opt/pypy/lib/pypy3.11/multiprocessing/util.py", line 303, in _run_finalizers
    finalizer()
  File "/opt/pypy/lib/pypy3.11/multiprocessing/util.py", line 227, in __call__
    res = self._callback(*self._args, **self._kwargs)
          ^^^^^^^^^^^^^^^^^^^^^^^^^^^^^^^^^^^^^^^^^^^
  File "/opt/pypy/lib/pypy3.11/multiprocessing/util.py", line 136, in _remove_temp_dir
    rmtree(tempdir, onerror=onerror)
  File "/opt/pypy/lib/pypy3.11/shutil.py", line 752, in rmtree
    _rmtree_safe_fd(fd, path, onerror)
  File "/opt/pypy/lib/pypy3.11/shutil.py", line 703, in _rmtree_safe_fd
    onerror(os.unlink, fullname, sys.exc_info())
  File "/opt/pypy/lib/pypy3.11/shutil.py", line 701, in _rmtree_safe_fd
    os.unlink(entry.name, dir_fd=topfd)
OSError: [Errno 16] Device or resource busy: '.nfs0000006600e3243200004d26'
Traceback (most recent call last):
  File "/opt/pypy/lib/pypy3.11/multiprocessing/process.py", line 314, in _bootstrap
    self.run()
  File "/opt/pypy/lib/pypy3.11/multiprocessing/process.py", line 108, in run
    self._target(*self._args, **self._kwargs)
  File "/opt/pypy/lib/pypy3.11/multiprocessing/managers.py", line 600, in _run_server
    server.serve_forever()
  File "/opt/pypy/lib/pypy3.11/multiprocessing/managers.py", line 184, in serve_forever
    sys.exit(0)
SystemExit: 0

During handling of the above exception, another exception occurred:

Traceback (most recent call last):
  File "/opt/pypy/lib/pypy3.11/multiprocessing/util.py", line 303, in _run_finalizers
    finalizer()
  File "/opt/pypy/lib/pypy3.11/multiprocessing/util.py", line 227, in __call__
    res = self._callback(*self._args, **self._kwargs)
          ^^^^^^^^^^^^^^^^^^^^^^^^^^^^^^^^^^^^^^^^^^^
  File "/opt/pypy/lib/pypy3.11/multiprocessing/util.py", line 136, in _remove_temp_dir
    rmtree(tempdir, onerror=onerror)
  File "/opt/pypy/lib/pypy3.11/shutil.py", line 752, in rmtree
    _rmtree_safe_fd(fd, path, onerror)
  File "/opt/pypy/lib/pypy3.11/shutil.py", line 703, in _rmtree_safe_fd
    onerror(os.unlink, fullname, sys.exc_info())
  File "/opt/pypy/lib/pypy3.11/shutil.py", line 701, in _rmtree_safe_fd
    os.unlink(entry.name, dir_fd=topfd)
OSError: [Errno 16] Device or resource busy: '.nfs0000006680506c2b00004d27'
Traceback (most recent call last):
  File "/opt/pypy/lib/pypy3.11/multiprocessing/process.py", line 314, in _bootstrap
    self.run()
  File "/opt/pypy/lib/pypy3.11/multiprocessing/process.py", line 108, in run
    self._target(*self._args, **self._kwargs)
  File "/opt/pypy/lib/pypy3.11/multiprocessing/managers.py", line 600, in _run_server
    server.serve_forever()
  File "/opt/pypy/lib/pypy3.11/multiprocessing/managers.py", line 184, in serve_forever
    sys.exit(0)
SystemExit: 0

During handling of the above exception, another exception occurred:

Traceback (most recent call last):
  File "/opt/pypy/lib/pypy3.11/multiprocessing/util.py", line 303, in _run_finalizers
    finalizer()
  File "/opt/pypy/lib/pypy3.11/multiprocessing/util.py", line 227, in __call__
    res = self._callback(*self._args, **self._kwargs)
          ^^^^^^^^^^^^^^^^^^^^^^^^^^^^^^^^^^^^^^^^^^^
  File "/opt/pypy/lib/pypy3.11/multiprocessing/util.py", line 136, in _remove_temp_dir
    rmtree(tempdir, onerror=onerror)
  File "/opt/pypy/lib/pypy3.11/shutil.py", line 752, in rmtree
    _rmtree_safe_fd(fd, path, onerror)
  File "/opt/pypy/lib/pypy3.11/shutil.py", line 703, in _rmtree_safe_fd
    onerror(os.unlink, fullname, sys.exc_info())
  File "/opt/pypy/lib/pypy3.11/shutil.py", line 701, in _rmtree_safe_fd
    os.unlink(entry.name, dir_fd=topfd)
OSError: [Errno 16] Device or resource busy: '.nfs000000671091103e00004d28'
Traceback (most recent call last):
  File "/opt/pypy/lib/pypy3.11/multiprocessing/process.py", line 314, in _bootstrap
    self.run()
  File "/opt/pypy/lib/pypy3.11/multiprocessing/process.py", line 108, in run
    self._target(*self._args, **self._kwargs)
  File "/opt/pypy/lib/pypy3.11/multiprocessing/managers.py", line 600, in _run_server
    server.serve_forever()
  File "/opt/pypy/lib/pypy3.11/multiprocessing/managers.py", line 184, in serve_forever
    sys.exit(0)
SystemExit: 0

During handling of the above exception, another exception occurred:

Traceback (most recent call last):
  File "/opt/pypy/lib/pypy3.11/multiprocessing/util.py", line 303, in _run_finalizers
    finalizer()
  File "/opt/pypy/lib/pypy3.11/multiprocessing/util.py", line 227, in __call__
    res = self._callback(*self._args, **self._kwargs)
          ^^^^^^^^^^^^^^^^^^^^^^^^^^^^^^^^^^^^^^^^^^^
  File "/opt/pypy/lib/pypy3.11/multiprocessing/util.py", line 136, in _remove_temp_dir
    rmtree(tempdir, onerror=onerror)
  File "/opt/pypy/lib/pypy3.11/shutil.py", line 752, in rmtree
    _rmtree_safe_fd(fd, path, onerror)
  File "/opt/pypy/lib/pypy3.11/shutil.py", line 703, in _rmtree_safe_fd
    onerror(os.unlink, fullname, sys.exc_info())
  File "/opt/pypy/lib/pypy3.11/shutil.py", line 701, in _rmtree_safe_fd
    os.unlink(entry.name, dir_fd=topfd)
OSError: [Errno 16] Device or resource busy: '.nfs000000678060bc3900004d29'
Traceback (most recent call last):
  File "/opt/pypy/lib/pypy3.11/multiprocessing/process.py", line 314, in _bootstrap
    self.run()
  File "/opt/pypy/lib/pypy3.11/multiprocessing/process.py", line 108, in run
    self._target(*self._args, **self._kwargs)
  File "/opt/pypy/lib/pypy3.11/multiprocessing/managers.py", line 600, in _run_server
    server.serve_forever()
  File "/opt/pypy/lib/pypy3.11/multiprocessing/managers.py", line 184, in serve_forever
    sys.exit(0)
SystemExit: 0

During handling of the above exception, another exception occurred:

Traceback (most recent call last):
  File "/opt/pypy/lib/pypy3.11/multiprocessing/util.py", line 303, in _run_finalizers
    finalizer()
  File "/opt/pypy/lib/pypy3.11/multiprocessing/util.py", line 227, in __call__
    res = self._callback(*self._args, **self._kwargs)
          ^^^^^^^^^^^^^^^^^^^^^^^^^^^^^^^^^^^^^^^^^^^
  File "/opt/pypy/lib/pypy3.11/multiprocessing/util.py", line 136, in _remove_temp_dir
    rmtree(tempdir, onerror=onerror)
  File "/opt/pypy/lib/pypy3.11/shutil.py", line 752, in rmtree
    _rmtree_safe_fd(fd, path, onerror)
  File "/opt/pypy/lib/pypy3.11/shutil.py", line 703, in _rmtree_safe_fd
    onerror(os.unlink, fullname, sys.exc_info())
  File "/opt/pypy/lib/pypy3.11/shutil.py", line 701, in _rmtree_safe_fd
    os.unlink(entry.name, dir_fd=topfd)
OSError: [Errno 16] Device or resource busy: '.nfs000000680053783f00004d2a'
Traceback (most recent call last):
  File "/opt/pypy/lib/pypy3.11/multiprocessing/process.py", line 314, in _bootstrap
    self.run()
  File "/opt/pypy/lib/pypy3.11/multiprocessing/process.py", line 108, in run
    self._target(*self._args, **self._kwargs)
  File "/opt/pypy/lib/pypy3.11/multiprocessing/managers.py", line 600, in _run_server
    server.serve_forever()
  File "/opt/pypy/lib/pypy3.11/multiprocessing/managers.py", line 184, in serve_forever
    sys.exit(0)
SystemExit: 0

During handling of the above exception, another exception occurred:

Traceback (most recent call last):
  File "/opt/pypy/lib/pypy3.11/multiprocessing/util.py", line 303, in _run_finalizers
    finalizer()
  File "/opt/pypy/lib/pypy3.11/multiprocessing/util.py", line 227, in __call__
    res = self._callback(*self._args, **self._kwargs)
          ^^^^^^^^^^^^^^^^^^^^^^^^^^^^^^^^^^^^^^^^^^^
  File "/opt/pypy/lib/pypy3.11/multiprocessing/util.py", line 136, in _remove_temp_dir
    rmtree(tempdir, onerror=onerror)
  File "/opt/pypy/lib/pypy3.11/shutil.py", line 752, in rmtree
    _rmtree_safe_fd(fd, path, onerror)
  File "/opt/pypy/lib/pypy3.11/shutil.py", line 703, in _rmtree_safe_fd
    onerror(os.unlink, fullname, sys.exc_info())
  File "/opt/pypy/lib/pypy3.11/shutil.py", line 701, in _rmtree_safe_fd
    os.unlink(entry.name, dir_fd=topfd)
OSError: [Errno 16] Device or resource busy: '.nfs00000068b87b1c2600004d2b'
Traceback (most recent call last):
  File "/opt/pypy/lib/pypy3.11/multiprocessing/process.py", line 314, in _bootstrap
    self.run()
  File "/opt/pypy/lib/pypy3.11/multiprocessing/process.py", line 108, in run
    self._target(*self._args, **self._kwargs)
  File "/opt/pypy/lib/pypy3.11/multiprocessing/managers.py", line 600, in _run_server
    server.serve_forever()
  File "/opt/pypy/lib/pypy3.11/multiprocessing/managers.py", line 184, in serve_forever
    sys.exit(0)
SystemExit: 0

During handling of the above exception, another exception occurred:

Traceback (most recent call last):
  File "/opt/pypy/lib/pypy3.11/multiprocessing/util.py", line 303, in _run_finalizers
    finalizer()
  File "/opt/pypy/lib/pypy3.11/multiprocessing/util.py", line 227, in __call__
    res = self._callback(*self._args, **self._kwargs)
          ^^^^^^^^^^^^^^^^^^^^^^^^^^^^^^^^^^^^^^^^^^^
  File "/opt/pypy/lib/pypy3.11/multiprocessing/util.py", line 136, in _remove_temp_dir
    rmtree(tempdir, onerror=onerror)
  File "/opt/pypy/lib/pypy3.11/shutil.py", line 752, in rmtree
    _rmtree_safe_fd(fd, path, onerror)
  File "/opt/pypy/lib/pypy3.11/shutil.py", line 703, in _rmtree_safe_fd
    onerror(os.unlink, fullname, sys.exc_info())
  File "/opt/pypy/lib/pypy3.11/shutil.py", line 701, in _rmtree_safe_fd
    os.unlink(entry.name, dir_fd=topfd)
OSError: [Errno 16] Device or resource busy: '.nfs00000069169ef00400004d2c'
Traceback (most recent call last):
  File "/opt/pypy/lib/pypy3.11/multiprocessing/process.py", line 314, in _bootstrap
    self.run()
  File "/opt/pypy/lib/pypy3.11/multiprocessing/process.py", line 108, in run
    self._target(*self._args, **self._kwargs)
  File "/opt/pypy/lib/pypy3.11/multiprocessing/managers.py", line 600, in _run_server
    server.serve_forever()
  File "/opt/pypy/lib/pypy3.11/multiprocessing/managers.py", line 184, in serve_forever
    sys.exit(0)
SystemExit: 0

During handling of the above exception, another exception occurred:

Traceback (most recent call last):
  File "/opt/pypy/lib/pypy3.11/multiprocessing/util.py", line 303, in _run_finalizers
    finalizer()
  File "/opt/pypy/lib/pypy3.11/multiprocessing/util.py", line 227, in __call__
    res = self._callback(*self._args, **self._kwargs)
          ^^^^^^^^^^^^^^^^^^^^^^^^^^^^^^^^^^^^^^^^^^^
  File "/opt/pypy/lib/pypy3.11/multiprocessing/util.py", line 136, in _remove_temp_dir
    rmtree(tempdir, onerror=onerror)
  File "/opt/pypy/lib/pypy3.11/shutil.py", line 752, in rmtree
    _rmtree_safe_fd(fd, path, onerror)
  File "/opt/pypy/lib/pypy3.11/shutil.py", line 703, in _rmtree_safe_fd
    onerror(os.unlink, fullname, sys.exc_info())
  File "/opt/pypy/lib/pypy3.11/shutil.py", line 701, in _rmtree_safe_fd
    os.unlink(entry.name, dir_fd=topfd)
OSError: [Errno 16] Device or resource busy: '.nfs0000006990212c2700004d2d'
Traceback (most recent call last):
  File "/opt/pypy/lib/pypy3.11/multiprocessing/process.py", line 314, in _bootstrap
    self.run()
  File "/opt/pypy/lib/pypy3.11/multiprocessing/process.py", line 108, in run
    self._target(*self._args, **self._kwargs)
  File "/opt/pypy/lib/pypy3.11/multiprocessing/managers.py", line 600, in _run_server
    server.serve_forever()
  File "/opt/pypy/lib/pypy3.11/multiprocessing/managers.py", line 184, in serve_forever
    sys.exit(0)
SystemExit: 0

During handling of the above exception, another exception occurred:

Traceback (most recent call last):
  File "/opt/pypy/lib/pypy3.11/multiprocessing/util.py", line 303, in _run_finalizers
    finalizer()
  File "/opt/pypy/lib/pypy3.11/multiprocessing/util.py", line 227, in __call__
    res = self._callback(*self._args, **self._kwargs)
          ^^^^^^^^^^^^^^^^^^^^^^^^^^^^^^^^^^^^^^^^^^^
  File "/opt/pypy/lib/pypy3.11/multiprocessing/util.py", line 136, in _remove_temp_dir
    rmtree(tempdir, onerror=onerror)
  File "/opt/pypy/lib/pypy3.11/shutil.py", line 752, in rmtree
    _rmtree_safe_fd(fd, path, onerror)
  File "/opt/pypy/lib/pypy3.11/shutil.py", line 703, in _rmtree_safe_fd
    onerror(os.unlink, fullname, sys.exc_info())
  File "/opt/pypy/lib/pypy3.11/shutil.py", line 701, in _rmtree_safe_fd
    os.unlink(entry.name, dir_fd=topfd)
OSError: [Errno 16] Device or resource busy: '.nfs0000006a2d03403200004d2e'
Traceback (most recent call last):
  File "/opt/pypy/lib/pypy3.11/multiprocessing/process.py", line 314, in _bootstrap
    self.run()
  File "/opt/pypy/lib/pypy3.11/multiprocessing/process.py", line 108, in run
    self._target(*self._args, **self._kwargs)
  File "/opt/pypy/lib/pypy3.11/multiprocessing/managers.py", line 600, in _run_server
    server.serve_forever()
  File "/opt/pypy/lib/pypy3.11/multiprocessing/managers.py", line 184, in serve_forever
    sys.exit(0)
SystemExit: 0

During handling of the above exception, another exception occurred:

Traceback (most recent call last):
  File "/opt/pypy/lib/pypy3.11/multiprocessing/util.py", line 303, in _run_finalizers
    finalizer()
  File "/opt/pypy/lib/pypy3.11/multiprocessing/util.py", line 227, in __call__
    res = self._callback(*self._args, **self._kwargs)
          ^^^^^^^^^^^^^^^^^^^^^^^^^^^^^^^^^^^^^^^^^^^
  File "/opt/pypy/lib/pypy3.11/multiprocessing/util.py", line 136, in _remove_temp_dir
    rmtree(tempdir, onerror=onerror)
  File "/opt/pypy/lib/pypy3.11/shutil.py", line 752, in rmtree
    _rmtree_safe_fd(fd, path, onerror)
  File "/opt/pypy/lib/pypy3.11/shutil.py", line 703, in _rmtree_safe_fd
    onerror(os.unlink, fullname, sys.exc_info())
  File "/opt/pypy/lib/pypy3.11/shutil.py", line 701, in _rmtree_safe_fd
    os.unlink(entry.name, dir_fd=topfd)
OSError: [Errno 16] Device or resource busy: '.nfs0000006a9c94542100004d2f'
Traceback (most recent call last):
  File "/opt/pypy/lib/pypy3.11/multiprocessing/process.py", line 314, in _bootstrap
    self.run()
  File "/opt/pypy/lib/pypy3.11/multiprocessing/process.py", line 108, in run
    self._target(*self._args, **self._kwargs)
  File "/opt/pypy/lib/pypy3.11/multiprocessing/managers.py", line 600, in _run_server
    server.serve_forever()
  File "/opt/pypy/lib/pypy3.11/multiprocessing/managers.py", line 184, in serve_forever
    sys.exit(0)
SystemExit: 0

During handling of the above exception, another exception occurred:

Traceback (most recent call last):
  File "/opt/pypy/lib/pypy3.11/multiprocessing/util.py", line 303, in _run_finalizers
    finalizer()
  File "/opt/pypy/lib/pypy3.11/multiprocessing/util.py", line 227, in __call__
    res = self._callback(*self._args, **self._kwargs)
          ^^^^^^^^^^^^^^^^^^^^^^^^^^^^^^^^^^^^^^^^^^^
  File "/opt/pypy/lib/pypy3.11/multiprocessing/util.py", line 136, in _remove_temp_dir
    rmtree(tempdir, onerror=onerror)
  File "/opt/pypy/lib/pypy3.11/shutil.py", line 752, in rmtree
    _rmtree_safe_fd(fd, path, onerror)
  File "/opt/pypy/lib/pypy3.11/shutil.py", line 703, in _rmtree_safe_fd
    onerror(os.unlink, fullname, sys.exc_info())
  File "/opt/pypy/lib/pypy3.11/shutil.py", line 701, in _rmtree_safe_fd
    os.unlink(entry.name, dir_fd=topfd)
OSError: [Errno 16] Device or resource busy: '.nfs0000006b10a7203300004d30'
Traceback (most recent call last):
  File "/opt/pypy/lib/pypy3.11/multiprocessing/process.py", line 314, in _bootstrap
    self.run()
  File "/opt/pypy/lib/pypy3.11/multiprocessing/process.py", line 108, in run
    self._target(*self._args, **self._kwargs)
  File "/opt/pypy/lib/pypy3.11/multiprocessing/managers.py", line 600, in _run_server
    server.serve_forever()
  File "/opt/pypy/lib/pypy3.11/multiprocessing/managers.py", line 184, in serve_forever
    sys.exit(0)
SystemExit: 0

During handling of the above exception, another exception occurred:

Traceback (most recent call last):
  File "/opt/pypy/lib/pypy3.11/multiprocessing/util.py", line 303, in _run_finalizers
    finalizer()
  File "/opt/pypy/lib/pypy3.11/multiprocessing/util.py", line 227, in __call__
    res = self._callback(*self._args, **self._kwargs)
          ^^^^^^^^^^^^^^^^^^^^^^^^^^^^^^^^^^^^^^^^^^^
  File "/opt/pypy/lib/pypy3.11/multiprocessing/util.py", line 136, in _remove_temp_dir
    rmtree(tempdir, onerror=onerror)
  File "/opt/pypy/lib/pypy3.11/shutil.py", line 752, in rmtree
    _rmtree_safe_fd(fd, path, onerror)
  File "/opt/pypy/lib/pypy3.11/shutil.py", line 703, in _rmtree_safe_fd
    onerror(os.unlink, fullname, sys.exc_info())
  File "/opt/pypy/lib/pypy3.11/shutil.py", line 701, in _rmtree_safe_fd
    os.unlink(entry.name, dir_fd=topfd)
OSError: [Errno 16] Device or resource busy: '.nfs0000006b8044c85100004d31'
Traceback (most recent call last):
  File "/opt/pypy/lib/pypy3.11/multiprocessing/process.py", line 314, in _bootstrap
    self.run()
  File "/opt/pypy/lib/pypy3.11/multiprocessing/process.py", line 108, in run
    self._target(*self._args, **self._kwargs)
  File "/opt/pypy/lib/pypy3.11/multiprocessing/managers.py", line 600, in _run_server
    server.serve_forever()
  File "/opt/pypy/lib/pypy3.11/multiprocessing/managers.py", line 184, in serve_forever
    sys.exit(0)
SystemExit: 0

During handling of the above exception, another exception occurred:

Traceback (most recent call last):
  File "/opt/pypy/lib/pypy3.11/multiprocessing/util.py", line 303, in _run_finalizers
    finalizer()
  File "/opt/pypy/lib/pypy3.11/multiprocessing/util.py", line 227, in __call__
    res = self._callback(*self._args, **self._kwargs)
          ^^^^^^^^^^^^^^^^^^^^^^^^^^^^^^^^^^^^^^^^^^^
  File "/opt/pypy/lib/pypy3.11/multiprocessing/util.py", line 136, in _remove_temp_dir
    rmtree(tempdir, onerror=onerror)
  File "/opt/pypy/lib/pypy3.11/shutil.py", line 752, in rmtree
    _rmtree_safe_fd(fd, path, onerror)
  File "/opt/pypy/lib/pypy3.11/shutil.py", line 703, in _rmtree_safe_fd
    onerror(os.unlink, fullname, sys.exc_info())
  File "/opt/pypy/lib/pypy3.11/shutil.py", line 701, in _rmtree_safe_fd
    os.unlink(entry.name, dir_fd=topfd)
OSError: [Errno 16] Device or resource busy: '.nfs0000006c031b440700004d32'
Traceback (most recent call last):
  File "/opt/pypy/lib/pypy3.11/multiprocessing/process.py", line 314, in _bootstrap
    self.run()
  File "/opt/pypy/lib/pypy3.11/multiprocessing/process.py", line 108, in run
    self._target(*self._args, **self._kwargs)
  File "/opt/pypy/lib/pypy3.11/multiprocessing/managers.py", line 600, in _run_server
    server.serve_forever()
  File "/opt/pypy/lib/pypy3.11/multiprocessing/managers.py", line 184, in serve_forever
    sys.exit(0)
SystemExit: 0

During handling of the above exception, another exception occurred:

Traceback (most recent call last):
  File "/opt/pypy/lib/pypy3.11/multiprocessing/util.py", line 303, in _run_finalizers
    finalizer()
  File "/opt/pypy/lib/pypy3.11/multiprocessing/util.py", line 227, in __call__
    res = self._callback(*self._args, **self._kwargs)
          ^^^^^^^^^^^^^^^^^^^^^^^^^^^^^^^^^^^^^^^^^^^
  File "/opt/pypy/lib/pypy3.11/multiprocessing/util.py", line 136, in _remove_temp_dir
    rmtree(tempdir, onerror=onerror)
  File "/opt/pypy/lib/pypy3.11/shutil.py", line 752, in rmtree
    _rmtree_safe_fd(fd, path, onerror)
  File "/opt/pypy/lib/pypy3.11/shutil.py", line 703, in _rmtree_safe_fd
    onerror(os.unlink, fullname, sys.exc_info())
  File "/opt/pypy/lib/pypy3.11/shutil.py", line 701, in _rmtree_safe_fd
    os.unlink(entry.name, dir_fd=topfd)
OSError: [Errno 16] Device or resource busy: '.nfs0000006cbbb2140400004d33'
Traceback (most recent call last):
  File "/opt/pypy/lib/pypy3.11/multiprocessing/process.py", line 314, in _bootstrap
    self.run()
  File "/opt/pypy/lib/pypy3.11/multiprocessing/process.py", line 108, in run
    self._target(*self._args, **self._kwargs)
  File "/opt/pypy/lib/pypy3.11/multiprocessing/managers.py", line 600, in _run_server
    server.serve_forever()
  File "/opt/pypy/lib/pypy3.11/multiprocessing/managers.py", line 184, in serve_forever
    sys.exit(0)
SystemExit: 0

During handling of the above exception, another exception occurred:

Traceback (most recent call last):
  File "/opt/pypy/lib/pypy3.11/multiprocessing/util.py", line 303, in _run_finalizers
    finalizer()
  File "/opt/pypy/lib/pypy3.11/multiprocessing/util.py", line 227, in __call__
    res = self._callback(*self._args, **self._kwargs)
          ^^^^^^^^^^^^^^^^^^^^^^^^^^^^^^^^^^^^^^^^^^^
  File "/opt/pypy/lib/pypy3.11/multiprocessing/util.py", line 136, in _remove_temp_dir
    rmtree(tempdir, onerror=onerror)
  File "/opt/pypy/lib/pypy3.11/shutil.py", line 752, in rmtree
    _rmtree_safe_fd(fd, path, onerror)
  File "/opt/pypy/lib/pypy3.11/shutil.py", line 703, in _rmtree_safe_fd
    onerror(os.unlink, fullname, sys.exc_info())
  File "/opt/pypy/lib/pypy3.11/shutil.py", line 701, in _rmtree_safe_fd
    os.unlink(entry.name, dir_fd=topfd)
OSError: [Errno 16] Device or resource busy: '.nfs0000006d1c81682c00004d34'
Traceback (most recent call last):
  File "/opt/pypy/lib/pypy3.11/multiprocessing/process.py", line 314, in _bootstrap
    self.run()
  File "/opt/pypy/lib/pypy3.11/multiprocessing/process.py", line 108, in run
    self._target(*self._args, **self._kwargs)
  File "/opt/pypy/lib/pypy3.11/multiprocessing/managers.py", line 600, in _run_server
    server.serve_forever()
  File "/opt/pypy/lib/pypy3.11/multiprocessing/managers.py", line 184, in serve_forever
    sys.exit(0)
SystemExit: 0

During handling of the above exception, another exception occurred:

Traceback (most recent call last):
  File "/opt/pypy/lib/pypy3.11/multiprocessing/util.py", line 303, in _run_finalizers
    finalizer()
  File "/opt/pypy/lib/pypy3.11/multiprocessing/util.py", line 227, in __call__
    res = self._callback(*self._args, **self._kwargs)
          ^^^^^^^^^^^^^^^^^^^^^^^^^^^^^^^^^^^^^^^^^^^
  File "/opt/pypy/lib/pypy3.11/multiprocessing/util.py", line 136, in _remove_temp_dir
    rmtree(tempdir, onerror=onerror)
  File "/opt/pypy/lib/pypy3.11/shutil.py", line 752, in rmtree
    _rmtree_safe_fd(fd, path, onerror)
  File "/opt/pypy/lib/pypy3.11/shutil.py", line 703, in _rmtree_safe_fd
    onerror(os.unlink, fullname, sys.exc_info())
  File "/opt/pypy/lib/pypy3.11/shutil.py", line 701, in _rmtree_safe_fd
    os.unlink(entry.name, dir_fd=topfd)
OSError: [Errno 16] Device or resource busy: '.nfs0000006d809b683f00004d35'
Traceback (most recent call last):
  File "/opt/pypy/lib/pypy3.11/multiprocessing/process.py", line 314, in _bootstrap
    self.run()
  File "/opt/pypy/lib/pypy3.11/multiprocessing/process.py", line 108, in run
    self._target(*self._args, **self._kwargs)
  File "/opt/pypy/lib/pypy3.11/multiprocessing/managers.py", line 600, in _run_server
    server.serve_forever()
  File "/opt/pypy/lib/pypy3.11/multiprocessing/managers.py", line 184, in serve_forever
    sys.exit(0)
SystemExit: 0

During handling of the above exception, another exception occurred:

Traceback (most recent call last):
  File "/opt/pypy/lib/pypy3.11/multiprocessing/util.py", line 303, in _run_finalizers
    finalizer()
  File "/opt/pypy/lib/pypy3.11/multiprocessing/util.py", line 227, in __call__
    res = self._callback(*self._args, **self._kwargs)
          ^^^^^^^^^^^^^^^^^^^^^^^^^^^^^^^^^^^^^^^^^^^
  File "/opt/pypy/lib/pypy3.11/multiprocessing/util.py", line 136, in _remove_temp_dir
    rmtree(tempdir, onerror=onerror)
  File "/opt/pypy/lib/pypy3.11/shutil.py", line 752, in rmtree
    _rmtree_safe_fd(fd, path, onerror)
  File "/opt/pypy/lib/pypy3.11/shutil.py", line 703, in _rmtree_safe_fd
    onerror(os.unlink, fullname, sys.exc_info())
  File "/opt/pypy/lib/pypy3.11/shutil.py", line 701, in _rmtree_safe_fd
    os.unlink(entry.name, dir_fd=topfd)
OSError: [Errno 16] Device or resource busy: '.nfs0000006e0bbd002b00004d36'
Traceback (most recent call last):
  File "/opt/pypy/lib/pypy3.11/multiprocessing/process.py", line 314, in _bootstrap
    self.run()
  File "/opt/pypy/lib/pypy3.11/multiprocessing/process.py", line 108, in run
    self._target(*self._args, **self._kwargs)
  File "/opt/pypy/lib/pypy3.11/multiprocessing/managers.py", line 600, in _run_server
    server.serve_forever()
  File "/opt/pypy/lib/pypy3.11/multiprocessing/managers.py", line 184, in serve_forever
    sys.exit(0)
SystemExit: 0

During handling of the above exception, another exception occurred:

Traceback (most recent call last):
  File "/opt/pypy/lib/pypy3.11/multiprocessing/util.py", line 303, in _run_finalizers
    finalizer()
  File "/opt/pypy/lib/pypy3.11/multiprocessing/util.py", line 227, in __call__
    res = self._callback(*self._args, **self._kwargs)
          ^^^^^^^^^^^^^^^^^^^^^^^^^^^^^^^^^^^^^^^^^^^
  File "/opt/pypy/lib/pypy3.11/multiprocessing/util.py", line 136, in _remove_temp_dir
    rmtree(tempdir, onerror=onerror)
  File "/opt/pypy/lib/pypy3.11/shutil.py", line 752, in rmtree
    _rmtree_safe_fd(fd, path, onerror)
  File "/opt/pypy/lib/pypy3.11/shutil.py", line 703, in _rmtree_safe_fd
    onerror(os.unlink, fullname, sys.exc_info())
  File "/opt/pypy/lib/pypy3.11/shutil.py", line 701, in _rmtree_safe_fd
    os.unlink(entry.name, dir_fd=topfd)
OSError: [Errno 16] Device or resource busy: '.nfs0000006e80d1e82d00004d37'
Traceback (most recent call last):
  File "/opt/pypy/lib/pypy3.11/multiprocessing/process.py", line 314, in _bootstrap
    self.run()
  File "/opt/pypy/lib/pypy3.11/multiprocessing/process.py", line 108, in run
    self._target(*self._args, **self._kwargs)
  File "/opt/pypy/lib/pypy3.11/multiprocessing/managers.py", line 600, in _run_server
    server.serve_forever()
  File "/opt/pypy/lib/pypy3.11/multiprocessing/managers.py", line 184, in serve_forever
    sys.exit(0)
SystemExit: 0

During handling of the above exception, another exception occurred:

Traceback (most recent call last):
  File "/opt/pypy/lib/pypy3.11/multiprocessing/util.py", line 303, in _run_finalizers
    finalizer()
  File "/opt/pypy/lib/pypy3.11/multiprocessing/util.py", line 227, in __call__
    res = self._callback(*self._args, **self._kwargs)
          ^^^^^^^^^^^^^^^^^^^^^^^^^^^^^^^^^^^^^^^^^^^
  File "/opt/pypy/lib/pypy3.11/multiprocessing/util.py", line 136, in _remove_temp_dir
    rmtree(tempdir, onerror=onerror)
  File "/opt/pypy/lib/pypy3.11/shutil.py", line 752, in rmtree
    _rmtree_safe_fd(fd, path, onerror)
  File "/opt/pypy/lib/pypy3.11/shutil.py", line 703, in _rmtree_safe_fd
    onerror(os.unlink, fullname, sys.exc_info())
  File "/opt/pypy/lib/pypy3.11/shutil.py", line 701, in _rmtree_safe_fd
    os.unlink(entry.name, dir_fd=topfd)
OSError: [Errno 16] Device or resource busy: '.nfs0000006f128f9c3700004d38'
Traceback (most recent call last):
  File "/opt/pypy/lib/pypy3.11/multiprocessing/process.py", line 314, in _bootstrap
    self.run()
  File "/opt/pypy/lib/pypy3.11/multiprocessing/process.py", line 108, in run
    self._target(*self._args, **self._kwargs)
  File "/opt/pypy/lib/pypy3.11/multiprocessing/managers.py", line 600, in _run_server
    server.serve_forever()
  File "/opt/pypy/lib/pypy3.11/multiprocessing/managers.py", line 184, in serve_forever
    sys.exit(0)
SystemExit: 0

During handling of the above exception, another exception occurred:

Traceback (most recent call last):
  File "/opt/pypy/lib/pypy3.11/multiprocessing/util.py", line 303, in _run_finalizers
    finalizer()
  File "/opt/pypy/lib/pypy3.11/multiprocessing/util.py", line 227, in __call__
    res = self._callback(*self._args, **self._kwargs)
          ^^^^^^^^^^^^^^^^^^^^^^^^^^^^^^^^^^^^^^^^^^^
  File "/opt/pypy/lib/pypy3.11/multiprocessing/util.py", line 136, in _remove_temp_dir
    rmtree(tempdir, onerror=onerror)
  File "/opt/pypy/lib/pypy3.11/shutil.py", line 752, in rmtree
    _rmtree_safe_fd(fd, path, onerror)
  File "/opt/pypy/lib/pypy3.11/shutil.py", line 703, in _rmtree_safe_fd
    onerror(os.unlink, fullname, sys.exc_info())
  File "/opt/pypy/lib/pypy3.11/shutil.py", line 701, in _rmtree_safe_fd
    os.unlink(entry.name, dir_fd=topfd)
OSError: [Errno 16] Device or resource busy: '.nfs0000006f90d9780e00004d39'
Traceback (most recent call last):
  File "/opt/pypy/lib/pypy3.11/multiprocessing/process.py", line 314, in _bootstrap
    self.run()
  File "/opt/pypy/lib/pypy3.11/multiprocessing/process.py", line 108, in run
    self._target(*self._args, **self._kwargs)
  File "/opt/pypy/lib/pypy3.11/multiprocessing/managers.py", line 600, in _run_server
    server.serve_forever()
  File "/opt/pypy/lib/pypy3.11/multiprocessing/managers.py", line 184, in serve_forever
    sys.exit(0)
SystemExit: 0

During handling of the above exception, another exception occurred:

Traceback (most recent call last):
  File "/opt/pypy/lib/pypy3.11/multiprocessing/util.py", line 303, in _run_finalizers
    finalizer()
  File "/opt/pypy/lib/pypy3.11/multiprocessing/util.py", line 227, in __call__
    res = self._callback(*self._args, **self._kwargs)
          ^^^^^^^^^^^^^^^^^^^^^^^^^^^^^^^^^^^^^^^^^^^
  File "/opt/pypy/lib/pypy3.11/multiprocessing/util.py", line 136, in _remove_temp_dir
    rmtree(tempdir, onerror=onerror)
  File "/opt/pypy/lib/pypy3.11/shutil.py", line 752, in rmtree
    _rmtree_safe_fd(fd, path, onerror)
  File "/opt/pypy/lib/pypy3.11/shutil.py", line 703, in _rmtree_safe_fd
    onerror(os.unlink, fullname, sys.exc_info())
  File "/opt/pypy/lib/pypy3.11/shutil.py", line 701, in _rmtree_safe_fd
    os.unlink(entry.name, dir_fd=topfd)
OSError: [Errno 16] Device or resource busy: '.nfs0000007015e2800700004d3a'
Traceback (most recent call last):
  File "/opt/pypy/lib/pypy3.11/multiprocessing/process.py", line 314, in _bootstrap
    self.run()
  File "/opt/pypy/lib/pypy3.11/multiprocessing/process.py", line 108, in run
    self._target(*self._args, **self._kwargs)
  File "/opt/pypy/lib/pypy3.11/multiprocessing/managers.py", line 600, in _run_server
    server.serve_forever()
  File "/opt/pypy/lib/pypy3.11/multiprocessing/managers.py", line 184, in serve_forever
    sys.exit(0)
SystemExit: 0

During handling of the above exception, another exception occurred:

Traceback (most recent call last):
  File "/opt/pypy/lib/pypy3.11/multiprocessing/util.py", line 303, in _run_finalizers
    finalizer()
  File "/opt/pypy/lib/pypy3.11/multiprocessing/util.py", line 227, in __call__
    res = self._callback(*self._args, **self._kwargs)
          ^^^^^^^^^^^^^^^^^^^^^^^^^^^^^^^^^^^^^^^^^^^
  File "/opt/pypy/lib/pypy3.11/multiprocessing/util.py", line 136, in _remove_temp_dir
    rmtree(tempdir, onerror=onerror)
  File "/opt/pypy/lib/pypy3.11/shutil.py", line 752, in rmtree
    _rmtree_safe_fd(fd, path, onerror)
  File "/opt/pypy/lib/pypy3.11/shutil.py", line 703, in _rmtree_safe_fd
    onerror(os.unlink, fullname, sys.exc_info())
  File "/opt/pypy/lib/pypy3.11/shutil.py", line 701, in _rmtree_safe_fd
    os.unlink(entry.name, dir_fd=topfd)
OSError: [Errno 16] Device or resource busy: '.nfs00000070c738a80000004d3b'
Traceback (most recent call last):
  File "/opt/pypy/lib/pypy3.11/multiprocessing/process.py", line 314, in _bootstrap
    self.run()
  File "/opt/pypy/lib/pypy3.11/multiprocessing/process.py", line 108, in run
    self._target(*self._args, **self._kwargs)
  File "/opt/pypy/lib/pypy3.11/multiprocessing/managers.py", line 600, in _run_server
    server.serve_forever()
  File "/opt/pypy/lib/pypy3.11/multiprocessing/managers.py", line 184, in serve_forever
    sys.exit(0)
SystemExit: 0

During handling of the above exception, another exception occurred:

Traceback (most recent call last):
  File "/opt/pypy/lib/pypy3.11/multiprocessing/util.py", line 303, in _run_finalizers
    finalizer()
  File "/opt/pypy/lib/pypy3.11/multiprocessing/util.py", line 227, in __call__
    res = self._callback(*self._args, **self._kwargs)
          ^^^^^^^^^^^^^^^^^^^^^^^^^^^^^^^^^^^^^^^^^^^
  File "/opt/pypy/lib/pypy3.11/multiprocessing/util.py", line 136, in _remove_temp_dir
    rmtree(tempdir, onerror=onerror)
  File "/opt/pypy/lib/pypy3.11/shutil.py", line 752, in rmtree
    _rmtree_safe_fd(fd, path, onerror)
  File "/opt/pypy/lib/pypy3.11/shutil.py", line 703, in _rmtree_safe_fd
    onerror(os.unlink, fullname, sys.exc_info())
  File "/opt/pypy/lib/pypy3.11/shutil.py", line 701, in _rmtree_safe_fd
    os.unlink(entry.name, dir_fd=topfd)
OSError: [Errno 16] Device or resource busy: '.nfs000000710085202300004d3c'
Traceback (most recent call last):
  File "/opt/pypy/lib/pypy3.11/multiprocessing/process.py", line 314, in _bootstrap
    self.run()
  File "/opt/pypy/lib/pypy3.11/multiprocessing/process.py", line 108, in run
    self._target(*self._args, **self._kwargs)
  File "/opt/pypy/lib/pypy3.11/multiprocessing/managers.py", line 600, in _run_server
    server.serve_forever()
  File "/opt/pypy/lib/pypy3.11/multiprocessing/managers.py", line 184, in serve_forever
    sys.exit(0)
SystemExit: 0

During handling of the above exception, another exception occurred:

Traceback (most recent call last):
  File "/opt/pypy/lib/pypy3.11/multiprocessing/util.py", line 303, in _run_finalizers
    finalizer()
  File "/opt/pypy/lib/pypy3.11/multiprocessing/util.py", line 227, in __call__
    res = self._callback(*self._args, **self._kwargs)
          ^^^^^^^^^^^^^^^^^^^^^^^^^^^^^^^^^^^^^^^^^^^
  File "/opt/pypy/lib/pypy3.11/multiprocessing/util.py", line 136, in _remove_temp_dir
    rmtree(tempdir, onerror=onerror)
  File "/opt/pypy/lib/pypy3.11/shutil.py", line 752, in rmtree
    _rmtree_safe_fd(fd, path, onerror)
  File "/opt/pypy/lib/pypy3.11/shutil.py", line 703, in _rmtree_safe_fd
    onerror(os.unlink, fullname, sys.exc_info())
  File "/opt/pypy/lib/pypy3.11/shutil.py", line 701, in _rmtree_safe_fd
    os.unlink(entry.name, dir_fd=topfd)
OSError: [Errno 16] Device or resource busy: '.nfs000000718031e43700004d3d'
Traceback (most recent call last):
  File "/opt/pypy/lib/pypy3.11/multiprocessing/process.py", line 314, in _bootstrap
    self.run()
  File "/opt/pypy/lib/pypy3.11/multiprocessing/process.py", line 108, in run
    self._target(*self._args, **self._kwargs)
  File "/opt/pypy/lib/pypy3.11/multiprocessing/managers.py", line 600, in _run_server
    server.serve_forever()
  File "/opt/pypy/lib/pypy3.11/multiprocessing/managers.py", line 184, in serve_forever
    sys.exit(0)
SystemExit: 0

During handling of the above exception, another exception occurred:

Traceback (most recent call last):
  File "/opt/pypy/lib/pypy3.11/multiprocessing/util.py", line 303, in _run_finalizers
    finalizer()
  File "/opt/pypy/lib/pypy3.11/multiprocessing/util.py", line 227, in __call__
    res = self._callback(*self._args, **self._kwargs)
          ^^^^^^^^^^^^^^^^^^^^^^^^^^^^^^^^^^^^^^^^^^^
  File "/opt/pypy/lib/pypy3.11/multiprocessing/util.py", line 136, in _remove_temp_dir
    rmtree(tempdir, onerror=onerror)
  File "/opt/pypy/lib/pypy3.11/shutil.py", line 752, in rmtree
    _rmtree_safe_fd(fd, path, onerror)
  File "/opt/pypy/lib/pypy3.11/shutil.py", line 703, in _rmtree_safe_fd
    onerror(os.unlink, fullname, sys.exc_info())
  File "/opt/pypy/lib/pypy3.11/shutil.py", line 701, in _rmtree_safe_fd
    os.unlink(entry.name, dir_fd=topfd)
OSError: [Errno 16] Device or resource busy: '.nfs000000723b14640100004d3e'
Traceback (most recent call last):
  File "/opt/pypy/lib/pypy3.11/multiprocessing/process.py", line 314, in _bootstrap
    self.run()
  File "/opt/pypy/lib/pypy3.11/multiprocessing/process.py", line 108, in run
    self._target(*self._args, **self._kwargs)
  File "/opt/pypy/lib/pypy3.11/multiprocessing/managers.py", line 600, in _run_server
    server.serve_forever()
  File "/opt/pypy/lib/pypy3.11/multiprocessing/managers.py", line 184, in serve_forever
    sys.exit(0)
SystemExit: 0

During handling of the above exception, another exception occurred:

Traceback (most recent call last):
  File "/opt/pypy/lib/pypy3.11/multiprocessing/util.py", line 303, in _run_finalizers
    finalizer()
  File "/opt/pypy/lib/pypy3.11/multiprocessing/util.py", line 227, in __call__
    res = self._callback(*self._args, **self._kwargs)
          ^^^^^^^^^^^^^^^^^^^^^^^^^^^^^^^^^^^^^^^^^^^
  File "/opt/pypy/lib/pypy3.11/multiprocessing/util.py", line 136, in _remove_temp_dir
    rmtree(tempdir, onerror=onerror)
  File "/opt/pypy/lib/pypy3.11/shutil.py", line 752, in rmtree
    _rmtree_safe_fd(fd, path, onerror)
  File "/opt/pypy/lib/pypy3.11/shutil.py", line 703, in _rmtree_safe_fd
    onerror(os.unlink, fullname, sys.exc_info())
  File "/opt/pypy/lib/pypy3.11/shutil.py", line 701, in _rmtree_safe_fd
    os.unlink(entry.name, dir_fd=topfd)
OSError: [Errno 16] Device or resource busy: '.nfs0000007280ba682f00004d3f'
Traceback (most recent call last):
  File "/opt/pypy/lib/pypy3.11/multiprocessing/process.py", line 314, in _bootstrap
    self.run()
  File "/opt/pypy/lib/pypy3.11/multiprocessing/process.py", line 108, in run
    self._target(*self._args, **self._kwargs)
  File "/opt/pypy/lib/pypy3.11/multiprocessing/managers.py", line 600, in _run_server
    server.serve_forever()
  File "/opt/pypy/lib/pypy3.11/multiprocessing/managers.py", line 184, in serve_forever
    sys.exit(0)
SystemExit: 0

During handling of the above exception, another exception occurred:

Traceback (most recent call last):
  File "/opt/pypy/lib/pypy3.11/multiprocessing/util.py", line 303, in _run_finalizers
    finalizer()
  File "/opt/pypy/lib/pypy3.11/multiprocessing/util.py", line 227, in __call__
    res = self._callback(*self._args, **self._kwargs)
          ^^^^^^^^^^^^^^^^^^^^^^^^^^^^^^^^^^^^^^^^^^^
  File "/opt/pypy/lib/pypy3.11/multiprocessing/util.py", line 136, in _remove_temp_dir
    rmtree(tempdir, onerror=onerror)
  File "/opt/pypy/lib/pypy3.11/shutil.py", line 752, in rmtree
    _rmtree_safe_fd(fd, path, onerror)
  File "/opt/pypy/lib/pypy3.11/shutil.py", line 703, in _rmtree_safe_fd
    onerror(os.unlink, fullname, sys.exc_info())
  File "/opt/pypy/lib/pypy3.11/shutil.py", line 701, in _rmtree_safe_fd
    os.unlink(entry.name, dir_fd=topfd)
OSError: [Errno 16] Device or resource busy: '.nfs000000730036103000004d40'
Traceback (most recent call last):
  File "/opt/pypy/lib/pypy3.11/multiprocessing/process.py", line 314, in _bootstrap
    self.run()
  File "/opt/pypy/lib/pypy3.11/multiprocessing/process.py", line 108, in run
    self._target(*self._args, **self._kwargs)
  File "/opt/pypy/lib/pypy3.11/multiprocessing/managers.py", line 600, in _run_server
    server.serve_forever()
  File "/opt/pypy/lib/pypy3.11/multiprocessing/managers.py", line 184, in serve_forever
    sys.exit(0)
SystemExit: 0

During handling of the above exception, another exception occurred:

Traceback (most recent call last):
  File "/opt/pypy/lib/pypy3.11/multiprocessing/util.py", line 303, in _run_finalizers
    finalizer()
  File "/opt/pypy/lib/pypy3.11/multiprocessing/util.py", line 227, in __call__
    res = self._callback(*self._args, **self._kwargs)
          ^^^^^^^^^^^^^^^^^^^^^^^^^^^^^^^^^^^^^^^^^^^
  File "/opt/pypy/lib/pypy3.11/multiprocessing/util.py", line 136, in _remove_temp_dir
    rmtree(tempdir, onerror=onerror)
  File "/opt/pypy/lib/pypy3.11/shutil.py", line 752, in rmtree
    _rmtree_safe_fd(fd, path, onerror)
  File "/opt/pypy/lib/pypy3.11/shutil.py", line 703, in _rmtree_safe_fd
    onerror(os.unlink, fullname, sys.exc_info())
  File "/opt/pypy/lib/pypy3.11/shutil.py", line 701, in _rmtree_safe_fd
    os.unlink(entry.name, dir_fd=topfd)
OSError: [Errno 16] Device or resource busy: '.nfs00000073c1cd903800004d41'
Traceback (most recent call last):
  File "/opt/pypy/lib/pypy3.11/multiprocessing/process.py", line 314, in _bootstrap
    self.run()
  File "/opt/pypy/lib/pypy3.11/multiprocessing/process.py", line 108, in run
    self._target(*self._args, **self._kwargs)
  File "/opt/pypy/lib/pypy3.11/multiprocessing/managers.py", line 600, in _run_server
    server.serve_forever()
  File "/opt/pypy/lib/pypy3.11/multiprocessing/managers.py", line 184, in serve_forever
    sys.exit(0)
SystemExit: 0

During handling of the above exception, another exception occurred:

Traceback (most recent call last):
  File "/opt/pypy/lib/pypy3.11/multiprocessing/util.py", line 303, in _run_finalizers
    finalizer()
  File "/opt/pypy/lib/pypy3.11/multiprocessing/util.py", line 227, in __call__
    res = self._callback(*self._args, **self._kwargs)
          ^^^^^^^^^^^^^^^^^^^^^^^^^^^^^^^^^^^^^^^^^^^
  File "/opt/pypy/lib/pypy3.11/multiprocessing/util.py", line 136, in _remove_temp_dir
    rmtree(tempdir, onerror=onerror)
  File "/opt/pypy/lib/pypy3.11/shutil.py", line 752, in rmtree
    _rmtree_safe_fd(fd, path, onerror)
  File "/opt/pypy/lib/pypy3.11/shutil.py", line 703, in _rmtree_safe_fd
    onerror(os.unlink, fullname, sys.exc_info())
  File "/opt/pypy/lib/pypy3.11/shutil.py", line 701, in _rmtree_safe_fd
    os.unlink(entry.name, dir_fd=topfd)
OSError: [Errno 16] Device or resource busy: '.nfs000000740f91e03900004d42'
Traceback (most recent call last):
  File "/opt/pypy/lib/pypy3.11/multiprocessing/process.py", line 314, in _bootstrap
    self.run()
  File "/opt/pypy/lib/pypy3.11/multiprocessing/process.py", line 108, in run
    self._target(*self._args, **self._kwargs)
  File "/opt/pypy/lib/pypy3.11/multiprocessing/managers.py", line 600, in _run_server
    server.serve_forever()
  File "/opt/pypy/lib/pypy3.11/multiprocessing/managers.py", line 184, in serve_forever
    sys.exit(0)
SystemExit: 0

During handling of the above exception, another exception occurred:

Traceback (most recent call last):
  File "/opt/pypy/lib/pypy3.11/multiprocessing/util.py", line 303, in _run_finalizers
    finalizer()
  File "/opt/pypy/lib/pypy3.11/multiprocessing/util.py", line 227, in __call__
    res = self._callback(*self._args, **self._kwargs)
          ^^^^^^^^^^^^^^^^^^^^^^^^^^^^^^^^^^^^^^^^^^^
  File "/opt/pypy/lib/pypy3.11/multiprocessing/util.py", line 136, in _remove_temp_dir
    rmtree(tempdir, onerror=onerror)
  File "/opt/pypy/lib/pypy3.11/shutil.py", line 752, in rmtree
    _rmtree_safe_fd(fd, path, onerror)
  File "/opt/pypy/lib/pypy3.11/shutil.py", line 703, in _rmtree_safe_fd
    onerror(os.unlink, fullname, sys.exc_info())
  File "/opt/pypy/lib/pypy3.11/shutil.py", line 701, in _rmtree_safe_fd
    os.unlink(entry.name, dir_fd=topfd)
OSError: [Errno 16] Device or resource busy: '.nfs0000007487c0dc0800004d43'
Traceback (most recent call last):
  File "/opt/pypy/lib/pypy3.11/multiprocessing/process.py", line 314, in _bootstrap
    self.run()
  File "/opt/pypy/lib/pypy3.11/multiprocessing/process.py", line 108, in run
    self._target(*self._args, **self._kwargs)
  File "/opt/pypy/lib/pypy3.11/multiprocessing/managers.py", line 600, in _run_server
    server.serve_forever()
  File "/opt/pypy/lib/pypy3.11/multiprocessing/managers.py", line 184, in serve_forever
    sys.exit(0)
SystemExit: 0

During handling of the above exception, another exception occurred:

Traceback (most recent call last):
  File "/opt/pypy/lib/pypy3.11/multiprocessing/util.py", line 303, in _run_finalizers
    finalizer()
  File "/opt/pypy/lib/pypy3.11/multiprocessing/util.py", line 227, in __call__
    res = self._callback(*self._args, **self._kwargs)
          ^^^^^^^^^^^^^^^^^^^^^^^^^^^^^^^^^^^^^^^^^^^
  File "/opt/pypy/lib/pypy3.11/multiprocessing/util.py", line 136, in _remove_temp_dir
    rmtree(tempdir, onerror=onerror)
  File "/opt/pypy/lib/pypy3.11/shutil.py", line 752, in rmtree
    _rmtree_safe_fd(fd, path, onerror)
  File "/opt/pypy/lib/pypy3.11/shutil.py", line 703, in _rmtree_safe_fd
    onerror(os.unlink, fullname, sys.exc_info())
  File "/opt/pypy/lib/pypy3.11/shutil.py", line 701, in _rmtree_safe_fd
    os.unlink(entry.name, dir_fd=topfd)
OSError: [Errno 16] Device or resource busy: '.nfs00000075019ae83100004d44'
Traceback (most recent call last):
  File "/opt/pypy/lib/pypy3.11/multiprocessing/process.py", line 314, in _bootstrap
    self.run()
  File "/opt/pypy/lib/pypy3.11/multiprocessing/process.py", line 108, in run
    self._target(*self._args, **self._kwargs)
  File "/opt/pypy/lib/pypy3.11/multiprocessing/managers.py", line 600, in _run_server
    server.serve_forever()
  File "/opt/pypy/lib/pypy3.11/multiprocessing/managers.py", line 184, in serve_forever
    sys.exit(0)
SystemExit: 0

During handling of the above exception, another exception occurred:

Traceback (most recent call last):
  File "/opt/pypy/lib/pypy3.11/multiprocessing/util.py", line 303, in _run_finalizers
    finalizer()
  File "/opt/pypy/lib/pypy3.11/multiprocessing/util.py", line 227, in __call__
    res = self._callback(*self._args, **self._kwargs)
          ^^^^^^^^^^^^^^^^^^^^^^^^^^^^^^^^^^^^^^^^^^^
  File "/opt/pypy/lib/pypy3.11/multiprocessing/util.py", line 136, in _remove_temp_dir
    rmtree(tempdir, onerror=onerror)
  File "/opt/pypy/lib/pypy3.11/shutil.py", line 752, in rmtree
    _rmtree_safe_fd(fd, path, onerror)
  File "/opt/pypy/lib/pypy3.11/shutil.py", line 703, in _rmtree_safe_fd
    onerror(os.unlink, fullname, sys.exc_info())
  File "/opt/pypy/lib/pypy3.11/shutil.py", line 701, in _rmtree_safe_fd
    os.unlink(entry.name, dir_fd=topfd)
OSError: [Errno 16] Device or resource busy: '.nfs0000007580d0c80600004d45'
Traceback (most recent call last):
  File "/opt/pypy/lib/pypy3.11/multiprocessing/process.py", line 314, in _bootstrap
    self.run()
  File "/opt/pypy/lib/pypy3.11/multiprocessing/process.py", line 108, in run
    self._target(*self._args, **self._kwargs)
  File "/opt/pypy/lib/pypy3.11/multiprocessing/managers.py", line 600, in _run_server
    server.serve_forever()
  File "/opt/pypy/lib/pypy3.11/multiprocessing/managers.py", line 184, in serve_forever
    sys.exit(0)
SystemExit: 0

During handling of the above exception, another exception occurred:

Traceback (most recent call last):
  File "/opt/pypy/lib/pypy3.11/multiprocessing/util.py", line 303, in _run_finalizers
    finalizer()
  File "/opt/pypy/lib/pypy3.11/multiprocessing/util.py", line 227, in __call__
    res = self._callback(*self._args, **self._kwargs)
          ^^^^^^^^^^^^^^^^^^^^^^^^^^^^^^^^^^^^^^^^^^^
  File "/opt/pypy/lib/pypy3.11/multiprocessing/util.py", line 136, in _remove_temp_dir
    rmtree(tempdir, onerror=onerror)
  File "/opt/pypy/lib/pypy3.11/shutil.py", line 752, in rmtree
    _rmtree_safe_fd(fd, path, onerror)
  File "/opt/pypy/lib/pypy3.11/shutil.py", line 703, in _rmtree_safe_fd
    onerror(os.unlink, fullname, sys.exc_info())
  File "/opt/pypy/lib/pypy3.11/shutil.py", line 701, in _rmtree_safe_fd
    os.unlink(entry.name, dir_fd=topfd)
OSError: [Errno 16] Device or resource busy: '.nfs0000007600194c2900004d46'
Traceback (most recent call last):
  File "/opt/pypy/lib/pypy3.11/multiprocessing/process.py", line 314, in _bootstrap
    self.run()
  File "/opt/pypy/lib/pypy3.11/multiprocessing/process.py", line 108, in run
    self._target(*self._args, **self._kwargs)
  File "/opt/pypy/lib/pypy3.11/multiprocessing/managers.py", line 600, in _run_server
    server.serve_forever()
  File "/opt/pypy/lib/pypy3.11/multiprocessing/managers.py", line 184, in serve_forever
    sys.exit(0)
SystemExit: 0

During handling of the above exception, another exception occurred:

Traceback (most recent call last):
  File "/opt/pypy/lib/pypy3.11/multiprocessing/util.py", line 303, in _run_finalizers
    finalizer()
  File "/opt/pypy/lib/pypy3.11/multiprocessing/util.py", line 227, in __call__
    res = self._callback(*self._args, **self._kwargs)
          ^^^^^^^^^^^^^^^^^^^^^^^^^^^^^^^^^^^^^^^^^^^
  File "/opt/pypy/lib/pypy3.11/multiprocessing/util.py", line 136, in _remove_temp_dir
    rmtree(tempdir, onerror=onerror)
  File "/opt/pypy/lib/pypy3.11/shutil.py", line 752, in rmtree
    _rmtree_safe_fd(fd, path, onerror)
  File "/opt/pypy/lib/pypy3.11/shutil.py", line 703, in _rmtree_safe_fd
    onerror(os.unlink, fullname, sys.exc_info())
  File "/opt/pypy/lib/pypy3.11/shutil.py", line 701, in _rmtree_safe_fd
    os.unlink(entry.name, dir_fd=topfd)
OSError: [Errno 16] Device or resource busy: '.nfs000000768054f80a00004d47'
Traceback (most recent call last):
  File "/opt/pypy/lib/pypy3.11/multiprocessing/process.py", line 314, in _bootstrap
    self.run()
  File "/opt/pypy/lib/pypy3.11/multiprocessing/process.py", line 108, in run
    self._target(*self._args, **self._kwargs)
  File "/opt/pypy/lib/pypy3.11/multiprocessing/managers.py", line 600, in _run_server
    server.serve_forever()
  File "/opt/pypy/lib/pypy3.11/multiprocessing/managers.py", line 184, in serve_forever
    sys.exit(0)
SystemExit: 0

During handling of the above exception, another exception occurred:

Traceback (most recent call last):
  File "/opt/pypy/lib/pypy3.11/multiprocessing/util.py", line 303, in _run_finalizers
    finalizer()
  File "/opt/pypy/lib/pypy3.11/multiprocessing/util.py", line 227, in __call__
    res = self._callback(*self._args, **self._kwargs)
          ^^^^^^^^^^^^^^^^^^^^^^^^^^^^^^^^^^^^^^^^^^^
  File "/opt/pypy/lib/pypy3.11/multiprocessing/util.py", line 136, in _remove_temp_dir
    rmtree(tempdir, onerror=onerror)
  File "/opt/pypy/lib/pypy3.11/shutil.py", line 752, in rmtree
    _rmtree_safe_fd(fd, path, onerror)
  File "/opt/pypy/lib/pypy3.11/shutil.py", line 703, in _rmtree_safe_fd
    onerror(os.unlink, fullname, sys.exc_info())
  File "/opt/pypy/lib/pypy3.11/shutil.py", line 701, in _rmtree_safe_fd
    os.unlink(entry.name, dir_fd=topfd)
OSError: [Errno 16] Device or resource busy: '.nfs000000770120381600004d48'
Traceback (most recent call last):
  File "/opt/pypy/lib/pypy3.11/multiprocessing/process.py", line 314, in _bootstrap
    self.run()
  File "/opt/pypy/lib/pypy3.11/multiprocessing/process.py", line 108, in run
    self._target(*self._args, **self._kwargs)
  File "/opt/pypy/lib/pypy3.11/multiprocessing/managers.py", line 600, in _run_server
    server.serve_forever()
  File "/opt/pypy/lib/pypy3.11/multiprocessing/managers.py", line 184, in serve_forever
    sys.exit(0)
SystemExit: 0

During handling of the above exception, another exception occurred:

Traceback (most recent call last):
  File "/opt/pypy/lib/pypy3.11/multiprocessing/util.py", line 303, in _run_finalizers
    finalizer()
  File "/opt/pypy/lib/pypy3.11/multiprocessing/util.py", line 227, in __call__
    res = self._callback(*self._args, **self._kwargs)
          ^^^^^^^^^^^^^^^^^^^^^^^^^^^^^^^^^^^^^^^^^^^
  File "/opt/pypy/lib/pypy3.11/multiprocessing/util.py", line 136, in _remove_temp_dir
    rmtree(tempdir, onerror=onerror)
  File "/opt/pypy/lib/pypy3.11/shutil.py", line 752, in rmtree
    _rmtree_safe_fd(fd, path, onerror)
  File "/opt/pypy/lib/pypy3.11/shutil.py", line 703, in _rmtree_safe_fd
    onerror(os.unlink, fullname, sys.exc_info())
  File "/opt/pypy/lib/pypy3.11/shutil.py", line 701, in _rmtree_safe_fd
    os.unlink(entry.name, dir_fd=topfd)
OSError: [Errno 16] Device or resource busy: '.nfs000000778083a07e00004d49'
Traceback (most recent call last):
  File "/opt/pypy/lib/pypy3.11/multiprocessing/process.py", line 314, in _bootstrap
    self.run()
  File "/opt/pypy/lib/pypy3.11/multiprocessing/process.py", line 108, in run
    self._target(*self._args, **self._kwargs)
  File "/opt/pypy/lib/pypy3.11/multiprocessing/managers.py", line 600, in _run_server
    server.serve_forever()
  File "/opt/pypy/lib/pypy3.11/multiprocessing/managers.py", line 184, in serve_forever
    sys.exit(0)
SystemExit: 0

During handling of the above exception, another exception occurred:

Traceback (most recent call last):
  File "/opt/pypy/lib/pypy3.11/multiprocessing/util.py", line 303, in _run_finalizers
    finalizer()
  File "/opt/pypy/lib/pypy3.11/multiprocessing/util.py", line 227, in __call__
    res = self._callback(*self._args, **self._kwargs)
          ^^^^^^^^^^^^^^^^^^^^^^^^^^^^^^^^^^^^^^^^^^^
  File "/opt/pypy/lib/pypy3.11/multiprocessing/util.py", line 136, in _remove_temp_dir
    rmtree(tempdir, onerror=onerror)
  File "/opt/pypy/lib/pypy3.11/shutil.py", line 752, in rmtree
    _rmtree_safe_fd(fd, path, onerror)
  File "/opt/pypy/lib/pypy3.11/shutil.py", line 703, in _rmtree_safe_fd
    onerror(os.unlink, fullname, sys.exc_info())
  File "/opt/pypy/lib/pypy3.11/shutil.py", line 701, in _rmtree_safe_fd
    os.unlink(entry.name, dir_fd=topfd)
OSError: [Errno 16] Device or resource busy: '.nfs000000780066382c00004d4a'
Traceback (most recent call last):
  File "/opt/pypy/lib/pypy3.11/multiprocessing/process.py", line 314, in _bootstrap
    self.run()
  File "/opt/pypy/lib/pypy3.11/multiprocessing/process.py", line 108, in run
    self._target(*self._args, **self._kwargs)
  File "/opt/pypy/lib/pypy3.11/multiprocessing/managers.py", line 600, in _run_server
    server.serve_forever()
  File "/opt/pypy/lib/pypy3.11/multiprocessing/managers.py", line 184, in serve_forever
    sys.exit(0)
SystemExit: 0

During handling of the above exception, another exception occurred:

Traceback (most recent call last):
  File "/opt/pypy/lib/pypy3.11/multiprocessing/util.py", line 303, in _run_finalizers
    finalizer()
  File "/opt/pypy/lib/pypy3.11/multiprocessing/util.py", line 227, in __call__
    res = self._callback(*self._args, **self._kwargs)
          ^^^^^^^^^^^^^^^^^^^^^^^^^^^^^^^^^^^^^^^^^^^
  File "/opt/pypy/lib/pypy3.11/multiprocessing/util.py", line 136, in _remove_temp_dir
    rmtree(tempdir, onerror=onerror)
  File "/opt/pypy/lib/pypy3.11/shutil.py", line 752, in rmtree
    _rmtree_safe_fd(fd, path, onerror)
  File "/opt/pypy/lib/pypy3.11/shutil.py", line 703, in _rmtree_safe_fd
    onerror(os.unlink, fullname, sys.exc_info())
  File "/opt/pypy/lib/pypy3.11/shutil.py", line 701, in _rmtree_safe_fd
    os.unlink(entry.name, dir_fd=topfd)
OSError: [Errno 16] Device or resource busy: '.nfs000000788043f02d00004d4b'
Traceback (most recent call last):
  File "/opt/pypy/lib/pypy3.11/multiprocessing/process.py", line 314, in _bootstrap
    self.run()
  File "/opt/pypy/lib/pypy3.11/multiprocessing/process.py", line 108, in run
    self._target(*self._args, **self._kwargs)
  File "/opt/pypy/lib/pypy3.11/multiprocessing/managers.py", line 600, in _run_server
    server.serve_forever()
  File "/opt/pypy/lib/pypy3.11/multiprocessing/managers.py", line 184, in serve_forever
    sys.exit(0)
SystemExit: 0

During handling of the above exception, another exception occurred:

Traceback (most recent call last):
  File "/opt/pypy/lib/pypy3.11/multiprocessing/util.py", line 303, in _run_finalizers
    finalizer()
  File "/opt/pypy/lib/pypy3.11/multiprocessing/util.py", line 227, in __call__
    res = self._callback(*self._args, **self._kwargs)
          ^^^^^^^^^^^^^^^^^^^^^^^^^^^^^^^^^^^^^^^^^^^
  File "/opt/pypy/lib/pypy3.11/multiprocessing/util.py", line 136, in _remove_temp_dir
    rmtree(tempdir, onerror=onerror)
  File "/opt/pypy/lib/pypy3.11/shutil.py", line 752, in rmtree
    _rmtree_safe_fd(fd, path, onerror)
  File "/opt/pypy/lib/pypy3.11/shutil.py", line 703, in _rmtree_safe_fd
    onerror(os.unlink, fullname, sys.exc_info())
  File "/opt/pypy/lib/pypy3.11/shutil.py", line 701, in _rmtree_safe_fd
    os.unlink(entry.name, dir_fd=topfd)
OSError: [Errno 16] Device or resource busy: '.nfs00000079007474f900004d4c'
Traceback (most recent call last):
  File "/opt/pypy/lib/pypy3.11/multiprocessing/process.py", line 314, in _bootstrap
    self.run()
  File "/opt/pypy/lib/pypy3.11/multiprocessing/process.py", line 108, in run
    self._target(*self._args, **self._kwargs)
  File "/opt/pypy/lib/pypy3.11/multiprocessing/managers.py", line 600, in _run_server
    server.serve_forever()
  File "/opt/pypy/lib/pypy3.11/multiprocessing/managers.py", line 184, in serve_forever
    sys.exit(0)
SystemExit: 0

During handling of the above exception, another exception occurred:

Traceback (most recent call last):
  File "/opt/pypy/lib/pypy3.11/multiprocessing/util.py", line 303, in _run_finalizers
    finalizer()
  File "/opt/pypy/lib/pypy3.11/multiprocessing/util.py", line 227, in __call__
    res = self._callback(*self._args, **self._kwargs)
          ^^^^^^^^^^^^^^^^^^^^^^^^^^^^^^^^^^^^^^^^^^^
  File "/opt/pypy/lib/pypy3.11/multiprocessing/util.py", line 136, in _remove_temp_dir
    rmtree(tempdir, onerror=onerror)
  File "/opt/pypy/lib/pypy3.11/shutil.py", line 752, in rmtree
    _rmtree_safe_fd(fd, path, onerror)
  File "/opt/pypy/lib/pypy3.11/shutil.py", line 703, in _rmtree_safe_fd
    onerror(os.unlink, fullname, sys.exc_info())
  File "/opt/pypy/lib/pypy3.11/shutil.py", line 701, in _rmtree_safe_fd
    os.unlink(entry.name, dir_fd=topfd)
OSError: [Errno 16] Device or resource busy: '.nfs0000007980ff0c2000004d4d'
Traceback (most recent call last):
  File "/opt/pypy/lib/pypy3.11/multiprocessing/process.py", line 314, in _bootstrap
    self.run()
  File "/opt/pypy/lib/pypy3.11/multiprocessing/process.py", line 108, in run
    self._target(*self._args, **self._kwargs)
  File "/opt/pypy/lib/pypy3.11/multiprocessing/managers.py", line 600, in _run_server
    server.serve_forever()
  File "/opt/pypy/lib/pypy3.11/multiprocessing/managers.py", line 184, in serve_forever
    sys.exit(0)
SystemExit: 0

During handling of the above exception, another exception occurred:

Traceback (most recent call last):
  File "/opt/pypy/lib/pypy3.11/multiprocessing/util.py", line 303, in _run_finalizers
    finalizer()
  File "/opt/pypy/lib/pypy3.11/multiprocessing/util.py", line 227, in __call__
    res = self._callback(*self._args, **self._kwargs)
          ^^^^^^^^^^^^^^^^^^^^^^^^^^^^^^^^^^^^^^^^^^^
  File "/opt/pypy/lib/pypy3.11/multiprocessing/util.py", line 136, in _remove_temp_dir
    rmtree(tempdir, onerror=onerror)
  File "/opt/pypy/lib/pypy3.11/shutil.py", line 752, in rmtree
    _rmtree_safe_fd(fd, path, onerror)
  File "/opt/pypy/lib/pypy3.11/shutil.py", line 703, in _rmtree_safe_fd
    onerror(os.unlink, fullname, sys.exc_info())
  File "/opt/pypy/lib/pypy3.11/shutil.py", line 701, in _rmtree_safe_fd
    os.unlink(entry.name, dir_fd=topfd)
OSError: [Errno 16] Device or resource busy: '.nfs0000007a0025081500004d4e'
Traceback (most recent call last):
  File "/opt/pypy/lib/pypy3.11/multiprocessing/process.py", line 314, in _bootstrap
    self.run()
  File "/opt/pypy/lib/pypy3.11/multiprocessing/process.py", line 108, in run
    self._target(*self._args, **self._kwargs)
  File "/opt/pypy/lib/pypy3.11/multiprocessing/managers.py", line 600, in _run_server
    server.serve_forever()
  File "/opt/pypy/lib/pypy3.11/multiprocessing/managers.py", line 184, in serve_forever
    sys.exit(0)
SystemExit: 0

During handling of the above exception, another exception occurred:

Traceback (most recent call last):
  File "/opt/pypy/lib/pypy3.11/multiprocessing/util.py", line 303, in _run_finalizers
    finalizer()
  File "/opt/pypy/lib/pypy3.11/multiprocessing/util.py", line 227, in __call__
    res = self._callback(*self._args, **self._kwargs)
          ^^^^^^^^^^^^^^^^^^^^^^^^^^^^^^^^^^^^^^^^^^^
  File "/opt/pypy/lib/pypy3.11/multiprocessing/util.py", line 136, in _remove_temp_dir
    rmtree(tempdir, onerror=onerror)
  File "/opt/pypy/lib/pypy3.11/shutil.py", line 752, in rmtree
    _rmtree_safe_fd(fd, path, onerror)
  File "/opt/pypy/lib/pypy3.11/shutil.py", line 703, in _rmtree_safe_fd
    onerror(os.unlink, fullname, sys.exc_info())
  File "/opt/pypy/lib/pypy3.11/shutil.py", line 701, in _rmtree_safe_fd
    os.unlink(entry.name, dir_fd=topfd)
OSError: [Errno 16] Device or resource busy: '.nfs0000007a812b6c1000004d4f'
Traceback (most recent call last):
  File "/opt/pypy/lib/pypy3.11/multiprocessing/process.py", line 314, in _bootstrap
    self.run()
  File "/opt/pypy/lib/pypy3.11/multiprocessing/process.py", line 108, in run
    self._target(*self._args, **self._kwargs)
  File "/opt/pypy/lib/pypy3.11/multiprocessing/managers.py", line 600, in _run_server
    server.serve_forever()
  File "/opt/pypy/lib/pypy3.11/multiprocessing/managers.py", line 184, in serve_forever
    sys.exit(0)
SystemExit: 0

During handling of the above exception, another exception occurred:

Traceback (most recent call last):
  File "/opt/pypy/lib/pypy3.11/multiprocessing/util.py", line 303, in _run_finalizers
    finalizer()
  File "/opt/pypy/lib/pypy3.11/multiprocessing/util.py", line 227, in __call__
    res = self._callback(*self._args, **self._kwargs)
          ^^^^^^^^^^^^^^^^^^^^^^^^^^^^^^^^^^^^^^^^^^^
  File "/opt/pypy/lib/pypy3.11/multiprocessing/util.py", line 136, in _remove_temp_dir
    rmtree(tempdir, onerror=onerror)
  File "/opt/pypy/lib/pypy3.11/shutil.py", line 752, in rmtree
    _rmtree_safe_fd(fd, path, onerror)
  File "/opt/pypy/lib/pypy3.11/shutil.py", line 703, in _rmtree_safe_fd
    onerror(os.unlink, fullname, sys.exc_info())
  File "/opt/pypy/lib/pypy3.11/shutil.py", line 701, in _rmtree_safe_fd
    os.unlink(entry.name, dir_fd=topfd)
OSError: [Errno 16] Device or resource busy: '.nfs0000007b0c0dd83200004d50'
Traceback (most recent call last):
  File "/opt/pypy/lib/pypy3.11/multiprocessing/process.py", line 314, in _bootstrap
    self.run()
  File "/opt/pypy/lib/pypy3.11/multiprocessing/process.py", line 108, in run
    self._target(*self._args, **self._kwargs)
  File "/opt/pypy/lib/pypy3.11/multiprocessing/managers.py", line 600, in _run_server
    server.serve_forever()
  File "/opt/pypy/lib/pypy3.11/multiprocessing/managers.py", line 184, in serve_forever
    sys.exit(0)
SystemExit: 0

During handling of the above exception, another exception occurred:

Traceback (most recent call last):
  File "/opt/pypy/lib/pypy3.11/multiprocessing/util.py", line 303, in _run_finalizers
    finalizer()
  File "/opt/pypy/lib/pypy3.11/multiprocessing/util.py", line 227, in __call__
    res = self._callback(*self._args, **self._kwargs)
          ^^^^^^^^^^^^^^^^^^^^^^^^^^^^^^^^^^^^^^^^^^^
  File "/opt/pypy/lib/pypy3.11/multiprocessing/util.py", line 136, in _remove_temp_dir
    rmtree(tempdir, onerror=onerror)
  File "/opt/pypy/lib/pypy3.11/shutil.py", line 752, in rmtree
    _rmtree_safe_fd(fd, path, onerror)
  File "/opt/pypy/lib/pypy3.11/shutil.py", line 703, in _rmtree_safe_fd
    onerror(os.unlink, fullname, sys.exc_info())
  File "/opt/pypy/lib/pypy3.11/shutil.py", line 701, in _rmtree_safe_fd
    os.unlink(entry.name, dir_fd=topfd)
OSError: [Errno 16] Device or resource busy: '.nfs0000007b8100242f00004d51'
Traceback (most recent call last):
  File "/opt/pypy/lib/pypy3.11/multiprocessing/process.py", line 314, in _bootstrap
    self.run()
  File "/opt/pypy/lib/pypy3.11/multiprocessing/process.py", line 108, in run
    self._target(*self._args, **self._kwargs)
  File "/opt/pypy/lib/pypy3.11/multiprocessing/managers.py", line 600, in _run_server
    server.serve_forever()
  File "/opt/pypy/lib/pypy3.11/multiprocessing/managers.py", line 184, in serve_forever
    sys.exit(0)
SystemExit: 0

During handling of the above exception, another exception occurred:

Traceback (most recent call last):
  File "/opt/pypy/lib/pypy3.11/multiprocessing/util.py", line 303, in _run_finalizers
    finalizer()
  File "/opt/pypy/lib/pypy3.11/multiprocessing/util.py", line 227, in __call__
    res = self._callback(*self._args, **self._kwargs)
          ^^^^^^^^^^^^^^^^^^^^^^^^^^^^^^^^^^^^^^^^^^^
  File "/opt/pypy/lib/pypy3.11/multiprocessing/util.py", line 136, in _remove_temp_dir
    rmtree(tempdir, onerror=onerror)
  File "/opt/pypy/lib/pypy3.11/shutil.py", line 752, in rmtree
    _rmtree_safe_fd(fd, path, onerror)
  File "/opt/pypy/lib/pypy3.11/shutil.py", line 703, in _rmtree_safe_fd
    onerror(os.unlink, fullname, sys.exc_info())
  File "/opt/pypy/lib/pypy3.11/shutil.py", line 701, in _rmtree_safe_fd
    os.unlink(entry.name, dir_fd=topfd)
OSError: [Errno 16] Device or resource busy: '.nfs0000007c007ce43900004d52'
Traceback (most recent call last):
  File "/opt/pypy/lib/pypy3.11/multiprocessing/process.py", line 314, in _bootstrap
    self.run()
  File "/opt/pypy/lib/pypy3.11/multiprocessing/process.py", line 108, in run
    self._target(*self._args, **self._kwargs)
  File "/opt/pypy/lib/pypy3.11/multiprocessing/managers.py", line 600, in _run_server
    server.serve_forever()
  File "/opt/pypy/lib/pypy3.11/multiprocessing/managers.py", line 184, in serve_forever
    sys.exit(0)
SystemExit: 0

During handling of the above exception, another exception occurred:

Traceback (most recent call last):
  File "/opt/pypy/lib/pypy3.11/multiprocessing/util.py", line 303, in _run_finalizers
    finalizer()
  File "/opt/pypy/lib/pypy3.11/multiprocessing/util.py", line 227, in __call__
    res = self._callback(*self._args, **self._kwargs)
          ^^^^^^^^^^^^^^^^^^^^^^^^^^^^^^^^^^^^^^^^^^^
  File "/opt/pypy/lib/pypy3.11/multiprocessing/util.py", line 136, in _remove_temp_dir
    rmtree(tempdir, onerror=onerror)
  File "/opt/pypy/lib/pypy3.11/shutil.py", line 752, in rmtree
    _rmtree_safe_fd(fd, path, onerror)
  File "/opt/pypy/lib/pypy3.11/shutil.py", line 703, in _rmtree_safe_fd
    onerror(os.unlink, fullname, sys.exc_info())
  File "/opt/pypy/lib/pypy3.11/shutil.py", line 701, in _rmtree_safe_fd
    os.unlink(entry.name, dir_fd=topfd)
OSError: [Errno 16] Device or resource busy: '.nfs0000007c8340883d00004d53'
Traceback (most recent call last):
  File "/opt/pypy/lib/pypy3.11/multiprocessing/process.py", line 314, in _bootstrap
    self.run()
  File "/opt/pypy/lib/pypy3.11/multiprocessing/process.py", line 108, in run
    self._target(*self._args, **self._kwargs)
  File "/opt/pypy/lib/pypy3.11/multiprocessing/managers.py", line 600, in _run_server
    server.serve_forever()
  File "/opt/pypy/lib/pypy3.11/multiprocessing/managers.py", line 184, in serve_forever
    sys.exit(0)
SystemExit: 0

During handling of the above exception, another exception occurred:

Traceback (most recent call last):
  File "/opt/pypy/lib/pypy3.11/multiprocessing/util.py", line 303, in _run_finalizers
    finalizer()
  File "/opt/pypy/lib/pypy3.11/multiprocessing/util.py", line 227, in __call__
    res = self._callback(*self._args, **self._kwargs)
          ^^^^^^^^^^^^^^^^^^^^^^^^^^^^^^^^^^^^^^^^^^^
  File "/opt/pypy/lib/pypy3.11/multiprocessing/util.py", line 136, in _remove_temp_dir
    rmtree(tempdir, onerror=onerror)
  File "/opt/pypy/lib/pypy3.11/shutil.py", line 752, in rmtree
    _rmtree_safe_fd(fd, path, onerror)
  File "/opt/pypy/lib/pypy3.11/shutil.py", line 703, in _rmtree_safe_fd
    onerror(os.unlink, fullname, sys.exc_info())
  File "/opt/pypy/lib/pypy3.11/shutil.py", line 701, in _rmtree_safe_fd
    os.unlink(entry.name, dir_fd=topfd)
OSError: [Errno 16] Device or resource busy: '.nfs0000007d01497c2400004d54'
Traceback (most recent call last):
  File "/opt/pypy/lib/pypy3.11/multiprocessing/process.py", line 314, in _bootstrap
    self.run()
  File "/opt/pypy/lib/pypy3.11/multiprocessing/process.py", line 108, in run
    self._target(*self._args, **self._kwargs)
  File "/opt/pypy/lib/pypy3.11/multiprocessing/managers.py", line 600, in _run_server
    server.serve_forever()
  File "/opt/pypy/lib/pypy3.11/multiprocessing/managers.py", line 184, in serve_forever
    sys.exit(0)
SystemExit: 0

During handling of the above exception, another exception occurred:

Traceback (most recent call last):
  File "/opt/pypy/lib/pypy3.11/multiprocessing/util.py", line 303, in _run_finalizers
    finalizer()
  File "/opt/pypy/lib/pypy3.11/multiprocessing/util.py", line 227, in __call__
    res = self._callback(*self._args, **self._kwargs)
          ^^^^^^^^^^^^^^^^^^^^^^^^^^^^^^^^^^^^^^^^^^^
  File "/opt/pypy/lib/pypy3.11/multiprocessing/util.py", line 136, in _remove_temp_dir
    rmtree(tempdir, onerror=onerror)
  File "/opt/pypy/lib/pypy3.11/shutil.py", line 752, in rmtree
    _rmtree_safe_fd(fd, path, onerror)
  File "/opt/pypy/lib/pypy3.11/shutil.py", line 703, in _rmtree_safe_fd
    onerror(os.unlink, fullname, sys.exc_info())
  File "/opt/pypy/lib/pypy3.11/shutil.py", line 701, in _rmtree_safe_fd
    os.unlink(entry.name, dir_fd=topfd)
OSError: [Errno 16] Device or resource busy: '.nfs0000007d8144200100004d55'
Traceback (most recent call last):
  File "/opt/pypy/lib/pypy3.11/multiprocessing/process.py", line 314, in _bootstrap
    self.run()
  File "/opt/pypy/lib/pypy3.11/multiprocessing/process.py", line 108, in run
    self._target(*self._args, **self._kwargs)
  File "/opt/pypy/lib/pypy3.11/multiprocessing/managers.py", line 600, in _run_server
    server.serve_forever()
  File "/opt/pypy/lib/pypy3.11/multiprocessing/managers.py", line 184, in serve_forever
    sys.exit(0)
SystemExit: 0

During handling of the above exception, another exception occurred:

Traceback (most recent call last):
  File "/opt/pypy/lib/pypy3.11/multiprocessing/util.py", line 303, in _run_finalizers
    finalizer()
  File "/opt/pypy/lib/pypy3.11/multiprocessing/util.py", line 227, in __call__
    res = self._callback(*self._args, **self._kwargs)
          ^^^^^^^^^^^^^^^^^^^^^^^^^^^^^^^^^^^^^^^^^^^
  File "/opt/pypy/lib/pypy3.11/multiprocessing/util.py", line 136, in _remove_temp_dir
    rmtree(tempdir, onerror=onerror)
  File "/opt/pypy/lib/pypy3.11/shutil.py", line 752, in rmtree
    _rmtree_safe_fd(fd, path, onerror)
  File "/opt/pypy/lib/pypy3.11/shutil.py", line 703, in _rmtree_safe_fd
    onerror(os.unlink, fullname, sys.exc_info())
  File "/opt/pypy/lib/pypy3.11/shutil.py", line 701, in _rmtree_safe_fd
    os.unlink(entry.name, dir_fd=topfd)
OSError: [Errno 16] Device or resource busy: '.nfs0000007e0145283e00004d56'
Traceback (most recent call last):
  File "/opt/pypy/lib/pypy3.11/multiprocessing/process.py", line 314, in _bootstrap
    self.run()
  File "/opt/pypy/lib/pypy3.11/multiprocessing/process.py", line 108, in run
    self._target(*self._args, **self._kwargs)
  File "/opt/pypy/lib/pypy3.11/multiprocessing/managers.py", line 600, in _run_server
    server.serve_forever()
  File "/opt/pypy/lib/pypy3.11/multiprocessing/managers.py", line 184, in serve_forever
    sys.exit(0)
SystemExit: 0

During handling of the above exception, another exception occurred:

Traceback (most recent call last):
  File "/opt/pypy/lib/pypy3.11/multiprocessing/util.py", line 303, in _run_finalizers
    finalizer()
  File "/opt/pypy/lib/pypy3.11/multiprocessing/util.py", line 227, in __call__
    res = self._callback(*self._args, **self._kwargs)
          ^^^^^^^^^^^^^^^^^^^^^^^^^^^^^^^^^^^^^^^^^^^
  File "/opt/pypy/lib/pypy3.11/multiprocessing/util.py", line 136, in _remove_temp_dir
    rmtree(tempdir, onerror=onerror)
  File "/opt/pypy/lib/pypy3.11/shutil.py", line 752, in rmtree
    _rmtree_safe_fd(fd, path, onerror)
  File "/opt/pypy/lib/pypy3.11/shutil.py", line 703, in _rmtree_safe_fd
    onerror(os.unlink, fullname, sys.exc_info())
  File "/opt/pypy/lib/pypy3.11/shutil.py", line 701, in _rmtree_safe_fd
    os.unlink(entry.name, dir_fd=topfd)
OSError: [Errno 16] Device or resource busy: '.nfs0000007e814b282d00004d57'
Traceback (most recent call last):
  File "/opt/pypy/lib/pypy3.11/multiprocessing/process.py", line 314, in _bootstrap
    self.run()
  File "/opt/pypy/lib/pypy3.11/multiprocessing/process.py", line 108, in run
    self._target(*self._args, **self._kwargs)
  File "/opt/pypy/lib/pypy3.11/multiprocessing/managers.py", line 600, in _run_server
    server.serve_forever()
  File "/opt/pypy/lib/pypy3.11/multiprocessing/managers.py", line 184, in serve_forever
    sys.exit(0)
SystemExit: 0

During handling of the above exception, another exception occurred:

Traceback (most recent call last):
  File "/opt/pypy/lib/pypy3.11/multiprocessing/util.py", line 303, in _run_finalizers
    finalizer()
  File "/opt/pypy/lib/pypy3.11/multiprocessing/util.py", line 227, in __call__
    res = self._callback(*self._args, **self._kwargs)
          ^^^^^^^^^^^^^^^^^^^^^^^^^^^^^^^^^^^^^^^^^^^
  File "/opt/pypy/lib/pypy3.11/multiprocessing/util.py", line 136, in _remove_temp_dir
    rmtree(tempdir, onerror=onerror)
  File "/opt/pypy/lib/pypy3.11/shutil.py", line 752, in rmtree
    _rmtree_safe_fd(fd, path, onerror)
  File "/opt/pypy/lib/pypy3.11/shutil.py", line 703, in _rmtree_safe_fd
    onerror(os.unlink, fullname, sys.exc_info())
  File "/opt/pypy/lib/pypy3.11/shutil.py", line 701, in _rmtree_safe_fd
    os.unlink(entry.name, dir_fd=topfd)
OSError: [Errno 16] Device or resource busy: '.nfs0000007f0163780b00004d58'
Traceback (most recent call last):
  File "/opt/pypy/lib/pypy3.11/multiprocessing/process.py", line 314, in _bootstrap
    self.run()
  File "/opt/pypy/lib/pypy3.11/multiprocessing/process.py", line 108, in run
    self._target(*self._args, **self._kwargs)
  File "/opt/pypy/lib/pypy3.11/multiprocessing/managers.py", line 600, in _run_server
    server.serve_forever()
  File "/opt/pypy/lib/pypy3.11/multiprocessing/managers.py", line 184, in serve_forever
    sys.exit(0)
SystemExit: 0

During handling of the above exception, another exception occurred:

Traceback (most recent call last):
  File "/opt/pypy/lib/pypy3.11/multiprocessing/util.py", line 303, in _run_finalizers
    finalizer()
  File "/opt/pypy/lib/pypy3.11/multiprocessing/util.py", line 227, in __call__
    res = self._callback(*self._args, **self._kwargs)
          ^^^^^^^^^^^^^^^^^^^^^^^^^^^^^^^^^^^^^^^^^^^
  File "/opt/pypy/lib/pypy3.11/multiprocessing/util.py", line 136, in _remove_temp_dir
    rmtree(tempdir, onerror=onerror)
  File "/opt/pypy/lib/pypy3.11/shutil.py", line 752, in rmtree
    _rmtree_safe_fd(fd, path, onerror)
  File "/opt/pypy/lib/pypy3.11/shutil.py", line 703, in _rmtree_safe_fd
    onerror(os.unlink, fullname, sys.exc_info())
  File "/opt/pypy/lib/pypy3.11/shutil.py", line 701, in _rmtree_safe_fd
    os.unlink(entry.name, dir_fd=topfd)
OSError: [Errno 16] Device or resource busy: '.nfs0000007f80f9f03600004d59'
Traceback (most recent call last):
  File "/opt/pypy/lib/pypy3.11/multiprocessing/process.py", line 314, in _bootstrap
    self.run()
  File "/opt/pypy/lib/pypy3.11/multiprocessing/process.py", line 108, in run
    self._target(*self._args, **self._kwargs)
  File "/opt/pypy/lib/pypy3.11/multiprocessing/managers.py", line 600, in _run_server
    server.serve_forever()
  File "/opt/pypy/lib/pypy3.11/multiprocessing/managers.py", line 184, in serve_forever
    sys.exit(0)
SystemExit: 0

During handling of the above exception, another exception occurred:

Traceback (most recent call last):
  File "/opt/pypy/lib/pypy3.11/multiprocessing/util.py", line 303, in _run_finalizers
    finalizer()
  File "/opt/pypy/lib/pypy3.11/multiprocessing/util.py", line 227, in __call__
    res = self._callback(*self._args, **self._kwargs)
          ^^^^^^^^^^^^^^^^^^^^^^^^^^^^^^^^^^^^^^^^^^^
  File "/opt/pypy/lib/pypy3.11/multiprocessing/util.py", line 136, in _remove_temp_dir
    rmtree(tempdir, onerror=onerror)
  File "/opt/pypy/lib/pypy3.11/shutil.py", line 752, in rmtree
    _rmtree_safe_fd(fd, path, onerror)
  File "/opt/pypy/lib/pypy3.11/shutil.py", line 703, in _rmtree_safe_fd
    onerror(os.unlink, fullname, sys.exc_info())
  File "/opt/pypy/lib/pypy3.11/shutil.py", line 701, in _rmtree_safe_fd
    os.unlink(entry.name, dir_fd=topfd)
OSError: [Errno 16] Device or resource busy: '.nfs0000008001453c2b00004d5a'
Traceback (most recent call last):
  File "/opt/pypy/lib/pypy3.11/multiprocessing/process.py", line 314, in _bootstrap
    self.run()
  File "/opt/pypy/lib/pypy3.11/multiprocessing/process.py", line 108, in run
    self._target(*self._args, **self._kwargs)
  File "/opt/pypy/lib/pypy3.11/multiprocessing/managers.py", line 600, in _run_server
    server.serve_forever()
  File "/opt/pypy/lib/pypy3.11/multiprocessing/managers.py", line 184, in serve_forever
    sys.exit(0)
SystemExit: 0

During handling of the above exception, another exception occurred:

Traceback (most recent call last):
  File "/opt/pypy/lib/pypy3.11/multiprocessing/util.py", line 303, in _run_finalizers
    finalizer()
  File "/opt/pypy/lib/pypy3.11/multiprocessing/util.py", line 227, in __call__
    res = self._callback(*self._args, **self._kwargs)
          ^^^^^^^^^^^^^^^^^^^^^^^^^^^^^^^^^^^^^^^^^^^
  File "/opt/pypy/lib/pypy3.11/multiprocessing/util.py", line 136, in _remove_temp_dir
    rmtree(tempdir, onerror=onerror)
  File "/opt/pypy/lib/pypy3.11/shutil.py", line 752, in rmtree
    _rmtree_safe_fd(fd, path, onerror)
  File "/opt/pypy/lib/pypy3.11/shutil.py", line 703, in _rmtree_safe_fd
    onerror(os.unlink, fullname, sys.exc_info())
  File "/opt/pypy/lib/pypy3.11/shutil.py", line 701, in _rmtree_safe_fd
    os.unlink(entry.name, dir_fd=topfd)
OSError: [Errno 16] Device or resource busy: '.nfs000000808054740400004d5b'
Traceback (most recent call last):
  File "/opt/pypy/lib/pypy3.11/multiprocessing/process.py", line 314, in _bootstrap
    self.run()
  File "/opt/pypy/lib/pypy3.11/multiprocessing/process.py", line 108, in run
    self._target(*self._args, **self._kwargs)
  File "/opt/pypy/lib/pypy3.11/multiprocessing/managers.py", line 600, in _run_server
    server.serve_forever()
  File "/opt/pypy/lib/pypy3.11/multiprocessing/managers.py", line 184, in serve_forever
    sys.exit(0)
SystemExit: 0

During handling of the above exception, another exception occurred:

Traceback (most recent call last):
  File "/opt/pypy/lib/pypy3.11/multiprocessing/util.py", line 303, in _run_finalizers
    finalizer()
  File "/opt/pypy/lib/pypy3.11/multiprocessing/util.py", line 227, in __call__
    res = self._callback(*self._args, **self._kwargs)
          ^^^^^^^^^^^^^^^^^^^^^^^^^^^^^^^^^^^^^^^^^^^
  File "/opt/pypy/lib/pypy3.11/multiprocessing/util.py", line 136, in _remove_temp_dir
    rmtree(tempdir, onerror=onerror)
  File "/opt/pypy/lib/pypy3.11/shutil.py", line 752, in rmtree
    _rmtree_safe_fd(fd, path, onerror)
  File "/opt/pypy/lib/pypy3.11/shutil.py", line 703, in _rmtree_safe_fd
    onerror(os.unlink, fullname, sys.exc_info())
  File "/opt/pypy/lib/pypy3.11/shutil.py", line 701, in _rmtree_safe_fd
    os.unlink(entry.name, dir_fd=topfd)
OSError: [Errno 16] Device or resource busy: '.nfs00000081000d540b00004d5c'
Traceback (most recent call last):
  File "/opt/pypy/lib/pypy3.11/multiprocessing/process.py", line 314, in _bootstrap
    self.run()
  File "/opt/pypy/lib/pypy3.11/multiprocessing/process.py", line 108, in run
    self._target(*self._args, **self._kwargs)
  File "/opt/pypy/lib/pypy3.11/multiprocessing/managers.py", line 600, in _run_server
    server.serve_forever()
  File "/opt/pypy/lib/pypy3.11/multiprocessing/managers.py", line 184, in serve_forever
    sys.exit(0)
SystemExit: 0

During handling of the above exception, another exception occurred:

Traceback (most recent call last):
  File "/opt/pypy/lib/pypy3.11/multiprocessing/util.py", line 303, in _run_finalizers
    finalizer()
  File "/opt/pypy/lib/pypy3.11/multiprocessing/util.py", line 227, in __call__
    res = self._callback(*self._args, **self._kwargs)
          ^^^^^^^^^^^^^^^^^^^^^^^^^^^^^^^^^^^^^^^^^^^
  File "/opt/pypy/lib/pypy3.11/multiprocessing/util.py", line 136, in _remove_temp_dir
    rmtree(tempdir, onerror=onerror)
  File "/opt/pypy/lib/pypy3.11/shutil.py", line 752, in rmtree
    _rmtree_safe_fd(fd, path, onerror)
  File "/opt/pypy/lib/pypy3.11/shutil.py", line 703, in _rmtree_safe_fd
    onerror(os.unlink, fullname, sys.exc_info())
  File "/opt/pypy/lib/pypy3.11/shutil.py", line 701, in _rmtree_safe_fd
    os.unlink(entry.name, dir_fd=topfd)
OSError: [Errno 16] Device or resource busy: '.nfs000000818016bc1900004d5d'
Traceback (most recent call last):
  File "/opt/pypy/lib/pypy3.11/multiprocessing/process.py", line 314, in _bootstrap
    self.run()
  File "/opt/pypy/lib/pypy3.11/multiprocessing/process.py", line 108, in run
    self._target(*self._args, **self._kwargs)
  File "/opt/pypy/lib/pypy3.11/multiprocessing/managers.py", line 600, in _run_server
    server.serve_forever()
  File "/opt/pypy/lib/pypy3.11/multiprocessing/managers.py", line 184, in serve_forever
    sys.exit(0)
SystemExit: 0

During handling of the above exception, another exception occurred:

Traceback (most recent call last):
  File "/opt/pypy/lib/pypy3.11/multiprocessing/util.py", line 303, in _run_finalizers
    finalizer()
  File "/opt/pypy/lib/pypy3.11/multiprocessing/util.py", line 227, in __call__
    res = self._callback(*self._args, **self._kwargs)
          ^^^^^^^^^^^^^^^^^^^^^^^^^^^^^^^^^^^^^^^^^^^
  File "/opt/pypy/lib/pypy3.11/multiprocessing/util.py", line 136, in _remove_temp_dir
    rmtree(tempdir, onerror=onerror)
  File "/opt/pypy/lib/pypy3.11/shutil.py", line 752, in rmtree
    _rmtree_safe_fd(fd, path, onerror)
  File "/opt/pypy/lib/pypy3.11/shutil.py", line 703, in _rmtree_safe_fd
    onerror(os.unlink, fullname, sys.exc_info())
  File "/opt/pypy/lib/pypy3.11/shutil.py", line 701, in _rmtree_safe_fd
    os.unlink(entry.name, dir_fd=topfd)
OSError: [Errno 16] Device or resource busy: '.nfs000000820077203f00004d5e'
Traceback (most recent call last):
  File "/opt/pypy/lib/pypy3.11/multiprocessing/process.py", line 314, in _bootstrap
    self.run()
  File "/opt/pypy/lib/pypy3.11/multiprocessing/process.py", line 108, in run
    self._target(*self._args, **self._kwargs)
  File "/opt/pypy/lib/pypy3.11/multiprocessing/managers.py", line 600, in _run_server
    server.serve_forever()
  File "/opt/pypy/lib/pypy3.11/multiprocessing/managers.py", line 184, in serve_forever
    sys.exit(0)
SystemExit: 0

During handling of the above exception, another exception occurred:

Traceback (most recent call last):
  File "/opt/pypy/lib/pypy3.11/multiprocessing/util.py", line 303, in _run_finalizers
    finalizer()
  File "/opt/pypy/lib/pypy3.11/multiprocessing/util.py", line 227, in __call__
    res = self._callback(*self._args, **self._kwargs)
          ^^^^^^^^^^^^^^^^^^^^^^^^^^^^^^^^^^^^^^^^^^^
  File "/opt/pypy/lib/pypy3.11/multiprocessing/util.py", line 136, in _remove_temp_dir
    rmtree(tempdir, onerror=onerror)
  File "/opt/pypy/lib/pypy3.11/shutil.py", line 752, in rmtree
    _rmtree_safe_fd(fd, path, onerror)
  File "/opt/pypy/lib/pypy3.11/shutil.py", line 703, in _rmtree_safe_fd
    onerror(os.unlink, fullname, sys.exc_info())
  File "/opt/pypy/lib/pypy3.11/shutil.py", line 701, in _rmtree_safe_fd
    os.unlink(entry.name, dir_fd=topfd)
OSError: [Errno 16] Device or resource busy: '.nfs00000082870940e400004d5f'
Traceback (most recent call last):
  File "/opt/pypy/lib/pypy3.11/multiprocessing/process.py", line 314, in _bootstrap
    self.run()
  File "/opt/pypy/lib/pypy3.11/multiprocessing/process.py", line 108, in run
    self._target(*self._args, **self._kwargs)
  File "/opt/pypy/lib/pypy3.11/multiprocessing/managers.py", line 600, in _run_server
    server.serve_forever()
  File "/opt/pypy/lib/pypy3.11/multiprocessing/managers.py", line 184, in serve_forever
    sys.exit(0)
SystemExit: 0

During handling of the above exception, another exception occurred:

Traceback (most recent call last):
  File "/opt/pypy/lib/pypy3.11/multiprocessing/util.py", line 303, in _run_finalizers
    finalizer()
  File "/opt/pypy/lib/pypy3.11/multiprocessing/util.py", line 227, in __call__
    res = self._callback(*self._args, **self._kwargs)
          ^^^^^^^^^^^^^^^^^^^^^^^^^^^^^^^^^^^^^^^^^^^
  File "/opt/pypy/lib/pypy3.11/multiprocessing/util.py", line 136, in _remove_temp_dir
    rmtree(tempdir, onerror=onerror)
  File "/opt/pypy/lib/pypy3.11/shutil.py", line 752, in rmtree
    _rmtree_safe_fd(fd, path, onerror)
  File "/opt/pypy/lib/pypy3.11/shutil.py", line 703, in _rmtree_safe_fd
    onerror(os.unlink, fullname, sys.exc_info())
  File "/opt/pypy/lib/pypy3.11/shutil.py", line 701, in _rmtree_safe_fd
    os.unlink(entry.name, dir_fd=topfd)
OSError: [Errno 16] Device or resource busy: '.nfs00000083000fa02200004d60'
Traceback (most recent call last):
  File "/opt/pypy/lib/pypy3.11/multiprocessing/process.py", line 314, in _bootstrap
    self.run()
  File "/opt/pypy/lib/pypy3.11/multiprocessing/process.py", line 108, in run
    self._target(*self._args, **self._kwargs)
  File "/opt/pypy/lib/pypy3.11/multiprocessing/managers.py", line 600, in _run_server
    server.serve_forever()
  File "/opt/pypy/lib/pypy3.11/multiprocessing/managers.py", line 184, in serve_forever
    sys.exit(0)
SystemExit: 0

During handling of the above exception, another exception occurred:

Traceback (most recent call last):
  File "/opt/pypy/lib/pypy3.11/multiprocessing/util.py", line 303, in _run_finalizers
    finalizer()
  File "/opt/pypy/lib/pypy3.11/multiprocessing/util.py", line 227, in __call__
    res = self._callback(*self._args, **self._kwargs)
          ^^^^^^^^^^^^^^^^^^^^^^^^^^^^^^^^^^^^^^^^^^^
  File "/opt/pypy/lib/pypy3.11/multiprocessing/util.py", line 136, in _remove_temp_dir
    rmtree(tempdir, onerror=onerror)
  File "/opt/pypy/lib/pypy3.11/shutil.py", line 752, in rmtree
    _rmtree_safe_fd(fd, path, onerror)
  File "/opt/pypy/lib/pypy3.11/shutil.py", line 703, in _rmtree_safe_fd
    onerror(os.unlink, fullname, sys.exc_info())
  File "/opt/pypy/lib/pypy3.11/shutil.py", line 701, in _rmtree_safe_fd
    os.unlink(entry.name, dir_fd=topfd)
OSError: [Errno 16] Device or resource busy: '.nfs0000008380fa282100004d61'
Traceback (most recent call last):
  File "/opt/pypy/lib/pypy3.11/multiprocessing/process.py", line 314, in _bootstrap
    self.run()
  File "/opt/pypy/lib/pypy3.11/multiprocessing/process.py", line 108, in run
    self._target(*self._args, **self._kwargs)
  File "/opt/pypy/lib/pypy3.11/multiprocessing/managers.py", line 600, in _run_server
    server.serve_forever()
  File "/opt/pypy/lib/pypy3.11/multiprocessing/managers.py", line 184, in serve_forever
    sys.exit(0)
SystemExit: 0

During handling of the above exception, another exception occurred:

Traceback (most recent call last):
  File "/opt/pypy/lib/pypy3.11/multiprocessing/util.py", line 303, in _run_finalizers
    finalizer()
  File "/opt/pypy/lib/pypy3.11/multiprocessing/util.py", line 227, in __call__
    res = self._callback(*self._args, **self._kwargs)
          ^^^^^^^^^^^^^^^^^^^^^^^^^^^^^^^^^^^^^^^^^^^
  File "/opt/pypy/lib/pypy3.11/multiprocessing/util.py", line 136, in _remove_temp_dir
    rmtree(tempdir, onerror=onerror)
  File "/opt/pypy/lib/pypy3.11/shutil.py", line 752, in rmtree
    _rmtree_safe_fd(fd, path, onerror)
  File "/opt/pypy/lib/pypy3.11/shutil.py", line 703, in _rmtree_safe_fd
    onerror(os.unlink, fullname, sys.exc_info())
  File "/opt/pypy/lib/pypy3.11/shutil.py", line 701, in _rmtree_safe_fd
    os.unlink(entry.name, dir_fd=topfd)
OSError: [Errno 16] Device or resource busy: '.nfs00000084006d542900004d62'
Traceback (most recent call last):
  File "/opt/pypy/lib/pypy3.11/multiprocessing/process.py", line 314, in _bootstrap
    self.run()
  File "/opt/pypy/lib/pypy3.11/multiprocessing/process.py", line 108, in run
    self._target(*self._args, **self._kwargs)
  File "/opt/pypy/lib/pypy3.11/multiprocessing/managers.py", line 600, in _run_server
    server.serve_forever()
  File "/opt/pypy/lib/pypy3.11/multiprocessing/managers.py", line 184, in serve_forever
    sys.exit(0)
SystemExit: 0

During handling of the above exception, another exception occurred:

Traceback (most recent call last):
  File "/opt/pypy/lib/pypy3.11/multiprocessing/util.py", line 303, in _run_finalizers
    finalizer()
  File "/opt/pypy/lib/pypy3.11/multiprocessing/util.py", line 227, in __call__
    res = self._callback(*self._args, **self._kwargs)
          ^^^^^^^^^^^^^^^^^^^^^^^^^^^^^^^^^^^^^^^^^^^
  File "/opt/pypy/lib/pypy3.11/multiprocessing/util.py", line 136, in _remove_temp_dir
    rmtree(tempdir, onerror=onerror)
  File "/opt/pypy/lib/pypy3.11/shutil.py", line 752, in rmtree
    _rmtree_safe_fd(fd, path, onerror)
  File "/opt/pypy/lib/pypy3.11/shutil.py", line 703, in _rmtree_safe_fd
    onerror(os.unlink, fullname, sys.exc_info())
  File "/opt/pypy/lib/pypy3.11/shutil.py", line 701, in _rmtree_safe_fd
    os.unlink(entry.name, dir_fd=topfd)
OSError: [Errno 16] Device or resource busy: '.nfs00000084821dc03e00004d63'
Traceback (most recent call last):
  File "/opt/pypy/lib/pypy3.11/multiprocessing/process.py", line 314, in _bootstrap
    self.run()
  File "/opt/pypy/lib/pypy3.11/multiprocessing/process.py", line 108, in run
    self._target(*self._args, **self._kwargs)
  File "/opt/pypy/lib/pypy3.11/multiprocessing/managers.py", line 600, in _run_server
    server.serve_forever()
  File "/opt/pypy/lib/pypy3.11/multiprocessing/managers.py", line 184, in serve_forever
    sys.exit(0)
SystemExit: 0

During handling of the above exception, another exception occurred:

Traceback (most recent call last):
  File "/opt/pypy/lib/pypy3.11/multiprocessing/util.py", line 303, in _run_finalizers
    finalizer()
  File "/opt/pypy/lib/pypy3.11/multiprocessing/util.py", line 227, in __call__
    res = self._callback(*self._args, **self._kwargs)
          ^^^^^^^^^^^^^^^^^^^^^^^^^^^^^^^^^^^^^^^^^^^
  File "/opt/pypy/lib/pypy3.11/multiprocessing/util.py", line 136, in _remove_temp_dir
    rmtree(tempdir, onerror=onerror)
  File "/opt/pypy/lib/pypy3.11/shutil.py", line 752, in rmtree
    _rmtree_safe_fd(fd, path, onerror)
  File "/opt/pypy/lib/pypy3.11/shutil.py", line 703, in _rmtree_safe_fd
    onerror(os.unlink, fullname, sys.exc_info())
  File "/opt/pypy/lib/pypy3.11/shutil.py", line 701, in _rmtree_safe_fd
    os.unlink(entry.name, dir_fd=topfd)
OSError: [Errno 16] Device or resource busy: '.nfs000000850008641c00004d64'
Traceback (most recent call last):
  File "/opt/pypy/lib/pypy3.11/multiprocessing/process.py", line 314, in _bootstrap
    self.run()
  File "/opt/pypy/lib/pypy3.11/multiprocessing/process.py", line 108, in run
    self._target(*self._args, **self._kwargs)
  File "/opt/pypy/lib/pypy3.11/multiprocessing/managers.py", line 600, in _run_server
    server.serve_forever()
  File "/opt/pypy/lib/pypy3.11/multiprocessing/managers.py", line 184, in serve_forever
    sys.exit(0)
SystemExit: 0

During handling of the above exception, another exception occurred:

Traceback (most recent call last):
  File "/opt/pypy/lib/pypy3.11/multiprocessing/util.py", line 303, in _run_finalizers
    finalizer()
  File "/opt/pypy/lib/pypy3.11/multiprocessing/util.py", line 227, in __call__
    res = self._callback(*self._args, **self._kwargs)
          ^^^^^^^^^^^^^^^^^^^^^^^^^^^^^^^^^^^^^^^^^^^
  File "/opt/pypy/lib/pypy3.11/multiprocessing/util.py", line 136, in _remove_temp_dir
    rmtree(tempdir, onerror=onerror)
  File "/opt/pypy/lib/pypy3.11/shutil.py", line 752, in rmtree
    _rmtree_safe_fd(fd, path, onerror)
  File "/opt/pypy/lib/pypy3.11/shutil.py", line 703, in _rmtree_safe_fd
    onerror(os.unlink, fullname, sys.exc_info())
  File "/opt/pypy/lib/pypy3.11/shutil.py", line 701, in _rmtree_safe_fd
    os.unlink(entry.name, dir_fd=topfd)
OSError: [Errno 16] Device or resource busy: '.nfs0000008580b0003800004d65'
Traceback (most recent call last):
  File "/opt/pypy/lib/pypy3.11/multiprocessing/process.py", line 314, in _bootstrap
    self.run()
  File "/opt/pypy/lib/pypy3.11/multiprocessing/process.py", line 108, in run
    self._target(*self._args, **self._kwargs)
  File "/opt/pypy/lib/pypy3.11/multiprocessing/managers.py", line 600, in _run_server
    server.serve_forever()
  File "/opt/pypy/lib/pypy3.11/multiprocessing/managers.py", line 184, in serve_forever
    sys.exit(0)
SystemExit: 0

During handling of the above exception, another exception occurred:

Traceback (most recent call last):
  File "/opt/pypy/lib/pypy3.11/multiprocessing/util.py", line 303, in _run_finalizers
    finalizer()
  File "/opt/pypy/lib/pypy3.11/multiprocessing/util.py", line 227, in __call__
    res = self._callback(*self._args, **self._kwargs)
          ^^^^^^^^^^^^^^^^^^^^^^^^^^^^^^^^^^^^^^^^^^^
  File "/opt/pypy/lib/pypy3.11/multiprocessing/util.py", line 136, in _remove_temp_dir
    rmtree(tempdir, onerror=onerror)
  File "/opt/pypy/lib/pypy3.11/shutil.py", line 752, in rmtree
    _rmtree_safe_fd(fd, path, onerror)
  File "/opt/pypy/lib/pypy3.11/shutil.py", line 703, in _rmtree_safe_fd
    onerror(os.unlink, fullname, sys.exc_info())
  File "/opt/pypy/lib/pypy3.11/shutil.py", line 701, in _rmtree_safe_fd
    os.unlink(entry.name, dir_fd=topfd)
OSError: [Errno 16] Device or resource busy: '.nfs0000008600b93c3600004d66'
Traceback (most recent call last):
  File "/opt/pypy/lib/pypy3.11/multiprocessing/process.py", line 314, in _bootstrap
    self.run()
  File "/opt/pypy/lib/pypy3.11/multiprocessing/process.py", line 108, in run
    self._target(*self._args, **self._kwargs)
  File "/opt/pypy/lib/pypy3.11/multiprocessing/managers.py", line 600, in _run_server
    server.serve_forever()
  File "/opt/pypy/lib/pypy3.11/multiprocessing/managers.py", line 184, in serve_forever
    sys.exit(0)
SystemExit: 0

During handling of the above exception, another exception occurred:

Traceback (most recent call last):
  File "/opt/pypy/lib/pypy3.11/multiprocessing/util.py", line 303, in _run_finalizers
    finalizer()
  File "/opt/pypy/lib/pypy3.11/multiprocessing/util.py", line 227, in __call__
    res = self._callback(*self._args, **self._kwargs)
          ^^^^^^^^^^^^^^^^^^^^^^^^^^^^^^^^^^^^^^^^^^^
  File "/opt/pypy/lib/pypy3.11/multiprocessing/util.py", line 136, in _remove_temp_dir
    rmtree(tempdir, onerror=onerror)
  File "/opt/pypy/lib/pypy3.11/shutil.py", line 752, in rmtree
    _rmtree_safe_fd(fd, path, onerror)
  File "/opt/pypy/lib/pypy3.11/shutil.py", line 703, in _rmtree_safe_fd
    onerror(os.unlink, fullname, sys.exc_info())
  File "/opt/pypy/lib/pypy3.11/shutil.py", line 701, in _rmtree_safe_fd
    os.unlink(entry.name, dir_fd=topfd)
OSError: [Errno 16] Device or resource busy: '.nfs0000008680f30c3d00004d67'
Traceback (most recent call last):
  File "/opt/pypy/lib/pypy3.11/multiprocessing/process.py", line 314, in _bootstrap
    self.run()
  File "/opt/pypy/lib/pypy3.11/multiprocessing/process.py", line 108, in run
    self._target(*self._args, **self._kwargs)
  File "/opt/pypy/lib/pypy3.11/multiprocessing/managers.py", line 600, in _run_server
    server.serve_forever()
  File "/opt/pypy/lib/pypy3.11/multiprocessing/managers.py", line 184, in serve_forever
    sys.exit(0)
SystemExit: 0

During handling of the above exception, another exception occurred:

Traceback (most recent call last):
  File "/opt/pypy/lib/pypy3.11/multiprocessing/util.py", line 303, in _run_finalizers
    finalizer()
  File "/opt/pypy/lib/pypy3.11/multiprocessing/util.py", line 227, in __call__
    res = self._callback(*self._args, **self._kwargs)
          ^^^^^^^^^^^^^^^^^^^^^^^^^^^^^^^^^^^^^^^^^^^
  File "/opt/pypy/lib/pypy3.11/multiprocessing/util.py", line 136, in _remove_temp_dir
    rmtree(tempdir, onerror=onerror)
  File "/opt/pypy/lib/pypy3.11/shutil.py", line 752, in rmtree
    _rmtree_safe_fd(fd, path, onerror)
  File "/opt/pypy/lib/pypy3.11/shutil.py", line 703, in _rmtree_safe_fd
    onerror(os.unlink, fullname, sys.exc_info())
  File "/opt/pypy/lib/pypy3.11/shutil.py", line 701, in _rmtree_safe_fd
    os.unlink(entry.name, dir_fd=topfd)
OSError: [Errno 16] Device or resource busy: '.nfs0000008700098c0200004d68'
Traceback (most recent call last):
  File "/opt/pypy/lib/pypy3.11/multiprocessing/process.py", line 314, in _bootstrap
    self.run()
  File "/opt/pypy/lib/pypy3.11/multiprocessing/process.py", line 108, in run
    self._target(*self._args, **self._kwargs)
  File "/opt/pypy/lib/pypy3.11/multiprocessing/managers.py", line 600, in _run_server
    server.serve_forever()
  File "/opt/pypy/lib/pypy3.11/multiprocessing/managers.py", line 184, in serve_forever
    sys.exit(0)
SystemExit: 0

During handling of the above exception, another exception occurred:

Traceback (most recent call last):
  File "/opt/pypy/lib/pypy3.11/multiprocessing/util.py", line 303, in _run_finalizers
    finalizer()
  File "/opt/pypy/lib/pypy3.11/multiprocessing/util.py", line 227, in __call__
    res = self._callback(*self._args, **self._kwargs)
          ^^^^^^^^^^^^^^^^^^^^^^^^^^^^^^^^^^^^^^^^^^^
  File "/opt/pypy/lib/pypy3.11/multiprocessing/util.py", line 136, in _remove_temp_dir
    rmtree(tempdir, onerror=onerror)
  File "/opt/pypy/lib/pypy3.11/shutil.py", line 752, in rmtree
    _rmtree_safe_fd(fd, path, onerror)
  File "/opt/pypy/lib/pypy3.11/shutil.py", line 703, in _rmtree_safe_fd
    onerror(os.unlink, fullname, sys.exc_info())
  File "/opt/pypy/lib/pypy3.11/shutil.py", line 701, in _rmtree_safe_fd
    os.unlink(entry.name, dir_fd=topfd)
OSError: [Errno 16] Device or resource busy: '.nfs000000878092340500004d69'
Traceback (most recent call last):
  File "/opt/pypy/lib/pypy3.11/multiprocessing/process.py", line 314, in _bootstrap
    self.run()
  File "/opt/pypy/lib/pypy3.11/multiprocessing/process.py", line 108, in run
    self._target(*self._args, **self._kwargs)
  File "/opt/pypy/lib/pypy3.11/multiprocessing/managers.py", line 600, in _run_server
    server.serve_forever()
  File "/opt/pypy/lib/pypy3.11/multiprocessing/managers.py", line 184, in serve_forever
    sys.exit(0)
SystemExit: 0

During handling of the above exception, another exception occurred:

Traceback (most recent call last):
  File "/opt/pypy/lib/pypy3.11/multiprocessing/util.py", line 303, in _run_finalizers
    finalizer()
  File "/opt/pypy/lib/pypy3.11/multiprocessing/util.py", line 227, in __call__
    res = self._callback(*self._args, **self._kwargs)
          ^^^^^^^^^^^^^^^^^^^^^^^^^^^^^^^^^^^^^^^^^^^
  File "/opt/pypy/lib/pypy3.11/multiprocessing/util.py", line 136, in _remove_temp_dir
    rmtree(tempdir, onerror=onerror)
  File "/opt/pypy/lib/pypy3.11/shutil.py", line 752, in rmtree
    _rmtree_safe_fd(fd, path, onerror)
  File "/opt/pypy/lib/pypy3.11/shutil.py", line 703, in _rmtree_safe_fd
    onerror(os.unlink, fullname, sys.exc_info())
  File "/opt/pypy/lib/pypy3.11/shutil.py", line 701, in _rmtree_safe_fd
    os.unlink(entry.name, dir_fd=topfd)
OSError: [Errno 16] Device or resource busy: '.nfs00000088008dd5fe00004d6a'
  Completed 10 iterations for size 30, cohesion 20.
  Completed 10 iterations for size 30, cohesion 50.
  Completed 10 iterations for size 30, cohesion 80.
  Completed 10 iterations for size 100, cohesion 20.
  Completed 10 iterations for size 100, cohesion 50.
Traceback (most recent call last):
Traceback (most recent call last):
  File "/opt/pypy/lib/pypy3.11/multiprocessing/process.py", line 314, in _bootstrap
    self.run()
  File "/opt/pypy/lib/pypy3.11/multiprocessing/process.py", line 108, in run
    self._target(*self._args, **self._kwargs)
  File "/opt/pypy/lib/pypy3.11/multiprocessing/managers.py", line 600, in _run_server
    server.serve_forever()
  File "/opt/pypy/lib/pypy3.11/multiprocessing/managers.py", line 184, in serve_forever
    sys.exit(0)
SystemExit: 0

During handling of the above exception, another exception occurred:

Traceback (most recent call last):
  File "/opt/pypy/lib/pypy3.11/multiprocessing/util.py", line 303, in _run_finalizers
    finalizer()
  File "/opt/pypy/lib/pypy3.11/multiprocessing/util.py", line 227, in __call__
    res = self._callback(*self._args, **self._kwargs)
          ^^^^^^^^^^^^^^^^^^^^^^^^^^^^^^^^^^^^^^^^^^^
  File "/opt/pypy/lib/pypy3.11/multiprocessing/util.py", line 136, in _remove_temp_dir
    rmtree(tempdir, onerror=onerror)
  File "/opt/pypy/lib/pypy3.11/shutil.py", line 752, in rmtree
    _rmtree_safe_fd(fd, path, onerror)
  File "/opt/pypy/lib/pypy3.11/shutil.py", line 703, in _rmtree_safe_fd
    onerror(os.unlink, fullname, sys.exc_info())
  File "/opt/pypy/lib/pypy3.11/shutil.py", line 701, in _rmtree_safe_fd
    os.unlink(entry.name, dir_fd=topfd)
OSError: [Errno 16] Device or resource busy: '.nfs000000890078880b00004d6c'
Traceback (most recent call last):
  File "/opt/pypy/lib/pypy3.11/multiprocessing/process.py", line 314, in _bootstrap
    self.run()
  File "/opt/pypy/lib/pypy3.11/multiprocessing/process.py", line 108, in run
    self._target(*self._args, **self._kwargs)
  File "/opt/pypy/lib/pypy3.11/multiprocessing/managers.py", line 600, in _run_server
    server.serve_forever()
  File "/opt/pypy/lib/pypy3.11/multiprocessing/managers.py", line 184, in serve_forever
    sys.exit(0)
SystemExit: 0

During handling of the above exception, another exception occurred:

Traceback (most recent call last):
  File "/opt/pypy/lib/pypy3.11/multiprocessing/util.py", line 303, in _run_finalizers
    finalizer()
  File "/opt/pypy/lib/pypy3.11/multiprocessing/util.py", line 227, in __call__
    res = self._callback(*self._args, **self._kwargs)
          ^^^^^^^^^^^^^^^^^^^^^^^^^^^^^^^^^^^^^^^^^^^
  File "/opt/pypy/lib/pypy3.11/multiprocessing/util.py", line 136, in _remove_temp_dir
    rmtree(tempdir, onerror=onerror)
  File "/opt/pypy/lib/pypy3.11/shutil.py", line 752, in rmtree
    _rmtree_safe_fd(fd, path, onerror)
  File "/opt/pypy/lib/pypy3.11/shutil.py", line 703, in _rmtree_safe_fd
    onerror(os.unlink, fullname, sys.exc_info())
  File "/opt/pypy/lib/pypy3.11/shutil.py", line 701, in _rmtree_safe_fd
    os.unlink(entry.name, dir_fd=topfd)
OSError: [Errno 16] Device or resource busy: '.nfs000000898183d42400004d6d'
Traceback (most recent call last):
  File "/opt/pypy/lib/pypy3.11/multiprocessing/process.py", line 314, in _bootstrap
    self.run()
  File "/opt/pypy/lib/pypy3.11/multiprocessing/process.py", line 108, in run
    self._target(*self._args, **self._kwargs)
  File "/opt/pypy/lib/pypy3.11/multiprocessing/managers.py", line 600, in _run_server
    server.serve_forever()
  File "/opt/pypy/lib/pypy3.11/multiprocessing/managers.py", line 184, in serve_forever
    sys.exit(0)
SystemExit: 0

During handling of the above exception, another exception occurred:

Traceback (most recent call last):
  File "/opt/pypy/lib/pypy3.11/multiprocessing/util.py", line 303, in _run_finalizers
    finalizer()
  File "/opt/pypy/lib/pypy3.11/multiprocessing/util.py", line 227, in __call__
    res = self._callback(*self._args, **self._kwargs)
          ^^^^^^^^^^^^^^^^^^^^^^^^^^^^^^^^^^^^^^^^^^^
  File "/opt/pypy/lib/pypy3.11/multiprocessing/util.py", line 136, in _remove_temp_dir
    rmtree(tempdir, onerror=onerror)
  File "/opt/pypy/lib/pypy3.11/shutil.py", line 752, in rmtree
    _rmtree_safe_fd(fd, path, onerror)
  File "/opt/pypy/lib/pypy3.11/shutil.py", line 703, in _rmtree_safe_fd
    onerror(os.unlink, fullname, sys.exc_info())
  File "/opt/pypy/lib/pypy3.11/shutil.py", line 701, in _rmtree_safe_fd
    os.unlink(entry.name, dir_fd=topfd)
OSError: [Errno 16] Device or resource busy: '.nfs0000008a001b040a00004d6e'
Traceback (most recent call last):
  File "/opt/pypy/lib/pypy3.11/multiprocessing/process.py", line 314, in _bootstrap
    self.run()
  File "/opt/pypy/lib/pypy3.11/multiprocessing/process.py", line 108, in run
    self._target(*self._args, **self._kwargs)
  File "/opt/pypy/lib/pypy3.11/multiprocessing/managers.py", line 600, in _run_server
    server.serve_forever()
  File "/opt/pypy/lib/pypy3.11/multiprocessing/managers.py", line 184, in serve_forever
    sys.exit(0)
SystemExit: 0

During handling of the above exception, another exception occurred:

Traceback (most recent call last):
  File "/opt/pypy/lib/pypy3.11/multiprocessing/util.py", line 303, in _run_finalizers
    finalizer()
  File "/opt/pypy/lib/pypy3.11/multiprocessing/util.py", line 227, in __call__
    res = self._callback(*self._args, **self._kwargs)
          ^^^^^^^^^^^^^^^^^^^^^^^^^^^^^^^^^^^^^^^^^^^
  File "/opt/pypy/lib/pypy3.11/multiprocessing/util.py", line 136, in _remove_temp_dir
    rmtree(tempdir, onerror=onerror)
  File "/opt/pypy/lib/pypy3.11/shutil.py", line 752, in rmtree
    _rmtree_safe_fd(fd, path, onerror)
  File "/opt/pypy/lib/pypy3.11/shutil.py", line 703, in _rmtree_safe_fd
    onerror(os.unlink, fullname, sys.exc_info())
  File "/opt/pypy/lib/pypy3.11/shutil.py", line 701, in _rmtree_safe_fd
    os.unlink(entry.name, dir_fd=topfd)
OSError: [Errno 16] Device or resource busy: '.nfs0000008a8020042600004d6f'
Traceback (most recent call last):
  File "/opt/pypy/lib/pypy3.11/multiprocessing/process.py", line 314, in _bootstrap
    self.run()
  File "/opt/pypy/lib/pypy3.11/multiprocessing/process.py", line 108, in run
    self._target(*self._args, **self._kwargs)
  File "/opt/pypy/lib/pypy3.11/multiprocessing/managers.py", line 600, in _run_server
    server.serve_forever()
  File "/opt/pypy/lib/pypy3.11/multiprocessing/managers.py", line 184, in serve_forever
    sys.exit(0)
SystemExit: 0

During handling of the above exception, another exception occurred:

Traceback (most recent call last):
  File "/opt/pypy/lib/pypy3.11/multiprocessing/util.py", line 303, in _run_finalizers
    finalizer()
  File "/opt/pypy/lib/pypy3.11/multiprocessing/util.py", line 227, in __call__
    res = self._callback(*self._args, **self._kwargs)
          ^^^^^^^^^^^^^^^^^^^^^^^^^^^^^^^^^^^^^^^^^^^
  File "/opt/pypy/lib/pypy3.11/multiprocessing/util.py", line 136, in _remove_temp_dir
    rmtree(tempdir, onerror=onerror)
  File "/opt/pypy/lib/pypy3.11/shutil.py", line 752, in rmtree
    _rmtree_safe_fd(fd, path, onerror)
  File "/opt/pypy/lib/pypy3.11/shutil.py", line 703, in _rmtree_safe_fd
    onerror(os.unlink, fullname, sys.exc_info())
  File "/opt/pypy/lib/pypy3.11/shutil.py", line 701, in _rmtree_safe_fd
    os.unlink(entry.name, dir_fd=topfd)
OSError: [Errno 16] Device or resource busy: '.nfs0000008c00088c3900004d70'
Traceback (most recent call last):
  File "/opt/pypy/lib/pypy3.11/multiprocessing/process.py", line 314, in _bootstrap
    self.run()
  File "/opt/pypy/lib/pypy3.11/multiprocessing/process.py", line 108, in run
    self._target(*self._args, **self._kwargs)
  File "/opt/pypy/lib/pypy3.11/multiprocessing/managers.py", line 600, in _run_server
    server.serve_forever()
  File "/opt/pypy/lib/pypy3.11/multiprocessing/managers.py", line 184, in serve_forever
    sys.exit(0)
SystemExit: 0

During handling of the above exception, another exception occurred:

Traceback (most recent call last):
  File "/opt/pypy/lib/pypy3.11/multiprocessing/util.py", line 303, in _run_finalizers
    finalizer()
  File "/opt/pypy/lib/pypy3.11/multiprocessing/util.py", line 227, in __call__
    res = self._callback(*self._args, **self._kwargs)
          ^^^^^^^^^^^^^^^^^^^^^^^^^^^^^^^^^^^^^^^^^^^
  File "/opt/pypy/lib/pypy3.11/multiprocessing/util.py", line 136, in _remove_temp_dir
    rmtree(tempdir, onerror=onerror)
  File "/opt/pypy/lib/pypy3.11/shutil.py", line 752, in rmtree
    _rmtree_safe_fd(fd, path, onerror)
  File "/opt/pypy/lib/pypy3.11/shutil.py", line 703, in _rmtree_safe_fd
    onerror(os.unlink, fullname, sys.exc_info())
  File "/opt/pypy/lib/pypy3.11/shutil.py", line 701, in _rmtree_safe_fd
    os.unlink(entry.name, dir_fd=topfd)
OSError: [Errno 16] Device or resource busy: '.nfs0000008c81bfb40d00004d71'
Traceback (most recent call last):
  File "/opt/pypy/lib/pypy3.11/multiprocessing/process.py", line 314, in _bootstrap
    self.run()
  File "/opt/pypy/lib/pypy3.11/multiprocessing/process.py", line 108, in run
    self._target(*self._args, **self._kwargs)
  File "/opt/pypy/lib/pypy3.11/multiprocessing/managers.py", line 600, in _run_server
    server.serve_forever()
  File "/opt/pypy/lib/pypy3.11/multiprocessing/managers.py", line 184, in serve_forever
    sys.exit(0)
SystemExit: 0

During handling of the above exception, another exception occurred:

Traceback (most recent call last):
  File "/opt/pypy/lib/pypy3.11/multiprocessing/util.py", line 303, in _run_finalizers
    finalizer()
  File "/opt/pypy/lib/pypy3.11/multiprocessing/util.py", line 227, in __call__
    res = self._callback(*self._args, **self._kwargs)
          ^^^^^^^^^^^^^^^^^^^^^^^^^^^^^^^^^^^^^^^^^^^
  File "/opt/pypy/lib/pypy3.11/multiprocessing/util.py", line 136, in _remove_temp_dir
    rmtree(tempdir, onerror=onerror)
  File "/opt/pypy/lib/pypy3.11/shutil.py", line 752, in rmtree
    _rmtree_safe_fd(fd, path, onerror)
  File "/opt/pypy/lib/pypy3.11/shutil.py", line 703, in _rmtree_safe_fd
    onerror(os.unlink, fullname, sys.exc_info())
  File "/opt/pypy/lib/pypy3.11/shutil.py", line 701, in _rmtree_safe_fd
    os.unlink(entry.name, dir_fd=topfd)
OSError: [Errno 16] Device or resource busy: '.nfs0000008d004b4c2e00004d72'
Traceback (most recent call last):
  File "/opt/pypy/lib/pypy3.11/multiprocessing/process.py", line 314, in _bootstrap
    self.run()
  File "/opt/pypy/lib/pypy3.11/multiprocessing/process.py", line 108, in run
    self._target(*self._args, **self._kwargs)
  File "/opt/pypy/lib/pypy3.11/multiprocessing/managers.py", line 600, in _run_server
    server.serve_forever()
  File "/opt/pypy/lib/pypy3.11/multiprocessing/managers.py", line 184, in serve_forever
    sys.exit(0)
SystemExit: 0

During handling of the above exception, another exception occurred:

Traceback (most recent call last):
  File "/opt/pypy/lib/pypy3.11/multiprocessing/util.py", line 303, in _run_finalizers
    finalizer()
  File "/opt/pypy/lib/pypy3.11/multiprocessing/util.py", line 227, in __call__
    res = self._callback(*self._args, **self._kwargs)
          ^^^^^^^^^^^^^^^^^^^^^^^^^^^^^^^^^^^^^^^^^^^
  File "/opt/pypy/lib/pypy3.11/multiprocessing/util.py", line 136, in _remove_temp_dir
    rmtree(tempdir, onerror=onerror)
  File "/opt/pypy/lib/pypy3.11/shutil.py", line 752, in rmtree
    _rmtree_safe_fd(fd, path, onerror)
  File "/opt/pypy/lib/pypy3.11/shutil.py", line 703, in _rmtree_safe_fd
    onerror(os.unlink, fullname, sys.exc_info())
  File "/opt/pypy/lib/pypy3.11/shutil.py", line 701, in _rmtree_safe_fd
    os.unlink(entry.name, dir_fd=topfd)
OSError: [Errno 16] Device or resource busy: '.nfs0000008d80933c1600004d73'
Traceback (most recent call last):
  File "/opt/pypy/lib/pypy3.11/multiprocessing/process.py", line 314, in _bootstrap
    self.run()
  File "/opt/pypy/lib/pypy3.11/multiprocessing/process.py", line 108, in run
    self._target(*self._args, **self._kwargs)
  File "/opt/pypy/lib/pypy3.11/multiprocessing/managers.py", line 600, in _run_server
    server.serve_forever()
  File "/opt/pypy/lib/pypy3.11/multiprocessing/managers.py", line 184, in serve_forever
    sys.exit(0)
SystemExit: 0

During handling of the above exception, another exception occurred:

Traceback (most recent call last):
  File "/opt/pypy/lib/pypy3.11/multiprocessing/util.py", line 303, in _run_finalizers
    finalizer()
  File "/opt/pypy/lib/pypy3.11/multiprocessing/util.py", line 227, in __call__
    res = self._callback(*self._args, **self._kwargs)
          ^^^^^^^^^^^^^^^^^^^^^^^^^^^^^^^^^^^^^^^^^^^
  File "/opt/pypy/lib/pypy3.11/multiprocessing/util.py", line 136, in _remove_temp_dir
    rmtree(tempdir, onerror=onerror)
  File "/opt/pypy/lib/pypy3.11/shutil.py", line 752, in rmtree
    _rmtree_safe_fd(fd, path, onerror)
  File "/opt/pypy/lib/pypy3.11/shutil.py", line 703, in _rmtree_safe_fd
    onerror(os.unlink, fullname, sys.exc_info())
  File "/opt/pypy/lib/pypy3.11/shutil.py", line 701, in _rmtree_safe_fd
    os.unlink(entry.name, dir_fd=topfd)
OSError: [Errno 16] Device or resource busy: '.nfs0000008e000a000000004d74'
Traceback (most recent call last):
  File "/opt/pypy/lib/pypy3.11/multiprocessing/process.py", line 314, in _bootstrap
    self.run()
  File "/opt/pypy/lib/pypy3.11/multiprocessing/process.py", line 108, in run
    self._target(*self._args, **self._kwargs)
  File "/opt/pypy/lib/pypy3.11/multiprocessing/managers.py", line 600, in _run_server
    server.serve_forever()
  File "/opt/pypy/lib/pypy3.11/multiprocessing/managers.py", line 184, in serve_forever
    sys.exit(0)
SystemExit: 0

During handling of the above exception, another exception occurred:

Traceback (most recent call last):
  File "/opt/pypy/lib/pypy3.11/multiprocessing/util.py", line 303, in _run_finalizers
    finalizer()
  File "/opt/pypy/lib/pypy3.11/multiprocessing/util.py", line 227, in __call__
    res = self._callback(*self._args, **self._kwargs)
          ^^^^^^^^^^^^^^^^^^^^^^^^^^^^^^^^^^^^^^^^^^^
  File "/opt/pypy/lib/pypy3.11/multiprocessing/util.py", line 136, in _remove_temp_dir
    rmtree(tempdir, onerror=onerror)
  File "/opt/pypy/lib/pypy3.11/shutil.py", line 752, in rmtree
    _rmtree_safe_fd(fd, path, onerror)
  File "/opt/pypy/lib/pypy3.11/shutil.py", line 703, in _rmtree_safe_fd
    onerror(os.unlink, fullname, sys.exc_info())
  File "/opt/pypy/lib/pypy3.11/shutil.py", line 701, in _rmtree_safe_fd
    os.unlink(entry.name, dir_fd=topfd)
OSError: [Errno 16] Device or resource busy: '.nfs0000008e801ee40d00004d75'
Traceback (most recent call last):
  File "/opt/pypy/lib/pypy3.11/multiprocessing/process.py", line 314, in _bootstrap
    self.run()
  File "/opt/pypy/lib/pypy3.11/multiprocessing/process.py", line 108, in run
    self._target(*self._args, **self._kwargs)
  File "/opt/pypy/lib/pypy3.11/multiprocessing/managers.py", line 600, in _run_server
    server.serve_forever()
  File "/opt/pypy/lib/pypy3.11/multiprocessing/managers.py", line 184, in serve_forever
    sys.exit(0)
SystemExit: 0

During handling of the above exception, another exception occurred:

Traceback (most recent call last):
  File "/opt/pypy/lib/pypy3.11/multiprocessing/util.py", line 303, in _run_finalizers
    finalizer()
  File "/opt/pypy/lib/pypy3.11/multiprocessing/util.py", line 227, in __call__
    res = self._callback(*self._args, **self._kwargs)
          ^^^^^^^^^^^^^^^^^^^^^^^^^^^^^^^^^^^^^^^^^^^
  File "/opt/pypy/lib/pypy3.11/multiprocessing/util.py", line 136, in _remove_temp_dir
    rmtree(tempdir, onerror=onerror)
  File "/opt/pypy/lib/pypy3.11/shutil.py", line 752, in rmtree
    _rmtree_safe_fd(fd, path, onerror)
  File "/opt/pypy/lib/pypy3.11/shutil.py", line 703, in _rmtree_safe_fd
    onerror(os.unlink, fullname, sys.exc_info())
  File "/opt/pypy/lib/pypy3.11/shutil.py", line 701, in _rmtree_safe_fd
    os.unlink(entry.name, dir_fd=topfd)
OSError: [Errno 16] Device or resource busy: '.nfs0000008f00a5b81100004d76'
Traceback (most recent call last):
  File "/opt/pypy/lib/pypy3.11/multiprocessing/process.py", line 314, in _bootstrap
    self.run()
  File "/opt/pypy/lib/pypy3.11/multiprocessing/process.py", line 108, in run
    self._target(*self._args, **self._kwargs)
  File "/opt/pypy/lib/pypy3.11/multiprocessing/managers.py", line 600, in _run_server
    server.serve_forever()
  File "/opt/pypy/lib/pypy3.11/multiprocessing/managers.py", line 184, in serve_forever
    sys.exit(0)
SystemExit: 0

During handling of the above exception, another exception occurred:

Traceback (most recent call last):
  File "/opt/pypy/lib/pypy3.11/multiprocessing/util.py", line 303, in _run_finalizers
    finalizer()
  File "/opt/pypy/lib/pypy3.11/multiprocessing/util.py", line 227, in __call__
    res = self._callback(*self._args, **self._kwargs)
          ^^^^^^^^^^^^^^^^^^^^^^^^^^^^^^^^^^^^^^^^^^^
  File "/opt/pypy/lib/pypy3.11/multiprocessing/util.py", line 136, in _remove_temp_dir
    rmtree(tempdir, onerror=onerror)
  File "/opt/pypy/lib/pypy3.11/shutil.py", line 752, in rmtree
    _rmtree_safe_fd(fd, path, onerror)
  File "/opt/pypy/lib/pypy3.11/shutil.py", line 703, in _rmtree_safe_fd
    onerror(os.unlink, fullname, sys.exc_info())
  File "/opt/pypy/lib/pypy3.11/shutil.py", line 701, in _rmtree_safe_fd
    os.unlink(entry.name, dir_fd=topfd)
OSError: [Errno 16] Device or resource busy: '.nfs0000008f83dafc3800004d77'
Traceback (most recent call last):
  File "/opt/pypy/lib/pypy3.11/multiprocessing/process.py", line 314, in _bootstrap
    self.run()
  File "/opt/pypy/lib/pypy3.11/multiprocessing/process.py", line 108, in run
    self._target(*self._args, **self._kwargs)
  File "/opt/pypy/lib/pypy3.11/multiprocessing/managers.py", line 600, in _run_server
    server.serve_forever()
  File "/opt/pypy/lib/pypy3.11/multiprocessing/managers.py", line 184, in serve_forever
    sys.exit(0)
SystemExit: 0

During handling of the above exception, another exception occurred:

Traceback (most recent call last):
  File "/opt/pypy/lib/pypy3.11/multiprocessing/util.py", line 303, in _run_finalizers
    finalizer()
  File "/opt/pypy/lib/pypy3.11/multiprocessing/util.py", line 227, in __call__
    res = self._callback(*self._args, **self._kwargs)
          ^^^^^^^^^^^^^^^^^^^^^^^^^^^^^^^^^^^^^^^^^^^
  File "/opt/pypy/lib/pypy3.11/multiprocessing/util.py", line 136, in _remove_temp_dir
    rmtree(tempdir, onerror=onerror)
  File "/opt/pypy/lib/pypy3.11/shutil.py", line 752, in rmtree
    _rmtree_safe_fd(fd, path, onerror)
  File "/opt/pypy/lib/pypy3.11/shutil.py", line 703, in _rmtree_safe_fd
    onerror(os.unlink, fullname, sys.exc_info())
  File "/opt/pypy/lib/pypy3.11/shutil.py", line 701, in _rmtree_safe_fd
    os.unlink(entry.name, dir_fd=topfd)
OSError: [Errno 16] Device or resource busy: '.nfs000000900029882a00004d78'
Traceback (most recent call last):
  File "/opt/pypy/lib/pypy3.11/multiprocessing/process.py", line 314, in _bootstrap
    self.run()
  File "/opt/pypy/lib/pypy3.11/multiprocessing/process.py", line 108, in run
    self._target(*self._args, **self._kwargs)
  File "/opt/pypy/lib/pypy3.11/multiprocessing/managers.py", line 600, in _run_server
    server.serve_forever()
  File "/opt/pypy/lib/pypy3.11/multiprocessing/managers.py", line 184, in serve_forever
    sys.exit(0)
SystemExit: 0

During handling of the above exception, another exception occurred:

Traceback (most recent call last):
  File "/opt/pypy/lib/pypy3.11/multiprocessing/util.py", line 303, in _run_finalizers
    finalizer()
  File "/opt/pypy/lib/pypy3.11/multiprocessing/util.py", line 227, in __call__
    res = self._callback(*self._args, **self._kwargs)
          ^^^^^^^^^^^^^^^^^^^^^^^^^^^^^^^^^^^^^^^^^^^
  File "/opt/pypy/lib/pypy3.11/multiprocessing/util.py", line 136, in _remove_temp_dir
    rmtree(tempdir, onerror=onerror)
  File "/opt/pypy/lib/pypy3.11/shutil.py", line 752, in rmtree
    _rmtree_safe_fd(fd, path, onerror)
  File "/opt/pypy/lib/pypy3.11/shutil.py", line 703, in _rmtree_safe_fd
    onerror(os.unlink, fullname, sys.exc_info())
  File "/opt/pypy/lib/pypy3.11/shutil.py", line 701, in _rmtree_safe_fd
    os.unlink(entry.name, dir_fd=topfd)
OSError: [Errno 16] Device or resource busy: '.nfs000000908087607700004d79'
Traceback (most recent call last):
  File "/opt/pypy/lib/pypy3.11/multiprocessing/process.py", line 314, in _bootstrap
    self.run()
  File "/opt/pypy/lib/pypy3.11/multiprocessing/process.py", line 108, in run
    self._target(*self._args, **self._kwargs)
  File "/opt/pypy/lib/pypy3.11/multiprocessing/managers.py", line 600, in _run_server
    server.serve_forever()
  File "/opt/pypy/lib/pypy3.11/multiprocessing/managers.py", line 184, in serve_forever
    sys.exit(0)
SystemExit: 0

During handling of the above exception, another exception occurred:

Traceback (most recent call last):
  File "/opt/pypy/lib/pypy3.11/multiprocessing/util.py", line 303, in _run_finalizers
    finalizer()
  File "/opt/pypy/lib/pypy3.11/multiprocessing/util.py", line 227, in __call__
    res = self._callback(*self._args, **self._kwargs)
          ^^^^^^^^^^^^^^^^^^^^^^^^^^^^^^^^^^^^^^^^^^^
  File "/opt/pypy/lib/pypy3.11/multiprocessing/util.py", line 136, in _remove_temp_dir
    rmtree(tempdir, onerror=onerror)
  File "/opt/pypy/lib/pypy3.11/shutil.py", line 752, in rmtree
    _rmtree_safe_fd(fd, path, onerror)
  File "/opt/pypy/lib/pypy3.11/shutil.py", line 703, in _rmtree_safe_fd
    onerror(os.unlink, fullname, sys.exc_info())
  File "/opt/pypy/lib/pypy3.11/shutil.py", line 701, in _rmtree_safe_fd
    os.unlink(entry.name, dir_fd=topfd)
OSError: [Errno 16] Device or resource busy: '.nfs000000913076100c00004d7a'
Traceback (most recent call last):
  File "/opt/pypy/lib/pypy3.11/multiprocessing/process.py", line 314, in _bootstrap
    self.run()
  File "/opt/pypy/lib/pypy3.11/multiprocessing/process.py", line 108, in run
    self._target(*self._args, **self._kwargs)
  File "/opt/pypy/lib/pypy3.11/multiprocessing/managers.py", line 600, in _run_server
    server.serve_forever()
  File "/opt/pypy/lib/pypy3.11/multiprocessing/managers.py", line 184, in serve_forever
    sys.exit(0)
SystemExit: 0

During handling of the above exception, another exception occurred:

Traceback (most recent call last):
  File "/opt/pypy/lib/pypy3.11/multiprocessing/util.py", line 303, in _run_finalizers
    finalizer()
  File "/opt/pypy/lib/pypy3.11/multiprocessing/util.py", line 227, in __call__
    res = self._callback(*self._args, **self._kwargs)
          ^^^^^^^^^^^^^^^^^^^^^^^^^^^^^^^^^^^^^^^^^^^
  File "/opt/pypy/lib/pypy3.11/multiprocessing/util.py", line 136, in _remove_temp_dir
    rmtree(tempdir, onerror=onerror)
  File "/opt/pypy/lib/pypy3.11/shutil.py", line 752, in rmtree
    _rmtree_safe_fd(fd, path, onerror)
  File "/opt/pypy/lib/pypy3.11/shutil.py", line 703, in _rmtree_safe_fd
    onerror(os.unlink, fullname, sys.exc_info())
  File "/opt/pypy/lib/pypy3.11/shutil.py", line 701, in _rmtree_safe_fd
    os.unlink(entry.name, dir_fd=topfd)
OSError: [Errno 16] Device or resource busy: '.nfs000000918059b40b00004d7b'
Traceback (most recent call last):
  File "/opt/pypy/lib/pypy3.11/multiprocessing/process.py", line 314, in _bootstrap
    self.run()
  File "/opt/pypy/lib/pypy3.11/multiprocessing/process.py", line 108, in run
    self._target(*self._args, **self._kwargs)
  File "/opt/pypy/lib/pypy3.11/multiprocessing/managers.py", line 600, in _run_server
    server.serve_forever()
  File "/opt/pypy/lib/pypy3.11/multiprocessing/managers.py", line 184, in serve_forever
    sys.exit(0)
SystemExit: 0

During handling of the above exception, another exception occurred:

Traceback (most recent call last):
  File "/opt/pypy/lib/pypy3.11/multiprocessing/util.py", line 303, in _run_finalizers
    finalizer()
  File "/opt/pypy/lib/pypy3.11/multiprocessing/util.py", line 227, in __call__
    res = self._callback(*self._args, **self._kwargs)
          ^^^^^^^^^^^^^^^^^^^^^^^^^^^^^^^^^^^^^^^^^^^
  File "/opt/pypy/lib/pypy3.11/multiprocessing/util.py", line 136, in _remove_temp_dir
    rmtree(tempdir, onerror=onerror)
  File "/opt/pypy/lib/pypy3.11/shutil.py", line 752, in rmtree
    _rmtree_safe_fd(fd, path, onerror)
  File "/opt/pypy/lib/pypy3.11/shutil.py", line 703, in _rmtree_safe_fd
    onerror(os.unlink, fullname, sys.exc_info())
  File "/opt/pypy/lib/pypy3.11/shutil.py", line 701, in _rmtree_safe_fd
    os.unlink(entry.name, dir_fd=topfd)
OSError: [Errno 16] Device or resource busy: '.nfs000000920014180500004d7c'
Traceback (most recent call last):
  File "/opt/pypy/lib/pypy3.11/multiprocessing/process.py", line 314, in _bootstrap
    self.run()
  File "/opt/pypy/lib/pypy3.11/multiprocessing/process.py", line 108, in run
    self._target(*self._args, **self._kwargs)
  File "/opt/pypy/lib/pypy3.11/multiprocessing/managers.py", line 600, in _run_server
    server.serve_forever()
  File "/opt/pypy/lib/pypy3.11/multiprocessing/managers.py", line 184, in serve_forever
    sys.exit(0)
SystemExit: 0

During handling of the above exception, another exception occurred:

Traceback (most recent call last):
  File "/opt/pypy/lib/pypy3.11/multiprocessing/util.py", line 303, in _run_finalizers
    finalizer()
  File "/opt/pypy/lib/pypy3.11/multiprocessing/util.py", line 227, in __call__
    res = self._callback(*self._args, **self._kwargs)
          ^^^^^^^^^^^^^^^^^^^^^^^^^^^^^^^^^^^^^^^^^^^
  File "/opt/pypy/lib/pypy3.11/multiprocessing/util.py", line 136, in _remove_temp_dir
    rmtree(tempdir, onerror=onerror)
  File "/opt/pypy/lib/pypy3.11/shutil.py", line 752, in rmtree
    _rmtree_safe_fd(fd, path, onerror)
  File "/opt/pypy/lib/pypy3.11/shutil.py", line 703, in _rmtree_safe_fd
    onerror(os.unlink, fullname, sys.exc_info())
  File "/opt/pypy/lib/pypy3.11/shutil.py", line 701, in _rmtree_safe_fd
    os.unlink(entry.name, dir_fd=topfd)
OSError: [Errno 16] Device or resource busy: '.nfs0000009280c5903300004d7d'
Traceback (most recent call last):
  File "/opt/pypy/lib/pypy3.11/multiprocessing/process.py", line 314, in _bootstrap
    self.run()
  File "/opt/pypy/lib/pypy3.11/multiprocessing/process.py", line 108, in run
    self._target(*self._args, **self._kwargs)
  File "/opt/pypy/lib/pypy3.11/multiprocessing/managers.py", line 600, in _run_server
    server.serve_forever()
  File "/opt/pypy/lib/pypy3.11/multiprocessing/managers.py", line 184, in serve_forever
    sys.exit(0)
SystemExit: 0

During handling of the above exception, another exception occurred:

Traceback (most recent call last):
  File "/opt/pypy/lib/pypy3.11/multiprocessing/util.py", line 303, in _run_finalizers
    finalizer()
  File "/opt/pypy/lib/pypy3.11/multiprocessing/util.py", line 227, in __call__
    res = self._callback(*self._args, **self._kwargs)
          ^^^^^^^^^^^^^^^^^^^^^^^^^^^^^^^^^^^^^^^^^^^
  File "/opt/pypy/lib/pypy3.11/multiprocessing/util.py", line 136, in _remove_temp_dir
    rmtree(tempdir, onerror=onerror)
  File "/opt/pypy/lib/pypy3.11/shutil.py", line 752, in rmtree
    _rmtree_safe_fd(fd, path, onerror)
  File "/opt/pypy/lib/pypy3.11/shutil.py", line 703, in _rmtree_safe_fd
    onerror(os.unlink, fullname, sys.exc_info())
  File "/opt/pypy/lib/pypy3.11/shutil.py", line 701, in _rmtree_safe_fd
    os.unlink(entry.name, dir_fd=topfd)
OSError: [Errno 16] Device or resource busy: '.nfs0000009300872c6400004d7e'
Traceback (most recent call last):
  File "/opt/pypy/lib/pypy3.11/multiprocessing/process.py", line 314, in _bootstrap
    self.run()
  File "/opt/pypy/lib/pypy3.11/multiprocessing/process.py", line 108, in run
    self._target(*self._args, **self._kwargs)
  File "/opt/pypy/lib/pypy3.11/multiprocessing/managers.py", line 600, in _run_server
    server.serve_forever()
  File "/opt/pypy/lib/pypy3.11/multiprocessing/managers.py", line 184, in serve_forever
    sys.exit(0)
SystemExit: 0

During handling of the above exception, another exception occurred:

Traceback (most recent call last):
  File "/opt/pypy/lib/pypy3.11/multiprocessing/util.py", line 303, in _run_finalizers
    finalizer()
  File "/opt/pypy/lib/pypy3.11/multiprocessing/util.py", line 227, in __call__
    res = self._callback(*self._args, **self._kwargs)
          ^^^^^^^^^^^^^^^^^^^^^^^^^^^^^^^^^^^^^^^^^^^
  File "/opt/pypy/lib/pypy3.11/multiprocessing/util.py", line 136, in _remove_temp_dir
    rmtree(tempdir, onerror=onerror)
  File "/opt/pypy/lib/pypy3.11/shutil.py", line 752, in rmtree
    _rmtree_safe_fd(fd, path, onerror)
  File "/opt/pypy/lib/pypy3.11/shutil.py", line 703, in _rmtree_safe_fd
    onerror(os.unlink, fullname, sys.exc_info())
  File "/opt/pypy/lib/pypy3.11/shutil.py", line 701, in _rmtree_safe_fd
    os.unlink(entry.name, dir_fd=topfd)
OSError: [Errno 16] Device or resource busy: '.nfs000000938082000800004d7f'
Traceback (most recent call last):
  File "/opt/pypy/lib/pypy3.11/multiprocessing/process.py", line 314, in _bootstrap
    self.run()
  File "/opt/pypy/lib/pypy3.11/multiprocessing/process.py", line 108, in run
    self._target(*self._args, **self._kwargs)
  File "/opt/pypy/lib/pypy3.11/multiprocessing/managers.py", line 600, in _run_server
    server.serve_forever()
  File "/opt/pypy/lib/pypy3.11/multiprocessing/managers.py", line 184, in serve_forever
    sys.exit(0)
SystemExit: 0

During handling of the above exception, another exception occurred:

Traceback (most recent call last):
  File "/opt/pypy/lib/pypy3.11/multiprocessing/util.py", line 303, in _run_finalizers
    finalizer()
  File "/opt/pypy/lib/pypy3.11/multiprocessing/util.py", line 227, in __call__
    res = self._callback(*self._args, **self._kwargs)
          ^^^^^^^^^^^^^^^^^^^^^^^^^^^^^^^^^^^^^^^^^^^
  File "/opt/pypy/lib/pypy3.11/multiprocessing/util.py", line 136, in _remove_temp_dir
    rmtree(tempdir, onerror=onerror)
  File "/opt/pypy/lib/pypy3.11/shutil.py", line 752, in rmtree
    _rmtree_safe_fd(fd, path, onerror)
  File "/opt/pypy/lib/pypy3.11/shutil.py", line 703, in _rmtree_safe_fd
    onerror(os.unlink, fullname, sys.exc_info())
  File "/opt/pypy/lib/pypy3.11/shutil.py", line 701, in _rmtree_safe_fd
    os.unlink(entry.name, dir_fd=topfd)
OSError: [Errno 16] Device or resource busy: '.nfs0000009400675c0c00004d80'
Traceback (most recent call last):
  File "/opt/pypy/lib/pypy3.11/multiprocessing/process.py", line 314, in _bootstrap
    self.run()
  File "/opt/pypy/lib/pypy3.11/multiprocessing/process.py", line 108, in run
    self._target(*self._args, **self._kwargs)
  File "/opt/pypy/lib/pypy3.11/multiprocessing/managers.py", line 600, in _run_server
    server.serve_forever()
  File "/opt/pypy/lib/pypy3.11/multiprocessing/managers.py", line 184, in serve_forever
    sys.exit(0)
SystemExit: 0

During handling of the above exception, another exception occurred:

Traceback (most recent call last):
  File "/opt/pypy/lib/pypy3.11/multiprocessing/util.py", line 303, in _run_finalizers
    finalizer()
  File "/opt/pypy/lib/pypy3.11/multiprocessing/util.py", line 227, in __call__
    res = self._callback(*self._args, **self._kwargs)
          ^^^^^^^^^^^^^^^^^^^^^^^^^^^^^^^^^^^^^^^^^^^
  File "/opt/pypy/lib/pypy3.11/multiprocessing/util.py", line 136, in _remove_temp_dir
    rmtree(tempdir, onerror=onerror)
  File "/opt/pypy/lib/pypy3.11/shutil.py", line 752, in rmtree
    _rmtree_safe_fd(fd, path, onerror)
  File "/opt/pypy/lib/pypy3.11/shutil.py", line 703, in _rmtree_safe_fd
    onerror(os.unlink, fullname, sys.exc_info())
  File "/opt/pypy/lib/pypy3.11/shutil.py", line 701, in _rmtree_safe_fd
    os.unlink(entry.name, dir_fd=topfd)
OSError: [Errno 16] Device or resource busy: '.nfs0000009480304c0e00004d81'
Traceback (most recent call last):
  File "/opt/pypy/lib/pypy3.11/multiprocessing/process.py", line 314, in _bootstrap
    self.run()
  File "/opt/pypy/lib/pypy3.11/multiprocessing/process.py", line 108, in run
    self._target(*self._args, **self._kwargs)
  File "/opt/pypy/lib/pypy3.11/multiprocessing/managers.py", line 600, in _run_server
    server.serve_forever()
  File "/opt/pypy/lib/pypy3.11/multiprocessing/managers.py", line 184, in serve_forever
    sys.exit(0)
SystemExit: 0

During handling of the above exception, another exception occurred:

Traceback (most recent call last):
  File "/opt/pypy/lib/pypy3.11/multiprocessing/util.py", line 303, in _run_finalizers
    finalizer()
  File "/opt/pypy/lib/pypy3.11/multiprocessing/util.py", line 227, in __call__
    res = self._callback(*self._args, **self._kwargs)
          ^^^^^^^^^^^^^^^^^^^^^^^^^^^^^^^^^^^^^^^^^^^
  File "/opt/pypy/lib/pypy3.11/multiprocessing/util.py", line 136, in _remove_temp_dir
    rmtree(tempdir, onerror=onerror)
  File "/opt/pypy/lib/pypy3.11/shutil.py", line 752, in rmtree
    _rmtree_safe_fd(fd, path, onerror)
  File "/opt/pypy/lib/pypy3.11/shutil.py", line 703, in _rmtree_safe_fd
    onerror(os.unlink, fullname, sys.exc_info())
  File "/opt/pypy/lib/pypy3.11/shutil.py", line 701, in _rmtree_safe_fd
    os.unlink(entry.name, dir_fd=topfd)
OSError: [Errno 16] Device or resource busy: '.nfs0000009500a9003100004d82'
Traceback (most recent call last):
  File "/opt/pypy/lib/pypy3.11/multiprocessing/process.py", line 314, in _bootstrap
    self.run()
  File "/opt/pypy/lib/pypy3.11/multiprocessing/process.py", line 108, in run
    self._target(*self._args, **self._kwargs)
  File "/opt/pypy/lib/pypy3.11/multiprocessing/managers.py", line 600, in _run_server
    server.serve_forever()
  File "/opt/pypy/lib/pypy3.11/multiprocessing/managers.py", line 184, in serve_forever
    sys.exit(0)
SystemExit: 0

During handling of the above exception, another exception occurred:

Traceback (most recent call last):
  File "/opt/pypy/lib/pypy3.11/multiprocessing/util.py", line 303, in _run_finalizers
    finalizer()
  File "/opt/pypy/lib/pypy3.11/multiprocessing/util.py", line 227, in __call__
    res = self._callback(*self._args, **self._kwargs)
          ^^^^^^^^^^^^^^^^^^^^^^^^^^^^^^^^^^^^^^^^^^^
  File "/opt/pypy/lib/pypy3.11/multiprocessing/util.py", line 136, in _remove_temp_dir
    rmtree(tempdir, onerror=onerror)
  File "/opt/pypy/lib/pypy3.11/shutil.py", line 752, in rmtree
    _rmtree_safe_fd(fd, path, onerror)
  File "/opt/pypy/lib/pypy3.11/shutil.py", line 703, in _rmtree_safe_fd
    onerror(os.unlink, fullname, sys.exc_info())
  File "/opt/pypy/lib/pypy3.11/shutil.py", line 701, in _rmtree_safe_fd
    os.unlink(entry.name, dir_fd=topfd)
OSError: [Errno 16] Device or resource busy: '.nfs00000095806a497c00004d83'
Traceback (most recent call last):
  File "/opt/pypy/lib/pypy3.11/multiprocessing/process.py", line 314, in _bootstrap
    self.run()
  File "/opt/pypy/lib/pypy3.11/multiprocessing/process.py", line 108, in run
    self._target(*self._args, **self._kwargs)
  File "/opt/pypy/lib/pypy3.11/multiprocessing/managers.py", line 600, in _run_server
    server.serve_forever()
  File "/opt/pypy/lib/pypy3.11/multiprocessing/managers.py", line 184, in serve_forever
    sys.exit(0)
SystemExit: 0

During handling of the above exception, another exception occurred:

Traceback (most recent call last):
  File "/opt/pypy/lib/pypy3.11/multiprocessing/util.py", line 303, in _run_finalizers
    finalizer()
  File "/opt/pypy/lib/pypy3.11/multiprocessing/util.py", line 227, in __call__
    res = self._callback(*self._args, **self._kwargs)
          ^^^^^^^^^^^^^^^^^^^^^^^^^^^^^^^^^^^^^^^^^^^
  File "/opt/pypy/lib/pypy3.11/multiprocessing/util.py", line 136, in _remove_temp_dir
    rmtree(tempdir, onerror=onerror)
  File "/opt/pypy/lib/pypy3.11/shutil.py", line 752, in rmtree
    _rmtree_safe_fd(fd, path, onerror)
  File "/opt/pypy/lib/pypy3.11/shutil.py", line 703, in _rmtree_safe_fd
    onerror(os.unlink, fullname, sys.exc_info())
  File "/opt/pypy/lib/pypy3.11/shutil.py", line 701, in _rmtree_safe_fd
    os.unlink(entry.name, dir_fd=topfd)
OSError: [Errno 16] Device or resource busy: '.nfs0000009600c7380600004d84'
Traceback (most recent call last):
  File "/opt/pypy/lib/pypy3.11/multiprocessing/process.py", line 314, in _bootstrap
    self.run()
  File "/opt/pypy/lib/pypy3.11/multiprocessing/process.py", line 108, in run
    self._target(*self._args, **self._kwargs)
  File "/opt/pypy/lib/pypy3.11/multiprocessing/managers.py", line 600, in _run_server
    server.serve_forever()
  File "/opt/pypy/lib/pypy3.11/multiprocessing/managers.py", line 184, in serve_forever
    sys.exit(0)
SystemExit: 0

During handling of the above exception, another exception occurred:

Traceback (most recent call last):
  File "/opt/pypy/lib/pypy3.11/multiprocessing/util.py", line 303, in _run_finalizers
    finalizer()
  File "/opt/pypy/lib/pypy3.11/multiprocessing/util.py", line 227, in __call__
    res = self._callback(*self._args, **self._kwargs)
          ^^^^^^^^^^^^^^^^^^^^^^^^^^^^^^^^^^^^^^^^^^^
  File "/opt/pypy/lib/pypy3.11/multiprocessing/util.py", line 136, in _remove_temp_dir
    rmtree(tempdir, onerror=onerror)
  File "/opt/pypy/lib/pypy3.11/shutil.py", line 752, in rmtree
    _rmtree_safe_fd(fd, path, onerror)
  File "/opt/pypy/lib/pypy3.11/shutil.py", line 703, in _rmtree_safe_fd
    onerror(os.unlink, fullname, sys.exc_info())
  File "/opt/pypy/lib/pypy3.11/shutil.py", line 701, in _rmtree_safe_fd
    os.unlink(entry.name, dir_fd=topfd)
OSError: [Errno 16] Device or resource busy: '.nfs000000968026c80500004d85'
Traceback (most recent call last):
  File "/opt/pypy/lib/pypy3.11/multiprocessing/process.py", line 314, in _bootstrap
    self.run()
  File "/opt/pypy/lib/pypy3.11/multiprocessing/process.py", line 108, in run
    self._target(*self._args, **self._kwargs)
  File "/opt/pypy/lib/pypy3.11/multiprocessing/managers.py", line 600, in _run_server
    server.serve_forever()
  File "/opt/pypy/lib/pypy3.11/multiprocessing/managers.py", line 184, in serve_forever
    sys.exit(0)
SystemExit: 0

During handling of the above exception, another exception occurred:

Traceback (most recent call last):
  File "/opt/pypy/lib/pypy3.11/multiprocessing/util.py", line 303, in _run_finalizers
    finalizer()
  File "/opt/pypy/lib/pypy3.11/multiprocessing/util.py", line 227, in __call__
    res = self._callback(*self._args, **self._kwargs)
          ^^^^^^^^^^^^^^^^^^^^^^^^^^^^^^^^^^^^^^^^^^^
  File "/opt/pypy/lib/pypy3.11/multiprocessing/util.py", line 136, in _remove_temp_dir
    rmtree(tempdir, onerror=onerror)
  File "/opt/pypy/lib/pypy3.11/shutil.py", line 752, in rmtree
    _rmtree_safe_fd(fd, path, onerror)
  File "/opt/pypy/lib/pypy3.11/shutil.py", line 703, in _rmtree_safe_fd
    onerror(os.unlink, fullname, sys.exc_info())
  File "/opt/pypy/lib/pypy3.11/shutil.py", line 701, in _rmtree_safe_fd
    os.unlink(entry.name, dir_fd=topfd)
OSError: [Errno 16] Device or resource busy: '.nfs00000097000ff42c00004d86'
Traceback (most recent call last):
  File "/opt/pypy/lib/pypy3.11/multiprocessing/process.py", line 314, in _bootstrap
    self.run()
  File "/opt/pypy/lib/pypy3.11/multiprocessing/process.py", line 108, in run
    self._target(*self._args, **self._kwargs)
  File "/opt/pypy/lib/pypy3.11/multiprocessing/managers.py", line 600, in _run_server
    server.serve_forever()
  File "/opt/pypy/lib/pypy3.11/multiprocessing/managers.py", line 184, in serve_forever
    sys.exit(0)
SystemExit: 0

During handling of the above exception, another exception occurred:

Traceback (most recent call last):
  File "/opt/pypy/lib/pypy3.11/multiprocessing/util.py", line 303, in _run_finalizers
    finalizer()
  File "/opt/pypy/lib/pypy3.11/multiprocessing/util.py", line 227, in __call__
    res = self._callback(*self._args, **self._kwargs)
          ^^^^^^^^^^^^^^^^^^^^^^^^^^^^^^^^^^^^^^^^^^^
  File "/opt/pypy/lib/pypy3.11/multiprocessing/util.py", line 136, in _remove_temp_dir
    rmtree(tempdir, onerror=onerror)
  File "/opt/pypy/lib/pypy3.11/shutil.py", line 752, in rmtree
    _rmtree_safe_fd(fd, path, onerror)
  File "/opt/pypy/lib/pypy3.11/shutil.py", line 703, in _rmtree_safe_fd
    onerror(os.unlink, fullname, sys.exc_info())
  File "/opt/pypy/lib/pypy3.11/shutil.py", line 701, in _rmtree_safe_fd
    os.unlink(entry.name, dir_fd=topfd)
OSError: [Errno 16] Device or resource busy: '.nfs0000009780a3fc0f00004d87'
Traceback (most recent call last):
  File "/opt/pypy/lib/pypy3.11/multiprocessing/process.py", line 314, in _bootstrap
    self.run()
  File "/opt/pypy/lib/pypy3.11/multiprocessing/process.py", line 108, in run
    self._target(*self._args, **self._kwargs)
  File "/opt/pypy/lib/pypy3.11/multiprocessing/managers.py", line 600, in _run_server
    server.serve_forever()
  File "/opt/pypy/lib/pypy3.11/multiprocessing/managers.py", line 184, in serve_forever
    sys.exit(0)
SystemExit: 0

During handling of the above exception, another exception occurred:

Traceback (most recent call last):
  File "/opt/pypy/lib/pypy3.11/multiprocessing/util.py", line 303, in _run_finalizers
    finalizer()
  File "/opt/pypy/lib/pypy3.11/multiprocessing/util.py", line 227, in __call__
    res = self._callback(*self._args, **self._kwargs)
          ^^^^^^^^^^^^^^^^^^^^^^^^^^^^^^^^^^^^^^^^^^^
  File "/opt/pypy/lib/pypy3.11/multiprocessing/util.py", line 136, in _remove_temp_dir
    rmtree(tempdir, onerror=onerror)
  File "/opt/pypy/lib/pypy3.11/shutil.py", line 752, in rmtree
    _rmtree_safe_fd(fd, path, onerror)
  File "/opt/pypy/lib/pypy3.11/shutil.py", line 703, in _rmtree_safe_fd
    onerror(os.unlink, fullname, sys.exc_info())
  File "/opt/pypy/lib/pypy3.11/shutil.py", line 701, in _rmtree_safe_fd
    os.unlink(entry.name, dir_fd=topfd)
OSError: [Errno 16] Device or resource busy: '.nfs000000980066900d00004d88'
Traceback (most recent call last):
  File "/opt/pypy/lib/pypy3.11/multiprocessing/process.py", line 314, in _bootstrap
    self.run()
  File "/opt/pypy/lib/pypy3.11/multiprocessing/process.py", line 108, in run
    self._target(*self._args, **self._kwargs)
  File "/opt/pypy/lib/pypy3.11/multiprocessing/managers.py", line 600, in _run_server
    server.serve_forever()
  File "/opt/pypy/lib/pypy3.11/multiprocessing/managers.py", line 184, in serve_forever
    sys.exit(0)
SystemExit: 0

During handling of the above exception, another exception occurred:

Traceback (most recent call last):
  File "/opt/pypy/lib/pypy3.11/multiprocessing/util.py", line 303, in _run_finalizers
    finalizer()
  File "/opt/pypy/lib/pypy3.11/multiprocessing/util.py", line 227, in __call__
    res = self._callback(*self._args, **self._kwargs)
          ^^^^^^^^^^^^^^^^^^^^^^^^^^^^^^^^^^^^^^^^^^^
  File "/opt/pypy/lib/pypy3.11/multiprocessing/util.py", line 136, in _remove_temp_dir
    rmtree(tempdir, onerror=onerror)
  File "/opt/pypy/lib/pypy3.11/shutil.py", line 752, in rmtree
    _rmtree_safe_fd(fd, path, onerror)
  File "/opt/pypy/lib/pypy3.11/shutil.py", line 703, in _rmtree_safe_fd
    onerror(os.unlink, fullname, sys.exc_info())
  File "/opt/pypy/lib/pypy3.11/shutil.py", line 701, in _rmtree_safe_fd
    os.unlink(entry.name, dir_fd=topfd)
OSError: [Errno 16] Device or resource busy: '.nfs00000099805f901b00004d89'
Traceback (most recent call last):
  File "/opt/pypy/lib/pypy3.11/multiprocessing/process.py", line 314, in _bootstrap
    self.run()
  File "/opt/pypy/lib/pypy3.11/multiprocessing/process.py", line 108, in run
    self._target(*self._args, **self._kwargs)
  File "/opt/pypy/lib/pypy3.11/multiprocessing/managers.py", line 600, in _run_server
    server.serve_forever()
  File "/opt/pypy/lib/pypy3.11/multiprocessing/managers.py", line 184, in serve_forever
    sys.exit(0)
SystemExit: 0

During handling of the above exception, another exception occurred:

Traceback (most recent call last):
  File "/opt/pypy/lib/pypy3.11/multiprocessing/util.py", line 303, in _run_finalizers
    finalizer()
  File "/opt/pypy/lib/pypy3.11/multiprocessing/util.py", line 227, in __call__
    res = self._callback(*self._args, **self._kwargs)
          ^^^^^^^^^^^^^^^^^^^^^^^^^^^^^^^^^^^^^^^^^^^
  File "/opt/pypy/lib/pypy3.11/multiprocessing/util.py", line 136, in _remove_temp_dir
    rmtree(tempdir, onerror=onerror)
  File "/opt/pypy/lib/pypy3.11/shutil.py", line 752, in rmtree
    _rmtree_safe_fd(fd, path, onerror)
  File "/opt/pypy/lib/pypy3.11/shutil.py", line 703, in _rmtree_safe_fd
    onerror(os.unlink, fullname, sys.exc_info())
  File "/opt/pypy/lib/pypy3.11/shutil.py", line 701, in _rmtree_safe_fd
    os.unlink(entry.name, dir_fd=topfd)
OSError: [Errno 16] Device or resource busy: '.nfs0000009a005bfc0200004d8a'
Traceback (most recent call last):
  File "/opt/pypy/lib/pypy3.11/multiprocessing/process.py", line 314, in _bootstrap
    self.run()
  File "/opt/pypy/lib/pypy3.11/multiprocessing/process.py", line 108, in run
    self._target(*self._args, **self._kwargs)
  File "/opt/pypy/lib/pypy3.11/multiprocessing/managers.py", line 600, in _run_server
    server.serve_forever()
  File "/opt/pypy/lib/pypy3.11/multiprocessing/managers.py", line 184, in serve_forever
    sys.exit(0)
SystemExit: 0

During handling of the above exception, another exception occurred:

Traceback (most recent call last):
  File "/opt/pypy/lib/pypy3.11/multiprocessing/util.py", line 303, in _run_finalizers
    finalizer()
  File "/opt/pypy/lib/pypy3.11/multiprocessing/util.py", line 227, in __call__
    res = self._callback(*self._args, **self._kwargs)
          ^^^^^^^^^^^^^^^^^^^^^^^^^^^^^^^^^^^^^^^^^^^
  File "/opt/pypy/lib/pypy3.11/multiprocessing/util.py", line 136, in _remove_temp_dir
    rmtree(tempdir, onerror=onerror)
  File "/opt/pypy/lib/pypy3.11/shutil.py", line 752, in rmtree
    _rmtree_safe_fd(fd, path, onerror)
  File "/opt/pypy/lib/pypy3.11/shutil.py", line 703, in _rmtree_safe_fd
    onerror(os.unlink, fullname, sys.exc_info())
  File "/opt/pypy/lib/pypy3.11/shutil.py", line 701, in _rmtree_safe_fd
    os.unlink(entry.name, dir_fd=topfd)
OSError: [Errno 16] Device or resource busy: '.nfs0000009a810b180e00004d8b'
Traceback (most recent call last):
  File "/opt/pypy/lib/pypy3.11/multiprocessing/process.py", line 314, in _bootstrap
    self.run()
  File "/opt/pypy/lib/pypy3.11/multiprocessing/process.py", line 108, in run
    self._target(*self._args, **self._kwargs)
  File "/opt/pypy/lib/pypy3.11/multiprocessing/managers.py", line 600, in _run_server
    server.serve_forever()
  File "/opt/pypy/lib/pypy3.11/multiprocessing/managers.py", line 184, in serve_forever
    sys.exit(0)
SystemExit: 0

During handling of the above exception, another exception occurred:

Traceback (most recent call last):
  File "/opt/pypy/lib/pypy3.11/multiprocessing/util.py", line 303, in _run_finalizers
    finalizer()
  File "/opt/pypy/lib/pypy3.11/multiprocessing/util.py", line 227, in __call__
    res = self._callback(*self._args, **self._kwargs)
          ^^^^^^^^^^^^^^^^^^^^^^^^^^^^^^^^^^^^^^^^^^^
  File "/opt/pypy/lib/pypy3.11/multiprocessing/util.py", line 136, in _remove_temp_dir
    rmtree(tempdir, onerror=onerror)
  File "/opt/pypy/lib/pypy3.11/shutil.py", line 752, in rmtree
    _rmtree_safe_fd(fd, path, onerror)
  File "/opt/pypy/lib/pypy3.11/shutil.py", line 703, in _rmtree_safe_fd
    onerror(os.unlink, fullname, sys.exc_info())
  File "/opt/pypy/lib/pypy3.11/shutil.py", line 701, in _rmtree_safe_fd
    os.unlink(entry.name, dir_fd=topfd)
OSError: [Errno 16] Device or resource busy: '.nfs0000009b00a4c83700004d8c'
Traceback (most recent call last):
  File "/opt/pypy/lib/pypy3.11/multiprocessing/process.py", line 314, in _bootstrap
    self.run()
  File "/opt/pypy/lib/pypy3.11/multiprocessing/process.py", line 108, in run
    self._target(*self._args, **self._kwargs)
  File "/opt/pypy/lib/pypy3.11/multiprocessing/managers.py", line 600, in _run_server
    server.serve_forever()
  File "/opt/pypy/lib/pypy3.11/multiprocessing/managers.py", line 184, in serve_forever
    sys.exit(0)
SystemExit: 0

During handling of the above exception, another exception occurred:

Traceback (most recent call last):
  File "/opt/pypy/lib/pypy3.11/multiprocessing/util.py", line 303, in _run_finalizers
    finalizer()
  File "/opt/pypy/lib/pypy3.11/multiprocessing/util.py", line 227, in __call__
    res = self._callback(*self._args, **self._kwargs)
          ^^^^^^^^^^^^^^^^^^^^^^^^^^^^^^^^^^^^^^^^^^^
  File "/opt/pypy/lib/pypy3.11/multiprocessing/util.py", line 136, in _remove_temp_dir
    rmtree(tempdir, onerror=onerror)
  File "/opt/pypy/lib/pypy3.11/shutil.py", line 752, in rmtree
    _rmtree_safe_fd(fd, path, onerror)
  File "/opt/pypy/lib/pypy3.11/shutil.py", line 703, in _rmtree_safe_fd
    onerror(os.unlink, fullname, sys.exc_info())
  File "/opt/pypy/lib/pypy3.11/shutil.py", line 701, in _rmtree_safe_fd
    os.unlink(entry.name, dir_fd=topfd)
OSError: [Errno 16] Device or resource busy: '.nfs0000009b8047202c00004d8d'
Traceback (most recent call last):
  File "/opt/pypy/lib/pypy3.11/multiprocessing/process.py", line 314, in _bootstrap
    self.run()
  File "/opt/pypy/lib/pypy3.11/multiprocessing/process.py", line 108, in run
    self._target(*self._args, **self._kwargs)
  File "/opt/pypy/lib/pypy3.11/multiprocessing/managers.py", line 600, in _run_server
    server.serve_forever()
  File "/opt/pypy/lib/pypy3.11/multiprocessing/managers.py", line 184, in serve_forever
    sys.exit(0)
SystemExit: 0

During handling of the above exception, another exception occurred:

Traceback (most recent call last):
  File "/opt/pypy/lib/pypy3.11/multiprocessing/util.py", line 303, in _run_finalizers
    finalizer()
  File "/opt/pypy/lib/pypy3.11/multiprocessing/util.py", line 227, in __call__
    res = self._callback(*self._args, **self._kwargs)
          ^^^^^^^^^^^^^^^^^^^^^^^^^^^^^^^^^^^^^^^^^^^
  File "/opt/pypy/lib/pypy3.11/multiprocessing/util.py", line 136, in _remove_temp_dir
    rmtree(tempdir, onerror=onerror)
  File "/opt/pypy/lib/pypy3.11/shutil.py", line 752, in rmtree
    _rmtree_safe_fd(fd, path, onerror)
  File "/opt/pypy/lib/pypy3.11/shutil.py", line 703, in _rmtree_safe_fd
    onerror(os.unlink, fullname, sys.exc_info())
  File "/opt/pypy/lib/pypy3.11/shutil.py", line 701, in _rmtree_safe_fd
    os.unlink(entry.name, dir_fd=topfd)
OSError: [Errno 16] Device or resource busy: '.nfs0000009c0079ac4b00004d8e'
Traceback (most recent call last):
  File "/opt/pypy/lib/pypy3.11/multiprocessing/process.py", line 314, in _bootstrap
    self.run()
  File "/opt/pypy/lib/pypy3.11/multiprocessing/process.py", line 108, in run
    self._target(*self._args, **self._kwargs)
  File "/opt/pypy/lib/pypy3.11/multiprocessing/managers.py", line 600, in _run_server
    server.serve_forever()
  File "/opt/pypy/lib/pypy3.11/multiprocessing/managers.py", line 184, in serve_forever
    sys.exit(0)
SystemExit: 0

During handling of the above exception, another exception occurred:

Traceback (most recent call last):
  File "/opt/pypy/lib/pypy3.11/multiprocessing/util.py", line 303, in _run_finalizers
    finalizer()
  File "/opt/pypy/lib/pypy3.11/multiprocessing/util.py", line 227, in __call__
    res = self._callback(*self._args, **self._kwargs)
          ^^^^^^^^^^^^^^^^^^^^^^^^^^^^^^^^^^^^^^^^^^^
  File "/opt/pypy/lib/pypy3.11/multiprocessing/util.py", line 136, in _remove_temp_dir
    rmtree(tempdir, onerror=onerror)
  File "/opt/pypy/lib/pypy3.11/shutil.py", line 752, in rmtree
    _rmtree_safe_fd(fd, path, onerror)
  File "/opt/pypy/lib/pypy3.11/shutil.py", line 703, in _rmtree_safe_fd
    onerror(os.unlink, fullname, sys.exc_info())
  File "/opt/pypy/lib/pypy3.11/shutil.py", line 701, in _rmtree_safe_fd
    os.unlink(entry.name, dir_fd=topfd)
OSError: [Errno 16] Device or resource busy: '.nfs0000009e01e7e40100004d8f'
Traceback (most recent call last):
  File "/opt/pypy/lib/pypy3.11/multiprocessing/process.py", line 314, in _bootstrap
    self.run()
  File "/opt/pypy/lib/pypy3.11/multiprocessing/process.py", line 108, in run
    self._target(*self._args, **self._kwargs)
  File "/opt/pypy/lib/pypy3.11/multiprocessing/managers.py", line 600, in _run_server
    server.serve_forever()
  File "/opt/pypy/lib/pypy3.11/multiprocessing/managers.py", line 184, in serve_forever
    sys.exit(0)
SystemExit: 0

During handling of the above exception, another exception occurred:

Traceback (most recent call last):
  File "/opt/pypy/lib/pypy3.11/multiprocessing/util.py", line 303, in _run_finalizers
    finalizer()
  File "/opt/pypy/lib/pypy3.11/multiprocessing/util.py", line 227, in __call__
    res = self._callback(*self._args, **self._kwargs)
          ^^^^^^^^^^^^^^^^^^^^^^^^^^^^^^^^^^^^^^^^^^^
  File "/opt/pypy/lib/pypy3.11/multiprocessing/util.py", line 136, in _remove_temp_dir
    rmtree(tempdir, onerror=onerror)
  File "/opt/pypy/lib/pypy3.11/shutil.py", line 752, in rmtree
    _rmtree_safe_fd(fd, path, onerror)
  File "/opt/pypy/lib/pypy3.11/shutil.py", line 703, in _rmtree_safe_fd
    onerror(os.unlink, fullname, sys.exc_info())
  File "/opt/pypy/lib/pypy3.11/shutil.py", line 701, in _rmtree_safe_fd
    os.unlink(entry.name, dir_fd=topfd)
OSError: [Errno 16] Device or resource busy: '.nfs0000009f002df81100004d90'
Traceback (most recent call last):
  File "/opt/pypy/lib/pypy3.11/multiprocessing/process.py", line 314, in _bootstrap
    self.run()
  File "/opt/pypy/lib/pypy3.11/multiprocessing/process.py", line 108, in run
    self._target(*self._args, **self._kwargs)
  File "/opt/pypy/lib/pypy3.11/multiprocessing/managers.py", line 600, in _run_server
    server.serve_forever()
  File "/opt/pypy/lib/pypy3.11/multiprocessing/managers.py", line 184, in serve_forever
    sys.exit(0)
SystemExit: 0

During handling of the above exception, another exception occurred:

Traceback (most recent call last):
  File "/opt/pypy/lib/pypy3.11/multiprocessing/util.py", line 303, in _run_finalizers
    finalizer()
  File "/opt/pypy/lib/pypy3.11/multiprocessing/util.py", line 227, in __call__
    res = self._callback(*self._args, **self._kwargs)
          ^^^^^^^^^^^^^^^^^^^^^^^^^^^^^^^^^^^^^^^^^^^
  File "/opt/pypy/lib/pypy3.11/multiprocessing/util.py", line 136, in _remove_temp_dir
    rmtree(tempdir, onerror=onerror)
  File "/opt/pypy/lib/pypy3.11/shutil.py", line 752, in rmtree
    _rmtree_safe_fd(fd, path, onerror)
  File "/opt/pypy/lib/pypy3.11/shutil.py", line 703, in _rmtree_safe_fd
    onerror(os.unlink, fullname, sys.exc_info())
  File "/opt/pypy/lib/pypy3.11/shutil.py", line 701, in _rmtree_safe_fd
    os.unlink(entry.name, dir_fd=topfd)
OSError: [Errno 16] Device or resource busy: '.nfs0000009f8035985300004d91'
Traceback (most recent call last):
  File "/opt/pypy/lib/pypy3.11/multiprocessing/process.py", line 314, in _bootstrap
    self.run()
  File "/opt/pypy/lib/pypy3.11/multiprocessing/process.py", line 108, in run
    self._target(*self._args, **self._kwargs)
  File "/opt/pypy/lib/pypy3.11/multiprocessing/managers.py", line 600, in _run_server
    server.serve_forever()
  File "/opt/pypy/lib/pypy3.11/multiprocessing/managers.py", line 184, in serve_forever
    sys.exit(0)
SystemExit: 0

During handling of the above exception, another exception occurred:

Traceback (most recent call last):
  File "/opt/pypy/lib/pypy3.11/multiprocessing/util.py", line 303, in _run_finalizers
    finalizer()
  File "/opt/pypy/lib/pypy3.11/multiprocessing/util.py", line 227, in __call__
    res = self._callback(*self._args, **self._kwargs)
          ^^^^^^^^^^^^^^^^^^^^^^^^^^^^^^^^^^^^^^^^^^^
  File "/opt/pypy/lib/pypy3.11/multiprocessing/util.py", line 136, in _remove_temp_dir
    rmtree(tempdir, onerror=onerror)
  File "/opt/pypy/lib/pypy3.11/shutil.py", line 752, in rmtree
    _rmtree_safe_fd(fd, path, onerror)
  File "/opt/pypy/lib/pypy3.11/shutil.py", line 703, in _rmtree_safe_fd
    onerror(os.unlink, fullname, sys.exc_info())
  File "/opt/pypy/lib/pypy3.11/shutil.py", line 701, in _rmtree_safe_fd
    os.unlink(entry.name, dir_fd=topfd)
OSError: [Errno 16] Device or resource busy: '.nfs000000a013d1f03500004d92'
Traceback (most recent call last):
  File "/opt/pypy/lib/pypy3.11/multiprocessing/process.py", line 314, in _bootstrap
    self.run()
  File "/opt/pypy/lib/pypy3.11/multiprocessing/process.py", line 108, in run
    self._target(*self._args, **self._kwargs)
  File "/opt/pypy/lib/pypy3.11/multiprocessing/managers.py", line 600, in _run_server
    server.serve_forever()
  File "/opt/pypy/lib/pypy3.11/multiprocessing/managers.py", line 184, in serve_forever
    sys.exit(0)
SystemExit: 0

During handling of the above exception, another exception occurred:

Traceback (most recent call last):
  File "/opt/pypy/lib/pypy3.11/multiprocessing/util.py", line 303, in _run_finalizers
    finalizer()
  File "/opt/pypy/lib/pypy3.11/multiprocessing/util.py", line 227, in __call__
    res = self._callback(*self._args, **self._kwargs)
          ^^^^^^^^^^^^^^^^^^^^^^^^^^^^^^^^^^^^^^^^^^^
  File "/opt/pypy/lib/pypy3.11/multiprocessing/util.py", line 136, in _remove_temp_dir
    rmtree(tempdir, onerror=onerror)
  File "/opt/pypy/lib/pypy3.11/shutil.py", line 752, in rmtree
    _rmtree_safe_fd(fd, path, onerror)
  File "/opt/pypy/lib/pypy3.11/shutil.py", line 703, in _rmtree_safe_fd
    onerror(os.unlink, fullname, sys.exc_info())
  File "/opt/pypy/lib/pypy3.11/shutil.py", line 701, in _rmtree_safe_fd
    os.unlink(entry.name, dir_fd=topfd)
OSError: [Errno 16] Device or resource busy: '.nfs00000000459d1c2100004d93'
Traceback (most recent call last):
  File "/opt/pypy/lib/pypy3.11/multiprocessing/process.py", line 314, in _bootstrap
    self.run()
  File "/opt/pypy/lib/pypy3.11/multiprocessing/process.py", line 108, in run
    self._target(*self._args, **self._kwargs)
  File "/opt/pypy/lib/pypy3.11/multiprocessing/managers.py", line 600, in _run_server
    server.serve_forever()
  File "/opt/pypy/lib/pypy3.11/multiprocessing/managers.py", line 184, in serve_forever
    sys.exit(0)
SystemExit: 0

During handling of the above exception, another exception occurred:

Traceback (most recent call last):
  File "/opt/pypy/lib/pypy3.11/multiprocessing/util.py", line 303, in _run_finalizers
    finalizer()
  File "/opt/pypy/lib/pypy3.11/multiprocessing/util.py", line 227, in __call__
    res = self._callback(*self._args, **self._kwargs)
          ^^^^^^^^^^^^^^^^^^^^^^^^^^^^^^^^^^^^^^^^^^^
  File "/opt/pypy/lib/pypy3.11/multiprocessing/util.py", line 136, in _remove_temp_dir
    rmtree(tempdir, onerror=onerror)
  File "/opt/pypy/lib/pypy3.11/shutil.py", line 752, in rmtree
    _rmtree_safe_fd(fd, path, onerror)
  File "/opt/pypy/lib/pypy3.11/shutil.py", line 703, in _rmtree_safe_fd
    onerror(os.unlink, fullname, sys.exc_info())
  File "/opt/pypy/lib/pypy3.11/shutil.py", line 701, in _rmtree_safe_fd
    os.unlink(entry.name, dir_fd=topfd)
OSError: [Errno 16] Device or resource busy: '.nfs0000000080d7503500004d94'
Traceback (most recent call last):
  File "/opt/pypy/lib/pypy3.11/multiprocessing/process.py", line 314, in _bootstrap
    self.run()
  File "/opt/pypy/lib/pypy3.11/multiprocessing/process.py", line 108, in run
    self._target(*self._args, **self._kwargs)
  File "/opt/pypy/lib/pypy3.11/multiprocessing/managers.py", line 600, in _run_server
    server.serve_forever()
  File "/opt/pypy/lib/pypy3.11/multiprocessing/managers.py", line 184, in serve_forever
    sys.exit(0)
SystemExit: 0

During handling of the above exception, another exception occurred:

Traceback (most recent call last):
  File "/opt/pypy/lib/pypy3.11/multiprocessing/util.py", line 303, in _run_finalizers
    finalizer()
  File "/opt/pypy/lib/pypy3.11/multiprocessing/util.py", line 227, in __call__
    res = self._callback(*self._args, **self._kwargs)
          ^^^^^^^^^^^^^^^^^^^^^^^^^^^^^^^^^^^^^^^^^^^
  File "/opt/pypy/lib/pypy3.11/multiprocessing/util.py", line 136, in _remove_temp_dir
    rmtree(tempdir, onerror=onerror)
  File "/opt/pypy/lib/pypy3.11/shutil.py", line 752, in rmtree
    _rmtree_safe_fd(fd, path, onerror)
  File "/opt/pypy/lib/pypy3.11/shutil.py", line 703, in _rmtree_safe_fd
    onerror(os.unlink, fullname, sys.exc_info())
  File "/opt/pypy/lib/pypy3.11/shutil.py", line 701, in _rmtree_safe_fd
    os.unlink(entry.name, dir_fd=topfd)
OSError: [Errno 16] Device or resource busy: '.nfs0000000101668c3100004d95'
Traceback (most recent call last):
  File "/opt/pypy/lib/pypy3.11/multiprocessing/process.py", line 314, in _bootstrap
    self.run()
  File "/opt/pypy/lib/pypy3.11/multiprocessing/process.py", line 108, in run
    self._target(*self._args, **self._kwargs)
  File "/opt/pypy/lib/pypy3.11/multiprocessing/managers.py", line 600, in _run_server
    server.serve_forever()
  File "/opt/pypy/lib/pypy3.11/multiprocessing/managers.py", line 184, in serve_forever
    sys.exit(0)
SystemExit: 0

During handling of the above exception, another exception occurred:

Traceback (most recent call last):
  File "/opt/pypy/lib/pypy3.11/multiprocessing/util.py", line 303, in _run_finalizers
    finalizer()
  File "/opt/pypy/lib/pypy3.11/multiprocessing/util.py", line 227, in __call__
    res = self._callback(*self._args, **self._kwargs)
          ^^^^^^^^^^^^^^^^^^^^^^^^^^^^^^^^^^^^^^^^^^^
  File "/opt/pypy/lib/pypy3.11/multiprocessing/util.py", line 136, in _remove_temp_dir
    rmtree(tempdir, onerror=onerror)
  File "/opt/pypy/lib/pypy3.11/shutil.py", line 752, in rmtree
    _rmtree_safe_fd(fd, path, onerror)
  File "/opt/pypy/lib/pypy3.11/shutil.py", line 703, in _rmtree_safe_fd
    onerror(os.unlink, fullname, sys.exc_info())
  File "/opt/pypy/lib/pypy3.11/shutil.py", line 701, in _rmtree_safe_fd
    os.unlink(entry.name, dir_fd=topfd)
OSError: [Errno 16] Device or resource busy: '.nfs000000018335182100004d96'
Traceback (most recent call last):
  File "/opt/pypy/lib/pypy3.11/multiprocessing/process.py", line 314, in _bootstrap
    self.run()
  File "/opt/pypy/lib/pypy3.11/multiprocessing/process.py", line 108, in run
    self._target(*self._args, **self._kwargs)
  File "/opt/pypy/lib/pypy3.11/multiprocessing/managers.py", line 600, in _run_server
    server.serve_forever()
  File "/opt/pypy/lib/pypy3.11/multiprocessing/managers.py", line 184, in serve_forever
    sys.exit(0)
SystemExit: 0

During handling of the above exception, another exception occurred:

Traceback (most recent call last):
  File "/opt/pypy/lib/pypy3.11/multiprocessing/util.py", line 303, in _run_finalizers
    finalizer()
  File "/opt/pypy/lib/pypy3.11/multiprocessing/util.py", line 227, in __call__
    res = self._callback(*self._args, **self._kwargs)
          ^^^^^^^^^^^^^^^^^^^^^^^^^^^^^^^^^^^^^^^^^^^
  File "/opt/pypy/lib/pypy3.11/multiprocessing/util.py", line 136, in _remove_temp_dir
    rmtree(tempdir, onerror=onerror)
  File "/opt/pypy/lib/pypy3.11/shutil.py", line 752, in rmtree
    _rmtree_safe_fd(fd, path, onerror)
  File "/opt/pypy/lib/pypy3.11/shutil.py", line 703, in _rmtree_safe_fd
    onerror(os.unlink, fullname, sys.exc_info())
  File "/opt/pypy/lib/pypy3.11/shutil.py", line 701, in _rmtree_safe_fd
    os.unlink(entry.name, dir_fd=topfd)
OSError: [Errno 16] Device or resource busy: '.nfs00000002006c3c3e00004d97'
Traceback (most recent call last):
  File "/opt/pypy/lib/pypy3.11/multiprocessing/process.py", line 314, in _bootstrap
    self.run()
  File "/opt/pypy/lib/pypy3.11/multiprocessing/process.py", line 108, in run
    self._target(*self._args, **self._kwargs)
  File "/opt/pypy/lib/pypy3.11/multiprocessing/managers.py", line 600, in _run_server
    server.serve_forever()
  File "/opt/pypy/lib/pypy3.11/multiprocessing/managers.py", line 184, in serve_forever
    sys.exit(0)
SystemExit: 0

During handling of the above exception, another exception occurred:

Traceback (most recent call last):
  File "/opt/pypy/lib/pypy3.11/multiprocessing/util.py", line 303, in _run_finalizers
    finalizer()
  File "/opt/pypy/lib/pypy3.11/multiprocessing/util.py", line 227, in __call__
    res = self._callback(*self._args, **self._kwargs)
          ^^^^^^^^^^^^^^^^^^^^^^^^^^^^^^^^^^^^^^^^^^^
  File "/opt/pypy/lib/pypy3.11/multiprocessing/util.py", line 136, in _remove_temp_dir
    rmtree(tempdir, onerror=onerror)
  File "/opt/pypy/lib/pypy3.11/shutil.py", line 752, in rmtree
    _rmtree_safe_fd(fd, path, onerror)
  File "/opt/pypy/lib/pypy3.11/shutil.py", line 703, in _rmtree_safe_fd
    onerror(os.unlink, fullname, sys.exc_info())
  File "/opt/pypy/lib/pypy3.11/shutil.py", line 701, in _rmtree_safe_fd
    os.unlink(entry.name, dir_fd=topfd)
OSError: [Errno 16] Device or resource busy: '.nfs000000028055681400004d98'
Traceback (most recent call last):
  File "/opt/pypy/lib/pypy3.11/multiprocessing/process.py", line 314, in _bootstrap
    self.run()
  File "/opt/pypy/lib/pypy3.11/multiprocessing/process.py", line 108, in run
    self._target(*self._args, **self._kwargs)
  File "/opt/pypy/lib/pypy3.11/multiprocessing/managers.py", line 600, in _run_server
    server.serve_forever()
  File "/opt/pypy/lib/pypy3.11/multiprocessing/managers.py", line 184, in serve_forever
    sys.exit(0)
SystemExit: 0

During handling of the above exception, another exception occurred:

Traceback (most recent call last):
  File "/opt/pypy/lib/pypy3.11/multiprocessing/util.py", line 303, in _run_finalizers
    finalizer()
  File "/opt/pypy/lib/pypy3.11/multiprocessing/util.py", line 227, in __call__
    res = self._callback(*self._args, **self._kwargs)
          ^^^^^^^^^^^^^^^^^^^^^^^^^^^^^^^^^^^^^^^^^^^
  File "/opt/pypy/lib/pypy3.11/multiprocessing/util.py", line 136, in _remove_temp_dir
    rmtree(tempdir, onerror=onerror)
  File "/opt/pypy/lib/pypy3.11/shutil.py", line 752, in rmtree
    _rmtree_safe_fd(fd, path, onerror)
  File "/opt/pypy/lib/pypy3.11/shutil.py", line 703, in _rmtree_safe_fd
    onerror(os.unlink, fullname, sys.exc_info())
  File "/opt/pypy/lib/pypy3.11/shutil.py", line 701, in _rmtree_safe_fd
    os.unlink(entry.name, dir_fd=topfd)
OSError: [Errno 16] Device or resource busy: '.nfs00000003006de41d00004d99'
Traceback (most recent call last):
  File "/opt/pypy/lib/pypy3.11/multiprocessing/process.py", line 314, in _bootstrap
    self.run()
  File "/opt/pypy/lib/pypy3.11/multiprocessing/process.py", line 108, in run
    self._target(*self._args, **self._kwargs)
  File "/opt/pypy/lib/pypy3.11/multiprocessing/managers.py", line 600, in _run_server
    server.serve_forever()
  File "/opt/pypy/lib/pypy3.11/multiprocessing/managers.py", line 184, in serve_forever
    sys.exit(0)
SystemExit: 0

During handling of the above exception, another exception occurred:

Traceback (most recent call last):
  File "/opt/pypy/lib/pypy3.11/multiprocessing/util.py", line 303, in _run_finalizers
    finalizer()
  File "/opt/pypy/lib/pypy3.11/multiprocessing/util.py", line 227, in __call__
    res = self._callback(*self._args, **self._kwargs)
          ^^^^^^^^^^^^^^^^^^^^^^^^^^^^^^^^^^^^^^^^^^^
  File "/opt/pypy/lib/pypy3.11/multiprocessing/util.py", line 136, in _remove_temp_dir
    rmtree(tempdir, onerror=onerror)
  File "/opt/pypy/lib/pypy3.11/shutil.py", line 752, in rmtree
    _rmtree_safe_fd(fd, path, onerror)
  File "/opt/pypy/lib/pypy3.11/shutil.py", line 703, in _rmtree_safe_fd
    onerror(os.unlink, fullname, sys.exc_info())
  File "/opt/pypy/lib/pypy3.11/shutil.py", line 701, in _rmtree_safe_fd
    os.unlink(entry.name, dir_fd=topfd)
OSError: [Errno 16] Device or resource busy: '.nfs00000003810cbc0600004d9a'
Traceback (most recent call last):
  File "/opt/pypy/lib/pypy3.11/multiprocessing/process.py", line 314, in _bootstrap
    self.run()
  File "/opt/pypy/lib/pypy3.11/multiprocessing/process.py", line 108, in run
    self._target(*self._args, **self._kwargs)
  File "/opt/pypy/lib/pypy3.11/multiprocessing/managers.py", line 600, in _run_server
    server.serve_forever()
  File "/opt/pypy/lib/pypy3.11/multiprocessing/managers.py", line 184, in serve_forever
    sys.exit(0)
SystemExit: 0

During handling of the above exception, another exception occurred:

Traceback (most recent call last):
  File "/opt/pypy/lib/pypy3.11/multiprocessing/util.py", line 303, in _run_finalizers
    finalizer()
  File "/opt/pypy/lib/pypy3.11/multiprocessing/util.py", line 227, in __call__
    res = self._callback(*self._args, **self._kwargs)
          ^^^^^^^^^^^^^^^^^^^^^^^^^^^^^^^^^^^^^^^^^^^
  File "/opt/pypy/lib/pypy3.11/multiprocessing/util.py", line 136, in _remove_temp_dir
    rmtree(tempdir, onerror=onerror)
  File "/opt/pypy/lib/pypy3.11/shutil.py", line 752, in rmtree
    _rmtree_safe_fd(fd, path, onerror)
  File "/opt/pypy/lib/pypy3.11/shutil.py", line 703, in _rmtree_safe_fd
    onerror(os.unlink, fullname, sys.exc_info())
  File "/opt/pypy/lib/pypy3.11/shutil.py", line 701, in _rmtree_safe_fd
    os.unlink(entry.name, dir_fd=topfd)
OSError: [Errno 16] Device or resource busy: '.nfs000000040050e03c00004d9b'
Traceback (most recent call last):
  File "/opt/pypy/lib/pypy3.11/multiprocessing/process.py", line 314, in _bootstrap
    self.run()
  File "/opt/pypy/lib/pypy3.11/multiprocessing/process.py", line 108, in run
    self._target(*self._args, **self._kwargs)
  File "/opt/pypy/lib/pypy3.11/multiprocessing/managers.py", line 600, in _run_server
    server.serve_forever()
  File "/opt/pypy/lib/pypy3.11/multiprocessing/managers.py", line 184, in serve_forever
    sys.exit(0)
SystemExit: 0

During handling of the above exception, another exception occurred:

Traceback (most recent call last):
  File "/opt/pypy/lib/pypy3.11/multiprocessing/util.py", line 303, in _run_finalizers
    finalizer()
  File "/opt/pypy/lib/pypy3.11/multiprocessing/util.py", line 227, in __call__
    res = self._callback(*self._args, **self._kwargs)
          ^^^^^^^^^^^^^^^^^^^^^^^^^^^^^^^^^^^^^^^^^^^
  File "/opt/pypy/lib/pypy3.11/multiprocessing/util.py", line 136, in _remove_temp_dir
    rmtree(tempdir, onerror=onerror)
  File "/opt/pypy/lib/pypy3.11/shutil.py", line 752, in rmtree
    _rmtree_safe_fd(fd, path, onerror)
  File "/opt/pypy/lib/pypy3.11/shutil.py", line 703, in _rmtree_safe_fd
    onerror(os.unlink, fullname, sys.exc_info())
  File "/opt/pypy/lib/pypy3.11/shutil.py", line 701, in _rmtree_safe_fd
    os.unlink(entry.name, dir_fd=topfd)
OSError: [Errno 16] Device or resource busy: '.nfs000000048060bc3b00004d9c'
Traceback (most recent call last):
  File "/opt/pypy/lib/pypy3.11/multiprocessing/process.py", line 314, in _bootstrap
    self.run()
  File "/opt/pypy/lib/pypy3.11/multiprocessing/process.py", line 108, in run
    self._target(*self._args, **self._kwargs)
  File "/opt/pypy/lib/pypy3.11/multiprocessing/managers.py", line 600, in _run_server
    server.serve_forever()
  File "/opt/pypy/lib/pypy3.11/multiprocessing/managers.py", line 184, in serve_forever
    sys.exit(0)
SystemExit: 0

During handling of the above exception, another exception occurred:

Traceback (most recent call last):
  File "/opt/pypy/lib/pypy3.11/multiprocessing/util.py", line 303, in _run_finalizers
    finalizer()
  File "/opt/pypy/lib/pypy3.11/multiprocessing/util.py", line 227, in __call__
    res = self._callback(*self._args, **self._kwargs)
          ^^^^^^^^^^^^^^^^^^^^^^^^^^^^^^^^^^^^^^^^^^^
  File "/opt/pypy/lib/pypy3.11/multiprocessing/util.py", line 136, in _remove_temp_dir
    rmtree(tempdir, onerror=onerror)
  File "/opt/pypy/lib/pypy3.11/shutil.py", line 752, in rmtree
    _rmtree_safe_fd(fd, path, onerror)
  File "/opt/pypy/lib/pypy3.11/shutil.py", line 703, in _rmtree_safe_fd
    onerror(os.unlink, fullname, sys.exc_info())
  File "/opt/pypy/lib/pypy3.11/shutil.py", line 701, in _rmtree_safe_fd
    os.unlink(entry.name, dir_fd=topfd)
OSError: [Errno 16] Device or resource busy: '.nfs00000005015f243100004d9d'
Traceback (most recent call last):
  File "/opt/pypy/lib/pypy3.11/multiprocessing/process.py", line 314, in _bootstrap
    self.run()
  File "/opt/pypy/lib/pypy3.11/multiprocessing/process.py", line 108, in run
    self._target(*self._args, **self._kwargs)
  File "/opt/pypy/lib/pypy3.11/multiprocessing/managers.py", line 600, in _run_server
    server.serve_forever()
  File "/opt/pypy/lib/pypy3.11/multiprocessing/managers.py", line 184, in serve_forever
    sys.exit(0)
SystemExit: 0

During handling of the above exception, another exception occurred:

Traceback (most recent call last):
  File "/opt/pypy/lib/pypy3.11/multiprocessing/util.py", line 303, in _run_finalizers
    finalizer()
  File "/opt/pypy/lib/pypy3.11/multiprocessing/util.py", line 227, in __call__
    res = self._callback(*self._args, **self._kwargs)
          ^^^^^^^^^^^^^^^^^^^^^^^^^^^^^^^^^^^^^^^^^^^
  File "/opt/pypy/lib/pypy3.11/multiprocessing/util.py", line 136, in _remove_temp_dir
    rmtree(tempdir, onerror=onerror)
  File "/opt/pypy/lib/pypy3.11/shutil.py", line 752, in rmtree
    _rmtree_safe_fd(fd, path, onerror)
  File "/opt/pypy/lib/pypy3.11/shutil.py", line 703, in _rmtree_safe_fd
    onerror(os.unlink, fullname, sys.exc_info())
  File "/opt/pypy/lib/pypy3.11/shutil.py", line 701, in _rmtree_safe_fd
    os.unlink(entry.name, dir_fd=topfd)
OSError: [Errno 16] Device or resource busy: '.nfs000000058079c04c00004d9e'
Traceback (most recent call last):
  File "/opt/pypy/lib/pypy3.11/multiprocessing/process.py", line 314, in _bootstrap
    self.run()
  File "/opt/pypy/lib/pypy3.11/multiprocessing/process.py", line 108, in run
    self._target(*self._args, **self._kwargs)
  File "/opt/pypy/lib/pypy3.11/multiprocessing/managers.py", line 600, in _run_server
    server.serve_forever()
  File "/opt/pypy/lib/pypy3.11/multiprocessing/managers.py", line 184, in serve_forever
    sys.exit(0)
SystemExit: 0

During handling of the above exception, another exception occurred:

Traceback (most recent call last):
  File "/opt/pypy/lib/pypy3.11/multiprocessing/util.py", line 303, in _run_finalizers
    finalizer()
  File "/opt/pypy/lib/pypy3.11/multiprocessing/util.py", line 227, in __call__
    res = self._callback(*self._args, **self._kwargs)
          ^^^^^^^^^^^^^^^^^^^^^^^^^^^^^^^^^^^^^^^^^^^
  File "/opt/pypy/lib/pypy3.11/multiprocessing/util.py", line 136, in _remove_temp_dir
    rmtree(tempdir, onerror=onerror)
  File "/opt/pypy/lib/pypy3.11/shutil.py", line 752, in rmtree
    _rmtree_safe_fd(fd, path, onerror)
  File "/opt/pypy/lib/pypy3.11/shutil.py", line 703, in _rmtree_safe_fd
    onerror(os.unlink, fullname, sys.exc_info())
  File "/opt/pypy/lib/pypy3.11/shutil.py", line 701, in _rmtree_safe_fd
    os.unlink(entry.name, dir_fd=topfd)
OSError: [Errno 16] Device or resource busy: '.nfs00000006000d380200004d9f'
Traceback (most recent call last):
  File "/opt/pypy/lib/pypy3.11/multiprocessing/process.py", line 314, in _bootstrap
    self.run()
  File "/opt/pypy/lib/pypy3.11/multiprocessing/process.py", line 108, in run
    self._target(*self._args, **self._kwargs)
  File "/opt/pypy/lib/pypy3.11/multiprocessing/managers.py", line 600, in _run_server
    server.serve_forever()
  File "/opt/pypy/lib/pypy3.11/multiprocessing/managers.py", line 184, in serve_forever
    sys.exit(0)
SystemExit: 0

During handling of the above exception, another exception occurred:

Traceback (most recent call last):
  File "/opt/pypy/lib/pypy3.11/multiprocessing/util.py", line 303, in _run_finalizers
    finalizer()
  File "/opt/pypy/lib/pypy3.11/multiprocessing/util.py", line 227, in __call__
    res = self._callback(*self._args, **self._kwargs)
          ^^^^^^^^^^^^^^^^^^^^^^^^^^^^^^^^^^^^^^^^^^^
  File "/opt/pypy/lib/pypy3.11/multiprocessing/util.py", line 136, in _remove_temp_dir
    rmtree(tempdir, onerror=onerror)
  File "/opt/pypy/lib/pypy3.11/shutil.py", line 752, in rmtree
    _rmtree_safe_fd(fd, path, onerror)
  File "/opt/pypy/lib/pypy3.11/shutil.py", line 703, in _rmtree_safe_fd
    onerror(os.unlink, fullname, sys.exc_info())
  File "/opt/pypy/lib/pypy3.11/shutil.py", line 701, in _rmtree_safe_fd
    os.unlink(entry.name, dir_fd=topfd)
OSError: [Errno 16] Device or resource busy: '.nfs000000068087145a00004da0'
Traceback (most recent call last):
  File "/opt/pypy/lib/pypy3.11/multiprocessing/process.py", line 314, in _bootstrap
    self.run()
  File "/opt/pypy/lib/pypy3.11/multiprocessing/process.py", line 108, in run
    self._target(*self._args, **self._kwargs)
  File "/opt/pypy/lib/pypy3.11/multiprocessing/managers.py", line 600, in _run_server
    server.serve_forever()
  File "/opt/pypy/lib/pypy3.11/multiprocessing/managers.py", line 184, in serve_forever
    sys.exit(0)
SystemExit: 0

During handling of the above exception, another exception occurred:

Traceback (most recent call last):
  File "/opt/pypy/lib/pypy3.11/multiprocessing/util.py", line 303, in _run_finalizers
    finalizer()
  File "/opt/pypy/lib/pypy3.11/multiprocessing/util.py", line 227, in __call__
    res = self._callback(*self._args, **self._kwargs)
          ^^^^^^^^^^^^^^^^^^^^^^^^^^^^^^^^^^^^^^^^^^^
  File "/opt/pypy/lib/pypy3.11/multiprocessing/util.py", line 136, in _remove_temp_dir
    rmtree(tempdir, onerror=onerror)
  File "/opt/pypy/lib/pypy3.11/shutil.py", line 752, in rmtree
    _rmtree_safe_fd(fd, path, onerror)
  File "/opt/pypy/lib/pypy3.11/shutil.py", line 703, in _rmtree_safe_fd
    onerror(os.unlink, fullname, sys.exc_info())
  File "/opt/pypy/lib/pypy3.11/shutil.py", line 701, in _rmtree_safe_fd
    os.unlink(entry.name, dir_fd=topfd)
OSError: [Errno 16] Device or resource busy: '.nfs0000000700d99c2b00004da1'
Traceback (most recent call last):
  File "/opt/pypy/lib/pypy3.11/multiprocessing/process.py", line 314, in _bootstrap
    self.run()
  File "/opt/pypy/lib/pypy3.11/multiprocessing/process.py", line 108, in run
    self._target(*self._args, **self._kwargs)
  File "/opt/pypy/lib/pypy3.11/multiprocessing/managers.py", line 600, in _run_server
    server.serve_forever()
  File "/opt/pypy/lib/pypy3.11/multiprocessing/managers.py", line 184, in serve_forever
    sys.exit(0)
SystemExit: 0

During handling of the above exception, another exception occurred:

Traceback (most recent call last):
  File "/opt/pypy/lib/pypy3.11/multiprocessing/util.py", line 303, in _run_finalizers
    finalizer()
  File "/opt/pypy/lib/pypy3.11/multiprocessing/util.py", line 227, in __call__
    res = self._callback(*self._args, **self._kwargs)
          ^^^^^^^^^^^^^^^^^^^^^^^^^^^^^^^^^^^^^^^^^^^
  File "/opt/pypy/lib/pypy3.11/multiprocessing/util.py", line 136, in _remove_temp_dir
    rmtree(tempdir, onerror=onerror)
  File "/opt/pypy/lib/pypy3.11/shutil.py", line 752, in rmtree
    _rmtree_safe_fd(fd, path, onerror)
  File "/opt/pypy/lib/pypy3.11/shutil.py", line 703, in _rmtree_safe_fd
    onerror(os.unlink, fullname, sys.exc_info())
  File "/opt/pypy/lib/pypy3.11/shutil.py", line 701, in _rmtree_safe_fd
    os.unlink(entry.name, dir_fd=topfd)
OSError: [Errno 16] Device or resource busy: '.nfs000000078125100d00004da2'
  Completed 10 iterations for size 100, cohesion 80.
Running iterations for algorithm: repeatedSwitch
  Completed 10 iterations for size 8, cohesion 20.
  Completed 10 iterations for size 8, cohesion 50.
  Completed 10 iterations for size 8, cohesion 80.
srun: Job step aborted: Waiting up to 32 seconds for job step to finish.
slurmstepd: error: *** JOB 71634 ON cn14 CANCELLED AT 2026-04-20T17:13:42 ***
slurmstepd: error: *** STEP 71634.0 ON cn14 CANCELLED AT 2026-04-20T17:13:42 ***
