cn14.hpc.itu.dk
nsio
/home/nsio/bachelorProject/hpc-jobs
Running iterations for algorithm: influenceListGreedy
  Completed 100 iterations for size 8, cohesion 0.
  Completed 100 iterations for size 8, cohesion 10.
  Completed 100 iterations for size 8, cohesion 20.
  Completed 100 iterations for size 8, cohesion 30.
  Completed 100 iterations for size 8, cohesion 40.
  Completed 100 iterations for size 8, cohesion 50.
  Completed 100 iterations for size 8, cohesion 60.
  Completed 100 iterations for size 8, cohesion 70.
  Completed 100 iterations for size 8, cohesion 80.
  Completed 100 iterations for size 8, cohesion 90.
  Completed 100 iterations for size 8, cohesion 100.
  Completed 100 iterations for size 30, cohesion 0.
  Completed 100 iterations for size 30, cohesion 10.
  Completed 100 iterations for size 30, cohesion 20.
  Completed 100 iterations for size 30, cohesion 30.
  Completed 100 iterations for size 30, cohesion 40.
  Completed 100 iterations for size 30, cohesion 50.
  Completed 100 iterations for size 30, cohesion 60.
  Completed 100 iterations for size 30, cohesion 70.
  Completed 100 iterations for size 30, cohesion 80.
  Completed 100 iterations for size 30, cohesion 90.
  Completed 100 iterations for size 30, cohesion 100.
  Completed 100 iterations for size 100, cohesion 0.
  Completed 100 iterations for size 100, cohesion 10.
  Completed 100 iterations for size 100, cohesion 20.
  Completed 100 iterations for size 100, cohesion 30.
  Completed 100 iterations for size 100, cohesion 40.
  Completed 100 iterations for size 100, cohesion 50.
  Completed 100 iterations for size 100, cohesion 60.
  Completed 100 iterations for size 100, cohesion 70.
  Completed 100 iterations for size 100, cohesion 80.
  Completed 100 iterations for size 100, cohesion 90.
  Completed 100 iterations for size 100, cohesion 100.
  Completed 100 iterations for size 300, cohesion 0.
  Completed 100 iterations for size 300, cohesion 10.
  Completed 100 iterations for size 300, cohesion 20.
  Completed 100 iterations for size 300, cohesion 30.
  Completed 100 iterations for size 300, cohesion 40.
  Completed 100 iterations for size 300, cohesion 50.
  Completed 100 iterations for size 300, cohesion 60.
  Completed 100 iterations for size 300, cohesion 70.
  Completed 100 iterations for size 300, cohesion 80.
  Completed 100 iterations for size 300, cohesion 90.
  Completed 100 iterations for size 300, cohesion 100.

Results successfully written to comparison_results_260421_0150.json
Running iterations for algorithm: randomGreedy
  Completed 100 iterations for size 8, cohesion 0.
  Completed 100 iterations for size 8, cohesion 10.
  Completed 100 iterations for size 8, cohesion 20.
  Completed 100 iterations for size 8, cohesion 30.
  Completed 100 iterations for size 8, cohesion 40.
  Completed 100 iterations for size 8, cohesion 50.
  Completed 100 iterations for size 8, cohesion 60.
  Completed 100 iterations for size 8, cohesion 70.
  Completed 100 iterations for size 8, cohesion 80.
  Completed 100 iterations for size 8, cohesion 90.
  Completed 100 iterations for size 8, cohesion 100.
  Completed 100 iterations for size 30, cohesion 0.
  Completed 100 iterations for size 30, cohesion 10.
  Completed 100 iterations for size 30, cohesion 20.
  Completed 100 iterations for size 30, cohesion 30.
  Completed 100 iterations for size 30, cohesion 40.
  Completed 100 iterations for size 30, cohesion 50.
  Completed 100 iterations for size 30, cohesion 60.
  Completed 100 iterations for size 30, cohesion 70.
  Completed 100 iterations for size 30, cohesion 80.
  Completed 100 iterations for size 30, cohesion 90.
  Completed 100 iterations for size 30, cohesion 100.
  Completed 100 iterations for size 100, cohesion 0.
  Completed 100 iterations for size 100, cohesion 10.
  Completed 100 iterations for size 100, cohesion 20.
  Completed 100 iterations for size 100, cohesion 30.
  Completed 100 iterations for size 100, cohesion 40.
  Completed 100 iterations for size 100, cohesion 50.
  Completed 100 iterations for size 100, cohesion 60.
  Completed 100 iterations for size 100, cohesion 70.
  Completed 100 iterations for size 100, cohesion 80.
  Completed 100 iterations for size 100, cohesion 90.
  Completed 100 iterations for size 100, cohesion 100.
  Completed 100 iterations for size 300, cohesion 0.
  Completed 100 iterations for size 300, cohesion 10.
  Completed 100 iterations for size 300, cohesion 20.
  Completed 100 iterations for size 300, cohesion 30.
  Completed 100 iterations for size 300, cohesion 40.
  Completed 100 iterations for size 300, cohesion 50.
  Completed 100 iterations for size 300, cohesion 60.
  Completed 100 iterations for size 300, cohesion 70.
  Completed 100 iterations for size 300, cohesion 80.
  Completed 100 iterations for size 300, cohesion 90.
  Completed 100 iterations for size 300, cohesion 100.

Results successfully written to comparison_results_260421_0153.json
Running iterations for algorithm: anealing
  Error in anealing at cohesion 0, iter 0: Cannot choose from an empty sequence
  Error in anealing at cohesion 0, iter 1: Cannot choose from an empty sequence
  Error in anealing at cohesion 0, iter 2: Cannot choose from an empty sequence
  Error in anealing at cohesion 0, iter 3: Cannot choose from an empty sequence
  Error in anealing at cohesion 0, iter 4: Cannot choose from an empty sequence
  Error in anealing at cohesion 0, iter 5: Cannot choose from an empty sequence
  Error in anealing at cohesion 0, iter 6: Cannot choose from an empty sequence
  Error in anealing at cohesion 0, iter 7: Cannot choose from an empty sequence
  Error in anealing at cohesion 0, iter 8: Cannot choose from an empty sequence
  Error in anealing at cohesion 0, iter 9: Cannot choose from an empty sequence
  Error in anealing at cohesion 0, iter 10: Cannot choose from an empty sequence
  Error in anealing at cohesion 0, iter 11: Cannot choose from an empty sequence
  Error in anealing at cohesion 0, iter 12: Cannot choose from an empty sequence
  Error in anealing at cohesion 0, iter 13: Cannot choose from an empty sequence
  Error in anealing at cohesion 0, iter 14: Cannot choose from an empty sequence
  Error in anealing at cohesion 0, iter 15: Cannot choose from an empty sequence
  Error in anealing at cohesion 0, iter 16: Cannot choose from an empty sequence
  Error in anealing at cohesion 0, iter 17: Cannot choose from an empty sequence
  Error in anealing at cohesion 0, iter 18: Cannot choose from an empty sequence
  Error in anealing at cohesion 0, iter 19: Cannot choose from an empty sequence
  Error in anealing at cohesion 0, iter 20: Cannot choose from an empty sequence
  Error in anealing at cohesion 0, iter 21: Cannot choose from an empty sequence
  Error in anealing at cohesion 0, iter 22: Cannot choose from an empty sequence
  Error in anealing at cohesion 0, iter 23: Cannot choose from an empty sequence
  Error in anealing at cohesion 0, iter 24: Cannot choose from an empty sequence
  Error in anealing at cohesion 0, iter 25: Cannot choose from an empty sequence
  Error in anealing at cohesion 0, iter 26: Cannot choose from an empty sequence
  Error in anealing at cohesion 0, iter 27: Cannot choose from an empty sequence
  Error in anealing at cohesion 0, iter 28: Cannot choose from an empty sequence
  Error in anealing at cohesion 0, iter 29: Cannot choose from an empty sequence
  Error in anealing at cohesion 0, iter 30: Cannot choose from an empty sequence
  Error in anealing at cohesion 0, iter 31: Cannot choose from an empty sequence
  Error in anealing at cohesion 0, iter 32: Cannot choose from an empty sequence
  Error in anealing at cohesion 0, iter 33: Cannot choose from an empty sequence
  Error in anealing at cohesion 0, iter 34: Cannot choose from an empty sequence
  Error in anealing at cohesion 0, iter 35: Cannot choose from an empty sequence
  Error in anealing at cohesion 0, iter 36: Cannot choose from an empty sequence
  Error in anealing at cohesion 0, iter 37: Cannot choose from an empty sequence
  Error in anealing at cohesion 0, iter 38: Cannot choose from an empty sequence
  Error in anealing at cohesion 0, iter 39: Cannot choose from an empty sequence
  Error in anealing at cohesion 0, iter 40: Cannot choose from an empty sequence
  Error in anealing at cohesion 0, iter 41: Cannot choose from an empty sequence
  Error in anealing at cohesion 0, iter 42: Cannot choose from an empty sequence
  Error in anealing at cohesion 0, iter 43: Cannot choose from an empty sequence
  Error in anealing at cohesion 0, iter 44: Cannot choose from an empty sequence
  Error in anealing at cohesion 0, iter 45: Cannot choose from an empty sequence
  Error in anealing at cohesion 0, iter 46: Cannot choose from an empty sequence
  Error in anealing at cohesion 0, iter 47: Cannot choose from an empty sequence
  Error in anealing at cohesion 0, iter 48: Cannot choose from an empty sequence
  Error in anealing at cohesion 0, iter 49: Cannot choose from an empty sequence
  Error in anealing at cohesion 0, iter 50: Cannot choose from an empty sequence
  Error in anealing at cohesion 0, iter 51: Cannot choose from an empty sequence
  Error in anealing at cohesion 0, iter 52: Cannot choose from an empty sequence
  Error in anealing at cohesion 0, iter 53: Cannot choose from an empty sequence
  Error in anealing at cohesion 0, iter 54: Cannot choose from an empty sequence
  Error in anealing at cohesion 0, iter 55: Cannot choose from an empty sequence
  Error in anealing at cohesion 0, iter 56: Cannot choose from an empty sequence
  Error in anealing at cohesion 0, iter 57: Cannot choose from an empty sequence
  Error in anealing at cohesion 0, iter 58: Cannot choose from an empty sequence
  Error in anealing at cohesion 0, iter 59: Cannot choose from an empty sequence
  Error in anealing at cohesion 0, iter 60: Cannot choose from an empty sequence
  Error in anealing at cohesion 0, iter 61: Cannot choose from an empty sequence
  Error in anealing at cohesion 0, iter 62: Cannot choose from an empty sequence
  Error in anealing at cohesion 0, iter 63: Cannot choose from an empty sequence
  Error in anealing at cohesion 0, iter 64: Cannot choose from an empty sequence
  Error in anealing at cohesion 0, iter 65: Cannot choose from an empty sequence
  Error in anealing at cohesion 0, iter 66: Cannot choose from an empty sequence
  Error in anealing at cohesion 0, iter 67: Cannot choose from an empty sequence
  Error in anealing at cohesion 0, iter 68: Cannot choose from an empty sequence
  Error in anealing at cohesion 0, iter 69: Cannot choose from an empty sequence
  Error in anealing at cohesion 0, iter 70: Cannot choose from an empty sequence
  Error in anealing at cohesion 0, iter 71: Cannot choose from an empty sequence
  Error in anealing at cohesion 0, iter 72: Cannot choose from an empty sequence
  Error in anealing at cohesion 0, iter 73: Cannot choose from an empty sequence
  Error in anealing at cohesion 0, iter 74: Cannot choose from an empty sequence
  Error in anealing at cohesion 0, iter 75: Cannot choose from an empty sequence
  Error in anealing at cohesion 0, iter 76: Cannot choose from an empty sequence
  Error in anealing at cohesion 0, iter 77: Cannot choose from an empty sequence
  Error in anealing at cohesion 0, iter 78: Cannot choose from an empty sequence
  Error in anealing at cohesion 0, iter 79: Cannot choose from an empty sequence
  Error in anealing at cohesion 0, iter 80: Cannot choose from an empty sequence
  Error in anealing at cohesion 0, iter 81: Cannot choose from an empty sequence
  Error in anealing at cohesion 0, iter 82: Cannot choose from an empty sequence
  Error in anealing at cohesion 0, iter 83: Cannot choose from an empty sequence
  Error in anealing at cohesion 0, iter 84: Cannot choose from an empty sequence
  Error in anealing at cohesion 0, iter 85: Cannot choose from an empty sequence
  Error in anealing at cohesion 0, iter 86: Cannot choose from an empty sequence
  Error in anealing at cohesion 0, iter 87: Cannot choose from an empty sequence
  Error in anealing at cohesion 0, iter 88: Cannot choose from an empty sequence
  Error in anealing at cohesion 0, iter 89: Cannot choose from an empty sequence
  Error in anealing at cohesion 0, iter 90: Cannot choose from an empty sequence
  Error in anealing at cohesion 0, iter 91: Cannot choose from an empty sequence
  Error in anealing at cohesion 0, iter 92: Cannot choose from an empty sequence
  Error in anealing at cohesion 0, iter 93: Cannot choose from an empty sequence
  Error in anealing at cohesion 0, iter 94: Cannot choose from an empty sequence
  Error in anealing at cohesion 0, iter 95: Cannot choose from an empty sequence
  Error in anealing at cohesion 0, iter 96: Cannot choose from an empty sequence
  Error in anealing at cohesion 0, iter 97: Cannot choose from an empty sequence
  Error in anealing at cohesion 0, iter 98: Cannot choose from an empty sequence
  Error in anealing at cohesion 0, iter 99: Cannot choose from an empty sequence
  Completed 100 iterations for size 8, cohesion 0.
  Error in anealing at cohesion 10, iter 0: Cannot choose from an empty sequence
  Error in anealing at cohesion 10, iter 1: Cannot choose from an empty sequence
  Error in anealing at cohesion 10, iter 2: Cannot choose from an empty sequence
  Error in anealing at cohesion 10, iter 3: Cannot choose from an empty sequence
  Error in anealing at cohesion 10, iter 4: Cannot choose from an empty sequence
  Error in anealing at cohesion 10, iter 5: Cannot choose from an empty sequence
  Error in anealing at cohesion 10, iter 6: Cannot choose from an empty sequence
  Error in anealing at cohesion 10, iter 7: Cannot choose from an empty sequence
  Error in anealing at cohesion 10, iter 8: Cannot choose from an empty sequence
  Error in anealing at cohesion 10, iter 9: Cannot choose from an empty sequence
  Error in anealing at cohesion 10, iter 10: Cannot choose from an empty sequence
  Error in anealing at cohesion 10, iter 11: Cannot choose from an empty sequence
  Error in anealing at cohesion 10, iter 12: Cannot choose from an empty sequence
  Error in anealing at cohesion 10, iter 13: Cannot choose from an empty sequence
  Error in anealing at cohesion 10, iter 14: Cannot choose from an empty sequence
  Error in anealing at cohesion 10, iter 15: Cannot choose from an empty sequence
  Error in anealing at cohesion 10, iter 16: Cannot choose from an empty sequence
  Error in anealing at cohesion 10, iter 17: Cannot choose from an empty sequence
  Error in anealing at cohesion 10, iter 18: Cannot choose from an empty sequence
  Error in anealing at cohesion 10, iter 19: Cannot choose from an empty sequence
  Error in anealing at cohesion 10, iter 20: Cannot choose from an empty sequence
  Error in anealing at cohesion 10, iter 21: Cannot choose from an empty sequence
  Error in anealing at cohesion 10, iter 22: Cannot choose from an empty sequence
  Error in anealing at cohesion 10, iter 23: Cannot choose from an empty sequence
  Error in anealing at cohesion 10, iter 24: Cannot choose from an empty sequence
  Error in anealing at cohesion 10, iter 25: Cannot choose from an empty sequence
  Error in anealing at cohesion 10, iter 26: Cannot choose from an empty sequence
  Error in anealing at cohesion 10, iter 27: Cannot choose from an empty sequence
  Error in anealing at cohesion 10, iter 28: Cannot choose from an empty sequence
  Error in anealing at cohesion 10, iter 29: Cannot choose from an empty sequence
  Error in anealing at cohesion 10, iter 30: Cannot choose from an empty sequence
  Error in anealing at cohesion 10, iter 31: Cannot choose from an empty sequence
  Error in anealing at cohesion 10, iter 32: Cannot choose from an empty sequence
  Error in anealing at cohesion 10, iter 33: Cannot choose from an empty sequence
  Error in anealing at cohesion 10, iter 34: Cannot choose from an empty sequence
  Error in anealing at cohesion 10, iter 35: Cannot choose from an empty sequence
  Error in anealing at cohesion 10, iter 36: Cannot choose from an empty sequence
  Error in anealing at cohesion 10, iter 37: Cannot choose from an empty sequence
  Error in anealing at cohesion 10, iter 38: Cannot choose from an empty sequence
  Error in anealing at cohesion 10, iter 39: Cannot choose from an empty sequence
  Error in anealing at cohesion 10, iter 40: Cannot choose from an empty sequence
  Error in anealing at cohesion 10, iter 41: Cannot choose from an empty sequence
  Error in anealing at cohesion 10, iter 42: Cannot choose from an empty sequence
  Error in anealing at cohesion 10, iter 43: Cannot choose from an empty sequence
  Error in anealing at cohesion 10, iter 44: Cannot choose from an empty sequence
  Error in anealing at cohesion 10, iter 45: Cannot choose from an empty sequence
  Error in anealing at cohesion 10, iter 46: Cannot choose from an empty sequence
  Error in anealing at cohesion 10, iter 47: Cannot choose from an empty sequence
  Error in anealing at cohesion 10, iter 48: Cannot choose from an empty sequence
  Error in anealing at cohesion 10, iter 49: Cannot choose from an empty sequence
  Error in anealing at cohesion 10, iter 50: Cannot choose from an empty sequence
  Error in anealing at cohesion 10, iter 51: Cannot choose from an empty sequence
  Error in anealing at cohesion 10, iter 52: Cannot choose from an empty sequence
  Error in anealing at cohesion 10, iter 53: Cannot choose from an empty sequence
  Error in anealing at cohesion 10, iter 54: Cannot choose from an empty sequence
  Error in anealing at cohesion 10, iter 55: Cannot choose from an empty sequence
  Error in anealing at cohesion 10, iter 56: Cannot choose from an empty sequence
  Error in anealing at cohesion 10, iter 57: Cannot choose from an empty sequence
  Error in anealing at cohesion 10, iter 58: Cannot choose from an empty sequence
  Error in anealing at cohesion 10, iter 59: Cannot choose from an empty sequence
  Error in anealing at cohesion 10, iter 60: Cannot choose from an empty sequence
  Error in anealing at cohesion 10, iter 61: Cannot choose from an empty sequence
  Error in anealing at cohesion 10, iter 62: Cannot choose from an empty sequence
  Error in anealing at cohesion 10, iter 63: Cannot choose from an empty sequence
  Error in anealing at cohesion 10, iter 64: Cannot choose from an empty sequence
  Error in anealing at cohesion 10, iter 65: Cannot choose from an empty sequence
  Error in anealing at cohesion 10, iter 66: Cannot choose from an empty sequence
  Error in anealing at cohesion 10, iter 67: Cannot choose from an empty sequence
  Error in anealing at cohesion 10, iter 68: Cannot choose from an empty sequence
  Error in anealing at cohesion 10, iter 69: Cannot choose from an empty sequence
  Error in anealing at cohesion 10, iter 70: Cannot choose from an empty sequence
  Error in anealing at cohesion 10, iter 71: Cannot choose from an empty sequence
  Error in anealing at cohesion 10, iter 72: Cannot choose from an empty sequence
  Error in anealing at cohesion 10, iter 73: Cannot choose from an empty sequence
  Error in anealing at cohesion 10, iter 74: Cannot choose from an empty sequence
  Error in anealing at cohesion 10, iter 75: Cannot choose from an empty sequence
  Error in anealing at cohesion 10, iter 76: Cannot choose from an empty sequence
  Error in anealing at cohesion 10, iter 77: Cannot choose from an empty sequence
  Error in anealing at cohesion 10, iter 78: Cannot choose from an empty sequence
  Error in anealing at cohesion 10, iter 79: Cannot choose from an empty sequence
  Error in anealing at cohesion 10, iter 80: Cannot choose from an empty sequence
  Error in anealing at cohesion 10, iter 81: Cannot choose from an empty sequence
  Error in anealing at cohesion 10, iter 82: Cannot choose from an empty sequence
  Error in anealing at cohesion 10, iter 83: Cannot choose from an empty sequence
  Error in anealing at cohesion 10, iter 84: Cannot choose from an empty sequence
  Error in anealing at cohesion 10, iter 85: Cannot choose from an empty sequence
  Error in anealing at cohesion 10, iter 86: Cannot choose from an empty sequence
  Error in anealing at cohesion 10, iter 87: Cannot choose from an empty sequence
  Error in anealing at cohesion 10, iter 88: Cannot choose from an empty sequence
  Error in anealing at cohesion 10, iter 89: Cannot choose from an empty sequence
  Error in anealing at cohesion 10, iter 90: Cannot choose from an empty sequence
  Error in anealing at cohesion 10, iter 91: Cannot choose from an empty sequence
  Error in anealing at cohesion 10, iter 92: Cannot choose from an empty sequence
  Error in anealing at cohesion 10, iter 93: Cannot choose from an empty sequence
  Error in anealing at cohesion 10, iter 94: Cannot choose from an empty sequence
  Error in anealing at cohesion 10, iter 95: Cannot choose from an empty sequence
  Error in anealing at cohesion 10, iter 96: Cannot choose from an empty sequence
  Error in anealing at cohesion 10, iter 97: Cannot choose from an empty sequence
  Error in anealing at cohesion 10, iter 98: Cannot choose from an empty sequence
  Error in anealing at cohesion 10, iter 99: Cannot choose from an empty sequence
  Completed 100 iterations for size 8, cohesion 10.
  Error in anealing at cohesion 20, iter 0: Cannot choose from an empty sequence
  Error in anealing at cohesion 20, iter 1: Cannot choose from an empty sequence
  Error in anealing at cohesion 20, iter 2: Cannot choose from an empty sequence
  Error in anealing at cohesion 20, iter 3: Cannot choose from an empty sequence
  Error in anealing at cohesion 20, iter 4: Cannot choose from an empty sequence
  Error in anealing at cohesion 20, iter 5: Cannot choose from an empty sequence
  Error in anealing at cohesion 20, iter 6: Cannot choose from an empty sequence
  Error in anealing at cohesion 20, iter 7: Cannot choose from an empty sequence
  Error in anealing at cohesion 20, iter 8: Cannot choose from an empty sequence
  Error in anealing at cohesion 20, iter 9: Cannot choose from an empty sequence
  Error in anealing at cohesion 20, iter 10: Cannot choose from an empty sequence
  Error in anealing at cohesion 20, iter 11: Cannot choose from an empty sequence
  Error in anealing at cohesion 20, iter 12: Cannot choose from an empty sequence
  Error in anealing at cohesion 20, iter 13: Cannot choose from an empty sequence
  Error in anealing at cohesion 20, iter 14: Cannot choose from an empty sequence
  Error in anealing at cohesion 20, iter 15: Cannot choose from an empty sequence
  Error in anealing at cohesion 20, iter 16: Cannot choose from an empty sequence
  Error in anealing at cohesion 20, iter 17: Cannot choose from an empty sequence
  Error in anealing at cohesion 20, iter 18: Cannot choose from an empty sequence
  Error in anealing at cohesion 20, iter 19: Cannot choose from an empty sequence
  Error in anealing at cohesion 20, iter 20: Cannot choose from an empty sequence
  Error in anealing at cohesion 20, iter 21: Cannot choose from an empty sequence
  Error in anealing at cohesion 20, iter 22: Cannot choose from an empty sequence
  Error in anealing at cohesion 20, iter 23: Cannot choose from an empty sequence
  Error in anealing at cohesion 20, iter 24: Cannot choose from an empty sequence
  Error in anealing at cohesion 20, iter 25: Cannot choose from an empty sequence
  Error in anealing at cohesion 20, iter 26: Cannot choose from an empty sequence
  Error in anealing at cohesion 20, iter 27: Cannot choose from an empty sequence
  Error in anealing at cohesion 20, iter 28: Cannot choose from an empty sequence
  Error in anealing at cohesion 20, iter 29: Cannot choose from an empty sequence
  Error in anealing at cohesion 20, iter 30: Cannot choose from an empty sequence
  Error in anealing at cohesion 20, iter 31: Cannot choose from an empty sequence
  Error in anealing at cohesion 20, iter 32: Cannot choose from an empty sequence
  Error in anealing at cohesion 20, iter 33: Cannot choose from an empty sequence
  Error in anealing at cohesion 20, iter 34: Cannot choose from an empty sequence
  Error in anealing at cohesion 20, iter 35: Cannot choose from an empty sequence
  Error in anealing at cohesion 20, iter 36: Cannot choose from an empty sequence
  Error in anealing at cohesion 20, iter 37: Cannot choose from an empty sequence
  Error in anealing at cohesion 20, iter 38: Cannot choose from an empty sequence
  Error in anealing at cohesion 20, iter 39: Cannot choose from an empty sequence
  Error in anealing at cohesion 20, iter 40: Cannot choose from an empty sequence
  Error in anealing at cohesion 20, iter 41: Cannot choose from an empty sequence
  Error in anealing at cohesion 20, iter 42: Cannot choose from an empty sequence
  Error in anealing at cohesion 20, iter 43: Cannot choose from an empty sequence
  Error in anealing at cohesion 20, iter 44: Cannot choose from an empty sequence
  Error in anealing at cohesion 20, iter 45: Cannot choose from an empty sequence
  Error in anealing at cohesion 20, iter 46: Cannot choose from an empty sequence
  Error in anealing at cohesion 20, iter 47: Cannot choose from an empty sequence
  Error in anealing at cohesion 20, iter 48: Cannot choose from an empty sequence
  Error in anealing at cohesion 20, iter 49: Cannot choose from an empty sequence
  Error in anealing at cohesion 20, iter 50: Cannot choose from an empty sequence
  Error in anealing at cohesion 20, iter 51: Cannot choose from an empty sequence
  Error in anealing at cohesion 20, iter 52: Cannot choose from an empty sequence
  Error in anealing at cohesion 20, iter 53: Cannot choose from an empty sequence
  Error in anealing at cohesion 20, iter 54: Cannot choose from an empty sequence
  Error in anealing at cohesion 20, iter 55: Cannot choose from an empty sequence
  Error in anealing at cohesion 20, iter 56: Cannot choose from an empty sequence
  Error in anealing at cohesion 20, iter 57: Cannot choose from an empty sequence
  Error in anealing at cohesion 20, iter 58: Cannot choose from an empty sequence
  Error in anealing at cohesion 20, iter 59: Cannot choose from an empty sequence
  Error in anealing at cohesion 20, iter 60: Cannot choose from an empty sequence
  Error in anealing at cohesion 20, iter 61: Cannot choose from an empty sequence
  Error in anealing at cohesion 20, iter 62: Cannot choose from an empty sequence
  Error in anealing at cohesion 20, iter 63: Cannot choose from an empty sequence
  Error in anealing at cohesion 20, iter 64: Cannot choose from an empty sequence
  Error in anealing at cohesion 20, iter 65: Cannot choose from an empty sequence
  Error in anealing at cohesion 20, iter 66: Cannot choose from an empty sequence
  Error in anealing at cohesion 20, iter 67: Cannot choose from an empty sequence
  Error in anealing at cohesion 20, iter 68: Cannot choose from an empty sequence
  Error in anealing at cohesion 20, iter 69: Cannot choose from an empty sequence
  Error in anealing at cohesion 20, iter 70: Cannot choose from an empty sequence
  Error in anealing at cohesion 20, iter 71: Cannot choose from an empty sequence
  Error in anealing at cohesion 20, iter 72: Cannot choose from an empty sequence
  Error in anealing at cohesion 20, iter 73: Cannot choose from an empty sequence
  Error in anealing at cohesion 20, iter 74: Cannot choose from an empty sequence
  Error in anealing at cohesion 20, iter 75: Cannot choose from an empty sequence
  Error in anealing at cohesion 20, iter 76: Cannot choose from an empty sequence
  Error in anealing at cohesion 20, iter 77: Cannot choose from an empty sequence
  Error in anealing at cohesion 20, iter 78: Cannot choose from an empty sequence
  Error in anealing at cohesion 20, iter 79: Cannot choose from an empty sequence
  Error in anealing at cohesion 20, iter 80: Cannot choose from an empty sequence
  Error in anealing at cohesion 20, iter 81: Cannot choose from an empty sequence
  Error in anealing at cohesion 20, iter 82: Cannot choose from an empty sequence
  Error in anealing at cohesion 20, iter 83: Cannot choose from an empty sequence
  Error in anealing at cohesion 20, iter 84: Cannot choose from an empty sequence
  Error in anealing at cohesion 20, iter 85: Cannot choose from an empty sequence
  Error in anealing at cohesion 20, iter 86: Cannot choose from an empty sequence
  Error in anealing at cohesion 20, iter 87: Cannot choose from an empty sequence
  Error in anealing at cohesion 20, iter 88: Cannot choose from an empty sequence
  Error in anealing at cohesion 20, iter 89: Cannot choose from an empty sequence
  Error in anealing at cohesion 20, iter 90: Cannot choose from an empty sequence
  Error in anealing at cohesion 20, iter 91: Cannot choose from an empty sequence
  Error in anealing at cohesion 20, iter 92: Cannot choose from an empty sequence
  Error in anealing at cohesion 20, iter 93: Cannot choose from an empty sequence
  Error in anealing at cohesion 20, iter 94: Cannot choose from an empty sequence
  Error in anealing at cohesion 20, iter 95: Cannot choose from an empty sequence
  Error in anealing at cohesion 20, iter 96: Cannot choose from an empty sequence
  Error in anealing at cohesion 20, iter 97: Cannot choose from an empty sequence
  Error in anealing at cohesion 20, iter 98: Cannot choose from an empty sequence
  Error in anealing at cohesion 20, iter 99: Cannot choose from an empty sequence
  Completed 100 iterations for size 8, cohesion 20.
  Error in anealing at cohesion 30, iter 0: Cannot choose from an empty sequence
  Error in anealing at cohesion 30, iter 1: Cannot choose from an empty sequence
  Error in anealing at cohesion 30, iter 2: Cannot choose from an empty sequence
  Error in anealing at cohesion 30, iter 3: Cannot choose from an empty sequence
  Error in anealing at cohesion 30, iter 4: Cannot choose from an empty sequence
  Error in anealing at cohesion 30, iter 5: Cannot choose from an empty sequence
  Error in anealing at cohesion 30, iter 6: Cannot choose from an empty sequence
  Error in anealing at cohesion 30, iter 7: Cannot choose from an empty sequence
  Error in anealing at cohesion 30, iter 8: Cannot choose from an empty sequence
  Error in anealing at cohesion 30, iter 9: Cannot choose from an empty sequence
  Error in anealing at cohesion 30, iter 10: Cannot choose from an empty sequence
  Error in anealing at cohesion 30, iter 11: Cannot choose from an empty sequence
  Error in anealing at cohesion 30, iter 12: Cannot choose from an empty sequence
  Error in anealing at cohesion 30, iter 13: Cannot choose from an empty sequence
  Error in anealing at cohesion 30, iter 14: Cannot choose from an empty sequence
  Error in anealing at cohesion 30, iter 15: Cannot choose from an empty sequence
  Error in anealing at cohesion 30, iter 16: Cannot choose from an empty sequence
  Error in anealing at cohesion 30, iter 17: Cannot choose from an empty sequence
  Error in anealing at cohesion 30, iter 18: Cannot choose from an empty sequence
  Error in anealing at cohesion 30, iter 19: Cannot choose from an empty sequence
  Error in anealing at cohesion 30, iter 20: Cannot choose from an empty sequence
  Error in anealing at cohesion 30, iter 21: Cannot choose from an empty sequence
  Error in anealing at cohesion 30, iter 22: Cannot choose from an empty sequence
  Error in anealing at cohesion 30, iter 23: Cannot choose from an empty sequence
  Error in anealing at cohesion 30, iter 24: Cannot choose from an empty sequence
  Error in anealing at cohesion 30, iter 25: Cannot choose from an empty sequence
  Error in anealing at cohesion 30, iter 26: Cannot choose from an empty sequence
  Error in anealing at cohesion 30, iter 27: Cannot choose from an empty sequence
  Error in anealing at cohesion 30, iter 28: Cannot choose from an empty sequence
  Error in anealing at cohesion 30, iter 29: Cannot choose from an empty sequence
  Error in anealing at cohesion 30, iter 30: Cannot choose from an empty sequence
  Error in anealing at cohesion 30, iter 31: Cannot choose from an empty sequence
  Error in anealing at cohesion 30, iter 32: Cannot choose from an empty sequence
  Error in anealing at cohesion 30, iter 33: Cannot choose from an empty sequence
  Error in anealing at cohesion 30, iter 34: Cannot choose from an empty sequence
  Error in anealing at cohesion 30, iter 35: Cannot choose from an empty sequence
  Error in anealing at cohesion 30, iter 36: Cannot choose from an empty sequence
  Error in anealing at cohesion 30, iter 37: Cannot choose from an empty sequence
  Error in anealing at cohesion 30, iter 38: Cannot choose from an empty sequence
  Error in anealing at cohesion 30, iter 39: Cannot choose from an empty sequence
  Error in anealing at cohesion 30, iter 40: Cannot choose from an empty sequence
  Error in anealing at cohesion 30, iter 41: Cannot choose from an empty sequence
  Error in anealing at cohesion 30, iter 42: Cannot choose from an empty sequence
  Error in anealing at cohesion 30, iter 43: Cannot choose from an empty sequence
  Error in anealing at cohesion 30, iter 44: Cannot choose from an empty sequence
  Error in anealing at cohesion 30, iter 45: Cannot choose from an empty sequence
  Error in anealing at cohesion 30, iter 46: Cannot choose from an empty sequence
  Error in anealing at cohesion 30, iter 47: Cannot choose from an empty sequence
  Error in anealing at cohesion 30, iter 48: Cannot choose from an empty sequence
  Error in anealing at cohesion 30, iter 49: Cannot choose from an empty sequence
  Error in anealing at cohesion 30, iter 50: Cannot choose from an empty sequence
  Error in anealing at cohesion 30, iter 51: Cannot choose from an empty sequence
  Error in anealing at cohesion 30, iter 52: Cannot choose from an empty sequence
  Error in anealing at cohesion 30, iter 53: Cannot choose from an empty sequence
  Error in anealing at cohesion 30, iter 54: Cannot choose from an empty sequence
  Error in anealing at cohesion 30, iter 55: Cannot choose from an empty sequence
  Error in anealing at cohesion 30, iter 56: Cannot choose from an empty sequence
  Error in anealing at cohesion 30, iter 57: Cannot choose from an empty sequence
  Error in anealing at cohesion 30, iter 58: Cannot choose from an empty sequence
  Error in anealing at cohesion 30, iter 59: Cannot choose from an empty sequence
  Error in anealing at cohesion 30, iter 60: Cannot choose from an empty sequence
  Error in anealing at cohesion 30, iter 61: Cannot choose from an empty sequence
  Error in anealing at cohesion 30, iter 62: Cannot choose from an empty sequence
  Error in anealing at cohesion 30, iter 63: Cannot choose from an empty sequence
  Error in anealing at cohesion 30, iter 64: Cannot choose from an empty sequence
  Error in anealing at cohesion 30, iter 65: Cannot choose from an empty sequence
  Error in anealing at cohesion 30, iter 66: Cannot choose from an empty sequence
  Error in anealing at cohesion 30, iter 67: Cannot choose from an empty sequence
  Error in anealing at cohesion 30, iter 68: Cannot choose from an empty sequence
  Error in anealing at cohesion 30, iter 69: Cannot choose from an empty sequence
  Error in anealing at cohesion 30, iter 70: Cannot choose from an empty sequence
  Error in anealing at cohesion 30, iter 71: Cannot choose from an empty sequence
  Error in anealing at cohesion 30, iter 72: Cannot choose from an empty sequence
  Error in anealing at cohesion 30, iter 73: Cannot choose from an empty sequence
  Error in anealing at cohesion 30, iter 74: Cannot choose from an empty sequence
  Error in anealing at cohesion 30, iter 75: Cannot choose from an empty sequence
  Error in anealing at cohesion 30, iter 76: Cannot choose from an empty sequence
  Error in anealing at cohesion 30, iter 77: Cannot choose from an empty sequence
  Error in anealing at cohesion 30, iter 78: Cannot choose from an empty sequence
  Error in anealing at cohesion 30, iter 79: Cannot choose from an empty sequence
  Error in anealing at cohesion 30, iter 80: Cannot choose from an empty sequence
  Error in anealing at cohesion 30, iter 81: Cannot choose from an empty sequence
  Error in anealing at cohesion 30, iter 82: Cannot choose from an empty sequence
  Error in anealing at cohesion 30, iter 83: Cannot choose from an empty sequence
  Error in anealing at cohesion 30, iter 84: Cannot choose from an empty sequence
  Error in anealing at cohesion 30, iter 85: Cannot choose from an empty sequence
  Error in anealing at cohesion 30, iter 86: Cannot choose from an empty sequence
  Error in anealing at cohesion 30, iter 87: Cannot choose from an empty sequence
  Error in anealing at cohesion 30, iter 88: Cannot choose from an empty sequence
  Error in anealing at cohesion 30, iter 89: Cannot choose from an empty sequence
  Error in anealing at cohesion 30, iter 90: Cannot choose from an empty sequence
  Error in anealing at cohesion 30, iter 91: Cannot choose from an empty sequence
  Error in anealing at cohesion 30, iter 92: Cannot choose from an empty sequence
  Error in anealing at cohesion 30, iter 93: Cannot choose from an empty sequence
  Error in anealing at cohesion 30, iter 94: Cannot choose from an empty sequence
  Error in anealing at cohesion 30, iter 95: Cannot choose from an empty sequence
  Error in anealing at cohesion 30, iter 96: Cannot choose from an empty sequence
  Error in anealing at cohesion 30, iter 97: Cannot choose from an empty sequence
  Error in anealing at cohesion 30, iter 98: Cannot choose from an empty sequence
  Error in anealing at cohesion 30, iter 99: Cannot choose from an empty sequence
  Completed 100 iterations for size 8, cohesion 30.
  Error in anealing at cohesion 40, iter 0: Cannot choose from an empty sequence
  Error in anealing at cohesion 40, iter 1: Cannot choose from an empty sequence
  Error in anealing at cohesion 40, iter 2: Cannot choose from an empty sequence
  Error in anealing at cohesion 40, iter 3: Cannot choose from an empty sequence
  Error in anealing at cohesion 40, iter 4: Cannot choose from an empty sequence
  Error in anealing at cohesion 40, iter 5: Cannot choose from an empty sequence
  Error in anealing at cohesion 40, iter 6: Cannot choose from an empty sequence
  Error in anealing at cohesion 40, iter 7: Cannot choose from an empty sequence
  Error in anealing at cohesion 40, iter 8: Cannot choose from an empty sequence
  Error in anealing at cohesion 40, iter 9: Cannot choose from an empty sequence
  Error in anealing at cohesion 40, iter 10: Cannot choose from an empty sequence
  Error in anealing at cohesion 40, iter 11: Cannot choose from an empty sequence
  Error in anealing at cohesion 40, iter 12: Cannot choose from an empty sequence
  Error in anealing at cohesion 40, iter 13: Cannot choose from an empty sequence
  Error in anealing at cohesion 40, iter 14: Cannot choose from an empty sequence
  Error in anealing at cohesion 40, iter 15: Cannot choose from an empty sequence
  Error in anealing at cohesion 40, iter 16: Cannot choose from an empty sequence
  Error in anealing at cohesion 40, iter 17: Cannot choose from an empty sequence
  Error in anealing at cohesion 40, iter 18: Cannot choose from an empty sequence
  Error in anealing at cohesion 40, iter 19: Cannot choose from an empty sequence
  Error in anealing at cohesion 40, iter 20: Cannot choose from an empty sequence
  Error in anealing at cohesion 40, iter 21: Cannot choose from an empty sequence
  Error in anealing at cohesion 40, iter 22: Cannot choose from an empty sequence
  Error in anealing at cohesion 40, iter 23: Cannot choose from an empty sequence
  Error in anealing at cohesion 40, iter 24: Cannot choose from an empty sequence
  Error in anealing at cohesion 40, iter 25: Cannot choose from an empty sequence
  Error in anealing at cohesion 40, iter 26: Cannot choose from an empty sequence
  Error in anealing at cohesion 40, iter 27: Cannot choose from an empty sequence
  Error in anealing at cohesion 40, iter 28: Cannot choose from an empty sequence
  Error in anealing at cohesion 40, iter 29: Cannot choose from an empty sequence
  Error in anealing at cohesion 40, iter 30: Cannot choose from an empty sequence
  Error in anealing at cohesion 40, iter 31: Cannot choose from an empty sequence
  Error in anealing at cohesion 40, iter 32: Cannot choose from an empty sequence
  Error in anealing at cohesion 40, iter 33: Cannot choose from an empty sequence
  Error in anealing at cohesion 40, iter 34: Cannot choose from an empty sequence
  Error in anealing at cohesion 40, iter 35: Cannot choose from an empty sequence
  Error in anealing at cohesion 40, iter 36: Cannot choose from an empty sequence
  Error in anealing at cohesion 40, iter 37: Cannot choose from an empty sequence
  Error in anealing at cohesion 40, iter 38: Cannot choose from an empty sequence
  Error in anealing at cohesion 40, iter 39: Cannot choose from an empty sequence
  Error in anealing at cohesion 40, iter 40: Cannot choose from an empty sequence
  Error in anealing at cohesion 40, iter 41: Cannot choose from an empty sequence
  Error in anealing at cohesion 40, iter 42: Cannot choose from an empty sequence
  Error in anealing at cohesion 40, iter 43: Cannot choose from an empty sequence
  Error in anealing at cohesion 40, iter 44: Cannot choose from an empty sequence
  Error in anealing at cohesion 40, iter 45: Cannot choose from an empty sequence
  Error in anealing at cohesion 40, iter 46: Cannot choose from an empty sequence
  Error in anealing at cohesion 40, iter 47: Cannot choose from an empty sequence
  Error in anealing at cohesion 40, iter 48: Cannot choose from an empty sequence
  Error in anealing at cohesion 40, iter 49: Cannot choose from an empty sequence
  Error in anealing at cohesion 40, iter 50: Cannot choose from an empty sequence
  Error in anealing at cohesion 40, iter 51: Cannot choose from an empty sequence
  Error in anealing at cohesion 40, iter 52: Cannot choose from an empty sequence
  Error in anealing at cohesion 40, iter 53: Cannot choose from an empty sequence
  Error in anealing at cohesion 40, iter 54: Cannot choose from an empty sequence
  Error in anealing at cohesion 40, iter 55: Cannot choose from an empty sequence
  Error in anealing at cohesion 40, iter 56: Cannot choose from an empty sequence
  Error in anealing at cohesion 40, iter 57: Cannot choose from an empty sequence
  Error in anealing at cohesion 40, iter 58: Cannot choose from an empty sequence
  Error in anealing at cohesion 40, iter 59: Cannot choose from an empty sequence
  Error in anealing at cohesion 40, iter 60: Cannot choose from an empty sequence
  Error in anealing at cohesion 40, iter 61: Cannot choose from an empty sequence
  Error in anealing at cohesion 40, iter 62: Cannot choose from an empty sequence
  Error in anealing at cohesion 40, iter 63: Cannot choose from an empty sequence
  Error in anealing at cohesion 40, iter 64: Cannot choose from an empty sequence
  Error in anealing at cohesion 40, iter 65: Cannot choose from an empty sequence
  Error in anealing at cohesion 40, iter 66: Cannot choose from an empty sequence
  Error in anealing at cohesion 40, iter 67: Cannot choose from an empty sequence
  Error in anealing at cohesion 40, iter 68: Cannot choose from an empty sequence
  Error in anealing at cohesion 40, iter 69: Cannot choose from an empty sequence
  Error in anealing at cohesion 40, iter 70: Cannot choose from an empty sequence
  Error in anealing at cohesion 40, iter 71: Cannot choose from an empty sequence
  Error in anealing at cohesion 40, iter 72: Cannot choose from an empty sequence
  Error in anealing at cohesion 40, iter 73: Cannot choose from an empty sequence
  Error in anealing at cohesion 40, iter 74: Cannot choose from an empty sequence
  Error in anealing at cohesion 40, iter 75: Cannot choose from an empty sequence
  Error in anealing at cohesion 40, iter 76: Cannot choose from an empty sequence
  Error in anealing at cohesion 40, iter 77: Cannot choose from an empty sequence
  Error in anealing at cohesion 40, iter 78: Cannot choose from an empty sequence
  Error in anealing at cohesion 40, iter 79: Cannot choose from an empty sequence
  Error in anealing at cohesion 40, iter 80: Cannot choose from an empty sequence
  Error in anealing at cohesion 40, iter 81: Cannot choose from an empty sequence
  Error in anealing at cohesion 40, iter 82: Cannot choose from an empty sequence
  Error in anealing at cohesion 40, iter 83: Cannot choose from an empty sequence
  Error in anealing at cohesion 40, iter 84: Cannot choose from an empty sequence
  Error in anealing at cohesion 40, iter 85: Cannot choose from an empty sequence
  Error in anealing at cohesion 40, iter 86: Cannot choose from an empty sequence
  Error in anealing at cohesion 40, iter 87: Cannot choose from an empty sequence
  Error in anealing at cohesion 40, iter 88: Cannot choose from an empty sequence
  Error in anealing at cohesion 40, iter 89: Cannot choose from an empty sequence
  Error in anealing at cohesion 40, iter 90: Cannot choose from an empty sequence
  Error in anealing at cohesion 40, iter 91: Cannot choose from an empty sequence
  Error in anealing at cohesion 40, iter 92: Cannot choose from an empty sequence
  Error in anealing at cohesion 40, iter 93: Cannot choose from an empty sequence
  Error in anealing at cohesion 40, iter 94: Cannot choose from an empty sequence
  Error in anealing at cohesion 40, iter 95: Cannot choose from an empty sequence
  Error in anealing at cohesion 40, iter 96: Cannot choose from an empty sequence
  Error in anealing at cohesion 40, iter 97: Cannot choose from an empty sequence
  Error in anealing at cohesion 40, iter 98: Cannot choose from an empty sequence
  Error in anealing at cohesion 40, iter 99: Cannot choose from an empty sequence
  Completed 100 iterations for size 8, cohesion 40.
  Error in anealing at cohesion 50, iter 0: Cannot choose from an empty sequence
  Error in anealing at cohesion 50, iter 1: Cannot choose from an empty sequence
  Error in anealing at cohesion 50, iter 2: Cannot choose from an empty sequence
  Error in anealing at cohesion 50, iter 3: Cannot choose from an empty sequence
  Error in anealing at cohesion 50, iter 4: Cannot choose from an empty sequence
  Error in anealing at cohesion 50, iter 5: Cannot choose from an empty sequence
  Error in anealing at cohesion 50, iter 6: Cannot choose from an empty sequence
  Error in anealing at cohesion 50, iter 7: Cannot choose from an empty sequence
  Error in anealing at cohesion 50, iter 8: Cannot choose from an empty sequence
  Error in anealing at cohesion 50, iter 9: Cannot choose from an empty sequence
  Error in anealing at cohesion 50, iter 10: Cannot choose from an empty sequence
  Error in anealing at cohesion 50, iter 11: Cannot choose from an empty sequence
  Error in anealing at cohesion 50, iter 12: Cannot choose from an empty sequence
  Error in anealing at cohesion 50, iter 13: Cannot choose from an empty sequence
  Error in anealing at cohesion 50, iter 14: Cannot choose from an empty sequence
  Error in anealing at cohesion 50, iter 15: Cannot choose from an empty sequence
  Error in anealing at cohesion 50, iter 16: Cannot choose from an empty sequence
  Error in anealing at cohesion 50, iter 17: Cannot choose from an empty sequence
  Error in anealing at cohesion 50, iter 18: Cannot choose from an empty sequence
  Error in anealing at cohesion 50, iter 19: Cannot choose from an empty sequence
  Error in anealing at cohesion 50, iter 20: Cannot choose from an empty sequence
  Error in anealing at cohesion 50, iter 21: Cannot choose from an empty sequence
  Error in anealing at cohesion 50, iter 22: Cannot choose from an empty sequence
  Error in anealing at cohesion 50, iter 23: Cannot choose from an empty sequence
  Error in anealing at cohesion 50, iter 24: Cannot choose from an empty sequence
  Error in anealing at cohesion 50, iter 25: Cannot choose from an empty sequence
  Error in anealing at cohesion 50, iter 26: Cannot choose from an empty sequence
  Error in anealing at cohesion 50, iter 27: Cannot choose from an empty sequence
  Error in anealing at cohesion 50, iter 28: Cannot choose from an empty sequence
  Error in anealing at cohesion 50, iter 29: Cannot choose from an empty sequence
  Error in anealing at cohesion 50, iter 30: Cannot choose from an empty sequence
  Error in anealing at cohesion 50, iter 31: Cannot choose from an empty sequence
  Error in anealing at cohesion 50, iter 32: Cannot choose from an empty sequence
  Error in anealing at cohesion 50, iter 33: Cannot choose from an empty sequence
  Error in anealing at cohesion 50, iter 34: Cannot choose from an empty sequence
  Error in anealing at cohesion 50, iter 35: Cannot choose from an empty sequence
  Error in anealing at cohesion 50, iter 36: Cannot choose from an empty sequence
  Error in anealing at cohesion 50, iter 37: Cannot choose from an empty sequence
  Error in anealing at cohesion 50, iter 38: Cannot choose from an empty sequence
  Error in anealing at cohesion 50, iter 39: Cannot choose from an empty sequence
  Error in anealing at cohesion 50, iter 40: Cannot choose from an empty sequence
  Error in anealing at cohesion 50, iter 41: Cannot choose from an empty sequence
  Error in anealing at cohesion 50, iter 42: Cannot choose from an empty sequence
  Error in anealing at cohesion 50, iter 43: Cannot choose from an empty sequence
  Error in anealing at cohesion 50, iter 44: Cannot choose from an empty sequence
  Error in anealing at cohesion 50, iter 45: Cannot choose from an empty sequence
  Error in anealing at cohesion 50, iter 46: Cannot choose from an empty sequence
  Error in anealing at cohesion 50, iter 47: Cannot choose from an empty sequence
  Error in anealing at cohesion 50, iter 48: Cannot choose from an empty sequence
  Error in anealing at cohesion 50, iter 49: Cannot choose from an empty sequence
  Error in anealing at cohesion 50, iter 50: Cannot choose from an empty sequence
  Error in anealing at cohesion 50, iter 51: Cannot choose from an empty sequence
  Error in anealing at cohesion 50, iter 52: Cannot choose from an empty sequence
  Error in anealing at cohesion 50, iter 53: Cannot choose from an empty sequence
  Error in anealing at cohesion 50, iter 54: Cannot choose from an empty sequence
  Error in anealing at cohesion 50, iter 55: Cannot choose from an empty sequence
  Error in anealing at cohesion 50, iter 56: Cannot choose from an empty sequence
  Error in anealing at cohesion 50, iter 57: Cannot choose from an empty sequence
  Error in anealing at cohesion 50, iter 58: Cannot choose from an empty sequence
  Error in anealing at cohesion 50, iter 59: Cannot choose from an empty sequence
  Error in anealing at cohesion 50, iter 60: Cannot choose from an empty sequence
  Error in anealing at cohesion 50, iter 61: Cannot choose from an empty sequence
  Error in anealing at cohesion 50, iter 62: Cannot choose from an empty sequence
  Error in anealing at cohesion 50, iter 63: Cannot choose from an empty sequence
  Error in anealing at cohesion 50, iter 64: Cannot choose from an empty sequence
  Error in anealing at cohesion 50, iter 65: Cannot choose from an empty sequence
  Error in anealing at cohesion 50, iter 66: Cannot choose from an empty sequence
  Error in anealing at cohesion 50, iter 67: Cannot choose from an empty sequence
  Error in anealing at cohesion 50, iter 68: Cannot choose from an empty sequence
  Error in anealing at cohesion 50, iter 69: Cannot choose from an empty sequence
  Error in anealing at cohesion 50, iter 70: Cannot choose from an empty sequence
  Error in anealing at cohesion 50, iter 71: Cannot choose from an empty sequence
  Error in anealing at cohesion 50, iter 72: Cannot choose from an empty sequence
  Error in anealing at cohesion 50, iter 73: Cannot choose from an empty sequence
  Error in anealing at cohesion 50, iter 74: Cannot choose from an empty sequence
  Error in anealing at cohesion 50, iter 75: Cannot choose from an empty sequence
  Error in anealing at cohesion 50, iter 76: Cannot choose from an empty sequence
  Error in anealing at cohesion 50, iter 77: Cannot choose from an empty sequence
  Error in anealing at cohesion 50, iter 78: Cannot choose from an empty sequence
  Error in anealing at cohesion 50, iter 79: Cannot choose from an empty sequence
  Error in anealing at cohesion 50, iter 80: Cannot choose from an empty sequence
  Error in anealing at cohesion 50, iter 81: Cannot choose from an empty sequence
  Error in anealing at cohesion 50, iter 82: Cannot choose from an empty sequence
  Error in anealing at cohesion 50, iter 83: Cannot choose from an empty sequence
  Error in anealing at cohesion 50, iter 84: Cannot choose from an empty sequence
  Error in anealing at cohesion 50, iter 85: Cannot choose from an empty sequence
  Error in anealing at cohesion 50, iter 86: Cannot choose from an empty sequence
  Error in anealing at cohesion 50, iter 87: Cannot choose from an empty sequence
  Error in anealing at cohesion 50, iter 88: Cannot choose from an empty sequence
  Error in anealing at cohesion 50, iter 89: Cannot choose from an empty sequence
  Error in anealing at cohesion 50, iter 90: Cannot choose from an empty sequence
  Error in anealing at cohesion 50, iter 91: Cannot choose from an empty sequence
  Error in anealing at cohesion 50, iter 92: Cannot choose from an empty sequence
  Error in anealing at cohesion 50, iter 93: Cannot choose from an empty sequence
  Error in anealing at cohesion 50, iter 94: Cannot choose from an empty sequence
  Error in anealing at cohesion 50, iter 95: Cannot choose from an empty sequence
  Error in anealing at cohesion 50, iter 96: Cannot choose from an empty sequence
  Error in anealing at cohesion 50, iter 97: Cannot choose from an empty sequence
  Error in anealing at cohesion 50, iter 98: Cannot choose from an empty sequence
  Error in anealing at cohesion 50, iter 99: Cannot choose from an empty sequence
  Completed 100 iterations for size 8, cohesion 50.
  Error in anealing at cohesion 60, iter 0: Cannot choose from an empty sequence
  Error in anealing at cohesion 60, iter 1: Cannot choose from an empty sequence
  Error in anealing at cohesion 60, iter 2: Cannot choose from an empty sequence
  Error in anealing at cohesion 60, iter 3: Cannot choose from an empty sequence
  Error in anealing at cohesion 60, iter 4: Cannot choose from an empty sequence
  Error in anealing at cohesion 60, iter 5: Cannot choose from an empty sequence
  Error in anealing at cohesion 60, iter 6: Cannot choose from an empty sequence
  Error in anealing at cohesion 60, iter 7: Cannot choose from an empty sequence
  Error in anealing at cohesion 60, iter 8: Cannot choose from an empty sequence
  Error in anealing at cohesion 60, iter 9: Cannot choose from an empty sequence
  Error in anealing at cohesion 60, iter 10: Cannot choose from an empty sequence
  Error in anealing at cohesion 60, iter 11: Cannot choose from an empty sequence
  Error in anealing at cohesion 60, iter 12: Cannot choose from an empty sequence
  Error in anealing at cohesion 60, iter 13: Cannot choose from an empty sequence
  Error in anealing at cohesion 60, iter 14: Cannot choose from an empty sequence
  Error in anealing at cohesion 60, iter 15: Cannot choose from an empty sequence
  Error in anealing at cohesion 60, iter 16: Cannot choose from an empty sequence
  Error in anealing at cohesion 60, iter 17: Cannot choose from an empty sequence
  Error in anealing at cohesion 60, iter 18: Cannot choose from an empty sequence
  Error in anealing at cohesion 60, iter 19: Cannot choose from an empty sequence
  Error in anealing at cohesion 60, iter 20: Cannot choose from an empty sequence
  Error in anealing at cohesion 60, iter 21: Cannot choose from an empty sequence
  Error in anealing at cohesion 60, iter 22: Cannot choose from an empty sequence
  Error in anealing at cohesion 60, iter 23: Cannot choose from an empty sequence
  Error in anealing at cohesion 60, iter 24: Cannot choose from an empty sequence
  Error in anealing at cohesion 60, iter 25: Cannot choose from an empty sequence
  Error in anealing at cohesion 60, iter 26: Cannot choose from an empty sequence
  Error in anealing at cohesion 60, iter 27: Cannot choose from an empty sequence
  Error in anealing at cohesion 60, iter 28: Cannot choose from an empty sequence
  Error in anealing at cohesion 60, iter 29: Cannot choose from an empty sequence
  Error in anealing at cohesion 60, iter 30: Cannot choose from an empty sequence
  Error in anealing at cohesion 60, iter 31: Cannot choose from an empty sequence
  Error in anealing at cohesion 60, iter 32: Cannot choose from an empty sequence
  Error in anealing at cohesion 60, iter 33: Cannot choose from an empty sequence
  Error in anealing at cohesion 60, iter 34: Cannot choose from an empty sequence
  Error in anealing at cohesion 60, iter 35: Cannot choose from an empty sequence
  Error in anealing at cohesion 60, iter 36: Cannot choose from an empty sequence
  Error in anealing at cohesion 60, iter 37: Cannot choose from an empty sequence
  Error in anealing at cohesion 60, iter 38: Cannot choose from an empty sequence
  Error in anealing at cohesion 60, iter 39: Cannot choose from an empty sequence
  Error in anealing at cohesion 60, iter 40: Cannot choose from an empty sequence
  Error in anealing at cohesion 60, iter 41: Cannot choose from an empty sequence
  Error in anealing at cohesion 60, iter 42: Cannot choose from an empty sequence
  Error in anealing at cohesion 60, iter 43: Cannot choose from an empty sequence
  Error in anealing at cohesion 60, iter 44: Cannot choose from an empty sequence
  Error in anealing at cohesion 60, iter 45: Cannot choose from an empty sequence
  Error in anealing at cohesion 60, iter 46: Cannot choose from an empty sequence
  Error in anealing at cohesion 60, iter 47: Cannot choose from an empty sequence
  Error in anealing at cohesion 60, iter 48: Cannot choose from an empty sequence
  Error in anealing at cohesion 60, iter 49: Cannot choose from an empty sequence
  Error in anealing at cohesion 60, iter 50: Cannot choose from an empty sequence
  Error in anealing at cohesion 60, iter 51: Cannot choose from an empty sequence
  Error in anealing at cohesion 60, iter 52: Cannot choose from an empty sequence
  Error in anealing at cohesion 60, iter 53: Cannot choose from an empty sequence
  Error in anealing at cohesion 60, iter 54: Cannot choose from an empty sequence
  Error in anealing at cohesion 60, iter 55: Cannot choose from an empty sequence
  Error in anealing at cohesion 60, iter 56: Cannot choose from an empty sequence
  Error in anealing at cohesion 60, iter 57: Cannot choose from an empty sequence
  Error in anealing at cohesion 60, iter 58: Cannot choose from an empty sequence
  Error in anealing at cohesion 60, iter 59: Cannot choose from an empty sequence
  Error in anealing at cohesion 60, iter 60: Cannot choose from an empty sequence
  Error in anealing at cohesion 60, iter 61: Cannot choose from an empty sequence
  Error in anealing at cohesion 60, iter 62: Cannot choose from an empty sequence
  Error in anealing at cohesion 60, iter 63: Cannot choose from an empty sequence
  Error in anealing at cohesion 60, iter 64: Cannot choose from an empty sequence
  Error in anealing at cohesion 60, iter 65: Cannot choose from an empty sequence
  Error in anealing at cohesion 60, iter 66: Cannot choose from an empty sequence
  Error in anealing at cohesion 60, iter 67: Cannot choose from an empty sequence
  Error in anealing at cohesion 60, iter 68: Cannot choose from an empty sequence
  Error in anealing at cohesion 60, iter 69: Cannot choose from an empty sequence
  Error in anealing at cohesion 60, iter 70: Cannot choose from an empty sequence
  Error in anealing at cohesion 60, iter 71: Cannot choose from an empty sequence
  Error in anealing at cohesion 60, iter 72: Cannot choose from an empty sequence
  Error in anealing at cohesion 60, iter 73: Cannot choose from an empty sequence
  Error in anealing at cohesion 60, iter 74: Cannot choose from an empty sequence
  Error in anealing at cohesion 60, iter 75: Cannot choose from an empty sequence
  Error in anealing at cohesion 60, iter 76: Cannot choose from an empty sequence
  Error in anealing at cohesion 60, iter 77: Cannot choose from an empty sequence
  Error in anealing at cohesion 60, iter 78: Cannot choose from an empty sequence
  Error in anealing at cohesion 60, iter 79: Cannot choose from an empty sequence
  Error in anealing at cohesion 60, iter 80: Cannot choose from an empty sequence
  Error in anealing at cohesion 60, iter 81: Cannot choose from an empty sequence
  Error in anealing at cohesion 60, iter 82: Cannot choose from an empty sequence
  Error in anealing at cohesion 60, iter 83: Cannot choose from an empty sequence
  Error in anealing at cohesion 60, iter 84: Cannot choose from an empty sequence
  Error in anealing at cohesion 60, iter 85: Cannot choose from an empty sequence
  Error in anealing at cohesion 60, iter 86: Cannot choose from an empty sequence
  Error in anealing at cohesion 60, iter 87: Cannot choose from an empty sequence
  Error in anealing at cohesion 60, iter 88: Cannot choose from an empty sequence
  Error in anealing at cohesion 60, iter 89: Cannot choose from an empty sequence
  Error in anealing at cohesion 60, iter 90: Cannot choose from an empty sequence
  Error in anealing at cohesion 60, iter 91: Cannot choose from an empty sequence
  Error in anealing at cohesion 60, iter 92: Cannot choose from an empty sequence
  Error in anealing at cohesion 60, iter 93: Cannot choose from an empty sequence
  Error in anealing at cohesion 60, iter 94: Cannot choose from an empty sequence
  Error in anealing at cohesion 60, iter 95: Cannot choose from an empty sequence
  Error in anealing at cohesion 60, iter 96: Cannot choose from an empty sequence
  Error in anealing at cohesion 60, iter 97: Cannot choose from an empty sequence
  Error in anealing at cohesion 60, iter 98: Cannot choose from an empty sequence
  Error in anealing at cohesion 60, iter 99: Cannot choose from an empty sequence
  Completed 100 iterations for size 8, cohesion 60.
  Error in anealing at cohesion 70, iter 0: Cannot choose from an empty sequence
  Error in anealing at cohesion 70, iter 1: Cannot choose from an empty sequence
  Error in anealing at cohesion 70, iter 2: Cannot choose from an empty sequence
  Error in anealing at cohesion 70, iter 3: Cannot choose from an empty sequence
  Error in anealing at cohesion 70, iter 4: Cannot choose from an empty sequence
  Error in anealing at cohesion 70, iter 5: Cannot choose from an empty sequence
  Error in anealing at cohesion 70, iter 6: Cannot choose from an empty sequence
  Error in anealing at cohesion 70, iter 7: Cannot choose from an empty sequence
  Error in anealing at cohesion 70, iter 8: Cannot choose from an empty sequence
  Error in anealing at cohesion 70, iter 9: Cannot choose from an empty sequence
  Error in anealing at cohesion 70, iter 10: Cannot choose from an empty sequence
  Error in anealing at cohesion 70, iter 11: Cannot choose from an empty sequence
  Error in anealing at cohesion 70, iter 12: Cannot choose from an empty sequence
  Error in anealing at cohesion 70, iter 13: Cannot choose from an empty sequence
  Error in anealing at cohesion 70, iter 14: Cannot choose from an empty sequence
  Error in anealing at cohesion 70, iter 15: Cannot choose from an empty sequence
  Error in anealing at cohesion 70, iter 16: Cannot choose from an empty sequence
  Error in anealing at cohesion 70, iter 17: Cannot choose from an empty sequence
  Error in anealing at cohesion 70, iter 18: Cannot choose from an empty sequence
  Error in anealing at cohesion 70, iter 19: Cannot choose from an empty sequence
  Error in anealing at cohesion 70, iter 20: Cannot choose from an empty sequence
  Error in anealing at cohesion 70, iter 21: Cannot choose from an empty sequence
  Error in anealing at cohesion 70, iter 22: Cannot choose from an empty sequence
  Error in anealing at cohesion 70, iter 23: Cannot choose from an empty sequence
  Error in anealing at cohesion 70, iter 24: Cannot choose from an empty sequence
  Error in anealing at cohesion 70, iter 25: Cannot choose from an empty sequence
  Error in anealing at cohesion 70, iter 26: Cannot choose from an empty sequence
  Error in anealing at cohesion 70, iter 27: Cannot choose from an empty sequence
  Error in anealing at cohesion 70, iter 28: Cannot choose from an empty sequence
  Error in anealing at cohesion 70, iter 29: Cannot choose from an empty sequence
  Error in anealing at cohesion 70, iter 30: Cannot choose from an empty sequence
  Error in anealing at cohesion 70, iter 31: Cannot choose from an empty sequence
  Error in anealing at cohesion 70, iter 32: Cannot choose from an empty sequence
  Error in anealing at cohesion 70, iter 33: Cannot choose from an empty sequence
  Error in anealing at cohesion 70, iter 34: Cannot choose from an empty sequence
  Error in anealing at cohesion 70, iter 35: Cannot choose from an empty sequence
  Error in anealing at cohesion 70, iter 36: Cannot choose from an empty sequence
  Error in anealing at cohesion 70, iter 37: Cannot choose from an empty sequence
  Error in anealing at cohesion 70, iter 38: Cannot choose from an empty sequence
  Error in anealing at cohesion 70, iter 39: Cannot choose from an empty sequence
  Error in anealing at cohesion 70, iter 40: Cannot choose from an empty sequence
  Error in anealing at cohesion 70, iter 41: Cannot choose from an empty sequence
  Error in anealing at cohesion 70, iter 42: Cannot choose from an empty sequence
  Error in anealing at cohesion 70, iter 43: Cannot choose from an empty sequence
  Error in anealing at cohesion 70, iter 44: Cannot choose from an empty sequence
  Error in anealing at cohesion 70, iter 45: Cannot choose from an empty sequence
  Error in anealing at cohesion 70, iter 46: Cannot choose from an empty sequence
  Error in anealing at cohesion 70, iter 47: Cannot choose from an empty sequence
  Error in anealing at cohesion 70, iter 48: Cannot choose from an empty sequence
  Error in anealing at cohesion 70, iter 49: Cannot choose from an empty sequence
  Error in anealing at cohesion 70, iter 50: Cannot choose from an empty sequence
  Error in anealing at cohesion 70, iter 51: Cannot choose from an empty sequence
  Error in anealing at cohesion 70, iter 52: Cannot choose from an empty sequence
  Error in anealing at cohesion 70, iter 53: Cannot choose from an empty sequence
  Error in anealing at cohesion 70, iter 54: Cannot choose from an empty sequence
  Error in anealing at cohesion 70, iter 55: Cannot choose from an empty sequence
  Error in anealing at cohesion 70, iter 56: Cannot choose from an empty sequence
  Error in anealing at cohesion 70, iter 57: Cannot choose from an empty sequence
  Error in anealing at cohesion 70, iter 58: Cannot choose from an empty sequence
  Error in anealing at cohesion 70, iter 59: Cannot choose from an empty sequence
  Error in anealing at cohesion 70, iter 60: Cannot choose from an empty sequence
  Error in anealing at cohesion 70, iter 61: Cannot choose from an empty sequence
  Error in anealing at cohesion 70, iter 62: Cannot choose from an empty sequence
  Error in anealing at cohesion 70, iter 63: Cannot choose from an empty sequence
  Error in anealing at cohesion 70, iter 64: Cannot choose from an empty sequence
  Error in anealing at cohesion 70, iter 65: Cannot choose from an empty sequence
  Error in anealing at cohesion 70, iter 66: Cannot choose from an empty sequence
  Error in anealing at cohesion 70, iter 67: Cannot choose from an empty sequence
  Error in anealing at cohesion 70, iter 68: Cannot choose from an empty sequence
  Error in anealing at cohesion 70, iter 69: Cannot choose from an empty sequence
  Error in anealing at cohesion 70, iter 70: Cannot choose from an empty sequence
  Error in anealing at cohesion 70, iter 71: Cannot choose from an empty sequence
  Error in anealing at cohesion 70, iter 72: Cannot choose from an empty sequence
  Error in anealing at cohesion 70, iter 73: Cannot choose from an empty sequence
  Error in anealing at cohesion 70, iter 74: Cannot choose from an empty sequence
  Error in anealing at cohesion 70, iter 75: Cannot choose from an empty sequence
  Error in anealing at cohesion 70, iter 76: Cannot choose from an empty sequence
  Error in anealing at cohesion 70, iter 77: Cannot choose from an empty sequence
  Error in anealing at cohesion 70, iter 78: Cannot choose from an empty sequence
  Error in anealing at cohesion 70, iter 79: Cannot choose from an empty sequence
  Error in anealing at cohesion 70, iter 80: Cannot choose from an empty sequence
  Error in anealing at cohesion 70, iter 81: Cannot choose from an empty sequence
  Error in anealing at cohesion 70, iter 82: Cannot choose from an empty sequence
  Error in anealing at cohesion 70, iter 83: Cannot choose from an empty sequence
  Error in anealing at cohesion 70, iter 84: Cannot choose from an empty sequence
  Error in anealing at cohesion 70, iter 85: Cannot choose from an empty sequence
  Error in anealing at cohesion 70, iter 86: Cannot choose from an empty sequence
  Error in anealing at cohesion 70, iter 87: Cannot choose from an empty sequence
  Error in anealing at cohesion 70, iter 88: Cannot choose from an empty sequence
  Error in anealing at cohesion 70, iter 89: Cannot choose from an empty sequence
  Error in anealing at cohesion 70, iter 90: Cannot choose from an empty sequence
  Error in anealing at cohesion 70, iter 91: Cannot choose from an empty sequence
  Error in anealing at cohesion 70, iter 92: Cannot choose from an empty sequence
  Error in anealing at cohesion 70, iter 93: Cannot choose from an empty sequence
  Error in anealing at cohesion 70, iter 94: Cannot choose from an empty sequence
  Error in anealing at cohesion 70, iter 95: Cannot choose from an empty sequence
  Error in anealing at cohesion 70, iter 96: Cannot choose from an empty sequence
  Error in anealing at cohesion 70, iter 97: Cannot choose from an empty sequence
  Error in anealing at cohesion 70, iter 98: Cannot choose from an empty sequence
  Error in anealing at cohesion 70, iter 99: Cannot choose from an empty sequence
  Completed 100 iterations for size 8, cohesion 70.
  Error in anealing at cohesion 80, iter 0: Cannot choose from an empty sequence
  Error in anealing at cohesion 80, iter 1: Cannot choose from an empty sequence
  Error in anealing at cohesion 80, iter 2: Cannot choose from an empty sequence
  Error in anealing at cohesion 80, iter 3: Cannot choose from an empty sequence
  Error in anealing at cohesion 80, iter 4: Cannot choose from an empty sequence
  Error in anealing at cohesion 80, iter 5: Cannot choose from an empty sequence
  Error in anealing at cohesion 80, iter 6: Cannot choose from an empty sequence
  Error in anealing at cohesion 80, iter 7: Cannot choose from an empty sequence
  Error in anealing at cohesion 80, iter 8: Cannot choose from an empty sequence
  Error in anealing at cohesion 80, iter 9: Cannot choose from an empty sequence
  Error in anealing at cohesion 80, iter 10: Cannot choose from an empty sequence
  Error in anealing at cohesion 80, iter 11: Cannot choose from an empty sequence
  Error in anealing at cohesion 80, iter 12: Cannot choose from an empty sequence
  Error in anealing at cohesion 80, iter 13: Cannot choose from an empty sequence
  Error in anealing at cohesion 80, iter 14: Cannot choose from an empty sequence
  Error in anealing at cohesion 80, iter 15: Cannot choose from an empty sequence
  Error in anealing at cohesion 80, iter 16: Cannot choose from an empty sequence
  Error in anealing at cohesion 80, iter 17: Cannot choose from an empty sequence
  Error in anealing at cohesion 80, iter 18: Cannot choose from an empty sequence
  Error in anealing at cohesion 80, iter 19: Cannot choose from an empty sequence
  Error in anealing at cohesion 80, iter 20: Cannot choose from an empty sequence
  Error in anealing at cohesion 80, iter 21: Cannot choose from an empty sequence
  Error in anealing at cohesion 80, iter 22: Cannot choose from an empty sequence
  Error in anealing at cohesion 80, iter 23: Cannot choose from an empty sequence
  Error in anealing at cohesion 80, iter 24: Cannot choose from an empty sequence
  Error in anealing at cohesion 80, iter 25: Cannot choose from an empty sequence
  Error in anealing at cohesion 80, iter 26: Cannot choose from an empty sequence
  Error in anealing at cohesion 80, iter 27: Cannot choose from an empty sequence
  Error in anealing at cohesion 80, iter 28: Cannot choose from an empty sequence
  Error in anealing at cohesion 80, iter 29: Cannot choose from an empty sequence
  Error in anealing at cohesion 80, iter 30: Cannot choose from an empty sequence
  Error in anealing at cohesion 80, iter 31: Cannot choose from an empty sequence
  Error in anealing at cohesion 80, iter 32: Cannot choose from an empty sequence
  Error in anealing at cohesion 80, iter 33: Cannot choose from an empty sequence
  Error in anealing at cohesion 80, iter 34: Cannot choose from an empty sequence
  Error in anealing at cohesion 80, iter 35: Cannot choose from an empty sequence
  Error in anealing at cohesion 80, iter 36: Cannot choose from an empty sequence
  Error in anealing at cohesion 80, iter 37: Cannot choose from an empty sequence
  Error in anealing at cohesion 80, iter 38: Cannot choose from an empty sequence
  Error in anealing at cohesion 80, iter 39: Cannot choose from an empty sequence
  Error in anealing at cohesion 80, iter 40: Cannot choose from an empty sequence
  Error in anealing at cohesion 80, iter 41: Cannot choose from an empty sequence
  Error in anealing at cohesion 80, iter 42: Cannot choose from an empty sequence
  Error in anealing at cohesion 80, iter 43: Cannot choose from an empty sequence
  Error in anealing at cohesion 80, iter 44: Cannot choose from an empty sequence
  Error in anealing at cohesion 80, iter 45: Cannot choose from an empty sequence
  Error in anealing at cohesion 80, iter 46: Cannot choose from an empty sequence
  Error in anealing at cohesion 80, iter 47: Cannot choose from an empty sequence
  Error in anealing at cohesion 80, iter 48: Cannot choose from an empty sequence
  Error in anealing at cohesion 80, iter 49: Cannot choose from an empty sequence
  Error in anealing at cohesion 80, iter 50: Cannot choose from an empty sequence
  Error in anealing at cohesion 80, iter 51: Cannot choose from an empty sequence
  Error in anealing at cohesion 80, iter 52: Cannot choose from an empty sequence
  Error in anealing at cohesion 80, iter 53: Cannot choose from an empty sequence
  Error in anealing at cohesion 80, iter 54: Cannot choose from an empty sequence
  Error in anealing at cohesion 80, iter 55: Cannot choose from an empty sequence
  Error in anealing at cohesion 80, iter 56: Cannot choose from an empty sequence
  Error in anealing at cohesion 80, iter 57: Cannot choose from an empty sequence
  Error in anealing at cohesion 80, iter 58: Cannot choose from an empty sequence
  Error in anealing at cohesion 80, iter 59: Cannot choose from an empty sequence
  Error in anealing at cohesion 80, iter 60: Cannot choose from an empty sequence
  Error in anealing at cohesion 80, iter 61: Cannot choose from an empty sequence
  Error in anealing at cohesion 80, iter 62: Cannot choose from an empty sequence
  Error in anealing at cohesion 80, iter 63: Cannot choose from an empty sequence
  Error in anealing at cohesion 80, iter 64: Cannot choose from an empty sequence
  Error in anealing at cohesion 80, iter 65: Cannot choose from an empty sequence
  Error in anealing at cohesion 80, iter 66: Cannot choose from an empty sequence
  Error in anealing at cohesion 80, iter 67: Cannot choose from an empty sequence
  Error in anealing at cohesion 80, iter 68: Cannot choose from an empty sequence
  Error in anealing at cohesion 80, iter 69: Cannot choose from an empty sequence
  Error in anealing at cohesion 80, iter 70: Cannot choose from an empty sequence
  Error in anealing at cohesion 80, iter 71: Cannot choose from an empty sequence
  Error in anealing at cohesion 80, iter 72: Cannot choose from an empty sequence
  Error in anealing at cohesion 80, iter 73: Cannot choose from an empty sequence
  Error in anealing at cohesion 80, iter 74: Cannot choose from an empty sequence
  Error in anealing at cohesion 80, iter 75: Cannot choose from an empty sequence
  Error in anealing at cohesion 80, iter 76: Cannot choose from an empty sequence
  Error in anealing at cohesion 80, iter 77: Cannot choose from an empty sequence
  Error in anealing at cohesion 80, iter 78: Cannot choose from an empty sequence
  Error in anealing at cohesion 80, iter 79: Cannot choose from an empty sequence
  Error in anealing at cohesion 80, iter 80: Cannot choose from an empty sequence
  Error in anealing at cohesion 80, iter 81: Cannot choose from an empty sequence
  Error in anealing at cohesion 80, iter 82: Cannot choose from an empty sequence
  Error in anealing at cohesion 80, iter 83: Cannot choose from an empty sequence
  Error in anealing at cohesion 80, iter 84: Cannot choose from an empty sequence
  Error in anealing at cohesion 80, iter 85: Cannot choose from an empty sequence
  Error in anealing at cohesion 80, iter 86: Cannot choose from an empty sequence
  Error in anealing at cohesion 80, iter 87: Cannot choose from an empty sequence
  Error in anealing at cohesion 80, iter 88: Cannot choose from an empty sequence
  Error in anealing at cohesion 80, iter 89: Cannot choose from an empty sequence
  Error in anealing at cohesion 80, iter 90: Cannot choose from an empty sequence
  Error in anealing at cohesion 80, iter 91: Cannot choose from an empty sequence
  Error in anealing at cohesion 80, iter 92: Cannot choose from an empty sequence
  Error in anealing at cohesion 80, iter 93: Cannot choose from an empty sequence
  Error in anealing at cohesion 80, iter 94: Cannot choose from an empty sequence
  Error in anealing at cohesion 80, iter 95: Cannot choose from an empty sequence
  Error in anealing at cohesion 80, iter 96: Cannot choose from an empty sequence
  Error in anealing at cohesion 80, iter 97: Cannot choose from an empty sequence
  Error in anealing at cohesion 80, iter 98: Cannot choose from an empty sequence
  Error in anealing at cohesion 80, iter 99: Cannot choose from an empty sequence
  Completed 100 iterations for size 8, cohesion 80.
  Error in anealing at cohesion 90, iter 0: Cannot choose from an empty sequence
  Error in anealing at cohesion 90, iter 1: Cannot choose from an empty sequence
  Error in anealing at cohesion 90, iter 2: Cannot choose from an empty sequence
  Error in anealing at cohesion 90, iter 3: Cannot choose from an empty sequence
  Error in anealing at cohesion 90, iter 4: Cannot choose from an empty sequence
  Error in anealing at cohesion 90, iter 5: Cannot choose from an empty sequence
  Error in anealing at cohesion 90, iter 6: Cannot choose from an empty sequence
  Error in anealing at cohesion 90, iter 7: Cannot choose from an empty sequence
  Error in anealing at cohesion 90, iter 8: Cannot choose from an empty sequence
  Error in anealing at cohesion 90, iter 9: Cannot choose from an empty sequence
  Error in anealing at cohesion 90, iter 10: Cannot choose from an empty sequence
  Error in anealing at cohesion 90, iter 11: Cannot choose from an empty sequence
  Error in anealing at cohesion 90, iter 12: Cannot choose from an empty sequence
  Error in anealing at cohesion 90, iter 13: Cannot choose from an empty sequence
  Error in anealing at cohesion 90, iter 14: Cannot choose from an empty sequence
  Error in anealing at cohesion 90, iter 15: Cannot choose from an empty sequence
  Error in anealing at cohesion 90, iter 16: Cannot choose from an empty sequence
  Error in anealing at cohesion 90, iter 17: Cannot choose from an empty sequence
  Error in anealing at cohesion 90, iter 18: Cannot choose from an empty sequence
  Error in anealing at cohesion 90, iter 19: Cannot choose from an empty sequence
  Error in anealing at cohesion 90, iter 20: Cannot choose from an empty sequence
  Error in anealing at cohesion 90, iter 21: Cannot choose from an empty sequence
  Error in anealing at cohesion 90, iter 22: Cannot choose from an empty sequence
  Error in anealing at cohesion 90, iter 23: Cannot choose from an empty sequence
  Error in anealing at cohesion 90, iter 24: Cannot choose from an empty sequence
  Error in anealing at cohesion 90, iter 25: Cannot choose from an empty sequence
  Error in anealing at cohesion 90, iter 26: Cannot choose from an empty sequence
  Error in anealing at cohesion 90, iter 27: Cannot choose from an empty sequence
  Error in anealing at cohesion 90, iter 28: Cannot choose from an empty sequence
  Error in anealing at cohesion 90, iter 29: Cannot choose from an empty sequence
  Error in anealing at cohesion 90, iter 30: Cannot choose from an empty sequence
  Error in anealing at cohesion 90, iter 31: Cannot choose from an empty sequence
  Error in anealing at cohesion 90, iter 32: Cannot choose from an empty sequence
  Error in anealing at cohesion 90, iter 33: Cannot choose from an empty sequence
  Error in anealing at cohesion 90, iter 34: Cannot choose from an empty sequence
  Error in anealing at cohesion 90, iter 35: Cannot choose from an empty sequence
  Error in anealing at cohesion 90, iter 36: Cannot choose from an empty sequence
  Error in anealing at cohesion 90, iter 37: Cannot choose from an empty sequence
  Error in anealing at cohesion 90, iter 38: Cannot choose from an empty sequence
  Error in anealing at cohesion 90, iter 39: Cannot choose from an empty sequence
  Error in anealing at cohesion 90, iter 40: Cannot choose from an empty sequence
  Error in anealing at cohesion 90, iter 41: Cannot choose from an empty sequence
  Error in anealing at cohesion 90, iter 42: Cannot choose from an empty sequence
  Error in anealing at cohesion 90, iter 43: Cannot choose from an empty sequence
  Error in anealing at cohesion 90, iter 44: Cannot choose from an empty sequence
  Error in anealing at cohesion 90, iter 45: Cannot choose from an empty sequence
  Error in anealing at cohesion 90, iter 46: Cannot choose from an empty sequence
  Error in anealing at cohesion 90, iter 47: Cannot choose from an empty sequence
  Error in anealing at cohesion 90, iter 48: Cannot choose from an empty sequence
  Error in anealing at cohesion 90, iter 49: Cannot choose from an empty sequence
  Error in anealing at cohesion 90, iter 50: Cannot choose from an empty sequence
  Error in anealing at cohesion 90, iter 51: Cannot choose from an empty sequence
  Error in anealing at cohesion 90, iter 52: Cannot choose from an empty sequence
  Error in anealing at cohesion 90, iter 53: Cannot choose from an empty sequence
  Error in anealing at cohesion 90, iter 54: Cannot choose from an empty sequence
  Error in anealing at cohesion 90, iter 55: Cannot choose from an empty sequence
  Error in anealing at cohesion 90, iter 56: Cannot choose from an empty sequence
  Error in anealing at cohesion 90, iter 57: Cannot choose from an empty sequence
  Error in anealing at cohesion 90, iter 58: Cannot choose from an empty sequence
  Error in anealing at cohesion 90, iter 59: Cannot choose from an empty sequence
  Error in anealing at cohesion 90, iter 60: Cannot choose from an empty sequence
  Error in anealing at cohesion 90, iter 61: Cannot choose from an empty sequence
  Error in anealing at cohesion 90, iter 62: Cannot choose from an empty sequence
  Error in anealing at cohesion 90, iter 63: Cannot choose from an empty sequence
  Error in anealing at cohesion 90, iter 64: Cannot choose from an empty sequence
  Error in anealing at cohesion 90, iter 65: Cannot choose from an empty sequence
  Error in anealing at cohesion 90, iter 66: Cannot choose from an empty sequence
  Error in anealing at cohesion 90, iter 67: Cannot choose from an empty sequence
  Error in anealing at cohesion 90, iter 68: Cannot choose from an empty sequence
  Error in anealing at cohesion 90, iter 69: Cannot choose from an empty sequence
  Error in anealing at cohesion 90, iter 70: Cannot choose from an empty sequence
  Error in anealing at cohesion 90, iter 71: Cannot choose from an empty sequence
  Error in anealing at cohesion 90, iter 72: Cannot choose from an empty sequence
  Error in anealing at cohesion 90, iter 73: Cannot choose from an empty sequence
  Error in anealing at cohesion 90, iter 74: Cannot choose from an empty sequence
  Error in anealing at cohesion 90, iter 75: Cannot choose from an empty sequence
  Error in anealing at cohesion 90, iter 76: Cannot choose from an empty sequence
  Error in anealing at cohesion 90, iter 77: Cannot choose from an empty sequence
  Error in anealing at cohesion 90, iter 78: Cannot choose from an empty sequence
  Error in anealing at cohesion 90, iter 79: Cannot choose from an empty sequence
  Error in anealing at cohesion 90, iter 80: Cannot choose from an empty sequence
  Error in anealing at cohesion 90, iter 81: Cannot choose from an empty sequence
  Error in anealing at cohesion 90, iter 82: Cannot choose from an empty sequence
  Error in anealing at cohesion 90, iter 83: Cannot choose from an empty sequence
  Error in anealing at cohesion 90, iter 84: Cannot choose from an empty sequence
  Error in anealing at cohesion 90, iter 85: Cannot choose from an empty sequence
  Error in anealing at cohesion 90, iter 86: Cannot choose from an empty sequence
  Error in anealing at cohesion 90, iter 87: Cannot choose from an empty sequence
  Error in anealing at cohesion 90, iter 88: Cannot choose from an empty sequence
  Error in anealing at cohesion 90, iter 89: Cannot choose from an empty sequence
  Error in anealing at cohesion 90, iter 90: Cannot choose from an empty sequence
  Error in anealing at cohesion 90, iter 91: Cannot choose from an empty sequence
  Error in anealing at cohesion 90, iter 92: Cannot choose from an empty sequence
  Error in anealing at cohesion 90, iter 93: Cannot choose from an empty sequence
  Error in anealing at cohesion 90, iter 94: Cannot choose from an empty sequence
  Error in anealing at cohesion 90, iter 95: Cannot choose from an empty sequence
  Error in anealing at cohesion 90, iter 96: Cannot choose from an empty sequence
  Error in anealing at cohesion 90, iter 97: Cannot choose from an empty sequence
  Error in anealing at cohesion 90, iter 98: Cannot choose from an empty sequence
  Error in anealing at cohesion 90, iter 99: Cannot choose from an empty sequence
  Completed 100 iterations for size 8, cohesion 90.
  Error in anealing at cohesion 100, iter 0: Cannot choose from an empty sequence
  Error in anealing at cohesion 100, iter 1: Cannot choose from an empty sequence
  Error in anealing at cohesion 100, iter 2: Cannot choose from an empty sequence
  Error in anealing at cohesion 100, iter 3: Cannot choose from an empty sequence
  Error in anealing at cohesion 100, iter 4: Cannot choose from an empty sequence
  Error in anealing at cohesion 100, iter 5: Cannot choose from an empty sequence
  Error in anealing at cohesion 100, iter 6: Cannot choose from an empty sequence
  Error in anealing at cohesion 100, iter 7: Cannot choose from an empty sequence
  Error in anealing at cohesion 100, iter 8: Cannot choose from an empty sequence
  Error in anealing at cohesion 100, iter 9: Cannot choose from an empty sequence
  Error in anealing at cohesion 100, iter 10: Cannot choose from an empty sequence
  Error in anealing at cohesion 100, iter 11: Cannot choose from an empty sequence
  Error in anealing at cohesion 100, iter 12: Cannot choose from an empty sequence
  Error in anealing at cohesion 100, iter 13: Cannot choose from an empty sequence
  Error in anealing at cohesion 100, iter 14: Cannot choose from an empty sequence
  Error in anealing at cohesion 100, iter 15: Cannot choose from an empty sequence
  Error in anealing at cohesion 100, iter 16: Cannot choose from an empty sequence
  Error in anealing at cohesion 100, iter 17: Cannot choose from an empty sequence
  Error in anealing at cohesion 100, iter 18: Cannot choose from an empty sequence
  Error in anealing at cohesion 100, iter 19: Cannot choose from an empty sequence
  Error in anealing at cohesion 100, iter 20: Cannot choose from an empty sequence
  Error in anealing at cohesion 100, iter 21: Cannot choose from an empty sequence
  Error in anealing at cohesion 100, iter 22: Cannot choose from an empty sequence
  Error in anealing at cohesion 100, iter 23: Cannot choose from an empty sequence
  Error in anealing at cohesion 100, iter 24: Cannot choose from an empty sequence
  Error in anealing at cohesion 100, iter 25: Cannot choose from an empty sequence
  Error in anealing at cohesion 100, iter 26: Cannot choose from an empty sequence
  Error in anealing at cohesion 100, iter 27: Cannot choose from an empty sequence
  Error in anealing at cohesion 100, iter 28: Cannot choose from an empty sequence
  Error in anealing at cohesion 100, iter 29: Cannot choose from an empty sequence
  Error in anealing at cohesion 100, iter 30: Cannot choose from an empty sequence
  Error in anealing at cohesion 100, iter 31: Cannot choose from an empty sequence
  Error in anealing at cohesion 100, iter 32: Cannot choose from an empty sequence
  Error in anealing at cohesion 100, iter 33: Cannot choose from an empty sequence
  Error in anealing at cohesion 100, iter 34: Cannot choose from an empty sequence
  Error in anealing at cohesion 100, iter 35: Cannot choose from an empty sequence
  Error in anealing at cohesion 100, iter 36: Cannot choose from an empty sequence
  Error in anealing at cohesion 100, iter 37: Cannot choose from an empty sequence
  Error in anealing at cohesion 100, iter 38: Cannot choose from an empty sequence
  Error in anealing at cohesion 100, iter 39: Cannot choose from an empty sequence
  Error in anealing at cohesion 100, iter 40: Cannot choose from an empty sequence
  Error in anealing at cohesion 100, iter 41: Cannot choose from an empty sequence
  Error in anealing at cohesion 100, iter 42: Cannot choose from an empty sequence
  Error in anealing at cohesion 100, iter 43: Cannot choose from an empty sequence
  Error in anealing at cohesion 100, iter 44: Cannot choose from an empty sequence
  Error in anealing at cohesion 100, iter 45: Cannot choose from an empty sequence
  Error in anealing at cohesion 100, iter 46: Cannot choose from an empty sequence
  Error in anealing at cohesion 100, iter 47: Cannot choose from an empty sequence
  Error in anealing at cohesion 100, iter 48: Cannot choose from an empty sequence
  Error in anealing at cohesion 100, iter 49: Cannot choose from an empty sequence
  Error in anealing at cohesion 100, iter 50: Cannot choose from an empty sequence
  Error in anealing at cohesion 100, iter 51: Cannot choose from an empty sequence
  Error in anealing at cohesion 100, iter 52: Cannot choose from an empty sequence
  Error in anealing at cohesion 100, iter 53: Cannot choose from an empty sequence
  Error in anealing at cohesion 100, iter 54: Cannot choose from an empty sequence
  Error in anealing at cohesion 100, iter 55: Cannot choose from an empty sequence
  Error in anealing at cohesion 100, iter 56: Cannot choose from an empty sequence
  Error in anealing at cohesion 100, iter 57: Cannot choose from an empty sequence
  Error in anealing at cohesion 100, iter 58: Cannot choose from an empty sequence
  Error in anealing at cohesion 100, iter 59: Cannot choose from an empty sequence
  Error in anealing at cohesion 100, iter 60: Cannot choose from an empty sequence
  Error in anealing at cohesion 100, iter 61: Cannot choose from an empty sequence
  Error in anealing at cohesion 100, iter 62: Cannot choose from an empty sequence
  Error in anealing at cohesion 100, iter 63: Cannot choose from an empty sequence
  Error in anealing at cohesion 100, iter 64: Cannot choose from an empty sequence
  Error in anealing at cohesion 100, iter 65: Cannot choose from an empty sequence
  Error in anealing at cohesion 100, iter 66: Cannot choose from an empty sequence
  Error in anealing at cohesion 100, iter 67: Cannot choose from an empty sequence
  Error in anealing at cohesion 100, iter 68: Cannot choose from an empty sequence
  Error in anealing at cohesion 100, iter 69: Cannot choose from an empty sequence
  Error in anealing at cohesion 100, iter 70: Cannot choose from an empty sequence
  Error in anealing at cohesion 100, iter 71: Cannot choose from an empty sequence
  Error in anealing at cohesion 100, iter 72: Cannot choose from an empty sequence
  Error in anealing at cohesion 100, iter 73: Cannot choose from an empty sequence
  Error in anealing at cohesion 100, iter 74: Cannot choose from an empty sequence
  Error in anealing at cohesion 100, iter 75: Cannot choose from an empty sequence
  Error in anealing at cohesion 100, iter 76: Cannot choose from an empty sequence
  Error in anealing at cohesion 100, iter 77: Cannot choose from an empty sequence
  Error in anealing at cohesion 100, iter 78: Cannot choose from an empty sequence
  Error in anealing at cohesion 100, iter 79: Cannot choose from an empty sequence
  Error in anealing at cohesion 100, iter 80: Cannot choose from an empty sequence
  Error in anealing at cohesion 100, iter 81: Cannot choose from an empty sequence
  Error in anealing at cohesion 100, iter 82: Cannot choose from an empty sequence
  Error in anealing at cohesion 100, iter 83: Cannot choose from an empty sequence
  Error in anealing at cohesion 100, iter 84: Cannot choose from an empty sequence
  Error in anealing at cohesion 100, iter 85: Cannot choose from an empty sequence
  Error in anealing at cohesion 100, iter 86: Cannot choose from an empty sequence
  Error in anealing at cohesion 100, iter 87: Cannot choose from an empty sequence
  Error in anealing at cohesion 100, iter 88: Cannot choose from an empty sequence
  Error in anealing at cohesion 100, iter 89: Cannot choose from an empty sequence
  Error in anealing at cohesion 100, iter 90: Cannot choose from an empty sequence
  Error in anealing at cohesion 100, iter 91: Cannot choose from an empty sequence
  Error in anealing at cohesion 100, iter 92: Cannot choose from an empty sequence
  Error in anealing at cohesion 100, iter 93: Cannot choose from an empty sequence
  Error in anealing at cohesion 100, iter 94: Cannot choose from an empty sequence
  Error in anealing at cohesion 100, iter 95: Cannot choose from an empty sequence
  Error in anealing at cohesion 100, iter 96: Cannot choose from an empty sequence
  Error in anealing at cohesion 100, iter 97: Cannot choose from an empty sequence
  Error in anealing at cohesion 100, iter 98: Cannot choose from an empty sequence
  Error in anealing at cohesion 100, iter 99: Cannot choose from an empty sequence
  Completed 100 iterations for size 8, cohesion 100.
  Error in anealing at cohesion 0, iter 0: Cannot choose from an empty sequence
  Error in anealing at cohesion 0, iter 1: Cannot choose from an empty sequence
  Error in anealing at cohesion 0, iter 2: Cannot choose from an empty sequence
  Error in anealing at cohesion 0, iter 3: Cannot choose from an empty sequence
  Error in anealing at cohesion 0, iter 4: Cannot choose from an empty sequence
  Error in anealing at cohesion 0, iter 5: Cannot choose from an empty sequence
  Error in anealing at cohesion 0, iter 6: Cannot choose from an empty sequence
  Error in anealing at cohesion 0, iter 7: Cannot choose from an empty sequence
  Error in anealing at cohesion 0, iter 8: Cannot choose from an empty sequence
  Error in anealing at cohesion 0, iter 9: Cannot choose from an empty sequence
  Error in anealing at cohesion 0, iter 10: Cannot choose from an empty sequence
  Error in anealing at cohesion 0, iter 11: Cannot choose from an empty sequence
  Error in anealing at cohesion 0, iter 12: Cannot choose from an empty sequence
  Error in anealing at cohesion 0, iter 13: Cannot choose from an empty sequence
  Error in anealing at cohesion 0, iter 14: Cannot choose from an empty sequence
  Error in anealing at cohesion 0, iter 15: Cannot choose from an empty sequence
  Error in anealing at cohesion 0, iter 16: Cannot choose from an empty sequence
  Error in anealing at cohesion 0, iter 17: Cannot choose from an empty sequence
  Error in anealing at cohesion 0, iter 18: Cannot choose from an empty sequence
  Error in anealing at cohesion 0, iter 19: Cannot choose from an empty sequence
  Error in anealing at cohesion 0, iter 20: Cannot choose from an empty sequence
  Error in anealing at cohesion 0, iter 21: Cannot choose from an empty sequence
  Error in anealing at cohesion 0, iter 22: Cannot choose from an empty sequence
  Error in anealing at cohesion 0, iter 23: Cannot choose from an empty sequence
  Error in anealing at cohesion 0, iter 24: Cannot choose from an empty sequence
  Error in anealing at cohesion 0, iter 25: Cannot choose from an empty sequence
  Error in anealing at cohesion 0, iter 26: Cannot choose from an empty sequence
  Error in anealing at cohesion 0, iter 27: Cannot choose from an empty sequence
  Error in anealing at cohesion 0, iter 28: Cannot choose from an empty sequence
  Error in anealing at cohesion 0, iter 29: Cannot choose from an empty sequence
  Error in anealing at cohesion 0, iter 30: Cannot choose from an empty sequence
  Error in anealing at cohesion 0, iter 31: Cannot choose from an empty sequence
  Error in anealing at cohesion 0, iter 32: Cannot choose from an empty sequence
  Error in anealing at cohesion 0, iter 33: Cannot choose from an empty sequence
  Error in anealing at cohesion 0, iter 34: Cannot choose from an empty sequence
  Error in anealing at cohesion 0, iter 35: Cannot choose from an empty sequence
  Error in anealing at cohesion 0, iter 36: Cannot choose from an empty sequence
  Error in anealing at cohesion 0, iter 37: Cannot choose from an empty sequence
  Error in anealing at cohesion 0, iter 38: Cannot choose from an empty sequence
  Error in anealing at cohesion 0, iter 39: Cannot choose from an empty sequence
  Error in anealing at cohesion 0, iter 40: Cannot choose from an empty sequence
  Error in anealing at cohesion 0, iter 41: Cannot choose from an empty sequence
  Error in anealing at cohesion 0, iter 42: Cannot choose from an empty sequence
  Error in anealing at cohesion 0, iter 43: Cannot choose from an empty sequence
  Error in anealing at cohesion 0, iter 44: Cannot choose from an empty sequence
  Error in anealing at cohesion 0, iter 45: Cannot choose from an empty sequence
  Error in anealing at cohesion 0, iter 46: Cannot choose from an empty sequence
  Error in anealing at cohesion 0, iter 47: Cannot choose from an empty sequence
  Error in anealing at cohesion 0, iter 48: Cannot choose from an empty sequence
  Error in anealing at cohesion 0, iter 49: Cannot choose from an empty sequence
  Error in anealing at cohesion 0, iter 50: Cannot choose from an empty sequence
  Error in anealing at cohesion 0, iter 51: Cannot choose from an empty sequence
  Error in anealing at cohesion 0, iter 52: Cannot choose from an empty sequence
  Error in anealing at cohesion 0, iter 53: Cannot choose from an empty sequence
  Error in anealing at cohesion 0, iter 54: Cannot choose from an empty sequence
  Error in anealing at cohesion 0, iter 55: Cannot choose from an empty sequence
  Error in anealing at cohesion 0, iter 56: Cannot choose from an empty sequence
  Error in anealing at cohesion 0, iter 57: Cannot choose from an empty sequence
  Error in anealing at cohesion 0, iter 58: Cannot choose from an empty sequence
  Error in anealing at cohesion 0, iter 59: Cannot choose from an empty sequence
  Error in anealing at cohesion 0, iter 60: Cannot choose from an empty sequence
  Error in anealing at cohesion 0, iter 61: Cannot choose from an empty sequence
  Error in anealing at cohesion 0, iter 62: Cannot choose from an empty sequence
  Error in anealing at cohesion 0, iter 63: Cannot choose from an empty sequence
  Error in anealing at cohesion 0, iter 64: Cannot choose from an empty sequence
  Error in anealing at cohesion 0, iter 65: Cannot choose from an empty sequence
  Error in anealing at cohesion 0, iter 66: Cannot choose from an empty sequence
  Error in anealing at cohesion 0, iter 67: Cannot choose from an empty sequence
  Error in anealing at cohesion 0, iter 68: Cannot choose from an empty sequence
  Error in anealing at cohesion 0, iter 69: Cannot choose from an empty sequence
  Error in anealing at cohesion 0, iter 70: Cannot choose from an empty sequence
  Error in anealing at cohesion 0, iter 71: Cannot choose from an empty sequence
  Error in anealing at cohesion 0, iter 72: Cannot choose from an empty sequence
  Error in anealing at cohesion 0, iter 73: Cannot choose from an empty sequence
  Error in anealing at cohesion 0, iter 74: Cannot choose from an empty sequence
  Error in anealing at cohesion 0, iter 75: Cannot choose from an empty sequence
  Error in anealing at cohesion 0, iter 76: Cannot choose from an empty sequence
  Error in anealing at cohesion 0, iter 77: Cannot choose from an empty sequence
  Error in anealing at cohesion 0, iter 78: Cannot choose from an empty sequence
  Error in anealing at cohesion 0, iter 79: Cannot choose from an empty sequence
  Error in anealing at cohesion 0, iter 80: Cannot choose from an empty sequence
  Error in anealing at cohesion 0, iter 81: Cannot choose from an empty sequence
  Error in anealing at cohesion 0, iter 82: Cannot choose from an empty sequence
  Error in anealing at cohesion 0, iter 83: Cannot choose from an empty sequence
  Error in anealing at cohesion 0, iter 84: Cannot choose from an empty sequence
  Error in anealing at cohesion 0, iter 85: Cannot choose from an empty sequence
  Error in anealing at cohesion 0, iter 86: Cannot choose from an empty sequence
  Error in anealing at cohesion 0, iter 87: Cannot choose from an empty sequence
  Error in anealing at cohesion 0, iter 88: Cannot choose from an empty sequence
  Error in anealing at cohesion 0, iter 89: Cannot choose from an empty sequence
  Error in anealing at cohesion 0, iter 90: Cannot choose from an empty sequence
  Error in anealing at cohesion 0, iter 91: Cannot choose from an empty sequence
  Error in anealing at cohesion 0, iter 92: Cannot choose from an empty sequence
  Error in anealing at cohesion 0, iter 93: Cannot choose from an empty sequence
  Error in anealing at cohesion 0, iter 94: Cannot choose from an empty sequence
  Error in anealing at cohesion 0, iter 95: Cannot choose from an empty sequence
  Error in anealing at cohesion 0, iter 96: Cannot choose from an empty sequence
  Error in anealing at cohesion 0, iter 97: Cannot choose from an empty sequence
  Error in anealing at cohesion 0, iter 98: Cannot choose from an empty sequence
  Error in anealing at cohesion 0, iter 99: Cannot choose from an empty sequence
  Completed 100 iterations for size 30, cohesion 0.
  Error in anealing at cohesion 10, iter 0: Cannot choose from an empty sequence
  Error in anealing at cohesion 10, iter 1: Cannot choose from an empty sequence
  Error in anealing at cohesion 10, iter 2: Cannot choose from an empty sequence
  Error in anealing at cohesion 10, iter 3: Cannot choose from an empty sequence
  Error in anealing at cohesion 10, iter 4: Cannot choose from an empty sequence
  Error in anealing at cohesion 10, iter 5: Cannot choose from an empty sequence
  Error in anealing at cohesion 10, iter 6: Cannot choose from an empty sequence
  Error in anealing at cohesion 10, iter 7: Cannot choose from an empty sequence
  Error in anealing at cohesion 10, iter 8: Cannot choose from an empty sequence
  Error in anealing at cohesion 10, iter 9: Cannot choose from an empty sequence
  Error in anealing at cohesion 10, iter 10: Cannot choose from an empty sequence
  Error in anealing at cohesion 10, iter 11: Cannot choose from an empty sequence
  Error in anealing at cohesion 10, iter 12: Cannot choose from an empty sequence
  Error in anealing at cohesion 10, iter 13: Cannot choose from an empty sequence
  Error in anealing at cohesion 10, iter 14: Cannot choose from an empty sequence
  Error in anealing at cohesion 10, iter 15: Cannot choose from an empty sequence
  Error in anealing at cohesion 10, iter 16: Cannot choose from an empty sequence
  Error in anealing at cohesion 10, iter 17: Cannot choose from an empty sequence
  Error in anealing at cohesion 10, iter 18: Cannot choose from an empty sequence
  Error in anealing at cohesion 10, iter 19: Cannot choose from an empty sequence
  Error in anealing at cohesion 10, iter 20: Cannot choose from an empty sequence
  Error in anealing at cohesion 10, iter 21: Cannot choose from an empty sequence
  Error in anealing at cohesion 10, iter 22: Cannot choose from an empty sequence
  Error in anealing at cohesion 10, iter 23: Cannot choose from an empty sequence
  Error in anealing at cohesion 10, iter 24: Cannot choose from an empty sequence
  Error in anealing at cohesion 10, iter 25: Cannot choose from an empty sequence
  Error in anealing at cohesion 10, iter 26: Cannot choose from an empty sequence
  Error in anealing at cohesion 10, iter 27: Cannot choose from an empty sequence
  Error in anealing at cohesion 10, iter 28: Cannot choose from an empty sequence
  Error in anealing at cohesion 10, iter 29: Cannot choose from an empty sequence
  Error in anealing at cohesion 10, iter 30: Cannot choose from an empty sequence
  Error in anealing at cohesion 10, iter 31: Cannot choose from an empty sequence
  Error in anealing at cohesion 10, iter 32: Cannot choose from an empty sequence
  Error in anealing at cohesion 10, iter 33: Cannot choose from an empty sequence
  Error in anealing at cohesion 10, iter 34: Cannot choose from an empty sequence
  Error in anealing at cohesion 10, iter 35: Cannot choose from an empty sequence
  Error in anealing at cohesion 10, iter 36: Cannot choose from an empty sequence
  Error in anealing at cohesion 10, iter 37: Cannot choose from an empty sequence
  Error in anealing at cohesion 10, iter 38: Cannot choose from an empty sequence
  Error in anealing at cohesion 10, iter 39: Cannot choose from an empty sequence
  Error in anealing at cohesion 10, iter 40: Cannot choose from an empty sequence
  Error in anealing at cohesion 10, iter 41: Cannot choose from an empty sequence
  Error in anealing at cohesion 10, iter 42: Cannot choose from an empty sequence
  Error in anealing at cohesion 10, iter 43: Cannot choose from an empty sequence
  Error in anealing at cohesion 10, iter 44: Cannot choose from an empty sequence
  Error in anealing at cohesion 10, iter 45: Cannot choose from an empty sequence
  Error in anealing at cohesion 10, iter 46: Cannot choose from an empty sequence
  Error in anealing at cohesion 10, iter 47: Cannot choose from an empty sequence
  Error in anealing at cohesion 10, iter 48: Cannot choose from an empty sequence
  Error in anealing at cohesion 10, iter 49: Cannot choose from an empty sequence
  Error in anealing at cohesion 10, iter 50: Cannot choose from an empty sequence
  Error in anealing at cohesion 10, iter 51: Cannot choose from an empty sequence
  Error in anealing at cohesion 10, iter 52: Cannot choose from an empty sequence
  Error in anealing at cohesion 10, iter 53: Cannot choose from an empty sequence
  Error in anealing at cohesion 10, iter 54: Cannot choose from an empty sequence
  Error in anealing at cohesion 10, iter 55: Cannot choose from an empty sequence
  Error in anealing at cohesion 10, iter 56: Cannot choose from an empty sequence
  Error in anealing at cohesion 10, iter 57: Cannot choose from an empty sequence
  Error in anealing at cohesion 10, iter 58: Cannot choose from an empty sequence
  Error in anealing at cohesion 10, iter 59: Cannot choose from an empty sequence
  Error in anealing at cohesion 10, iter 60: Cannot choose from an empty sequence
  Error in anealing at cohesion 10, iter 61: Cannot choose from an empty sequence
  Error in anealing at cohesion 10, iter 62: Cannot choose from an empty sequence
  Error in anealing at cohesion 10, iter 63: Cannot choose from an empty sequence
  Error in anealing at cohesion 10, iter 64: Cannot choose from an empty sequence
  Error in anealing at cohesion 10, iter 65: Cannot choose from an empty sequence
  Error in anealing at cohesion 10, iter 66: Cannot choose from an empty sequence
  Error in anealing at cohesion 10, iter 67: Cannot choose from an empty sequence
  Error in anealing at cohesion 10, iter 68: Cannot choose from an empty sequence
  Error in anealing at cohesion 10, iter 69: Cannot choose from an empty sequence
  Error in anealing at cohesion 10, iter 70: Cannot choose from an empty sequence
  Error in anealing at cohesion 10, iter 71: Cannot choose from an empty sequence
  Error in anealing at cohesion 10, iter 72: Cannot choose from an empty sequence
  Error in anealing at cohesion 10, iter 73: Cannot choose from an empty sequence
  Error in anealing at cohesion 10, iter 74: Cannot choose from an empty sequence
  Error in anealing at cohesion 10, iter 75: Cannot choose from an empty sequence
  Error in anealing at cohesion 10, iter 76: Cannot choose from an empty sequence
  Error in anealing at cohesion 10, iter 77: Cannot choose from an empty sequence
  Error in anealing at cohesion 10, iter 78: Cannot choose from an empty sequence
  Error in anealing at cohesion 10, iter 79: Cannot choose from an empty sequence
  Error in anealing at cohesion 10, iter 80: Cannot choose from an empty sequence
  Error in anealing at cohesion 10, iter 81: Cannot choose from an empty sequence
  Error in anealing at cohesion 10, iter 82: Cannot choose from an empty sequence
  Error in anealing at cohesion 10, iter 83: Cannot choose from an empty sequence
  Error in anealing at cohesion 10, iter 84: Cannot choose from an empty sequence
  Error in anealing at cohesion 10, iter 85: Cannot choose from an empty sequence
  Error in anealing at cohesion 10, iter 86: Cannot choose from an empty sequence
  Error in anealing at cohesion 10, iter 87: Cannot choose from an empty sequence
  Error in anealing at cohesion 10, iter 88: Cannot choose from an empty sequence
  Error in anealing at cohesion 10, iter 89: Cannot choose from an empty sequence
  Error in anealing at cohesion 10, iter 90: Cannot choose from an empty sequence
  Error in anealing at cohesion 10, iter 91: Cannot choose from an empty sequence
  Error in anealing at cohesion 10, iter 92: Cannot choose from an empty sequence
  Error in anealing at cohesion 10, iter 93: Cannot choose from an empty sequence
  Error in anealing at cohesion 10, iter 94: Cannot choose from an empty sequence
  Error in anealing at cohesion 10, iter 95: Cannot choose from an empty sequence
  Error in anealing at cohesion 10, iter 96: Cannot choose from an empty sequence
  Error in anealing at cohesion 10, iter 97: Cannot choose from an empty sequence
  Error in anealing at cohesion 10, iter 98: Cannot choose from an empty sequence
  Error in anealing at cohesion 10, iter 99: Cannot choose from an empty sequence
  Completed 100 iterations for size 30, cohesion 10.
  Error in anealing at cohesion 20, iter 0: Cannot choose from an empty sequence
  Error in anealing at cohesion 20, iter 1: Cannot choose from an empty sequence
  Error in anealing at cohesion 20, iter 2: Cannot choose from an empty sequence
  Error in anealing at cohesion 20, iter 3: Cannot choose from an empty sequence
  Error in anealing at cohesion 20, iter 4: Cannot choose from an empty sequence
  Error in anealing at cohesion 20, iter 5: Cannot choose from an empty sequence
  Error in anealing at cohesion 20, iter 6: Cannot choose from an empty sequence
  Error in anealing at cohesion 20, iter 7: Cannot choose from an empty sequence
  Error in anealing at cohesion 20, iter 8: Cannot choose from an empty sequence
  Error in anealing at cohesion 20, iter 9: Cannot choose from an empty sequence
  Error in anealing at cohesion 20, iter 10: Cannot choose from an empty sequence
  Error in anealing at cohesion 20, iter 11: Cannot choose from an empty sequence
  Error in anealing at cohesion 20, iter 12: Cannot choose from an empty sequence
  Error in anealing at cohesion 20, iter 13: Cannot choose from an empty sequence
  Error in anealing at cohesion 20, iter 14: Cannot choose from an empty sequence
  Error in anealing at cohesion 20, iter 15: Cannot choose from an empty sequence
  Error in anealing at cohesion 20, iter 16: Cannot choose from an empty sequence
  Error in anealing at cohesion 20, iter 17: Cannot choose from an empty sequence
  Error in anealing at cohesion 20, iter 18: Cannot choose from an empty sequence
  Error in anealing at cohesion 20, iter 19: Cannot choose from an empty sequence
  Error in anealing at cohesion 20, iter 20: Cannot choose from an empty sequence
  Error in anealing at cohesion 20, iter 21: Cannot choose from an empty sequence
  Error in anealing at cohesion 20, iter 22: Cannot choose from an empty sequence
  Error in anealing at cohesion 20, iter 23: Cannot choose from an empty sequence
  Error in anealing at cohesion 20, iter 24: Cannot choose from an empty sequence
  Error in anealing at cohesion 20, iter 25: Cannot choose from an empty sequence
  Error in anealing at cohesion 20, iter 26: Cannot choose from an empty sequence
  Error in anealing at cohesion 20, iter 27: Cannot choose from an empty sequence
  Error in anealing at cohesion 20, iter 28: Cannot choose from an empty sequence
  Error in anealing at cohesion 20, iter 29: Cannot choose from an empty sequence
  Error in anealing at cohesion 20, iter 30: Cannot choose from an empty sequence
  Error in anealing at cohesion 20, iter 31: Cannot choose from an empty sequence
  Error in anealing at cohesion 20, iter 32: Cannot choose from an empty sequence
  Error in anealing at cohesion 20, iter 33: Cannot choose from an empty sequence
  Error in anealing at cohesion 20, iter 34: Cannot choose from an empty sequence
  Error in anealing at cohesion 20, iter 35: Cannot choose from an empty sequence
  Error in anealing at cohesion 20, iter 36: Cannot choose from an empty sequence
  Error in anealing at cohesion 20, iter 37: Cannot choose from an empty sequence
  Error in anealing at cohesion 20, iter 38: Cannot choose from an empty sequence
  Error in anealing at cohesion 20, iter 39: Cannot choose from an empty sequence
  Error in anealing at cohesion 20, iter 40: Cannot choose from an empty sequence
  Error in anealing at cohesion 20, iter 41: Cannot choose from an empty sequence
  Error in anealing at cohesion 20, iter 42: Cannot choose from an empty sequence
  Error in anealing at cohesion 20, iter 43: Cannot choose from an empty sequence
  Error in anealing at cohesion 20, iter 44: Cannot choose from an empty sequence
  Error in anealing at cohesion 20, iter 45: Cannot choose from an empty sequence
  Error in anealing at cohesion 20, iter 46: Cannot choose from an empty sequence
  Error in anealing at cohesion 20, iter 47: Cannot choose from an empty sequence
  Error in anealing at cohesion 20, iter 48: Cannot choose from an empty sequence
  Error in anealing at cohesion 20, iter 49: Cannot choose from an empty sequence
  Error in anealing at cohesion 20, iter 50: Cannot choose from an empty sequence
  Error in anealing at cohesion 20, iter 51: Cannot choose from an empty sequence
  Error in anealing at cohesion 20, iter 52: Cannot choose from an empty sequence
  Error in anealing at cohesion 20, iter 53: Cannot choose from an empty sequence
  Error in anealing at cohesion 20, iter 54: Cannot choose from an empty sequence
  Error in anealing at cohesion 20, iter 55: Cannot choose from an empty sequence
  Error in anealing at cohesion 20, iter 56: Cannot choose from an empty sequence
  Error in anealing at cohesion 20, iter 57: Cannot choose from an empty sequence
  Error in anealing at cohesion 20, iter 58: Cannot choose from an empty sequence
  Error in anealing at cohesion 20, iter 59: Cannot choose from an empty sequence
  Error in anealing at cohesion 20, iter 60: Cannot choose from an empty sequence
  Error in anealing at cohesion 20, iter 61: Cannot choose from an empty sequence
  Error in anealing at cohesion 20, iter 62: Cannot choose from an empty sequence
  Error in anealing at cohesion 20, iter 63: Cannot choose from an empty sequence
  Error in anealing at cohesion 20, iter 64: Cannot choose from an empty sequence
  Error in anealing at cohesion 20, iter 65: Cannot choose from an empty sequence
  Error in anealing at cohesion 20, iter 66: Cannot choose from an empty sequence
  Error in anealing at cohesion 20, iter 67: Cannot choose from an empty sequence
  Error in anealing at cohesion 20, iter 68: Cannot choose from an empty sequence
  Error in anealing at cohesion 20, iter 69: Cannot choose from an empty sequence
  Error in anealing at cohesion 20, iter 70: Cannot choose from an empty sequence
  Error in anealing at cohesion 20, iter 71: Cannot choose from an empty sequence
  Error in anealing at cohesion 20, iter 72: Cannot choose from an empty sequence
  Error in anealing at cohesion 20, iter 73: Cannot choose from an empty sequence
  Error in anealing at cohesion 20, iter 74: Cannot choose from an empty sequence
  Error in anealing at cohesion 20, iter 75: Cannot choose from an empty sequence
  Error in anealing at cohesion 20, iter 76: Cannot choose from an empty sequence
  Error in anealing at cohesion 20, iter 77: Cannot choose from an empty sequence
  Error in anealing at cohesion 20, iter 78: Cannot choose from an empty sequence
  Error in anealing at cohesion 20, iter 79: Cannot choose from an empty sequence
  Error in anealing at cohesion 20, iter 80: Cannot choose from an empty sequence
  Error in anealing at cohesion 20, iter 81: Cannot choose from an empty sequence
  Error in anealing at cohesion 20, iter 82: Cannot choose from an empty sequence
  Error in anealing at cohesion 20, iter 83: Cannot choose from an empty sequence
  Error in anealing at cohesion 20, iter 84: Cannot choose from an empty sequence
  Error in anealing at cohesion 20, iter 85: Cannot choose from an empty sequence
  Error in anealing at cohesion 20, iter 86: Cannot choose from an empty sequence
  Error in anealing at cohesion 20, iter 87: Cannot choose from an empty sequence
  Error in anealing at cohesion 20, iter 88: Cannot choose from an empty sequence
  Error in anealing at cohesion 20, iter 89: Cannot choose from an empty sequence
  Error in anealing at cohesion 20, iter 90: Cannot choose from an empty sequence
  Error in anealing at cohesion 20, iter 91: Cannot choose from an empty sequence
  Error in anealing at cohesion 20, iter 92: Cannot choose from an empty sequence
  Error in anealing at cohesion 20, iter 93: Cannot choose from an empty sequence
  Error in anealing at cohesion 20, iter 94: Cannot choose from an empty sequence
  Error in anealing at cohesion 20, iter 95: Cannot choose from an empty sequence
  Error in anealing at cohesion 20, iter 96: Cannot choose from an empty sequence
  Error in anealing at cohesion 20, iter 97: Cannot choose from an empty sequence
  Error in anealing at cohesion 20, iter 98: Cannot choose from an empty sequence
  Error in anealing at cohesion 20, iter 99: Cannot choose from an empty sequence
  Completed 100 iterations for size 30, cohesion 20.
  Error in anealing at cohesion 30, iter 0: Cannot choose from an empty sequence
  Error in anealing at cohesion 30, iter 1: Cannot choose from an empty sequence
  Error in anealing at cohesion 30, iter 2: Cannot choose from an empty sequence
  Error in anealing at cohesion 30, iter 3: Cannot choose from an empty sequence
  Error in anealing at cohesion 30, iter 4: Cannot choose from an empty sequence
  Error in anealing at cohesion 30, iter 5: Cannot choose from an empty sequence
  Error in anealing at cohesion 30, iter 6: Cannot choose from an empty sequence
  Error in anealing at cohesion 30, iter 7: Cannot choose from an empty sequence
  Error in anealing at cohesion 30, iter 8: Cannot choose from an empty sequence
  Error in anealing at cohesion 30, iter 9: Cannot choose from an empty sequence
  Error in anealing at cohesion 30, iter 10: Cannot choose from an empty sequence
  Error in anealing at cohesion 30, iter 11: Cannot choose from an empty sequence
  Error in anealing at cohesion 30, iter 12: Cannot choose from an empty sequence
  Error in anealing at cohesion 30, iter 13: Cannot choose from an empty sequence
  Error in anealing at cohesion 30, iter 14: Cannot choose from an empty sequence
  Error in anealing at cohesion 30, iter 15: Cannot choose from an empty sequence
  Error in anealing at cohesion 30, iter 16: Cannot choose from an empty sequence
  Error in anealing at cohesion 30, iter 17: Cannot choose from an empty sequence
  Error in anealing at cohesion 30, iter 18: Cannot choose from an empty sequence
  Error in anealing at cohesion 30, iter 19: Cannot choose from an empty sequence
  Error in anealing at cohesion 30, iter 20: Cannot choose from an empty sequence
  Error in anealing at cohesion 30, iter 21: Cannot choose from an empty sequence
  Error in anealing at cohesion 30, iter 22: Cannot choose from an empty sequence
  Error in anealing at cohesion 30, iter 23: Cannot choose from an empty sequence
  Error in anealing at cohesion 30, iter 24: Cannot choose from an empty sequence
  Error in anealing at cohesion 30, iter 25: Cannot choose from an empty sequence
  Error in anealing at cohesion 30, iter 26: Cannot choose from an empty sequence
  Error in anealing at cohesion 30, iter 27: Cannot choose from an empty sequence
  Error in anealing at cohesion 30, iter 28: Cannot choose from an empty sequence
  Error in anealing at cohesion 30, iter 29: Cannot choose from an empty sequence
  Error in anealing at cohesion 30, iter 30: Cannot choose from an empty sequence
  Error in anealing at cohesion 30, iter 31: Cannot choose from an empty sequence
  Error in anealing at cohesion 30, iter 32: Cannot choose from an empty sequence
  Error in anealing at cohesion 30, iter 33: Cannot choose from an empty sequence
  Error in anealing at cohesion 30, iter 34: Cannot choose from an empty sequence
  Error in anealing at cohesion 30, iter 35: Cannot choose from an empty sequence
  Error in anealing at cohesion 30, iter 36: Cannot choose from an empty sequence
  Error in anealing at cohesion 30, iter 37: Cannot choose from an empty sequence
  Error in anealing at cohesion 30, iter 38: Cannot choose from an empty sequence
  Error in anealing at cohesion 30, iter 39: Cannot choose from an empty sequence
  Error in anealing at cohesion 30, iter 40: Cannot choose from an empty sequence
  Error in anealing at cohesion 30, iter 41: Cannot choose from an empty sequence
  Error in anealing at cohesion 30, iter 42: Cannot choose from an empty sequence
  Error in anealing at cohesion 30, iter 43: Cannot choose from an empty sequence
  Error in anealing at cohesion 30, iter 44: Cannot choose from an empty sequence
  Error in anealing at cohesion 30, iter 45: Cannot choose from an empty sequence
  Error in anealing at cohesion 30, iter 46: Cannot choose from an empty sequence
  Error in anealing at cohesion 30, iter 47: Cannot choose from an empty sequence
  Error in anealing at cohesion 30, iter 48: Cannot choose from an empty sequence
  Error in anealing at cohesion 30, iter 49: Cannot choose from an empty sequence
  Error in anealing at cohesion 30, iter 50: Cannot choose from an empty sequence
  Error in anealing at cohesion 30, iter 51: Cannot choose from an empty sequence
  Error in anealing at cohesion 30, iter 52: Cannot choose from an empty sequence
  Error in anealing at cohesion 30, iter 53: Cannot choose from an empty sequence
  Error in anealing at cohesion 30, iter 54: Cannot choose from an empty sequence
  Error in anealing at cohesion 30, iter 55: Cannot choose from an empty sequence
  Error in anealing at cohesion 30, iter 56: Cannot choose from an empty sequence
  Error in anealing at cohesion 30, iter 57: Cannot choose from an empty sequence
  Error in anealing at cohesion 30, iter 58: Cannot choose from an empty sequence
  Error in anealing at cohesion 30, iter 59: Cannot choose from an empty sequence
  Error in anealing at cohesion 30, iter 60: Cannot choose from an empty sequence
  Error in anealing at cohesion 30, iter 61: Cannot choose from an empty sequence
  Error in anealing at cohesion 30, iter 62: Cannot choose from an empty sequence
  Error in anealing at cohesion 30, iter 63: Cannot choose from an empty sequence
  Error in anealing at cohesion 30, iter 64: Cannot choose from an empty sequence
  Error in anealing at cohesion 30, iter 65: Cannot choose from an empty sequence
  Error in anealing at cohesion 30, iter 66: Cannot choose from an empty sequence
  Error in anealing at cohesion 30, iter 67: Cannot choose from an empty sequence
  Error in anealing at cohesion 30, iter 68: Cannot choose from an empty sequence
  Error in anealing at cohesion 30, iter 69: Cannot choose from an empty sequence
  Error in anealing at cohesion 30, iter 70: Cannot choose from an empty sequence
  Error in anealing at cohesion 30, iter 71: Cannot choose from an empty sequence
  Error in anealing at cohesion 30, iter 72: Cannot choose from an empty sequence
  Error in anealing at cohesion 30, iter 73: Cannot choose from an empty sequence
  Error in anealing at cohesion 30, iter 74: Cannot choose from an empty sequence
  Error in anealing at cohesion 30, iter 75: Cannot choose from an empty sequence
  Error in anealing at cohesion 30, iter 76: Cannot choose from an empty sequence
  Error in anealing at cohesion 30, iter 77: Cannot choose from an empty sequence
  Error in anealing at cohesion 30, iter 78: Cannot choose from an empty sequence
  Error in anealing at cohesion 30, iter 79: Cannot choose from an empty sequence
  Error in anealing at cohesion 30, iter 80: Cannot choose from an empty sequence
  Error in anealing at cohesion 30, iter 81: Cannot choose from an empty sequence
  Error in anealing at cohesion 30, iter 82: Cannot choose from an empty sequence
  Error in anealing at cohesion 30, iter 83: Cannot choose from an empty sequence
  Error in anealing at cohesion 30, iter 84: Cannot choose from an empty sequence
  Error in anealing at cohesion 30, iter 85: Cannot choose from an empty sequence
  Error in anealing at cohesion 30, iter 86: Cannot choose from an empty sequence
  Error in anealing at cohesion 30, iter 87: Cannot choose from an empty sequence
  Error in anealing at cohesion 30, iter 88: Cannot choose from an empty sequence
  Error in anealing at cohesion 30, iter 89: Cannot choose from an empty sequence
  Error in anealing at cohesion 30, iter 90: Cannot choose from an empty sequence
  Error in anealing at cohesion 30, iter 91: Cannot choose from an empty sequence
  Error in anealing at cohesion 30, iter 92: Cannot choose from an empty sequence
  Error in anealing at cohesion 30, iter 93: Cannot choose from an empty sequence
  Error in anealing at cohesion 30, iter 94: Cannot choose from an empty sequence
  Error in anealing at cohesion 30, iter 95: Cannot choose from an empty sequence
  Error in anealing at cohesion 30, iter 96: Cannot choose from an empty sequence
  Error in anealing at cohesion 30, iter 97: Cannot choose from an empty sequence
  Error in anealing at cohesion 30, iter 98: Cannot choose from an empty sequence
  Error in anealing at cohesion 30, iter 99: Cannot choose from an empty sequence
  Completed 100 iterations for size 30, cohesion 30.
  Error in anealing at cohesion 40, iter 0: Cannot choose from an empty sequence
  Error in anealing at cohesion 40, iter 1: Cannot choose from an empty sequence
  Error in anealing at cohesion 40, iter 2: Cannot choose from an empty sequence
  Error in anealing at cohesion 40, iter 3: Cannot choose from an empty sequence
  Error in anealing at cohesion 40, iter 4: Cannot choose from an empty sequence
  Error in anealing at cohesion 40, iter 5: Cannot choose from an empty sequence
  Error in anealing at cohesion 40, iter 6: Cannot choose from an empty sequence
  Error in anealing at cohesion 40, iter 7: Cannot choose from an empty sequence
  Error in anealing at cohesion 40, iter 8: Cannot choose from an empty sequence
  Error in anealing at cohesion 40, iter 9: Cannot choose from an empty sequence
  Error in anealing at cohesion 40, iter 10: Cannot choose from an empty sequence
  Error in anealing at cohesion 40, iter 11: Cannot choose from an empty sequence
  Error in anealing at cohesion 40, iter 12: Cannot choose from an empty sequence
  Error in anealing at cohesion 40, iter 13: Cannot choose from an empty sequence
  Error in anealing at cohesion 40, iter 14: Cannot choose from an empty sequence
  Error in anealing at cohesion 40, iter 15: Cannot choose from an empty sequence
  Error in anealing at cohesion 40, iter 16: Cannot choose from an empty sequence
  Error in anealing at cohesion 40, iter 17: Cannot choose from an empty sequence
  Error in anealing at cohesion 40, iter 18: Cannot choose from an empty sequence
  Error in anealing at cohesion 40, iter 19: Cannot choose from an empty sequence
  Error in anealing at cohesion 40, iter 20: Cannot choose from an empty sequence
  Error in anealing at cohesion 40, iter 21: Cannot choose from an empty sequence
  Error in anealing at cohesion 40, iter 22: Cannot choose from an empty sequence
  Error in anealing at cohesion 40, iter 23: Cannot choose from an empty sequence
  Error in anealing at cohesion 40, iter 24: Cannot choose from an empty sequence
  Error in anealing at cohesion 40, iter 25: Cannot choose from an empty sequence
  Error in anealing at cohesion 40, iter 26: Cannot choose from an empty sequence
  Error in anealing at cohesion 40, iter 27: Cannot choose from an empty sequence
  Error in anealing at cohesion 40, iter 28: Cannot choose from an empty sequence
  Error in anealing at cohesion 40, iter 29: Cannot choose from an empty sequence
  Error in anealing at cohesion 40, iter 30: Cannot choose from an empty sequence
  Error in anealing at cohesion 40, iter 31: Cannot choose from an empty sequence
  Error in anealing at cohesion 40, iter 32: Cannot choose from an empty sequence
  Error in anealing at cohesion 40, iter 33: Cannot choose from an empty sequence
  Error in anealing at cohesion 40, iter 34: Cannot choose from an empty sequence
  Error in anealing at cohesion 40, iter 35: Cannot choose from an empty sequence
  Error in anealing at cohesion 40, iter 36: Cannot choose from an empty sequence
  Error in anealing at cohesion 40, iter 37: Cannot choose from an empty sequence
  Error in anealing at cohesion 40, iter 38: Cannot choose from an empty sequence
  Error in anealing at cohesion 40, iter 39: Cannot choose from an empty sequence
  Error in anealing at cohesion 40, iter 40: Cannot choose from an empty sequence
  Error in anealing at cohesion 40, iter 41: Cannot choose from an empty sequence
  Error in anealing at cohesion 40, iter 42: Cannot choose from an empty sequence
  Error in anealing at cohesion 40, iter 43: Cannot choose from an empty sequence
  Error in anealing at cohesion 40, iter 44: Cannot choose from an empty sequence
  Error in anealing at cohesion 40, iter 45: Cannot choose from an empty sequence
  Error in anealing at cohesion 40, iter 46: Cannot choose from an empty sequence
  Error in anealing at cohesion 40, iter 47: Cannot choose from an empty sequence
  Error in anealing at cohesion 40, iter 48: Cannot choose from an empty sequence
  Error in anealing at cohesion 40, iter 49: Cannot choose from an empty sequence
  Error in anealing at cohesion 40, iter 50: Cannot choose from an empty sequence
  Error in anealing at cohesion 40, iter 51: Cannot choose from an empty sequence
  Error in anealing at cohesion 40, iter 52: Cannot choose from an empty sequence
  Error in anealing at cohesion 40, iter 53: Cannot choose from an empty sequence
  Error in anealing at cohesion 40, iter 54: Cannot choose from an empty sequence
  Error in anealing at cohesion 40, iter 55: Cannot choose from an empty sequence
  Error in anealing at cohesion 40, iter 56: Cannot choose from an empty sequence
  Error in anealing at cohesion 40, iter 57: Cannot choose from an empty sequence
  Error in anealing at cohesion 40, iter 58: Cannot choose from an empty sequence
  Error in anealing at cohesion 40, iter 59: Cannot choose from an empty sequence
  Error in anealing at cohesion 40, iter 60: Cannot choose from an empty sequence
  Error in anealing at cohesion 40, iter 61: Cannot choose from an empty sequence
  Error in anealing at cohesion 40, iter 62: Cannot choose from an empty sequence
  Error in anealing at cohesion 40, iter 63: Cannot choose from an empty sequence
  Error in anealing at cohesion 40, iter 64: Cannot choose from an empty sequence
  Error in anealing at cohesion 40, iter 65: Cannot choose from an empty sequence
  Error in anealing at cohesion 40, iter 66: Cannot choose from an empty sequence
  Error in anealing at cohesion 40, iter 67: Cannot choose from an empty sequence
  Error in anealing at cohesion 40, iter 68: Cannot choose from an empty sequence
  Error in anealing at cohesion 40, iter 69: Cannot choose from an empty sequence
  Error in anealing at cohesion 40, iter 70: Cannot choose from an empty sequence
  Error in anealing at cohesion 40, iter 71: Cannot choose from an empty sequence
  Error in anealing at cohesion 40, iter 72: Cannot choose from an empty sequence
  Error in anealing at cohesion 40, iter 73: Cannot choose from an empty sequence
  Error in anealing at cohesion 40, iter 74: Cannot choose from an empty sequence
  Error in anealing at cohesion 40, iter 75: Cannot choose from an empty sequence
  Error in anealing at cohesion 40, iter 76: Cannot choose from an empty sequence
  Error in anealing at cohesion 40, iter 77: Cannot choose from an empty sequence
  Error in anealing at cohesion 40, iter 78: Cannot choose from an empty sequence
  Error in anealing at cohesion 40, iter 79: Cannot choose from an empty sequence
  Error in anealing at cohesion 40, iter 80: Cannot choose from an empty sequence
  Error in anealing at cohesion 40, iter 81: Cannot choose from an empty sequence
  Error in anealing at cohesion 40, iter 82: Cannot choose from an empty sequence
  Error in anealing at cohesion 40, iter 83: Cannot choose from an empty sequence
  Error in anealing at cohesion 40, iter 84: Cannot choose from an empty sequence
  Error in anealing at cohesion 40, iter 85: Cannot choose from an empty sequence
  Error in anealing at cohesion 40, iter 86: Cannot choose from an empty sequence
  Error in anealing at cohesion 40, iter 87: Cannot choose from an empty sequence
  Error in anealing at cohesion 40, iter 88: Cannot choose from an empty sequence
  Error in anealing at cohesion 40, iter 89: Cannot choose from an empty sequence
  Error in anealing at cohesion 40, iter 90: Cannot choose from an empty sequence
  Error in anealing at cohesion 40, iter 91: Cannot choose from an empty sequence
  Error in anealing at cohesion 40, iter 92: Cannot choose from an empty sequence
  Error in anealing at cohesion 40, iter 93: Cannot choose from an empty sequence
  Error in anealing at cohesion 40, iter 94: Cannot choose from an empty sequence
  Error in anealing at cohesion 40, iter 95: Cannot choose from an empty sequence
  Error in anealing at cohesion 40, iter 96: Cannot choose from an empty sequence
  Error in anealing at cohesion 40, iter 97: Cannot choose from an empty sequence
  Error in anealing at cohesion 40, iter 98: Cannot choose from an empty sequence
  Error in anealing at cohesion 40, iter 99: Cannot choose from an empty sequence
  Completed 100 iterations for size 30, cohesion 40.
  Error in anealing at cohesion 50, iter 0: Cannot choose from an empty sequence
  Error in anealing at cohesion 50, iter 1: Cannot choose from an empty sequence
  Error in anealing at cohesion 50, iter 2: Cannot choose from an empty sequence
  Error in anealing at cohesion 50, iter 3: Cannot choose from an empty sequence
  Error in anealing at cohesion 50, iter 4: Cannot choose from an empty sequence
  Error in anealing at cohesion 50, iter 5: Cannot choose from an empty sequence
  Error in anealing at cohesion 50, iter 6: Cannot choose from an empty sequence
  Error in anealing at cohesion 50, iter 7: Cannot choose from an empty sequence
  Error in anealing at cohesion 50, iter 8: Cannot choose from an empty sequence
  Error in anealing at cohesion 50, iter 9: Cannot choose from an empty sequence
  Error in anealing at cohesion 50, iter 10: Cannot choose from an empty sequence
  Error in anealing at cohesion 50, iter 11: Cannot choose from an empty sequence
  Error in anealing at cohesion 50, iter 12: Cannot choose from an empty sequence
  Error in anealing at cohesion 50, iter 13: Cannot choose from an empty sequence
  Error in anealing at cohesion 50, iter 14: Cannot choose from an empty sequence
  Error in anealing at cohesion 50, iter 15: Cannot choose from an empty sequence
  Error in anealing at cohesion 50, iter 16: Cannot choose from an empty sequence
  Error in anealing at cohesion 50, iter 17: Cannot choose from an empty sequence
  Error in anealing at cohesion 50, iter 18: Cannot choose from an empty sequence
  Error in anealing at cohesion 50, iter 19: Cannot choose from an empty sequence
  Error in anealing at cohesion 50, iter 20: Cannot choose from an empty sequence
  Error in anealing at cohesion 50, iter 21: Cannot choose from an empty sequence
  Error in anealing at cohesion 50, iter 22: Cannot choose from an empty sequence
  Error in anealing at cohesion 50, iter 23: Cannot choose from an empty sequence
  Error in anealing at cohesion 50, iter 24: Cannot choose from an empty sequence
  Error in anealing at cohesion 50, iter 25: Cannot choose from an empty sequence
  Error in anealing at cohesion 50, iter 26: Cannot choose from an empty sequence
  Error in anealing at cohesion 50, iter 27: Cannot choose from an empty sequence
  Error in anealing at cohesion 50, iter 28: Cannot choose from an empty sequence
  Error in anealing at cohesion 50, iter 29: Cannot choose from an empty sequence
  Error in anealing at cohesion 50, iter 30: Cannot choose from an empty sequence
  Error in anealing at cohesion 50, iter 31: Cannot choose from an empty sequence
  Error in anealing at cohesion 50, iter 32: Cannot choose from an empty sequence
  Error in anealing at cohesion 50, iter 33: Cannot choose from an empty sequence
  Error in anealing at cohesion 50, iter 34: Cannot choose from an empty sequence
  Error in anealing at cohesion 50, iter 35: Cannot choose from an empty sequence
  Error in anealing at cohesion 50, iter 36: Cannot choose from an empty sequence
  Error in anealing at cohesion 50, iter 37: Cannot choose from an empty sequence
  Error in anealing at cohesion 50, iter 38: Cannot choose from an empty sequence
  Error in anealing at cohesion 50, iter 39: Cannot choose from an empty sequence
  Error in anealing at cohesion 50, iter 40: Cannot choose from an empty sequence
  Error in anealing at cohesion 50, iter 41: Cannot choose from an empty sequence
  Error in anealing at cohesion 50, iter 42: Cannot choose from an empty sequence
  Error in anealing at cohesion 50, iter 43: Cannot choose from an empty sequence
  Error in anealing at cohesion 50, iter 44: Cannot choose from an empty sequence
  Error in anealing at cohesion 50, iter 45: Cannot choose from an empty sequence
  Error in anealing at cohesion 50, iter 46: Cannot choose from an empty sequence
  Error in anealing at cohesion 50, iter 47: Cannot choose from an empty sequence
  Error in anealing at cohesion 50, iter 48: Cannot choose from an empty sequence
  Error in anealing at cohesion 50, iter 49: Cannot choose from an empty sequence
  Error in anealing at cohesion 50, iter 50: Cannot choose from an empty sequence
  Error in anealing at cohesion 50, iter 51: Cannot choose from an empty sequence
  Error in anealing at cohesion 50, iter 52: Cannot choose from an empty sequence
  Error in anealing at cohesion 50, iter 53: Cannot choose from an empty sequence
  Error in anealing at cohesion 50, iter 54: Cannot choose from an empty sequence
  Error in anealing at cohesion 50, iter 55: Cannot choose from an empty sequence
  Error in anealing at cohesion 50, iter 56: Cannot choose from an empty sequence
  Error in anealing at cohesion 50, iter 57: Cannot choose from an empty sequence
  Error in anealing at cohesion 50, iter 58: Cannot choose from an empty sequence
  Error in anealing at cohesion 50, iter 59: Cannot choose from an empty sequence
  Error in anealing at cohesion 50, iter 60: Cannot choose from an empty sequence
  Error in anealing at cohesion 50, iter 61: Cannot choose from an empty sequence
  Error in anealing at cohesion 50, iter 62: Cannot choose from an empty sequence
  Error in anealing at cohesion 50, iter 63: Cannot choose from an empty sequence
  Error in anealing at cohesion 50, iter 64: Cannot choose from an empty sequence
  Error in anealing at cohesion 50, iter 65: Cannot choose from an empty sequence
  Error in anealing at cohesion 50, iter 66: Cannot choose from an empty sequence
  Error in anealing at cohesion 50, iter 67: Cannot choose from an empty sequence
  Error in anealing at cohesion 50, iter 68: Cannot choose from an empty sequence
  Error in anealing at cohesion 50, iter 69: Cannot choose from an empty sequence
  Error in anealing at cohesion 50, iter 70: Cannot choose from an empty sequence
  Error in anealing at cohesion 50, iter 71: Cannot choose from an empty sequence
  Error in anealing at cohesion 50, iter 72: Cannot choose from an empty sequence
  Error in anealing at cohesion 50, iter 73: Cannot choose from an empty sequence
  Error in anealing at cohesion 50, iter 74: Cannot choose from an empty sequence
  Error in anealing at cohesion 50, iter 75: Cannot choose from an empty sequence
  Error in anealing at cohesion 50, iter 76: Cannot choose from an empty sequence
  Error in anealing at cohesion 50, iter 77: Cannot choose from an empty sequence
  Error in anealing at cohesion 50, iter 78: Cannot choose from an empty sequence
  Error in anealing at cohesion 50, iter 79: Cannot choose from an empty sequence
  Error in anealing at cohesion 50, iter 80: Cannot choose from an empty sequence
  Error in anealing at cohesion 50, iter 81: Cannot choose from an empty sequence
  Error in anealing at cohesion 50, iter 82: Cannot choose from an empty sequence
  Error in anealing at cohesion 50, iter 83: Cannot choose from an empty sequence
  Error in anealing at cohesion 50, iter 84: Cannot choose from an empty sequence
  Error in anealing at cohesion 50, iter 85: Cannot choose from an empty sequence
  Error in anealing at cohesion 50, iter 86: Cannot choose from an empty sequence
  Error in anealing at cohesion 50, iter 87: Cannot choose from an empty sequence
  Error in anealing at cohesion 50, iter 88: Cannot choose from an empty sequence
  Error in anealing at cohesion 50, iter 89: Cannot choose from an empty sequence
  Error in anealing at cohesion 50, iter 90: Cannot choose from an empty sequence
  Error in anealing at cohesion 50, iter 91: Cannot choose from an empty sequence
  Error in anealing at cohesion 50, iter 92: Cannot choose from an empty sequence
  Error in anealing at cohesion 50, iter 93: Cannot choose from an empty sequence
  Error in anealing at cohesion 50, iter 94: Cannot choose from an empty sequence
  Error in anealing at cohesion 50, iter 95: Cannot choose from an empty sequence
  Error in anealing at cohesion 50, iter 96: Cannot choose from an empty sequence
  Error in anealing at cohesion 50, iter 97: Cannot choose from an empty sequence
  Error in anealing at cohesion 50, iter 98: Cannot choose from an empty sequence
  Error in anealing at cohesion 50, iter 99: Cannot choose from an empty sequence
  Completed 100 iterations for size 30, cohesion 50.
  Error in anealing at cohesion 60, iter 0: Cannot choose from an empty sequence
  Error in anealing at cohesion 60, iter 1: Cannot choose from an empty sequence
  Error in anealing at cohesion 60, iter 2: Cannot choose from an empty sequence
  Error in anealing at cohesion 60, iter 3: Cannot choose from an empty sequence
  Error in anealing at cohesion 60, iter 4: Cannot choose from an empty sequence
  Error in anealing at cohesion 60, iter 5: Cannot choose from an empty sequence
  Error in anealing at cohesion 60, iter 6: Cannot choose from an empty sequence
  Error in anealing at cohesion 60, iter 7: Cannot choose from an empty sequence
  Error in anealing at cohesion 60, iter 8: Cannot choose from an empty sequence
  Error in anealing at cohesion 60, iter 9: Cannot choose from an empty sequence
  Error in anealing at cohesion 60, iter 10: Cannot choose from an empty sequence
  Error in anealing at cohesion 60, iter 11: Cannot choose from an empty sequence
  Error in anealing at cohesion 60, iter 12: Cannot choose from an empty sequence
  Error in anealing at cohesion 60, iter 13: Cannot choose from an empty sequence
  Error in anealing at cohesion 60, iter 14: Cannot choose from an empty sequence
  Error in anealing at cohesion 60, iter 15: Cannot choose from an empty sequence
  Error in anealing at cohesion 60, iter 16: Cannot choose from an empty sequence
  Error in anealing at cohesion 60, iter 17: Cannot choose from an empty sequence
  Error in anealing at cohesion 60, iter 18: Cannot choose from an empty sequence
  Error in anealing at cohesion 60, iter 19: Cannot choose from an empty sequence
  Error in anealing at cohesion 60, iter 20: Cannot choose from an empty sequence
  Error in anealing at cohesion 60, iter 21: Cannot choose from an empty sequence
  Error in anealing at cohesion 60, iter 22: Cannot choose from an empty sequence
  Error in anealing at cohesion 60, iter 23: Cannot choose from an empty sequence
  Error in anealing at cohesion 60, iter 24: Cannot choose from an empty sequence
  Error in anealing at cohesion 60, iter 25: Cannot choose from an empty sequence
  Error in anealing at cohesion 60, iter 26: Cannot choose from an empty sequence
  Error in anealing at cohesion 60, iter 27: Cannot choose from an empty sequence
  Error in anealing at cohesion 60, iter 28: Cannot choose from an empty sequence
  Error in anealing at cohesion 60, iter 29: Cannot choose from an empty sequence
  Error in anealing at cohesion 60, iter 30: Cannot choose from an empty sequence
  Error in anealing at cohesion 60, iter 31: Cannot choose from an empty sequence
  Error in anealing at cohesion 60, iter 32: Cannot choose from an empty sequence
  Error in anealing at cohesion 60, iter 33: Cannot choose from an empty sequence
  Error in anealing at cohesion 60, iter 34: Cannot choose from an empty sequence
  Error in anealing at cohesion 60, iter 35: Cannot choose from an empty sequence
  Error in anealing at cohesion 60, iter 36: Cannot choose from an empty sequence
  Error in anealing at cohesion 60, iter 37: Cannot choose from an empty sequence
  Error in anealing at cohesion 60, iter 38: Cannot choose from an empty sequence
  Error in anealing at cohesion 60, iter 39: Cannot choose from an empty sequence
  Error in anealing at cohesion 60, iter 40: Cannot choose from an empty sequence
  Error in anealing at cohesion 60, iter 41: Cannot choose from an empty sequence
  Error in anealing at cohesion 60, iter 42: Cannot choose from an empty sequence
  Error in anealing at cohesion 60, iter 43: Cannot choose from an empty sequence
  Error in anealing at cohesion 60, iter 44: Cannot choose from an empty sequence
  Error in anealing at cohesion 60, iter 45: Cannot choose from an empty sequence
  Error in anealing at cohesion 60, iter 46: Cannot choose from an empty sequence
  Error in anealing at cohesion 60, iter 47: Cannot choose from an empty sequence
  Error in anealing at cohesion 60, iter 48: Cannot choose from an empty sequence
  Error in anealing at cohesion 60, iter 49: Cannot choose from an empty sequence
  Error in anealing at cohesion 60, iter 50: Cannot choose from an empty sequence
  Error in anealing at cohesion 60, iter 51: Cannot choose from an empty sequence
  Error in anealing at cohesion 60, iter 52: Cannot choose from an empty sequence
  Error in anealing at cohesion 60, iter 53: Cannot choose from an empty sequence
  Error in anealing at cohesion 60, iter 54: Cannot choose from an empty sequence
  Error in anealing at cohesion 60, iter 55: Cannot choose from an empty sequence
  Error in anealing at cohesion 60, iter 56: Cannot choose from an empty sequence
  Error in anealing at cohesion 60, iter 57: Cannot choose from an empty sequence
  Error in anealing at cohesion 60, iter 58: Cannot choose from an empty sequence
  Error in anealing at cohesion 60, iter 59: Cannot choose from an empty sequence
  Error in anealing at cohesion 60, iter 60: Cannot choose from an empty sequence
  Error in anealing at cohesion 60, iter 61: Cannot choose from an empty sequence
  Error in anealing at cohesion 60, iter 62: Cannot choose from an empty sequence
  Error in anealing at cohesion 60, iter 63: Cannot choose from an empty sequence
  Error in anealing at cohesion 60, iter 64: Cannot choose from an empty sequence
  Error in anealing at cohesion 60, iter 65: Cannot choose from an empty sequence
  Error in anealing at cohesion 60, iter 66: Cannot choose from an empty sequence
  Error in anealing at cohesion 60, iter 67: Cannot choose from an empty sequence
  Error in anealing at cohesion 60, iter 68: Cannot choose from an empty sequence
  Error in anealing at cohesion 60, iter 69: Cannot choose from an empty sequence
  Error in anealing at cohesion 60, iter 70: Cannot choose from an empty sequence
  Error in anealing at cohesion 60, iter 71: Cannot choose from an empty sequence
  Error in anealing at cohesion 60, iter 72: Cannot choose from an empty sequence
  Error in anealing at cohesion 60, iter 73: Cannot choose from an empty sequence
  Error in anealing at cohesion 60, iter 74: Cannot choose from an empty sequence
  Error in anealing at cohesion 60, iter 75: Cannot choose from an empty sequence
  Error in anealing at cohesion 60, iter 76: Cannot choose from an empty sequence
  Error in anealing at cohesion 60, iter 77: Cannot choose from an empty sequence
  Error in anealing at cohesion 60, iter 78: Cannot choose from an empty sequence
  Error in anealing at cohesion 60, iter 79: Cannot choose from an empty sequence
  Error in anealing at cohesion 60, iter 80: Cannot choose from an empty sequence
  Error in anealing at cohesion 60, iter 81: Cannot choose from an empty sequence
  Error in anealing at cohesion 60, iter 82: Cannot choose from an empty sequence
  Error in anealing at cohesion 60, iter 83: Cannot choose from an empty sequence
  Error in anealing at cohesion 60, iter 84: Cannot choose from an empty sequence
  Error in anealing at cohesion 60, iter 85: Cannot choose from an empty sequence
  Error in anealing at cohesion 60, iter 86: Cannot choose from an empty sequence
  Error in anealing at cohesion 60, iter 87: Cannot choose from an empty sequence
  Error in anealing at cohesion 60, iter 88: Cannot choose from an empty sequence
  Error in anealing at cohesion 60, iter 89: Cannot choose from an empty sequence
  Error in anealing at cohesion 60, iter 90: Cannot choose from an empty sequence
  Error in anealing at cohesion 60, iter 91: Cannot choose from an empty sequence
  Error in anealing at cohesion 60, iter 92: Cannot choose from an empty sequence
  Error in anealing at cohesion 60, iter 93: Cannot choose from an empty sequence
  Error in anealing at cohesion 60, iter 94: Cannot choose from an empty sequence
  Error in anealing at cohesion 60, iter 95: Cannot choose from an empty sequence
  Error in anealing at cohesion 60, iter 96: Cannot choose from an empty sequence
  Error in anealing at cohesion 60, iter 97: Cannot choose from an empty sequence
  Error in anealing at cohesion 60, iter 98: Cannot choose from an empty sequence
  Error in anealing at cohesion 60, iter 99: Cannot choose from an empty sequence
  Completed 100 iterations for size 30, cohesion 60.
  Error in anealing at cohesion 70, iter 0: Cannot choose from an empty sequence
  Error in anealing at cohesion 70, iter 1: Cannot choose from an empty sequence
  Error in anealing at cohesion 70, iter 2: Cannot choose from an empty sequence
  Error in anealing at cohesion 70, iter 3: Cannot choose from an empty sequence
  Error in anealing at cohesion 70, iter 4: Cannot choose from an empty sequence
  Error in anealing at cohesion 70, iter 5: Cannot choose from an empty sequence
  Error in anealing at cohesion 70, iter 6: Cannot choose from an empty sequence
  Error in anealing at cohesion 70, iter 7: Cannot choose from an empty sequence
  Error in anealing at cohesion 70, iter 8: Cannot choose from an empty sequence
  Error in anealing at cohesion 70, iter 9: Cannot choose from an empty sequence
  Error in anealing at cohesion 70, iter 10: Cannot choose from an empty sequence
  Error in anealing at cohesion 70, iter 11: Cannot choose from an empty sequence
  Error in anealing at cohesion 70, iter 12: Cannot choose from an empty sequence
  Error in anealing at cohesion 70, iter 13: Cannot choose from an empty sequence
  Error in anealing at cohesion 70, iter 14: Cannot choose from an empty sequence
  Error in anealing at cohesion 70, iter 15: Cannot choose from an empty sequence
  Error in anealing at cohesion 70, iter 16: Cannot choose from an empty sequence
  Error in anealing at cohesion 70, iter 17: Cannot choose from an empty sequence
  Error in anealing at cohesion 70, iter 18: Cannot choose from an empty sequence
  Error in anealing at cohesion 70, iter 19: Cannot choose from an empty sequence
  Error in anealing at cohesion 70, iter 20: Cannot choose from an empty sequence
  Error in anealing at cohesion 70, iter 21: Cannot choose from an empty sequence
  Error in anealing at cohesion 70, iter 22: Cannot choose from an empty sequence
  Error in anealing at cohesion 70, iter 23: Cannot choose from an empty sequence
  Error in anealing at cohesion 70, iter 24: Cannot choose from an empty sequence
  Error in anealing at cohesion 70, iter 25: Cannot choose from an empty sequence
  Error in anealing at cohesion 70, iter 26: Cannot choose from an empty sequence
  Error in anealing at cohesion 70, iter 27: Cannot choose from an empty sequence
  Error in anealing at cohesion 70, iter 28: Cannot choose from an empty sequence
  Error in anealing at cohesion 70, iter 29: Cannot choose from an empty sequence
  Error in anealing at cohesion 70, iter 30: Cannot choose from an empty sequence
  Error in anealing at cohesion 70, iter 31: Cannot choose from an empty sequence
  Error in anealing at cohesion 70, iter 32: Cannot choose from an empty sequence
  Error in anealing at cohesion 70, iter 33: Cannot choose from an empty sequence
  Error in anealing at cohesion 70, iter 34: Cannot choose from an empty sequence
  Error in anealing at cohesion 70, iter 35: Cannot choose from an empty sequence
  Error in anealing at cohesion 70, iter 36: Cannot choose from an empty sequence
  Error in anealing at cohesion 70, iter 37: Cannot choose from an empty sequence
  Error in anealing at cohesion 70, iter 38: Cannot choose from an empty sequence
  Error in anealing at cohesion 70, iter 39: Cannot choose from an empty sequence
  Error in anealing at cohesion 70, iter 40: Cannot choose from an empty sequence
  Error in anealing at cohesion 70, iter 41: Cannot choose from an empty sequence
  Error in anealing at cohesion 70, iter 42: Cannot choose from an empty sequence
  Error in anealing at cohesion 70, iter 43: Cannot choose from an empty sequence
  Error in anealing at cohesion 70, iter 44: Cannot choose from an empty sequence
  Error in anealing at cohesion 70, iter 45: Cannot choose from an empty sequence
  Error in anealing at cohesion 70, iter 46: Cannot choose from an empty sequence
  Error in anealing at cohesion 70, iter 47: Cannot choose from an empty sequence
  Error in anealing at cohesion 70, iter 48: Cannot choose from an empty sequence
  Error in anealing at cohesion 70, iter 49: Cannot choose from an empty sequence
  Error in anealing at cohesion 70, iter 50: Cannot choose from an empty sequence
  Error in anealing at cohesion 70, iter 51: Cannot choose from an empty sequence
  Error in anealing at cohesion 70, iter 52: Cannot choose from an empty sequence
  Error in anealing at cohesion 70, iter 53: Cannot choose from an empty sequence
  Error in anealing at cohesion 70, iter 54: Cannot choose from an empty sequence
  Error in anealing at cohesion 70, iter 55: Cannot choose from an empty sequence
  Error in anealing at cohesion 70, iter 56: Cannot choose from an empty sequence
  Error in anealing at cohesion 70, iter 57: Cannot choose from an empty sequence
  Error in anealing at cohesion 70, iter 58: Cannot choose from an empty sequence
  Error in anealing at cohesion 70, iter 59: Cannot choose from an empty sequence
  Error in anealing at cohesion 70, iter 60: Cannot choose from an empty sequence
  Error in anealing at cohesion 70, iter 61: Cannot choose from an empty sequence
  Error in anealing at cohesion 70, iter 62: Cannot choose from an empty sequence
  Error in anealing at cohesion 70, iter 63: Cannot choose from an empty sequence
  Error in anealing at cohesion 70, iter 64: Cannot choose from an empty sequence
  Error in anealing at cohesion 70, iter 65: Cannot choose from an empty sequence
  Error in anealing at cohesion 70, iter 66: Cannot choose from an empty sequence
  Error in anealing at cohesion 70, iter 67: Cannot choose from an empty sequence
  Error in anealing at cohesion 70, iter 68: Cannot choose from an empty sequence
  Error in anealing at cohesion 70, iter 69: Cannot choose from an empty sequence
  Error in anealing at cohesion 70, iter 70: Cannot choose from an empty sequence
  Error in anealing at cohesion 70, iter 71: Cannot choose from an empty sequence
  Error in anealing at cohesion 70, iter 72: Cannot choose from an empty sequence
  Error in anealing at cohesion 70, iter 73: Cannot choose from an empty sequence
  Error in anealing at cohesion 70, iter 74: Cannot choose from an empty sequence
  Error in anealing at cohesion 70, iter 75: Cannot choose from an empty sequence
  Error in anealing at cohesion 70, iter 76: Cannot choose from an empty sequence
  Error in anealing at cohesion 70, iter 77: Cannot choose from an empty sequence
  Error in anealing at cohesion 70, iter 78: Cannot choose from an empty sequence
  Error in anealing at cohesion 70, iter 79: Cannot choose from an empty sequence
  Error in anealing at cohesion 70, iter 80: Cannot choose from an empty sequence
  Error in anealing at cohesion 70, iter 81: Cannot choose from an empty sequence
  Error in anealing at cohesion 70, iter 82: Cannot choose from an empty sequence
  Error in anealing at cohesion 70, iter 83: Cannot choose from an empty sequence
  Error in anealing at cohesion 70, iter 84: Cannot choose from an empty sequence
  Error in anealing at cohesion 70, iter 85: Cannot choose from an empty sequence
  Error in anealing at cohesion 70, iter 86: Cannot choose from an empty sequence
  Error in anealing at cohesion 70, iter 87: Cannot choose from an empty sequence
  Error in anealing at cohesion 70, iter 88: Cannot choose from an empty sequence
  Error in anealing at cohesion 70, iter 89: Cannot choose from an empty sequence
  Error in anealing at cohesion 70, iter 90: Cannot choose from an empty sequence
  Error in anealing at cohesion 70, iter 91: Cannot choose from an empty sequence
  Error in anealing at cohesion 70, iter 92: Cannot choose from an empty sequence
  Error in anealing at cohesion 70, iter 93: Cannot choose from an empty sequence
  Error in anealing at cohesion 70, iter 94: Cannot choose from an empty sequence
  Error in anealing at cohesion 70, iter 95: Cannot choose from an empty sequence
  Error in anealing at cohesion 70, iter 96: Cannot choose from an empty sequence
  Error in anealing at cohesion 70, iter 97: Cannot choose from an empty sequence
  Error in anealing at cohesion 70, iter 98: Cannot choose from an empty sequence
  Error in anealing at cohesion 70, iter 99: Cannot choose from an empty sequence
  Completed 100 iterations for size 30, cohesion 70.
  Error in anealing at cohesion 80, iter 0: Cannot choose from an empty sequence
  Error in anealing at cohesion 80, iter 1: Cannot choose from an empty sequence
  Error in anealing at cohesion 80, iter 2: Cannot choose from an empty sequence
  Error in anealing at cohesion 80, iter 3: Cannot choose from an empty sequence
  Error in anealing at cohesion 80, iter 4: Cannot choose from an empty sequence
  Error in anealing at cohesion 80, iter 5: Cannot choose from an empty sequence
  Error in anealing at cohesion 80, iter 6: Cannot choose from an empty sequence
  Error in anealing at cohesion 80, iter 7: Cannot choose from an empty sequence
  Error in anealing at cohesion 80, iter 8: Cannot choose from an empty sequence
  Error in anealing at cohesion 80, iter 9: Cannot choose from an empty sequence
  Error in anealing at cohesion 80, iter 10: Cannot choose from an empty sequence
  Error in anealing at cohesion 80, iter 11: Cannot choose from an empty sequence
  Error in anealing at cohesion 80, iter 12: Cannot choose from an empty sequence
  Error in anealing at cohesion 80, iter 13: Cannot choose from an empty sequence
  Error in anealing at cohesion 80, iter 14: Cannot choose from an empty sequence
  Error in anealing at cohesion 80, iter 15: Cannot choose from an empty sequence
  Error in anealing at cohesion 80, iter 16: Cannot choose from an empty sequence
  Error in anealing at cohesion 80, iter 17: Cannot choose from an empty sequence
  Error in anealing at cohesion 80, iter 18: Cannot choose from an empty sequence
  Error in anealing at cohesion 80, iter 19: Cannot choose from an empty sequence
  Error in anealing at cohesion 80, iter 20: Cannot choose from an empty sequence
  Error in anealing at cohesion 80, iter 21: Cannot choose from an empty sequence
  Error in anealing at cohesion 80, iter 22: Cannot choose from an empty sequence
  Error in anealing at cohesion 80, iter 23: Cannot choose from an empty sequence
  Error in anealing at cohesion 80, iter 24: Cannot choose from an empty sequence
  Error in anealing at cohesion 80, iter 25: Cannot choose from an empty sequence
  Error in anealing at cohesion 80, iter 26: Cannot choose from an empty sequence
  Error in anealing at cohesion 80, iter 27: Cannot choose from an empty sequence
  Error in anealing at cohesion 80, iter 28: Cannot choose from an empty sequence
  Error in anealing at cohesion 80, iter 29: Cannot choose from an empty sequence
  Error in anealing at cohesion 80, iter 30: Cannot choose from an empty sequence
  Error in anealing at cohesion 80, iter 31: Cannot choose from an empty sequence
  Error in anealing at cohesion 80, iter 32: Cannot choose from an empty sequence
  Error in anealing at cohesion 80, iter 33: Cannot choose from an empty sequence
  Error in anealing at cohesion 80, iter 34: Cannot choose from an empty sequence
  Error in anealing at cohesion 80, iter 35: Cannot choose from an empty sequence
  Error in anealing at cohesion 80, iter 36: Cannot choose from an empty sequence
  Error in anealing at cohesion 80, iter 37: Cannot choose from an empty sequence
  Error in anealing at cohesion 80, iter 38: Cannot choose from an empty sequence
  Error in anealing at cohesion 80, iter 39: Cannot choose from an empty sequence
  Error in anealing at cohesion 80, iter 40: Cannot choose from an empty sequence
  Error in anealing at cohesion 80, iter 41: Cannot choose from an empty sequence
  Error in anealing at cohesion 80, iter 42: Cannot choose from an empty sequence
  Error in anealing at cohesion 80, iter 43: Cannot choose from an empty sequence
  Error in anealing at cohesion 80, iter 44: Cannot choose from an empty sequence
  Error in anealing at cohesion 80, iter 45: Cannot choose from an empty sequence
  Error in anealing at cohesion 80, iter 46: Cannot choose from an empty sequence
  Error in anealing at cohesion 80, iter 47: Cannot choose from an empty sequence
  Error in anealing at cohesion 80, iter 48: Cannot choose from an empty sequence
  Error in anealing at cohesion 80, iter 49: Cannot choose from an empty sequence
  Error in anealing at cohesion 80, iter 50: Cannot choose from an empty sequence
  Error in anealing at cohesion 80, iter 51: Cannot choose from an empty sequence
  Error in anealing at cohesion 80, iter 52: Cannot choose from an empty sequence
  Error in anealing at cohesion 80, iter 53: Cannot choose from an empty sequence
  Error in anealing at cohesion 80, iter 54: Cannot choose from an empty sequence
  Error in anealing at cohesion 80, iter 55: Cannot choose from an empty sequence
  Error in anealing at cohesion 80, iter 56: Cannot choose from an empty sequence
  Error in anealing at cohesion 80, iter 57: Cannot choose from an empty sequence
  Error in anealing at cohesion 80, iter 58: Cannot choose from an empty sequence
  Error in anealing at cohesion 80, iter 59: Cannot choose from an empty sequence
  Error in anealing at cohesion 80, iter 60: Cannot choose from an empty sequence
  Error in anealing at cohesion 80, iter 61: Cannot choose from an empty sequence
  Error in anealing at cohesion 80, iter 62: Cannot choose from an empty sequence
  Error in anealing at cohesion 80, iter 63: Cannot choose from an empty sequence
  Error in anealing at cohesion 80, iter 64: Cannot choose from an empty sequence
  Error in anealing at cohesion 80, iter 65: Cannot choose from an empty sequence
  Error in anealing at cohesion 80, iter 66: Cannot choose from an empty sequence
  Error in anealing at cohesion 80, iter 67: Cannot choose from an empty sequence
  Error in anealing at cohesion 80, iter 68: Cannot choose from an empty sequence
  Error in anealing at cohesion 80, iter 69: Cannot choose from an empty sequence
  Error in anealing at cohesion 80, iter 70: Cannot choose from an empty sequence
  Error in anealing at cohesion 80, iter 71: Cannot choose from an empty sequence
  Error in anealing at cohesion 80, iter 72: Cannot choose from an empty sequence
  Error in anealing at cohesion 80, iter 73: Cannot choose from an empty sequence
  Error in anealing at cohesion 80, iter 74: Cannot choose from an empty sequence
  Error in anealing at cohesion 80, iter 75: Cannot choose from an empty sequence
  Error in anealing at cohesion 80, iter 76: Cannot choose from an empty sequence
  Error in anealing at cohesion 80, iter 77: Cannot choose from an empty sequence
  Error in anealing at cohesion 80, iter 78: Cannot choose from an empty sequence
  Error in anealing at cohesion 80, iter 79: Cannot choose from an empty sequence
  Error in anealing at cohesion 80, iter 80: Cannot choose from an empty sequence
  Error in anealing at cohesion 80, iter 81: Cannot choose from an empty sequence
  Error in anealing at cohesion 80, iter 82: Cannot choose from an empty sequence
  Error in anealing at cohesion 80, iter 83: Cannot choose from an empty sequence
  Error in anealing at cohesion 80, iter 84: Cannot choose from an empty sequence
  Error in anealing at cohesion 80, iter 85: Cannot choose from an empty sequence
  Error in anealing at cohesion 80, iter 86: Cannot choose from an empty sequence
  Error in anealing at cohesion 80, iter 87: Cannot choose from an empty sequence
  Error in anealing at cohesion 80, iter 88: Cannot choose from an empty sequence
  Error in anealing at cohesion 80, iter 89: Cannot choose from an empty sequence
  Error in anealing at cohesion 80, iter 90: Cannot choose from an empty sequence
  Error in anealing at cohesion 80, iter 91: Cannot choose from an empty sequence
  Error in anealing at cohesion 80, iter 92: Cannot choose from an empty sequence
  Error in anealing at cohesion 80, iter 93: Cannot choose from an empty sequence
  Error in anealing at cohesion 80, iter 94: Cannot choose from an empty sequence
  Error in anealing at cohesion 80, iter 95: Cannot choose from an empty sequence
  Error in anealing at cohesion 80, iter 96: Cannot choose from an empty sequence
  Error in anealing at cohesion 80, iter 97: Cannot choose from an empty sequence
  Error in anealing at cohesion 80, iter 98: Cannot choose from an empty sequence
  Error in anealing at cohesion 80, iter 99: Cannot choose from an empty sequence
  Completed 100 iterations for size 30, cohesion 80.
  Error in anealing at cohesion 90, iter 0: Cannot choose from an empty sequence
  Error in anealing at cohesion 90, iter 1: Cannot choose from an empty sequence
  Error in anealing at cohesion 90, iter 2: Cannot choose from an empty sequence
  Error in anealing at cohesion 90, iter 3: Cannot choose from an empty sequence
  Error in anealing at cohesion 90, iter 4: Cannot choose from an empty sequence
  Error in anealing at cohesion 90, iter 5: Cannot choose from an empty sequence
  Error in anealing at cohesion 90, iter 6: Cannot choose from an empty sequence
  Error in anealing at cohesion 90, iter 7: Cannot choose from an empty sequence
  Error in anealing at cohesion 90, iter 8: Cannot choose from an empty sequence
  Error in anealing at cohesion 90, iter 9: Cannot choose from an empty sequence
  Error in anealing at cohesion 90, iter 10: Cannot choose from an empty sequence
  Error in anealing at cohesion 90, iter 11: Cannot choose from an empty sequence
  Error in anealing at cohesion 90, iter 12: Cannot choose from an empty sequence
  Error in anealing at cohesion 90, iter 13: Cannot choose from an empty sequence
  Error in anealing at cohesion 90, iter 14: Cannot choose from an empty sequence
  Error in anealing at cohesion 90, iter 15: Cannot choose from an empty sequence
  Error in anealing at cohesion 90, iter 16: Cannot choose from an empty sequence
  Error in anealing at cohesion 90, iter 17: Cannot choose from an empty sequence
  Error in anealing at cohesion 90, iter 18: Cannot choose from an empty sequence
  Error in anealing at cohesion 90, iter 19: Cannot choose from an empty sequence
  Error in anealing at cohesion 90, iter 20: Cannot choose from an empty sequence
  Error in anealing at cohesion 90, iter 21: Cannot choose from an empty sequence
  Error in anealing at cohesion 90, iter 22: Cannot choose from an empty sequence
  Error in anealing at cohesion 90, iter 23: Cannot choose from an empty sequence
  Error in anealing at cohesion 90, iter 24: Cannot choose from an empty sequence
  Error in anealing at cohesion 90, iter 25: Cannot choose from an empty sequence
  Error in anealing at cohesion 90, iter 26: Cannot choose from an empty sequence
  Error in anealing at cohesion 90, iter 27: Cannot choose from an empty sequence
  Error in anealing at cohesion 90, iter 28: Cannot choose from an empty sequence
  Error in anealing at cohesion 90, iter 29: Cannot choose from an empty sequence
  Error in anealing at cohesion 90, iter 30: Cannot choose from an empty sequence
  Error in anealing at cohesion 90, iter 31: Cannot choose from an empty sequence
  Error in anealing at cohesion 90, iter 32: Cannot choose from an empty sequence
  Error in anealing at cohesion 90, iter 33: Cannot choose from an empty sequence
  Error in anealing at cohesion 90, iter 34: Cannot choose from an empty sequence
  Error in anealing at cohesion 90, iter 35: Cannot choose from an empty sequence
  Error in anealing at cohesion 90, iter 36: Cannot choose from an empty sequence
  Error in anealing at cohesion 90, iter 37: Cannot choose from an empty sequence
  Error in anealing at cohesion 90, iter 38: Cannot choose from an empty sequence
  Error in anealing at cohesion 90, iter 39: Cannot choose from an empty sequence
  Error in anealing at cohesion 90, iter 40: Cannot choose from an empty sequence
  Error in anealing at cohesion 90, iter 41: Cannot choose from an empty sequence
  Error in anealing at cohesion 90, iter 42: Cannot choose from an empty sequence
  Error in anealing at cohesion 90, iter 43: Cannot choose from an empty sequence
  Error in anealing at cohesion 90, iter 44: Cannot choose from an empty sequence
  Error in anealing at cohesion 90, iter 45: Cannot choose from an empty sequence
  Error in anealing at cohesion 90, iter 46: Cannot choose from an empty sequence
  Error in anealing at cohesion 90, iter 47: Cannot choose from an empty sequence
  Error in anealing at cohesion 90, iter 48: Cannot choose from an empty sequence
  Error in anealing at cohesion 90, iter 49: Cannot choose from an empty sequence
  Error in anealing at cohesion 90, iter 50: Cannot choose from an empty sequence
  Error in anealing at cohesion 90, iter 51: Cannot choose from an empty sequence
  Error in anealing at cohesion 90, iter 52: Cannot choose from an empty sequence
  Error in anealing at cohesion 90, iter 53: Cannot choose from an empty sequence
  Error in anealing at cohesion 90, iter 54: Cannot choose from an empty sequence
  Error in anealing at cohesion 90, iter 55: Cannot choose from an empty sequence
  Error in anealing at cohesion 90, iter 56: Cannot choose from an empty sequence
  Error in anealing at cohesion 90, iter 57: Cannot choose from an empty sequence
  Error in anealing at cohesion 90, iter 58: Cannot choose from an empty sequence
  Error in anealing at cohesion 90, iter 59: Cannot choose from an empty sequence
  Error in anealing at cohesion 90, iter 60: Cannot choose from an empty sequence
  Error in anealing at cohesion 90, iter 61: Cannot choose from an empty sequence
  Error in anealing at cohesion 90, iter 62: Cannot choose from an empty sequence
  Error in anealing at cohesion 90, iter 63: Cannot choose from an empty sequence
  Error in anealing at cohesion 90, iter 64: Cannot choose from an empty sequence
  Error in anealing at cohesion 90, iter 65: Cannot choose from an empty sequence
  Error in anealing at cohesion 90, iter 66: Cannot choose from an empty sequence
  Error in anealing at cohesion 90, iter 67: Cannot choose from an empty sequence
  Error in anealing at cohesion 90, iter 68: Cannot choose from an empty sequence
  Error in anealing at cohesion 90, iter 69: Cannot choose from an empty sequence
  Error in anealing at cohesion 90, iter 70: Cannot choose from an empty sequence
  Error in anealing at cohesion 90, iter 71: Cannot choose from an empty sequence
  Error in anealing at cohesion 90, iter 72: Cannot choose from an empty sequence
  Error in anealing at cohesion 90, iter 73: Cannot choose from an empty sequence
  Error in anealing at cohesion 90, iter 74: Cannot choose from an empty sequence
  Error in anealing at cohesion 90, iter 75: Cannot choose from an empty sequence
  Error in anealing at cohesion 90, iter 76: Cannot choose from an empty sequence
  Error in anealing at cohesion 90, iter 77: Cannot choose from an empty sequence
  Error in anealing at cohesion 90, iter 78: Cannot choose from an empty sequence
  Error in anealing at cohesion 90, iter 79: Cannot choose from an empty sequence
  Error in anealing at cohesion 90, iter 80: Cannot choose from an empty sequence
  Error in anealing at cohesion 90, iter 81: Cannot choose from an empty sequence
  Error in anealing at cohesion 90, iter 82: Cannot choose from an empty sequence
  Error in anealing at cohesion 90, iter 83: Cannot choose from an empty sequence
  Error in anealing at cohesion 90, iter 84: Cannot choose from an empty sequence
  Error in anealing at cohesion 90, iter 85: Cannot choose from an empty sequence
  Error in anealing at cohesion 90, iter 86: Cannot choose from an empty sequence
  Error in anealing at cohesion 90, iter 87: Cannot choose from an empty sequence
  Error in anealing at cohesion 90, iter 88: Cannot choose from an empty sequence
  Error in anealing at cohesion 90, iter 89: Cannot choose from an empty sequence
  Error in anealing at cohesion 90, iter 90: Cannot choose from an empty sequence
  Error in anealing at cohesion 90, iter 91: Cannot choose from an empty sequence
  Error in anealing at cohesion 90, iter 92: Cannot choose from an empty sequence
  Error in anealing at cohesion 90, iter 93: Cannot choose from an empty sequence
  Error in anealing at cohesion 90, iter 94: Cannot choose from an empty sequence
  Error in anealing at cohesion 90, iter 95: Cannot choose from an empty sequence
  Error in anealing at cohesion 90, iter 96: Cannot choose from an empty sequence
  Error in anealing at cohesion 90, iter 97: Cannot choose from an empty sequence
  Error in anealing at cohesion 90, iter 98: Cannot choose from an empty sequence
  Error in anealing at cohesion 90, iter 99: Cannot choose from an empty sequence
  Completed 100 iterations for size 30, cohesion 90.
  Error in anealing at cohesion 100, iter 0: Cannot choose from an empty sequence
  Error in anealing at cohesion 100, iter 1: Cannot choose from an empty sequence
  Error in anealing at cohesion 100, iter 2: Cannot choose from an empty sequence
  Error in anealing at cohesion 100, iter 3: Cannot choose from an empty sequence
  Error in anealing at cohesion 100, iter 4: Cannot choose from an empty sequence
  Error in anealing at cohesion 100, iter 5: Cannot choose from an empty sequence
  Error in anealing at cohesion 100, iter 6: Cannot choose from an empty sequence
  Error in anealing at cohesion 100, iter 7: Cannot choose from an empty sequence
  Error in anealing at cohesion 100, iter 8: Cannot choose from an empty sequence
  Error in anealing at cohesion 100, iter 9: Cannot choose from an empty sequence
  Error in anealing at cohesion 100, iter 10: Cannot choose from an empty sequence
  Error in anealing at cohesion 100, iter 11: Cannot choose from an empty sequence
  Error in anealing at cohesion 100, iter 12: Cannot choose from an empty sequence
  Error in anealing at cohesion 100, iter 13: Cannot choose from an empty sequence
  Error in anealing at cohesion 100, iter 14: Cannot choose from an empty sequence
  Error in anealing at cohesion 100, iter 15: Cannot choose from an empty sequence
  Error in anealing at cohesion 100, iter 16: Cannot choose from an empty sequence
  Error in anealing at cohesion 100, iter 17: Cannot choose from an empty sequence
  Error in anealing at cohesion 100, iter 18: Cannot choose from an empty sequence
  Error in anealing at cohesion 100, iter 19: Cannot choose from an empty sequence
  Error in anealing at cohesion 100, iter 20: Cannot choose from an empty sequence
  Error in anealing at cohesion 100, iter 21: Cannot choose from an empty sequence
  Error in anealing at cohesion 100, iter 22: Cannot choose from an empty sequence
  Error in anealing at cohesion 100, iter 23: Cannot choose from an empty sequence
  Error in anealing at cohesion 100, iter 24: Cannot choose from an empty sequence
  Error in anealing at cohesion 100, iter 25: Cannot choose from an empty sequence
  Error in anealing at cohesion 100, iter 26: Cannot choose from an empty sequence
  Error in anealing at cohesion 100, iter 27: Cannot choose from an empty sequence
  Error in anealing at cohesion 100, iter 28: Cannot choose from an empty sequence
  Error in anealing at cohesion 100, iter 29: Cannot choose from an empty sequence
  Error in anealing at cohesion 100, iter 30: Cannot choose from an empty sequence
  Error in anealing at cohesion 100, iter 31: Cannot choose from an empty sequence
  Error in anealing at cohesion 100, iter 32: Cannot choose from an empty sequence
  Error in anealing at cohesion 100, iter 33: Cannot choose from an empty sequence
  Error in anealing at cohesion 100, iter 34: Cannot choose from an empty sequence
  Error in anealing at cohesion 100, iter 35: Cannot choose from an empty sequence
  Error in anealing at cohesion 100, iter 36: Cannot choose from an empty sequence
  Error in anealing at cohesion 100, iter 37: Cannot choose from an empty sequence
  Error in anealing at cohesion 100, iter 38: Cannot choose from an empty sequence
  Error in anealing at cohesion 100, iter 39: Cannot choose from an empty sequence
  Error in anealing at cohesion 100, iter 40: Cannot choose from an empty sequence
  Error in anealing at cohesion 100, iter 41: Cannot choose from an empty sequence
  Error in anealing at cohesion 100, iter 42: Cannot choose from an empty sequence
  Error in anealing at cohesion 100, iter 43: Cannot choose from an empty sequence
  Error in anealing at cohesion 100, iter 44: Cannot choose from an empty sequence
  Error in anealing at cohesion 100, iter 45: Cannot choose from an empty sequence
  Error in anealing at cohesion 100, iter 46: Cannot choose from an empty sequence
  Error in anealing at cohesion 100, iter 47: Cannot choose from an empty sequence
  Error in anealing at cohesion 100, iter 48: Cannot choose from an empty sequence
  Error in anealing at cohesion 100, iter 49: Cannot choose from an empty sequence
  Error in anealing at cohesion 100, iter 50: Cannot choose from an empty sequence
  Error in anealing at cohesion 100, iter 51: Cannot choose from an empty sequence
  Error in anealing at cohesion 100, iter 52: Cannot choose from an empty sequence
  Error in anealing at cohesion 100, iter 53: Cannot choose from an empty sequence
  Error in anealing at cohesion 100, iter 54: Cannot choose from an empty sequence
  Error in anealing at cohesion 100, iter 55: Cannot choose from an empty sequence
  Error in anealing at cohesion 100, iter 56: Cannot choose from an empty sequence
  Error in anealing at cohesion 100, iter 57: Cannot choose from an empty sequence
  Error in anealing at cohesion 100, iter 58: Cannot choose from an empty sequence
  Error in anealing at cohesion 100, iter 59: Cannot choose from an empty sequence
  Error in anealing at cohesion 100, iter 60: Cannot choose from an empty sequence
  Error in anealing at cohesion 100, iter 61: Cannot choose from an empty sequence
  Error in anealing at cohesion 100, iter 62: Cannot choose from an empty sequence
  Error in anealing at cohesion 100, iter 63: Cannot choose from an empty sequence
  Error in anealing at cohesion 100, iter 64: Cannot choose from an empty sequence
  Error in anealing at cohesion 100, iter 65: Cannot choose from an empty sequence
  Error in anealing at cohesion 100, iter 66: Cannot choose from an empty sequence
  Error in anealing at cohesion 100, iter 67: Cannot choose from an empty sequence
  Error in anealing at cohesion 100, iter 68: Cannot choose from an empty sequence
  Error in anealing at cohesion 100, iter 69: Cannot choose from an empty sequence
  Error in anealing at cohesion 100, iter 70: Cannot choose from an empty sequence
  Error in anealing at cohesion 100, iter 71: Cannot choose from an empty sequence
  Error in anealing at cohesion 100, iter 72: Cannot choose from an empty sequence
  Error in anealing at cohesion 100, iter 73: Cannot choose from an empty sequence
  Error in anealing at cohesion 100, iter 74: Cannot choose from an empty sequence
  Error in anealing at cohesion 100, iter 75: Cannot choose from an empty sequence
  Error in anealing at cohesion 100, iter 76: Cannot choose from an empty sequence
  Error in anealing at cohesion 100, iter 77: Cannot choose from an empty sequence
  Error in anealing at cohesion 100, iter 78: Cannot choose from an empty sequence
  Error in anealing at cohesion 100, iter 79: Cannot choose from an empty sequence
  Error in anealing at cohesion 100, iter 80: Cannot choose from an empty sequence
  Error in anealing at cohesion 100, iter 81: Cannot choose from an empty sequence
  Error in anealing at cohesion 100, iter 82: Cannot choose from an empty sequence
  Error in anealing at cohesion 100, iter 83: Cannot choose from an empty sequence
  Error in anealing at cohesion 100, iter 84: Cannot choose from an empty sequence
  Error in anealing at cohesion 100, iter 85: Cannot choose from an empty sequence
  Error in anealing at cohesion 100, iter 86: Cannot choose from an empty sequence
  Error in anealing at cohesion 100, iter 87: Cannot choose from an empty sequence
  Error in anealing at cohesion 100, iter 88: Cannot choose from an empty sequence
  Error in anealing at cohesion 100, iter 89: Cannot choose from an empty sequence
  Error in anealing at cohesion 100, iter 90: Cannot choose from an empty sequence
  Error in anealing at cohesion 100, iter 91: Cannot choose from an empty sequence
  Error in anealing at cohesion 100, iter 92: Cannot choose from an empty sequence
  Error in anealing at cohesion 100, iter 93: Cannot choose from an empty sequence
  Error in anealing at cohesion 100, iter 94: Cannot choose from an empty sequence
  Error in anealing at cohesion 100, iter 95: Cannot choose from an empty sequence
  Error in anealing at cohesion 100, iter 96: Cannot choose from an empty sequence
  Error in anealing at cohesion 100, iter 97: Cannot choose from an empty sequence
  Error in anealing at cohesion 100, iter 98: Cannot choose from an empty sequence
  Error in anealing at cohesion 100, iter 99: Cannot choose from an empty sequence
  Completed 100 iterations for size 30, cohesion 100.
  Error in anealing at cohesion 0, iter 0: Cannot choose from an empty sequence
  Error in anealing at cohesion 0, iter 1: Cannot choose from an empty sequence
  Error in anealing at cohesion 0, iter 2: Cannot choose from an empty sequence
  Error in anealing at cohesion 0, iter 3: Cannot choose from an empty sequence
  Error in anealing at cohesion 0, iter 4: Cannot choose from an empty sequence
  Error in anealing at cohesion 0, iter 5: Cannot choose from an empty sequence
  Error in anealing at cohesion 0, iter 6: Cannot choose from an empty sequence
  Error in anealing at cohesion 0, iter 7: Cannot choose from an empty sequence
  Error in anealing at cohesion 0, iter 8: Cannot choose from an empty sequence
  Error in anealing at cohesion 0, iter 9: Cannot choose from an empty sequence
  Error in anealing at cohesion 0, iter 10: Cannot choose from an empty sequence
  Error in anealing at cohesion 0, iter 11: Cannot choose from an empty sequence
  Error in anealing at cohesion 0, iter 12: Cannot choose from an empty sequence
  Error in anealing at cohesion 0, iter 13: Cannot choose from an empty sequence
  Error in anealing at cohesion 0, iter 14: Cannot choose from an empty sequence
  Error in anealing at cohesion 0, iter 15: Cannot choose from an empty sequence
  Error in anealing at cohesion 0, iter 16: Cannot choose from an empty sequence
  Error in anealing at cohesion 0, iter 17: Cannot choose from an empty sequence
  Error in anealing at cohesion 0, iter 18: Cannot choose from an empty sequence
  Error in anealing at cohesion 0, iter 19: Cannot choose from an empty sequence
  Error in anealing at cohesion 0, iter 20: Cannot choose from an empty sequence
  Error in anealing at cohesion 0, iter 21: Cannot choose from an empty sequence
  Error in anealing at cohesion 0, iter 22: Cannot choose from an empty sequence
  Error in anealing at cohesion 0, iter 23: Cannot choose from an empty sequence
  Error in anealing at cohesion 0, iter 24: Cannot choose from an empty sequence
  Error in anealing at cohesion 0, iter 25: Cannot choose from an empty sequence
  Error in anealing at cohesion 0, iter 26: Cannot choose from an empty sequence
  Error in anealing at cohesion 0, iter 27: Cannot choose from an empty sequence
  Error in anealing at cohesion 0, iter 28: Cannot choose from an empty sequence
  Error in anealing at cohesion 0, iter 29: Cannot choose from an empty sequence
  Error in anealing at cohesion 0, iter 30: Cannot choose from an empty sequence
  Error in anealing at cohesion 0, iter 31: Cannot choose from an empty sequence
  Error in anealing at cohesion 0, iter 32: Cannot choose from an empty sequence
  Error in anealing at cohesion 0, iter 33: Cannot choose from an empty sequence
  Error in anealing at cohesion 0, iter 34: Cannot choose from an empty sequence
  Error in anealing at cohesion 0, iter 35: Cannot choose from an empty sequence
  Error in anealing at cohesion 0, iter 36: Cannot choose from an empty sequence
  Error in anealing at cohesion 0, iter 37: Cannot choose from an empty sequence
  Error in anealing at cohesion 0, iter 38: Cannot choose from an empty sequence
  Error in anealing at cohesion 0, iter 39: Cannot choose from an empty sequence
  Error in anealing at cohesion 0, iter 40: Cannot choose from an empty sequence
  Error in anealing at cohesion 0, iter 41: Cannot choose from an empty sequence
  Error in anealing at cohesion 0, iter 42: Cannot choose from an empty sequence
  Error in anealing at cohesion 0, iter 43: Cannot choose from an empty sequence
  Error in anealing at cohesion 0, iter 44: Cannot choose from an empty sequence
  Error in anealing at cohesion 0, iter 45: Cannot choose from an empty sequence
  Error in anealing at cohesion 0, iter 46: Cannot choose from an empty sequence
  Error in anealing at cohesion 0, iter 47: Cannot choose from an empty sequence
  Error in anealing at cohesion 0, iter 48: Cannot choose from an empty sequence
  Error in anealing at cohesion 0, iter 49: Cannot choose from an empty sequence
  Error in anealing at cohesion 0, iter 50: Cannot choose from an empty sequence
  Error in anealing at cohesion 0, iter 51: Cannot choose from an empty sequence
  Error in anealing at cohesion 0, iter 52: Cannot choose from an empty sequence
  Error in anealing at cohesion 0, iter 53: Cannot choose from an empty sequence
  Error in anealing at cohesion 0, iter 54: Cannot choose from an empty sequence
  Error in anealing at cohesion 0, iter 55: Cannot choose from an empty sequence
  Error in anealing at cohesion 0, iter 56: Cannot choose from an empty sequence
  Error in anealing at cohesion 0, iter 57: Cannot choose from an empty sequence
  Error in anealing at cohesion 0, iter 58: Cannot choose from an empty sequence
  Error in anealing at cohesion 0, iter 59: Cannot choose from an empty sequence
  Error in anealing at cohesion 0, iter 60: Cannot choose from an empty sequence
  Error in anealing at cohesion 0, iter 61: Cannot choose from an empty sequence
  Error in anealing at cohesion 0, iter 62: Cannot choose from an empty sequence
  Error in anealing at cohesion 0, iter 63: Cannot choose from an empty sequence
  Error in anealing at cohesion 0, iter 64: Cannot choose from an empty sequence
  Error in anealing at cohesion 0, iter 65: Cannot choose from an empty sequence
  Error in anealing at cohesion 0, iter 66: Cannot choose from an empty sequence
  Error in anealing at cohesion 0, iter 67: Cannot choose from an empty sequence
  Error in anealing at cohesion 0, iter 68: Cannot choose from an empty sequence
  Error in anealing at cohesion 0, iter 69: Cannot choose from an empty sequence
  Error in anealing at cohesion 0, iter 70: Cannot choose from an empty sequence
  Error in anealing at cohesion 0, iter 71: Cannot choose from an empty sequence
  Error in anealing at cohesion 0, iter 72: Cannot choose from an empty sequence
  Error in anealing at cohesion 0, iter 73: Cannot choose from an empty sequence
  Error in anealing at cohesion 0, iter 74: Cannot choose from an empty sequence
  Error in anealing at cohesion 0, iter 75: Cannot choose from an empty sequence
  Error in anealing at cohesion 0, iter 76: Cannot choose from an empty sequence
  Error in anealing at cohesion 0, iter 77: Cannot choose from an empty sequence
  Error in anealing at cohesion 0, iter 78: Cannot choose from an empty sequence
  Error in anealing at cohesion 0, iter 79: Cannot choose from an empty sequence
  Error in anealing at cohesion 0, iter 80: Cannot choose from an empty sequence
  Error in anealing at cohesion 0, iter 81: Cannot choose from an empty sequence
  Error in anealing at cohesion 0, iter 82: Cannot choose from an empty sequence
  Error in anealing at cohesion 0, iter 83: Cannot choose from an empty sequence
  Error in anealing at cohesion 0, iter 84: Cannot choose from an empty sequence
  Error in anealing at cohesion 0, iter 85: Cannot choose from an empty sequence
  Error in anealing at cohesion 0, iter 86: Cannot choose from an empty sequence
  Error in anealing at cohesion 0, iter 87: Cannot choose from an empty sequence
  Error in anealing at cohesion 0, iter 88: Cannot choose from an empty sequence
  Error in anealing at cohesion 0, iter 89: Cannot choose from an empty sequence
  Error in anealing at cohesion 0, iter 90: Cannot choose from an empty sequence
  Error in anealing at cohesion 0, iter 91: Cannot choose from an empty sequence
  Error in anealing at cohesion 0, iter 92: Cannot choose from an empty sequence
  Error in anealing at cohesion 0, iter 93: Cannot choose from an empty sequence
  Error in anealing at cohesion 0, iter 94: Cannot choose from an empty sequence
  Error in anealing at cohesion 0, iter 95: Cannot choose from an empty sequence
  Error in anealing at cohesion 0, iter 96: Cannot choose from an empty sequence
  Error in anealing at cohesion 0, iter 97: Cannot choose from an empty sequence
  Error in anealing at cohesion 0, iter 98: Cannot choose from an empty sequence
  Error in anealing at cohesion 0, iter 99: Cannot choose from an empty sequence
  Completed 100 iterations for size 100, cohesion 0.
  Error in anealing at cohesion 10, iter 0: Cannot choose from an empty sequence
  Error in anealing at cohesion 10, iter 1: Cannot choose from an empty sequence
  Error in anealing at cohesion 10, iter 2: Cannot choose from an empty sequence
  Error in anealing at cohesion 10, iter 3: Cannot choose from an empty sequence
  Error in anealing at cohesion 10, iter 4: Cannot choose from an empty sequence
  Error in anealing at cohesion 10, iter 5: Cannot choose from an empty sequence
  Error in anealing at cohesion 10, iter 6: Cannot choose from an empty sequence
  Error in anealing at cohesion 10, iter 7: Cannot choose from an empty sequence
  Error in anealing at cohesion 10, iter 8: Cannot choose from an empty sequence
  Error in anealing at cohesion 10, iter 9: Cannot choose from an empty sequence
  Error in anealing at cohesion 10, iter 10: Cannot choose from an empty sequence
  Error in anealing at cohesion 10, iter 11: Cannot choose from an empty sequence
  Error in anealing at cohesion 10, iter 12: Cannot choose from an empty sequence
  Error in anealing at cohesion 10, iter 13: Cannot choose from an empty sequence
  Error in anealing at cohesion 10, iter 14: Cannot choose from an empty sequence
  Error in anealing at cohesion 10, iter 15: Cannot choose from an empty sequence
  Error in anealing at cohesion 10, iter 16: Cannot choose from an empty sequence
  Error in anealing at cohesion 10, iter 17: Cannot choose from an empty sequence
  Error in anealing at cohesion 10, iter 18: Cannot choose from an empty sequence
  Error in anealing at cohesion 10, iter 19: Cannot choose from an empty sequence
  Error in anealing at cohesion 10, iter 20: Cannot choose from an empty sequence
  Error in anealing at cohesion 10, iter 21: Cannot choose from an empty sequence
  Error in anealing at cohesion 10, iter 22: Cannot choose from an empty sequence
  Error in anealing at cohesion 10, iter 23: Cannot choose from an empty sequence
  Error in anealing at cohesion 10, iter 24: Cannot choose from an empty sequence
  Error in anealing at cohesion 10, iter 25: Cannot choose from an empty sequence
  Error in anealing at cohesion 10, iter 26: Cannot choose from an empty sequence
  Error in anealing at cohesion 10, iter 27: Cannot choose from an empty sequence
  Error in anealing at cohesion 10, iter 28: Cannot choose from an empty sequence
  Error in anealing at cohesion 10, iter 29: Cannot choose from an empty sequence
  Error in anealing at cohesion 10, iter 30: Cannot choose from an empty sequence
  Error in anealing at cohesion 10, iter 31: Cannot choose from an empty sequence
  Error in anealing at cohesion 10, iter 32: Cannot choose from an empty sequence
  Error in anealing at cohesion 10, iter 33: Cannot choose from an empty sequence
  Error in anealing at cohesion 10, iter 34: Cannot choose from an empty sequence
  Error in anealing at cohesion 10, iter 35: Cannot choose from an empty sequence
  Error in anealing at cohesion 10, iter 36: Cannot choose from an empty sequence
  Error in anealing at cohesion 10, iter 37: Cannot choose from an empty sequence
  Error in anealing at cohesion 10, iter 38: Cannot choose from an empty sequence
  Error in anealing at cohesion 10, iter 39: Cannot choose from an empty sequence
  Error in anealing at cohesion 10, iter 40: Cannot choose from an empty sequence
  Error in anealing at cohesion 10, iter 41: Cannot choose from an empty sequence
  Error in anealing at cohesion 10, iter 42: Cannot choose from an empty sequence
  Error in anealing at cohesion 10, iter 43: Cannot choose from an empty sequence
  Error in anealing at cohesion 10, iter 44: Cannot choose from an empty sequence
  Error in anealing at cohesion 10, iter 45: Cannot choose from an empty sequence
  Error in anealing at cohesion 10, iter 46: Cannot choose from an empty sequence
  Error in anealing at cohesion 10, iter 47: Cannot choose from an empty sequence
  Error in anealing at cohesion 10, iter 48: Cannot choose from an empty sequence
  Error in anealing at cohesion 10, iter 49: Cannot choose from an empty sequence
  Error in anealing at cohesion 10, iter 50: Cannot choose from an empty sequence
  Error in anealing at cohesion 10, iter 51: Cannot choose from an empty sequence
  Error in anealing at cohesion 10, iter 52: Cannot choose from an empty sequence
  Error in anealing at cohesion 10, iter 53: Cannot choose from an empty sequence
  Error in anealing at cohesion 10, iter 54: Cannot choose from an empty sequence
  Error in anealing at cohesion 10, iter 55: Cannot choose from an empty sequence
  Error in anealing at cohesion 10, iter 56: Cannot choose from an empty sequence
  Error in anealing at cohesion 10, iter 57: Cannot choose from an empty sequence
  Error in anealing at cohesion 10, iter 58: Cannot choose from an empty sequence
  Error in anealing at cohesion 10, iter 59: Cannot choose from an empty sequence
  Error in anealing at cohesion 10, iter 60: Cannot choose from an empty sequence
  Error in anealing at cohesion 10, iter 61: Cannot choose from an empty sequence
  Error in anealing at cohesion 10, iter 62: Cannot choose from an empty sequence
  Error in anealing at cohesion 10, iter 63: Cannot choose from an empty sequence
  Error in anealing at cohesion 10, iter 64: Cannot choose from an empty sequence
  Error in anealing at cohesion 10, iter 65: Cannot choose from an empty sequence
  Error in anealing at cohesion 10, iter 66: Cannot choose from an empty sequence
  Error in anealing at cohesion 10, iter 67: Cannot choose from an empty sequence
  Error in anealing at cohesion 10, iter 68: Cannot choose from an empty sequence
  Error in anealing at cohesion 10, iter 69: Cannot choose from an empty sequence
  Error in anealing at cohesion 10, iter 70: Cannot choose from an empty sequence
  Error in anealing at cohesion 10, iter 71: Cannot choose from an empty sequence
  Error in anealing at cohesion 10, iter 72: Cannot choose from an empty sequence
  Error in anealing at cohesion 10, iter 73: Cannot choose from an empty sequence
  Error in anealing at cohesion 10, iter 74: Cannot choose from an empty sequence
  Error in anealing at cohesion 10, iter 75: Cannot choose from an empty sequence
  Error in anealing at cohesion 10, iter 76: Cannot choose from an empty sequence
  Error in anealing at cohesion 10, iter 77: Cannot choose from an empty sequence
  Error in anealing at cohesion 10, iter 78: Cannot choose from an empty sequence
  Error in anealing at cohesion 10, iter 79: Cannot choose from an empty sequence
  Error in anealing at cohesion 10, iter 80: Cannot choose from an empty sequence
  Error in anealing at cohesion 10, iter 81: Cannot choose from an empty sequence
  Error in anealing at cohesion 10, iter 82: Cannot choose from an empty sequence
  Error in anealing at cohesion 10, iter 83: Cannot choose from an empty sequence
  Error in anealing at cohesion 10, iter 84: Cannot choose from an empty sequence
  Error in anealing at cohesion 10, iter 85: Cannot choose from an empty sequence
  Error in anealing at cohesion 10, iter 86: Cannot choose from an empty sequence
  Error in anealing at cohesion 10, iter 87: Cannot choose from an empty sequence
  Error in anealing at cohesion 10, iter 88: Cannot choose from an empty sequence
  Error in anealing at cohesion 10, iter 89: Cannot choose from an empty sequence
  Error in anealing at cohesion 10, iter 90: Cannot choose from an empty sequence
  Error in anealing at cohesion 10, iter 91: Cannot choose from an empty sequence
  Error in anealing at cohesion 10, iter 92: Cannot choose from an empty sequence
  Error in anealing at cohesion 10, iter 93: Cannot choose from an empty sequence
  Error in anealing at cohesion 10, iter 94: Cannot choose from an empty sequence
  Error in anealing at cohesion 10, iter 95: Cannot choose from an empty sequence
  Error in anealing at cohesion 10, iter 96: Cannot choose from an empty sequence
  Error in anealing at cohesion 10, iter 97: Cannot choose from an empty sequence
  Error in anealing at cohesion 10, iter 98: Cannot choose from an empty sequence
  Error in anealing at cohesion 10, iter 99: Cannot choose from an empty sequence
  Completed 100 iterations for size 100, cohesion 10.
  Error in anealing at cohesion 20, iter 0: Cannot choose from an empty sequence
  Error in anealing at cohesion 20, iter 1: Cannot choose from an empty sequence
  Error in anealing at cohesion 20, iter 2: Cannot choose from an empty sequence
  Error in anealing at cohesion 20, iter 3: Cannot choose from an empty sequence
  Error in anealing at cohesion 20, iter 4: Cannot choose from an empty sequence
  Error in anealing at cohesion 20, iter 5: Cannot choose from an empty sequence
  Error in anealing at cohesion 20, iter 6: Cannot choose from an empty sequence
  Error in anealing at cohesion 20, iter 7: Cannot choose from an empty sequence
  Error in anealing at cohesion 20, iter 8: Cannot choose from an empty sequence
  Error in anealing at cohesion 20, iter 9: Cannot choose from an empty sequence
  Error in anealing at cohesion 20, iter 10: Cannot choose from an empty sequence
  Error in anealing at cohesion 20, iter 11: Cannot choose from an empty sequence
  Error in anealing at cohesion 20, iter 12: Cannot choose from an empty sequence
  Error in anealing at cohesion 20, iter 13: Cannot choose from an empty sequence
  Error in anealing at cohesion 20, iter 14: Cannot choose from an empty sequence
  Error in anealing at cohesion 20, iter 15: Cannot choose from an empty sequence
  Error in anealing at cohesion 20, iter 16: Cannot choose from an empty sequence
  Error in anealing at cohesion 20, iter 17: Cannot choose from an empty sequence
  Error in anealing at cohesion 20, iter 18: Cannot choose from an empty sequence
  Error in anealing at cohesion 20, iter 19: Cannot choose from an empty sequence
  Error in anealing at cohesion 20, iter 20: Cannot choose from an empty sequence
  Error in anealing at cohesion 20, iter 21: Cannot choose from an empty sequence
  Error in anealing at cohesion 20, iter 22: Cannot choose from an empty sequence
  Error in anealing at cohesion 20, iter 23: Cannot choose from an empty sequence
  Error in anealing at cohesion 20, iter 24: Cannot choose from an empty sequence
  Error in anealing at cohesion 20, iter 25: Cannot choose from an empty sequence
  Error in anealing at cohesion 20, iter 26: Cannot choose from an empty sequence
  Error in anealing at cohesion 20, iter 27: Cannot choose from an empty sequence
  Error in anealing at cohesion 20, iter 28: Cannot choose from an empty sequence
  Error in anealing at cohesion 20, iter 29: Cannot choose from an empty sequence
  Error in anealing at cohesion 20, iter 30: Cannot choose from an empty sequence
  Error in anealing at cohesion 20, iter 31: Cannot choose from an empty sequence
  Error in anealing at cohesion 20, iter 32: Cannot choose from an empty sequence
  Error in anealing at cohesion 20, iter 33: Cannot choose from an empty sequence
  Error in anealing at cohesion 20, iter 34: Cannot choose from an empty sequence
  Error in anealing at cohesion 20, iter 35: Cannot choose from an empty sequence
  Error in anealing at cohesion 20, iter 36: Cannot choose from an empty sequence
  Error in anealing at cohesion 20, iter 37: Cannot choose from an empty sequence
  Error in anealing at cohesion 20, iter 38: Cannot choose from an empty sequence
  Error in anealing at cohesion 20, iter 39: Cannot choose from an empty sequence
  Error in anealing at cohesion 20, iter 40: Cannot choose from an empty sequence
  Error in anealing at cohesion 20, iter 41: Cannot choose from an empty sequence
  Error in anealing at cohesion 20, iter 42: Cannot choose from an empty sequence
  Error in anealing at cohesion 20, iter 43: Cannot choose from an empty sequence
  Error in anealing at cohesion 20, iter 44: Cannot choose from an empty sequence
  Error in anealing at cohesion 20, iter 45: Cannot choose from an empty sequence
  Error in anealing at cohesion 20, iter 46: Cannot choose from an empty sequence
  Error in anealing at cohesion 20, iter 47: Cannot choose from an empty sequence
  Error in anealing at cohesion 20, iter 48: Cannot choose from an empty sequence
  Error in anealing at cohesion 20, iter 49: Cannot choose from an empty sequence
  Error in anealing at cohesion 20, iter 50: Cannot choose from an empty sequence
  Error in anealing at cohesion 20, iter 51: Cannot choose from an empty sequence
  Error in anealing at cohesion 20, iter 52: Cannot choose from an empty sequence
  Error in anealing at cohesion 20, iter 53: Cannot choose from an empty sequence
  Error in anealing at cohesion 20, iter 54: Cannot choose from an empty sequence
  Error in anealing at cohesion 20, iter 55: Cannot choose from an empty sequence
  Error in anealing at cohesion 20, iter 56: Cannot choose from an empty sequence
  Error in anealing at cohesion 20, iter 57: Cannot choose from an empty sequence
  Error in anealing at cohesion 20, iter 58: Cannot choose from an empty sequence
  Error in anealing at cohesion 20, iter 59: Cannot choose from an empty sequence
  Error in anealing at cohesion 20, iter 60: Cannot choose from an empty sequence
  Error in anealing at cohesion 20, iter 61: Cannot choose from an empty sequence
  Error in anealing at cohesion 20, iter 62: Cannot choose from an empty sequence
  Error in anealing at cohesion 20, iter 63: Cannot choose from an empty sequence
  Error in anealing at cohesion 20, iter 64: Cannot choose from an empty sequence
  Error in anealing at cohesion 20, iter 65: Cannot choose from an empty sequence
  Error in anealing at cohesion 20, iter 66: Cannot choose from an empty sequence
  Error in anealing at cohesion 20, iter 67: Cannot choose from an empty sequence
  Error in anealing at cohesion 20, iter 68: Cannot choose from an empty sequence
  Error in anealing at cohesion 20, iter 69: Cannot choose from an empty sequence
  Error in anealing at cohesion 20, iter 70: Cannot choose from an empty sequence
  Error in anealing at cohesion 20, iter 71: Cannot choose from an empty sequence
  Error in anealing at cohesion 20, iter 72: Cannot choose from an empty sequence
  Error in anealing at cohesion 20, iter 73: Cannot choose from an empty sequence
  Error in anealing at cohesion 20, iter 74: Cannot choose from an empty sequence
  Error in anealing at cohesion 20, iter 75: Cannot choose from an empty sequence
  Error in anealing at cohesion 20, iter 76: Cannot choose from an empty sequence
  Error in anealing at cohesion 20, iter 77: Cannot choose from an empty sequence
  Error in anealing at cohesion 20, iter 78: Cannot choose from an empty sequence
  Error in anealing at cohesion 20, iter 79: Cannot choose from an empty sequence
  Error in anealing at cohesion 20, iter 80: Cannot choose from an empty sequence
  Error in anealing at cohesion 20, iter 81: Cannot choose from an empty sequence
  Error in anealing at cohesion 20, iter 82: Cannot choose from an empty sequence
  Error in anealing at cohesion 20, iter 83: Cannot choose from an empty sequence
  Error in anealing at cohesion 20, iter 84: Cannot choose from an empty sequence
  Error in anealing at cohesion 20, iter 85: Cannot choose from an empty sequence
  Error in anealing at cohesion 20, iter 86: Cannot choose from an empty sequence
  Error in anealing at cohesion 20, iter 87: Cannot choose from an empty sequence
  Error in anealing at cohesion 20, iter 88: Cannot choose from an empty sequence
  Error in anealing at cohesion 20, iter 89: Cannot choose from an empty sequence
  Error in anealing at cohesion 20, iter 90: Cannot choose from an empty sequence
  Error in anealing at cohesion 20, iter 91: Cannot choose from an empty sequence
  Error in anealing at cohesion 20, iter 92: Cannot choose from an empty sequence
  Error in anealing at cohesion 20, iter 93: Cannot choose from an empty sequence
  Error in anealing at cohesion 20, iter 94: Cannot choose from an empty sequence
  Error in anealing at cohesion 20, iter 95: Cannot choose from an empty sequence
  Error in anealing at cohesion 20, iter 96: Cannot choose from an empty sequence
  Error in anealing at cohesion 20, iter 97: Cannot choose from an empty sequence
  Error in anealing at cohesion 20, iter 98: Cannot choose from an empty sequence
  Error in anealing at cohesion 20, iter 99: Cannot choose from an empty sequence
  Completed 100 iterations for size 100, cohesion 20.
  Error in anealing at cohesion 30, iter 0: Cannot choose from an empty sequence
  Error in anealing at cohesion 30, iter 1: Cannot choose from an empty sequence
  Error in anealing at cohesion 30, iter 2: Cannot choose from an empty sequence
  Error in anealing at cohesion 30, iter 3: Cannot choose from an empty sequence
  Error in anealing at cohesion 30, iter 4: Cannot choose from an empty sequence
  Error in anealing at cohesion 30, iter 5: Cannot choose from an empty sequence
  Error in anealing at cohesion 30, iter 6: Cannot choose from an empty sequence
  Error in anealing at cohesion 30, iter 7: Cannot choose from an empty sequence
  Error in anealing at cohesion 30, iter 8: Cannot choose from an empty sequence
  Error in anealing at cohesion 30, iter 9: Cannot choose from an empty sequence
  Error in anealing at cohesion 30, iter 10: Cannot choose from an empty sequence
  Error in anealing at cohesion 30, iter 11: Cannot choose from an empty sequence
  Error in anealing at cohesion 30, iter 12: Cannot choose from an empty sequence
  Error in anealing at cohesion 30, iter 13: Cannot choose from an empty sequence
  Error in anealing at cohesion 30, iter 14: Cannot choose from an empty sequence
  Error in anealing at cohesion 30, iter 15: Cannot choose from an empty sequence
  Error in anealing at cohesion 30, iter 16: Cannot choose from an empty sequence
  Error in anealing at cohesion 30, iter 17: Cannot choose from an empty sequence
  Error in anealing at cohesion 30, iter 18: Cannot choose from an empty sequence
  Error in anealing at cohesion 30, iter 19: Cannot choose from an empty sequence
  Error in anealing at cohesion 30, iter 20: Cannot choose from an empty sequence
  Error in anealing at cohesion 30, iter 21: Cannot choose from an empty sequence
  Error in anealing at cohesion 30, iter 22: Cannot choose from an empty sequence
  Error in anealing at cohesion 30, iter 23: Cannot choose from an empty sequence
  Error in anealing at cohesion 30, iter 24: Cannot choose from an empty sequence
  Error in anealing at cohesion 30, iter 25: Cannot choose from an empty sequence
  Error in anealing at cohesion 30, iter 26: Cannot choose from an empty sequence
  Error in anealing at cohesion 30, iter 27: Cannot choose from an empty sequence
  Error in anealing at cohesion 30, iter 28: Cannot choose from an empty sequence
  Error in anealing at cohesion 30, iter 29: Cannot choose from an empty sequence
  Error in anealing at cohesion 30, iter 30: Cannot choose from an empty sequence
  Error in anealing at cohesion 30, iter 31: Cannot choose from an empty sequence
  Error in anealing at cohesion 30, iter 32: Cannot choose from an empty sequence
  Error in anealing at cohesion 30, iter 33: Cannot choose from an empty sequence
  Error in anealing at cohesion 30, iter 34: Cannot choose from an empty sequence
  Error in anealing at cohesion 30, iter 35: Cannot choose from an empty sequence
  Error in anealing at cohesion 30, iter 36: Cannot choose from an empty sequence
  Error in anealing at cohesion 30, iter 37: Cannot choose from an empty sequence
  Error in anealing at cohesion 30, iter 38: Cannot choose from an empty sequence
  Error in anealing at cohesion 30, iter 39: Cannot choose from an empty sequence
  Error in anealing at cohesion 30, iter 40: Cannot choose from an empty sequence
  Error in anealing at cohesion 30, iter 41: Cannot choose from an empty sequence
  Error in anealing at cohesion 30, iter 42: Cannot choose from an empty sequence
  Error in anealing at cohesion 30, iter 43: Cannot choose from an empty sequence
  Error in anealing at cohesion 30, iter 44: Cannot choose from an empty sequence
  Error in anealing at cohesion 30, iter 45: Cannot choose from an empty sequence
  Error in anealing at cohesion 30, iter 46: Cannot choose from an empty sequence
  Error in anealing at cohesion 30, iter 47: Cannot choose from an empty sequence
  Error in anealing at cohesion 30, iter 48: Cannot choose from an empty sequence
  Error in anealing at cohesion 30, iter 49: Cannot choose from an empty sequence
  Error in anealing at cohesion 30, iter 50: Cannot choose from an empty sequence
  Error in anealing at cohesion 30, iter 51: Cannot choose from an empty sequence
  Error in anealing at cohesion 30, iter 52: Cannot choose from an empty sequence
  Error in anealing at cohesion 30, iter 53: Cannot choose from an empty sequence
  Error in anealing at cohesion 30, iter 54: Cannot choose from an empty sequence
  Error in anealing at cohesion 30, iter 55: Cannot choose from an empty sequence
  Error in anealing at cohesion 30, iter 56: Cannot choose from an empty sequence
  Error in anealing at cohesion 30, iter 57: Cannot choose from an empty sequence
  Error in anealing at cohesion 30, iter 58: Cannot choose from an empty sequence
  Error in anealing at cohesion 30, iter 59: Cannot choose from an empty sequence
  Error in anealing at cohesion 30, iter 60: Cannot choose from an empty sequence
  Error in anealing at cohesion 30, iter 61: Cannot choose from an empty sequence
  Error in anealing at cohesion 30, iter 62: Cannot choose from an empty sequence
  Error in anealing at cohesion 30, iter 63: Cannot choose from an empty sequence
  Error in anealing at cohesion 30, iter 64: Cannot choose from an empty sequence
  Error in anealing at cohesion 30, iter 65: Cannot choose from an empty sequence
  Error in anealing at cohesion 30, iter 66: Cannot choose from an empty sequence
  Error in anealing at cohesion 30, iter 67: Cannot choose from an empty sequence
  Error in anealing at cohesion 30, iter 68: Cannot choose from an empty sequence
  Error in anealing at cohesion 30, iter 69: Cannot choose from an empty sequence
  Error in anealing at cohesion 30, iter 70: Cannot choose from an empty sequence
  Error in anealing at cohesion 30, iter 71: Cannot choose from an empty sequence
  Error in anealing at cohesion 30, iter 72: Cannot choose from an empty sequence
  Error in anealing at cohesion 30, iter 73: Cannot choose from an empty sequence
  Error in anealing at cohesion 30, iter 74: Cannot choose from an empty sequence
  Error in anealing at cohesion 30, iter 75: Cannot choose from an empty sequence
  Error in anealing at cohesion 30, iter 76: Cannot choose from an empty sequence
  Error in anealing at cohesion 30, iter 77: Cannot choose from an empty sequence
  Error in anealing at cohesion 30, iter 78: Cannot choose from an empty sequence
  Error in anealing at cohesion 30, iter 79: Cannot choose from an empty sequence
  Error in anealing at cohesion 30, iter 80: Cannot choose from an empty sequence
  Error in anealing at cohesion 30, iter 81: Cannot choose from an empty sequence
  Error in anealing at cohesion 30, iter 82: Cannot choose from an empty sequence
  Error in anealing at cohesion 30, iter 83: Cannot choose from an empty sequence
  Error in anealing at cohesion 30, iter 84: Cannot choose from an empty sequence
  Error in anealing at cohesion 30, iter 85: Cannot choose from an empty sequence
  Error in anealing at cohesion 30, iter 86: Cannot choose from an empty sequence
  Error in anealing at cohesion 30, iter 87: Cannot choose from an empty sequence
  Error in anealing at cohesion 30, iter 88: Cannot choose from an empty sequence
  Error in anealing at cohesion 30, iter 89: Cannot choose from an empty sequence
  Error in anealing at cohesion 30, iter 90: Cannot choose from an empty sequence
  Error in anealing at cohesion 30, iter 91: Cannot choose from an empty sequence
  Error in anealing at cohesion 30, iter 92: Cannot choose from an empty sequence
  Error in anealing at cohesion 30, iter 93: Cannot choose from an empty sequence
  Error in anealing at cohesion 30, iter 94: Cannot choose from an empty sequence
  Error in anealing at cohesion 30, iter 95: Cannot choose from an empty sequence
  Error in anealing at cohesion 30, iter 96: Cannot choose from an empty sequence
  Error in anealing at cohesion 30, iter 97: Cannot choose from an empty sequence
  Error in anealing at cohesion 30, iter 98: Cannot choose from an empty sequence
  Error in anealing at cohesion 30, iter 99: Cannot choose from an empty sequence
  Completed 100 iterations for size 100, cohesion 30.
  Error in anealing at cohesion 40, iter 0: Cannot choose from an empty sequence
  Error in anealing at cohesion 40, iter 1: Cannot choose from an empty sequence
  Error in anealing at cohesion 40, iter 2: Cannot choose from an empty sequence
  Error in anealing at cohesion 40, iter 3: Cannot choose from an empty sequence
  Error in anealing at cohesion 40, iter 4: Cannot choose from an empty sequence
  Error in anealing at cohesion 40, iter 5: Cannot choose from an empty sequence
  Error in anealing at cohesion 40, iter 6: Cannot choose from an empty sequence
  Error in anealing at cohesion 40, iter 7: Cannot choose from an empty sequence
  Error in anealing at cohesion 40, iter 8: Cannot choose from an empty sequence
  Error in anealing at cohesion 40, iter 9: Cannot choose from an empty sequence
  Error in anealing at cohesion 40, iter 10: Cannot choose from an empty sequence
  Error in anealing at cohesion 40, iter 11: Cannot choose from an empty sequence
  Error in anealing at cohesion 40, iter 12: Cannot choose from an empty sequence
  Error in anealing at cohesion 40, iter 13: Cannot choose from an empty sequence
  Error in anealing at cohesion 40, iter 14: Cannot choose from an empty sequence
  Error in anealing at cohesion 40, iter 15: Cannot choose from an empty sequence
  Error in anealing at cohesion 40, iter 16: Cannot choose from an empty sequence
  Error in anealing at cohesion 40, iter 17: Cannot choose from an empty sequence
  Error in anealing at cohesion 40, iter 18: Cannot choose from an empty sequence
  Error in anealing at cohesion 40, iter 19: Cannot choose from an empty sequence
  Error in anealing at cohesion 40, iter 20: Cannot choose from an empty sequence
  Error in anealing at cohesion 40, iter 21: Cannot choose from an empty sequence
  Error in anealing at cohesion 40, iter 22: Cannot choose from an empty sequence
  Error in anealing at cohesion 40, iter 23: Cannot choose from an empty sequence
  Error in anealing at cohesion 40, iter 24: Cannot choose from an empty sequence
  Error in anealing at cohesion 40, iter 25: Cannot choose from an empty sequence
  Error in anealing at cohesion 40, iter 26: Cannot choose from an empty sequence
  Error in anealing at cohesion 40, iter 27: Cannot choose from an empty sequence
  Error in anealing at cohesion 40, iter 28: Cannot choose from an empty sequence
  Error in anealing at cohesion 40, iter 29: Cannot choose from an empty sequence
  Error in anealing at cohesion 40, iter 30: Cannot choose from an empty sequence
  Error in anealing at cohesion 40, iter 31: Cannot choose from an empty sequence
  Error in anealing at cohesion 40, iter 32: Cannot choose from an empty sequence
  Error in anealing at cohesion 40, iter 33: Cannot choose from an empty sequence
  Error in anealing at cohesion 40, iter 34: Cannot choose from an empty sequence
  Error in anealing at cohesion 40, iter 35: Cannot choose from an empty sequence
  Error in anealing at cohesion 40, iter 36: Cannot choose from an empty sequence
  Error in anealing at cohesion 40, iter 37: Cannot choose from an empty sequence
  Error in anealing at cohesion 40, iter 38: Cannot choose from an empty sequence
  Error in anealing at cohesion 40, iter 39: Cannot choose from an empty sequence
  Error in anealing at cohesion 40, iter 40: Cannot choose from an empty sequence
  Error in anealing at cohesion 40, iter 41: Cannot choose from an empty sequence
  Error in anealing at cohesion 40, iter 42: Cannot choose from an empty sequence
  Error in anealing at cohesion 40, iter 43: Cannot choose from an empty sequence
  Error in anealing at cohesion 40, iter 44: Cannot choose from an empty sequence
  Error in anealing at cohesion 40, iter 45: Cannot choose from an empty sequence
  Error in anealing at cohesion 40, iter 46: Cannot choose from an empty sequence
  Error in anealing at cohesion 40, iter 47: Cannot choose from an empty sequence
  Error in anealing at cohesion 40, iter 48: Cannot choose from an empty sequence
  Error in anealing at cohesion 40, iter 49: Cannot choose from an empty sequence
  Error in anealing at cohesion 40, iter 50: Cannot choose from an empty sequence
  Error in anealing at cohesion 40, iter 51: Cannot choose from an empty sequence
  Error in anealing at cohesion 40, iter 52: Cannot choose from an empty sequence
  Error in anealing at cohesion 40, iter 53: Cannot choose from an empty sequence
  Error in anealing at cohesion 40, iter 54: Cannot choose from an empty sequence
  Error in anealing at cohesion 40, iter 55: Cannot choose from an empty sequence
  Error in anealing at cohesion 40, iter 56: Cannot choose from an empty sequence
  Error in anealing at cohesion 40, iter 57: Cannot choose from an empty sequence
  Error in anealing at cohesion 40, iter 58: Cannot choose from an empty sequence
  Error in anealing at cohesion 40, iter 59: Cannot choose from an empty sequence
  Error in anealing at cohesion 40, iter 60: Cannot choose from an empty sequence
  Error in anealing at cohesion 40, iter 61: Cannot choose from an empty sequence
  Error in anealing at cohesion 40, iter 62: Cannot choose from an empty sequence
  Error in anealing at cohesion 40, iter 63: Cannot choose from an empty sequence
  Error in anealing at cohesion 40, iter 64: Cannot choose from an empty sequence
  Error in anealing at cohesion 40, iter 65: Cannot choose from an empty sequence
  Error in anealing at cohesion 40, iter 66: Cannot choose from an empty sequence
  Error in anealing at cohesion 40, iter 67: Cannot choose from an empty sequence
  Error in anealing at cohesion 40, iter 68: Cannot choose from an empty sequence
  Error in anealing at cohesion 40, iter 69: Cannot choose from an empty sequence
  Error in anealing at cohesion 40, iter 70: Cannot choose from an empty sequence
  Error in anealing at cohesion 40, iter 71: Cannot choose from an empty sequence
  Error in anealing at cohesion 40, iter 72: Cannot choose from an empty sequence
  Error in anealing at cohesion 40, iter 73: Cannot choose from an empty sequence
  Error in anealing at cohesion 40, iter 74: Cannot choose from an empty sequence
  Error in anealing at cohesion 40, iter 75: Cannot choose from an empty sequence
  Error in anealing at cohesion 40, iter 76: Cannot choose from an empty sequence
  Error in anealing at cohesion 40, iter 77: Cannot choose from an empty sequence
  Error in anealing at cohesion 40, iter 78: Cannot choose from an empty sequence
  Error in anealing at cohesion 40, iter 79: Cannot choose from an empty sequence
  Error in anealing at cohesion 40, iter 80: Cannot choose from an empty sequence
  Error in anealing at cohesion 40, iter 81: Cannot choose from an empty sequence
  Error in anealing at cohesion 40, iter 82: Cannot choose from an empty sequence
  Error in anealing at cohesion 40, iter 83: Cannot choose from an empty sequence
  Error in anealing at cohesion 40, iter 84: Cannot choose from an empty sequence
  Error in anealing at cohesion 40, iter 85: Cannot choose from an empty sequence
  Error in anealing at cohesion 40, iter 86: Cannot choose from an empty sequence
  Error in anealing at cohesion 40, iter 87: Cannot choose from an empty sequence
  Error in anealing at cohesion 40, iter 88: Cannot choose from an empty sequence
  Error in anealing at cohesion 40, iter 89: Cannot choose from an empty sequence
  Error in anealing at cohesion 40, iter 90: Cannot choose from an empty sequence
  Error in anealing at cohesion 40, iter 91: Cannot choose from an empty sequence
  Error in anealing at cohesion 40, iter 92: Cannot choose from an empty sequence
  Error in anealing at cohesion 40, iter 93: Cannot choose from an empty sequence
  Error in anealing at cohesion 40, iter 94: Cannot choose from an empty sequence
  Error in anealing at cohesion 40, iter 95: Cannot choose from an empty sequence
  Error in anealing at cohesion 40, iter 96: Cannot choose from an empty sequence
  Error in anealing at cohesion 40, iter 97: Cannot choose from an empty sequence
  Error in anealing at cohesion 40, iter 98: Cannot choose from an empty sequence
  Error in anealing at cohesion 40, iter 99: Cannot choose from an empty sequence
  Completed 100 iterations for size 100, cohesion 40.
  Error in anealing at cohesion 50, iter 0: Cannot choose from an empty sequence
  Error in anealing at cohesion 50, iter 1: Cannot choose from an empty sequence
  Error in anealing at cohesion 50, iter 2: Cannot choose from an empty sequence
  Error in anealing at cohesion 50, iter 3: Cannot choose from an empty sequence
  Error in anealing at cohesion 50, iter 4: Cannot choose from an empty sequence
  Error in anealing at cohesion 50, iter 5: Cannot choose from an empty sequence
  Error in anealing at cohesion 50, iter 6: Cannot choose from an empty sequence
  Error in anealing at cohesion 50, iter 7: Cannot choose from an empty sequence
  Error in anealing at cohesion 50, iter 8: Cannot choose from an empty sequence
  Error in anealing at cohesion 50, iter 9: Cannot choose from an empty sequence
  Error in anealing at cohesion 50, iter 10: Cannot choose from an empty sequence
  Error in anealing at cohesion 50, iter 11: Cannot choose from an empty sequence
  Error in anealing at cohesion 50, iter 12: Cannot choose from an empty sequence
  Error in anealing at cohesion 50, iter 13: Cannot choose from an empty sequence
  Error in anealing at cohesion 50, iter 14: Cannot choose from an empty sequence
  Error in anealing at cohesion 50, iter 15: Cannot choose from an empty sequence
  Error in anealing at cohesion 50, iter 16: Cannot choose from an empty sequence
  Error in anealing at cohesion 50, iter 17: Cannot choose from an empty sequence
  Error in anealing at cohesion 50, iter 18: Cannot choose from an empty sequence
  Error in anealing at cohesion 50, iter 19: Cannot choose from an empty sequence
  Error in anealing at cohesion 50, iter 20: Cannot choose from an empty sequence
  Error in anealing at cohesion 50, iter 21: Cannot choose from an empty sequence
  Error in anealing at cohesion 50, iter 22: Cannot choose from an empty sequence
  Error in anealing at cohesion 50, iter 23: Cannot choose from an empty sequence
  Error in anealing at cohesion 50, iter 24: Cannot choose from an empty sequence
  Error in anealing at cohesion 50, iter 25: Cannot choose from an empty sequence
  Error in anealing at cohesion 50, iter 26: Cannot choose from an empty sequence
  Error in anealing at cohesion 50, iter 27: Cannot choose from an empty sequence
  Error in anealing at cohesion 50, iter 28: Cannot choose from an empty sequence
  Error in anealing at cohesion 50, iter 29: Cannot choose from an empty sequence
  Error in anealing at cohesion 50, iter 30: Cannot choose from an empty sequence
  Error in anealing at cohesion 50, iter 31: Cannot choose from an empty sequence
  Error in anealing at cohesion 50, iter 32: Cannot choose from an empty sequence
  Error in anealing at cohesion 50, iter 33: Cannot choose from an empty sequence
  Error in anealing at cohesion 50, iter 34: Cannot choose from an empty sequence
  Error in anealing at cohesion 50, iter 35: Cannot choose from an empty sequence
  Error in anealing at cohesion 50, iter 36: Cannot choose from an empty sequence
  Error in anealing at cohesion 50, iter 37: Cannot choose from an empty sequence
  Error in anealing at cohesion 50, iter 38: Cannot choose from an empty sequence
  Error in anealing at cohesion 50, iter 39: Cannot choose from an empty sequence
  Error in anealing at cohesion 50, iter 40: Cannot choose from an empty sequence
  Error in anealing at cohesion 50, iter 41: Cannot choose from an empty sequence
  Error in anealing at cohesion 50, iter 42: Cannot choose from an empty sequence
  Error in anealing at cohesion 50, iter 43: Cannot choose from an empty sequence
  Error in anealing at cohesion 50, iter 44: Cannot choose from an empty sequence
  Error in anealing at cohesion 50, iter 45: Cannot choose from an empty sequence
  Error in anealing at cohesion 50, iter 46: Cannot choose from an empty sequence
  Error in anealing at cohesion 50, iter 47: Cannot choose from an empty sequence
  Error in anealing at cohesion 50, iter 48: Cannot choose from an empty sequence
  Error in anealing at cohesion 50, iter 49: Cannot choose from an empty sequence
  Error in anealing at cohesion 50, iter 50: Cannot choose from an empty sequence
  Error in anealing at cohesion 50, iter 51: Cannot choose from an empty sequence
  Error in anealing at cohesion 50, iter 52: Cannot choose from an empty sequence
  Error in anealing at cohesion 50, iter 53: Cannot choose from an empty sequence
  Error in anealing at cohesion 50, iter 54: Cannot choose from an empty sequence
  Error in anealing at cohesion 50, iter 55: Cannot choose from an empty sequence
  Error in anealing at cohesion 50, iter 56: Cannot choose from an empty sequence
  Error in anealing at cohesion 50, iter 57: Cannot choose from an empty sequence
  Error in anealing at cohesion 50, iter 58: Cannot choose from an empty sequence
  Error in anealing at cohesion 50, iter 59: Cannot choose from an empty sequence
  Error in anealing at cohesion 50, iter 60: Cannot choose from an empty sequence
  Error in anealing at cohesion 50, iter 61: Cannot choose from an empty sequence
  Error in anealing at cohesion 50, iter 62: Cannot choose from an empty sequence
  Error in anealing at cohesion 50, iter 63: Cannot choose from an empty sequence
  Error in anealing at cohesion 50, iter 64: Cannot choose from an empty sequence
  Error in anealing at cohesion 50, iter 65: Cannot choose from an empty sequence
  Error in anealing at cohesion 50, iter 66: Cannot choose from an empty sequence
  Error in anealing at cohesion 50, iter 67: Cannot choose from an empty sequence
  Error in anealing at cohesion 50, iter 68: Cannot choose from an empty sequence
  Error in anealing at cohesion 50, iter 69: Cannot choose from an empty sequence
  Error in anealing at cohesion 50, iter 70: Cannot choose from an empty sequence
  Error in anealing at cohesion 50, iter 71: Cannot choose from an empty sequence
  Error in anealing at cohesion 50, iter 72: Cannot choose from an empty sequence
  Error in anealing at cohesion 50, iter 73: Cannot choose from an empty sequence
  Error in anealing at cohesion 50, iter 74: Cannot choose from an empty sequence
  Error in anealing at cohesion 50, iter 75: Cannot choose from an empty sequence
  Error in anealing at cohesion 50, iter 76: Cannot choose from an empty sequence
  Error in anealing at cohesion 50, iter 77: Cannot choose from an empty sequence
  Error in anealing at cohesion 50, iter 78: Cannot choose from an empty sequence
  Error in anealing at cohesion 50, iter 79: Cannot choose from an empty sequence
  Error in anealing at cohesion 50, iter 80: Cannot choose from an empty sequence
  Error in anealing at cohesion 50, iter 81: Cannot choose from an empty sequence
  Error in anealing at cohesion 50, iter 82: Cannot choose from an empty sequence
  Error in anealing at cohesion 50, iter 83: Cannot choose from an empty sequence
  Error in anealing at cohesion 50, iter 84: Cannot choose from an empty sequence
  Error in anealing at cohesion 50, iter 85: Cannot choose from an empty sequence
  Error in anealing at cohesion 50, iter 86: Cannot choose from an empty sequence
  Error in anealing at cohesion 50, iter 87: Cannot choose from an empty sequence
  Error in anealing at cohesion 50, iter 88: Cannot choose from an empty sequence
  Error in anealing at cohesion 50, iter 89: Cannot choose from an empty sequence
  Error in anealing at cohesion 50, iter 90: Cannot choose from an empty sequence
  Error in anealing at cohesion 50, iter 91: Cannot choose from an empty sequence
  Error in anealing at cohesion 50, iter 92: Cannot choose from an empty sequence
  Error in anealing at cohesion 50, iter 93: Cannot choose from an empty sequence
  Error in anealing at cohesion 50, iter 94: Cannot choose from an empty sequence
  Error in anealing at cohesion 50, iter 95: Cannot choose from an empty sequence
  Error in anealing at cohesion 50, iter 96: Cannot choose from an empty sequence
  Error in anealing at cohesion 50, iter 97: Cannot choose from an empty sequence
  Error in anealing at cohesion 50, iter 98: Cannot choose from an empty sequence
  Error in anealing at cohesion 50, iter 99: Cannot choose from an empty sequence
  Completed 100 iterations for size 100, cohesion 50.
  Error in anealing at cohesion 60, iter 0: Cannot choose from an empty sequence
  Error in anealing at cohesion 60, iter 1: Cannot choose from an empty sequence
  Error in anealing at cohesion 60, iter 2: Cannot choose from an empty sequence
  Error in anealing at cohesion 60, iter 3: Cannot choose from an empty sequence
  Error in anealing at cohesion 60, iter 4: Cannot choose from an empty sequence
  Error in anealing at cohesion 60, iter 5: Cannot choose from an empty sequence
  Error in anealing at cohesion 60, iter 6: Cannot choose from an empty sequence
  Error in anealing at cohesion 60, iter 7: Cannot choose from an empty sequence
  Error in anealing at cohesion 60, iter 8: Cannot choose from an empty sequence
  Error in anealing at cohesion 60, iter 9: Cannot choose from an empty sequence
  Error in anealing at cohesion 60, iter 10: Cannot choose from an empty sequence
  Error in anealing at cohesion 60, iter 11: Cannot choose from an empty sequence
  Error in anealing at cohesion 60, iter 12: Cannot choose from an empty sequence
  Error in anealing at cohesion 60, iter 13: Cannot choose from an empty sequence
  Error in anealing at cohesion 60, iter 14: Cannot choose from an empty sequence
  Error in anealing at cohesion 60, iter 15: Cannot choose from an empty sequence
  Error in anealing at cohesion 60, iter 16: Cannot choose from an empty sequence
  Error in anealing at cohesion 60, iter 17: Cannot choose from an empty sequence
  Error in anealing at cohesion 60, iter 18: Cannot choose from an empty sequence
  Error in anealing at cohesion 60, iter 19: Cannot choose from an empty sequence
  Error in anealing at cohesion 60, iter 20: Cannot choose from an empty sequence
  Error in anealing at cohesion 60, iter 21: Cannot choose from an empty sequence
  Error in anealing at cohesion 60, iter 22: Cannot choose from an empty sequence
  Error in anealing at cohesion 60, iter 23: Cannot choose from an empty sequence
  Error in anealing at cohesion 60, iter 24: Cannot choose from an empty sequence
  Error in anealing at cohesion 60, iter 25: Cannot choose from an empty sequence
  Error in anealing at cohesion 60, iter 26: Cannot choose from an empty sequence
  Error in anealing at cohesion 60, iter 27: Cannot choose from an empty sequence
  Error in anealing at cohesion 60, iter 28: Cannot choose from an empty sequence
  Error in anealing at cohesion 60, iter 29: Cannot choose from an empty sequence
  Error in anealing at cohesion 60, iter 30: Cannot choose from an empty sequence
  Error in anealing at cohesion 60, iter 31: Cannot choose from an empty sequence
  Error in anealing at cohesion 60, iter 32: Cannot choose from an empty sequence
  Error in anealing at cohesion 60, iter 33: Cannot choose from an empty sequence
  Error in anealing at cohesion 60, iter 34: Cannot choose from an empty sequence
  Error in anealing at cohesion 60, iter 35: Cannot choose from an empty sequence
  Error in anealing at cohesion 60, iter 36: Cannot choose from an empty sequence
  Error in anealing at cohesion 60, iter 37: Cannot choose from an empty sequence
  Error in anealing at cohesion 60, iter 38: Cannot choose from an empty sequence
  Error in anealing at cohesion 60, iter 39: Cannot choose from an empty sequence
  Error in anealing at cohesion 60, iter 40: Cannot choose from an empty sequence
  Error in anealing at cohesion 60, iter 41: Cannot choose from an empty sequence
  Error in anealing at cohesion 60, iter 42: Cannot choose from an empty sequence
  Error in anealing at cohesion 60, iter 43: Cannot choose from an empty sequence
  Error in anealing at cohesion 60, iter 44: Cannot choose from an empty sequence
  Error in anealing at cohesion 60, iter 45: Cannot choose from an empty sequence
  Error in anealing at cohesion 60, iter 46: Cannot choose from an empty sequence
  Error in anealing at cohesion 60, iter 47: Cannot choose from an empty sequence
  Error in anealing at cohesion 60, iter 48: Cannot choose from an empty sequence
  Error in anealing at cohesion 60, iter 49: Cannot choose from an empty sequence
  Error in anealing at cohesion 60, iter 50: Cannot choose from an empty sequence
  Error in anealing at cohesion 60, iter 51: Cannot choose from an empty sequence
  Error in anealing at cohesion 60, iter 52: Cannot choose from an empty sequence
  Error in anealing at cohesion 60, iter 53: Cannot choose from an empty sequence
  Error in anealing at cohesion 60, iter 54: Cannot choose from an empty sequence
  Error in anealing at cohesion 60, iter 55: Cannot choose from an empty sequence
  Error in anealing at cohesion 60, iter 56: Cannot choose from an empty sequence
  Error in anealing at cohesion 60, iter 57: Cannot choose from an empty sequence
  Error in anealing at cohesion 60, iter 58: Cannot choose from an empty sequence
  Error in anealing at cohesion 60, iter 59: Cannot choose from an empty sequence
  Error in anealing at cohesion 60, iter 60: Cannot choose from an empty sequence
  Error in anealing at cohesion 60, iter 61: Cannot choose from an empty sequence
  Error in anealing at cohesion 60, iter 62: Cannot choose from an empty sequence
  Error in anealing at cohesion 60, iter 63: Cannot choose from an empty sequence
  Error in anealing at cohesion 60, iter 64: Cannot choose from an empty sequence
  Error in anealing at cohesion 60, iter 65: Cannot choose from an empty sequence
  Error in anealing at cohesion 60, iter 66: Cannot choose from an empty sequence
  Error in anealing at cohesion 60, iter 67: Cannot choose from an empty sequence
  Error in anealing at cohesion 60, iter 68: Cannot choose from an empty sequence
  Error in anealing at cohesion 60, iter 69: Cannot choose from an empty sequence
  Error in anealing at cohesion 60, iter 70: Cannot choose from an empty sequence
  Error in anealing at cohesion 60, iter 71: Cannot choose from an empty sequence
  Error in anealing at cohesion 60, iter 72: Cannot choose from an empty sequence
  Error in anealing at cohesion 60, iter 73: Cannot choose from an empty sequence
  Error in anealing at cohesion 60, iter 74: Cannot choose from an empty sequence
  Error in anealing at cohesion 60, iter 75: Cannot choose from an empty sequence
  Error in anealing at cohesion 60, iter 76: Cannot choose from an empty sequence
  Error in anealing at cohesion 60, iter 77: Cannot choose from an empty sequence
  Error in anealing at cohesion 60, iter 78: Cannot choose from an empty sequence
  Error in anealing at cohesion 60, iter 79: Cannot choose from an empty sequence
  Error in anealing at cohesion 60, iter 80: Cannot choose from an empty sequence
  Error in anealing at cohesion 60, iter 81: Cannot choose from an empty sequence
  Error in anealing at cohesion 60, iter 82: Cannot choose from an empty sequence
  Error in anealing at cohesion 60, iter 83: Cannot choose from an empty sequence
  Error in anealing at cohesion 60, iter 84: Cannot choose from an empty sequence
  Error in anealing at cohesion 60, iter 85: Cannot choose from an empty sequence
  Error in anealing at cohesion 60, iter 86: Cannot choose from an empty sequence
  Error in anealing at cohesion 60, iter 87: Cannot choose from an empty sequence
  Error in anealing at cohesion 60, iter 88: Cannot choose from an empty sequence
  Error in anealing at cohesion 60, iter 89: Cannot choose from an empty sequence
  Error in anealing at cohesion 60, iter 90: Cannot choose from an empty sequence
  Error in anealing at cohesion 60, iter 91: Cannot choose from an empty sequence
  Error in anealing at cohesion 60, iter 92: Cannot choose from an empty sequence
  Error in anealing at cohesion 60, iter 93: Cannot choose from an empty sequence
  Error in anealing at cohesion 60, iter 94: Cannot choose from an empty sequence
  Error in anealing at cohesion 60, iter 95: Cannot choose from an empty sequence
  Error in anealing at cohesion 60, iter 96: Cannot choose from an empty sequence
  Error in anealing at cohesion 60, iter 97: Cannot choose from an empty sequence
  Error in anealing at cohesion 60, iter 98: Cannot choose from an empty sequence
  Error in anealing at cohesion 60, iter 99: Cannot choose from an empty sequence
  Completed 100 iterations for size 100, cohesion 60.
  Error in anealing at cohesion 70, iter 0: Cannot choose from an empty sequence
  Error in anealing at cohesion 70, iter 1: Cannot choose from an empty sequence
  Error in anealing at cohesion 70, iter 2: Cannot choose from an empty sequence
  Error in anealing at cohesion 70, iter 3: Cannot choose from an empty sequence
  Error in anealing at cohesion 70, iter 4: Cannot choose from an empty sequence
  Error in anealing at cohesion 70, iter 5: Cannot choose from an empty sequence
  Error in anealing at cohesion 70, iter 6: Cannot choose from an empty sequence
  Error in anealing at cohesion 70, iter 7: Cannot choose from an empty sequence
  Error in anealing at cohesion 70, iter 8: Cannot choose from an empty sequence
  Error in anealing at cohesion 70, iter 9: Cannot choose from an empty sequence
  Error in anealing at cohesion 70, iter 10: Cannot choose from an empty sequence
  Error in anealing at cohesion 70, iter 11: Cannot choose from an empty sequence
  Error in anealing at cohesion 70, iter 12: Cannot choose from an empty sequence
  Error in anealing at cohesion 70, iter 13: Cannot choose from an empty sequence
  Error in anealing at cohesion 70, iter 14: Cannot choose from an empty sequence
  Error in anealing at cohesion 70, iter 15: Cannot choose from an empty sequence
  Error in anealing at cohesion 70, iter 16: Cannot choose from an empty sequence
  Error in anealing at cohesion 70, iter 17: Cannot choose from an empty sequence
  Error in anealing at cohesion 70, iter 18: Cannot choose from an empty sequence
  Error in anealing at cohesion 70, iter 19: Cannot choose from an empty sequence
  Error in anealing at cohesion 70, iter 20: Cannot choose from an empty sequence
  Error in anealing at cohesion 70, iter 21: Cannot choose from an empty sequence
  Error in anealing at cohesion 70, iter 22: Cannot choose from an empty sequence
  Error in anealing at cohesion 70, iter 23: Cannot choose from an empty sequence
  Error in anealing at cohesion 70, iter 24: Cannot choose from an empty sequence
  Error in anealing at cohesion 70, iter 25: Cannot choose from an empty sequence
  Error in anealing at cohesion 70, iter 26: Cannot choose from an empty sequence
  Error in anealing at cohesion 70, iter 27: Cannot choose from an empty sequence
  Error in anealing at cohesion 70, iter 28: Cannot choose from an empty sequence
  Error in anealing at cohesion 70, iter 29: Cannot choose from an empty sequence
  Error in anealing at cohesion 70, iter 30: Cannot choose from an empty sequence
  Error in anealing at cohesion 70, iter 31: Cannot choose from an empty sequence
  Error in anealing at cohesion 70, iter 32: Cannot choose from an empty sequence
  Error in anealing at cohesion 70, iter 33: Cannot choose from an empty sequence
  Error in anealing at cohesion 70, iter 34: Cannot choose from an empty sequence
  Error in anealing at cohesion 70, iter 35: Cannot choose from an empty sequence
  Error in anealing at cohesion 70, iter 36: Cannot choose from an empty sequence
  Error in anealing at cohesion 70, iter 37: Cannot choose from an empty sequence
  Error in anealing at cohesion 70, iter 38: Cannot choose from an empty sequence
  Error in anealing at cohesion 70, iter 39: Cannot choose from an empty sequence
  Error in anealing at cohesion 70, iter 40: Cannot choose from an empty sequence
  Error in anealing at cohesion 70, iter 41: Cannot choose from an empty sequence
  Error in anealing at cohesion 70, iter 42: Cannot choose from an empty sequence
  Error in anealing at cohesion 70, iter 43: Cannot choose from an empty sequence
  Error in anealing at cohesion 70, iter 44: Cannot choose from an empty sequence
  Error in anealing at cohesion 70, iter 45: Cannot choose from an empty sequence
  Error in anealing at cohesion 70, iter 46: Cannot choose from an empty sequence
  Error in anealing at cohesion 70, iter 47: Cannot choose from an empty sequence
  Error in anealing at cohesion 70, iter 48: Cannot choose from an empty sequence
  Error in anealing at cohesion 70, iter 49: Cannot choose from an empty sequence
  Error in anealing at cohesion 70, iter 50: Cannot choose from an empty sequence
  Error in anealing at cohesion 70, iter 51: Cannot choose from an empty sequence
  Error in anealing at cohesion 70, iter 52: Cannot choose from an empty sequence
  Error in anealing at cohesion 70, iter 53: Cannot choose from an empty sequence
  Error in anealing at cohesion 70, iter 54: Cannot choose from an empty sequence
  Error in anealing at cohesion 70, iter 55: Cannot choose from an empty sequence
  Error in anealing at cohesion 70, iter 56: Cannot choose from an empty sequence
  Error in anealing at cohesion 70, iter 57: Cannot choose from an empty sequence
  Error in anealing at cohesion 70, iter 58: Cannot choose from an empty sequence
  Error in anealing at cohesion 70, iter 59: Cannot choose from an empty sequence
  Error in anealing at cohesion 70, iter 60: Cannot choose from an empty sequence
  Error in anealing at cohesion 70, iter 61: Cannot choose from an empty sequence
  Error in anealing at cohesion 70, iter 62: Cannot choose from an empty sequence
  Error in anealing at cohesion 70, iter 63: Cannot choose from an empty sequence
  Error in anealing at cohesion 70, iter 64: Cannot choose from an empty sequence
  Error in anealing at cohesion 70, iter 65: Cannot choose from an empty sequence
  Error in anealing at cohesion 70, iter 66: Cannot choose from an empty sequence
  Error in anealing at cohesion 70, iter 67: Cannot choose from an empty sequence
  Error in anealing at cohesion 70, iter 68: Cannot choose from an empty sequence
  Error in anealing at cohesion 70, iter 69: Cannot choose from an empty sequence
  Error in anealing at cohesion 70, iter 70: Cannot choose from an empty sequence
  Error in anealing at cohesion 70, iter 71: Cannot choose from an empty sequence
  Error in anealing at cohesion 70, iter 72: Cannot choose from an empty sequence
  Error in anealing at cohesion 70, iter 73: Cannot choose from an empty sequence
  Error in anealing at cohesion 70, iter 74: Cannot choose from an empty sequence
  Error in anealing at cohesion 70, iter 75: Cannot choose from an empty sequence
  Error in anealing at cohesion 70, iter 76: Cannot choose from an empty sequence
  Error in anealing at cohesion 70, iter 77: Cannot choose from an empty sequence
  Error in anealing at cohesion 70, iter 78: Cannot choose from an empty sequence
  Error in anealing at cohesion 70, iter 79: Cannot choose from an empty sequence
  Error in anealing at cohesion 70, iter 80: Cannot choose from an empty sequence
  Error in anealing at cohesion 70, iter 81: Cannot choose from an empty sequence
  Error in anealing at cohesion 70, iter 82: Cannot choose from an empty sequence
  Error in anealing at cohesion 70, iter 83: Cannot choose from an empty sequence
  Error in anealing at cohesion 70, iter 84: Cannot choose from an empty sequence
  Error in anealing at cohesion 70, iter 85: Cannot choose from an empty sequence
  Error in anealing at cohesion 70, iter 86: Cannot choose from an empty sequence
  Error in anealing at cohesion 70, iter 87: Cannot choose from an empty sequence
  Error in anealing at cohesion 70, iter 88: Cannot choose from an empty sequence
  Error in anealing at cohesion 70, iter 89: Cannot choose from an empty sequence
  Error in anealing at cohesion 70, iter 90: Cannot choose from an empty sequence
  Error in anealing at cohesion 70, iter 91: Cannot choose from an empty sequence
  Error in anealing at cohesion 70, iter 92: Cannot choose from an empty sequence
  Error in anealing at cohesion 70, iter 93: Cannot choose from an empty sequence
  Error in anealing at cohesion 70, iter 94: Cannot choose from an empty sequence
  Error in anealing at cohesion 70, iter 95: Cannot choose from an empty sequence
  Error in anealing at cohesion 70, iter 96: Cannot choose from an empty sequence
  Error in anealing at cohesion 70, iter 97: Cannot choose from an empty sequence
  Error in anealing at cohesion 70, iter 98: Cannot choose from an empty sequence
  Error in anealing at cohesion 70, iter 99: Cannot choose from an empty sequence
  Completed 100 iterations for size 100, cohesion 70.
  Error in anealing at cohesion 80, iter 0: Cannot choose from an empty sequence
  Error in anealing at cohesion 80, iter 1: Cannot choose from an empty sequence
  Error in anealing at cohesion 80, iter 2: Cannot choose from an empty sequence
  Error in anealing at cohesion 80, iter 3: Cannot choose from an empty sequence
  Error in anealing at cohesion 80, iter 4: Cannot choose from an empty sequence
  Error in anealing at cohesion 80, iter 5: Cannot choose from an empty sequence
  Error in anealing at cohesion 80, iter 6: Cannot choose from an empty sequence
  Error in anealing at cohesion 80, iter 7: Cannot choose from an empty sequence
  Error in anealing at cohesion 80, iter 8: Cannot choose from an empty sequence
  Error in anealing at cohesion 80, iter 9: Cannot choose from an empty sequence
  Error in anealing at cohesion 80, iter 10: Cannot choose from an empty sequence
  Error in anealing at cohesion 80, iter 11: Cannot choose from an empty sequence
  Error in anealing at cohesion 80, iter 12: Cannot choose from an empty sequence
  Error in anealing at cohesion 80, iter 13: Cannot choose from an empty sequence
  Error in anealing at cohesion 80, iter 14: Cannot choose from an empty sequence
  Error in anealing at cohesion 80, iter 15: Cannot choose from an empty sequence
  Error in anealing at cohesion 80, iter 16: Cannot choose from an empty sequence
  Error in anealing at cohesion 80, iter 17: Cannot choose from an empty sequence
  Error in anealing at cohesion 80, iter 18: Cannot choose from an empty sequence
  Error in anealing at cohesion 80, iter 19: Cannot choose from an empty sequence
  Error in anealing at cohesion 80, iter 20: Cannot choose from an empty sequence
  Error in anealing at cohesion 80, iter 21: Cannot choose from an empty sequence
  Error in anealing at cohesion 80, iter 22: Cannot choose from an empty sequence
  Error in anealing at cohesion 80, iter 23: Cannot choose from an empty sequence
  Error in anealing at cohesion 80, iter 24: Cannot choose from an empty sequence
  Error in anealing at cohesion 80, iter 25: Cannot choose from an empty sequence
  Error in anealing at cohesion 80, iter 26: Cannot choose from an empty sequence
  Error in anealing at cohesion 80, iter 27: Cannot choose from an empty sequence
  Error in anealing at cohesion 80, iter 28: Cannot choose from an empty sequence
  Error in anealing at cohesion 80, iter 29: Cannot choose from an empty sequence
  Error in anealing at cohesion 80, iter 30: Cannot choose from an empty sequence
  Error in anealing at cohesion 80, iter 31: Cannot choose from an empty sequence
  Error in anealing at cohesion 80, iter 32: Cannot choose from an empty sequence
  Error in anealing at cohesion 80, iter 33: Cannot choose from an empty sequence
  Error in anealing at cohesion 80, iter 34: Cannot choose from an empty sequence
  Error in anealing at cohesion 80, iter 35: Cannot choose from an empty sequence
  Error in anealing at cohesion 80, iter 36: Cannot choose from an empty sequence
  Error in anealing at cohesion 80, iter 37: Cannot choose from an empty sequence
  Error in anealing at cohesion 80, iter 38: Cannot choose from an empty sequence
  Error in anealing at cohesion 80, iter 39: Cannot choose from an empty sequence
  Error in anealing at cohesion 80, iter 40: Cannot choose from an empty sequence
  Error in anealing at cohesion 80, iter 41: Cannot choose from an empty sequence
  Error in anealing at cohesion 80, iter 42: Cannot choose from an empty sequence
  Error in anealing at cohesion 80, iter 43: Cannot choose from an empty sequence
  Error in anealing at cohesion 80, iter 44: Cannot choose from an empty sequence
  Error in anealing at cohesion 80, iter 45: Cannot choose from an empty sequence
  Error in anealing at cohesion 80, iter 46: Cannot choose from an empty sequence
  Error in anealing at cohesion 80, iter 47: Cannot choose from an empty sequence
  Error in anealing at cohesion 80, iter 48: Cannot choose from an empty sequence
  Error in anealing at cohesion 80, iter 49: Cannot choose from an empty sequence
  Error in anealing at cohesion 80, iter 50: Cannot choose from an empty sequence
  Error in anealing at cohesion 80, iter 51: Cannot choose from an empty sequence
  Error in anealing at cohesion 80, iter 52: Cannot choose from an empty sequence
  Error in anealing at cohesion 80, iter 53: Cannot choose from an empty sequence
  Error in anealing at cohesion 80, iter 54: Cannot choose from an empty sequence
  Error in anealing at cohesion 80, iter 55: Cannot choose from an empty sequence
  Error in anealing at cohesion 80, iter 56: Cannot choose from an empty sequence
  Error in anealing at cohesion 80, iter 57: Cannot choose from an empty sequence
  Error in anealing at cohesion 80, iter 58: Cannot choose from an empty sequence
  Error in anealing at cohesion 80, iter 59: Cannot choose from an empty sequence
  Error in anealing at cohesion 80, iter 60: Cannot choose from an empty sequence
  Error in anealing at cohesion 80, iter 61: Cannot choose from an empty sequence
  Error in anealing at cohesion 80, iter 62: Cannot choose from an empty sequence
  Error in anealing at cohesion 80, iter 63: Cannot choose from an empty sequence
  Error in anealing at cohesion 80, iter 64: Cannot choose from an empty sequence
  Error in anealing at cohesion 80, iter 65: Cannot choose from an empty sequence
  Error in anealing at cohesion 80, iter 66: Cannot choose from an empty sequence
  Error in anealing at cohesion 80, iter 67: Cannot choose from an empty sequence
  Error in anealing at cohesion 80, iter 68: Cannot choose from an empty sequence
  Error in anealing at cohesion 80, iter 69: Cannot choose from an empty sequence
  Error in anealing at cohesion 80, iter 70: Cannot choose from an empty sequence
  Error in anealing at cohesion 80, iter 71: Cannot choose from an empty sequence
  Error in anealing at cohesion 80, iter 72: Cannot choose from an empty sequence
  Error in anealing at cohesion 80, iter 73: Cannot choose from an empty sequence
  Error in anealing at cohesion 80, iter 74: Cannot choose from an empty sequence
  Error in anealing at cohesion 80, iter 75: Cannot choose from an empty sequence
  Error in anealing at cohesion 80, iter 76: Cannot choose from an empty sequence
  Error in anealing at cohesion 80, iter 77: Cannot choose from an empty sequence
  Error in anealing at cohesion 80, iter 78: Cannot choose from an empty sequence
  Error in anealing at cohesion 80, iter 79: Cannot choose from an empty sequence
  Error in anealing at cohesion 80, iter 80: Cannot choose from an empty sequence
  Error in anealing at cohesion 80, iter 81: Cannot choose from an empty sequence
  Error in anealing at cohesion 80, iter 82: Cannot choose from an empty sequence
  Error in anealing at cohesion 80, iter 83: Cannot choose from an empty sequence
  Error in anealing at cohesion 80, iter 84: Cannot choose from an empty sequence
  Error in anealing at cohesion 80, iter 85: Cannot choose from an empty sequence
  Error in anealing at cohesion 80, iter 86: Cannot choose from an empty sequence
  Error in anealing at cohesion 80, iter 87: Cannot choose from an empty sequence
  Error in anealing at cohesion 80, iter 88: Cannot choose from an empty sequence
  Error in anealing at cohesion 80, iter 89: Cannot choose from an empty sequence
  Error in anealing at cohesion 80, iter 90: Cannot choose from an empty sequence
  Error in anealing at cohesion 80, iter 91: Cannot choose from an empty sequence
  Error in anealing at cohesion 80, iter 92: Cannot choose from an empty sequence
  Error in anealing at cohesion 80, iter 93: Cannot choose from an empty sequence
  Error in anealing at cohesion 80, iter 94: Cannot choose from an empty sequence
  Error in anealing at cohesion 80, iter 95: Cannot choose from an empty sequence
  Error in anealing at cohesion 80, iter 96: Cannot choose from an empty sequence
  Error in anealing at cohesion 80, iter 97: Cannot choose from an empty sequence
  Error in anealing at cohesion 80, iter 98: Cannot choose from an empty sequence
  Error in anealing at cohesion 80, iter 99: Cannot choose from an empty sequence
  Completed 100 iterations for size 100, cohesion 80.
  Error in anealing at cohesion 90, iter 0: Cannot choose from an empty sequence
  Error in anealing at cohesion 90, iter 1: Cannot choose from an empty sequence
  Error in anealing at cohesion 90, iter 2: Cannot choose from an empty sequence
  Error in anealing at cohesion 90, iter 3: Cannot choose from an empty sequence
  Error in anealing at cohesion 90, iter 4: Cannot choose from an empty sequence
  Error in anealing at cohesion 90, iter 5: Cannot choose from an empty sequence
  Error in anealing at cohesion 90, iter 6: Cannot choose from an empty sequence
  Error in anealing at cohesion 90, iter 7: Cannot choose from an empty sequence
  Error in anealing at cohesion 90, iter 8: Cannot choose from an empty sequence
  Error in anealing at cohesion 90, iter 9: Cannot choose from an empty sequence
  Error in anealing at cohesion 90, iter 10: Cannot choose from an empty sequence
  Error in anealing at cohesion 90, iter 11: Cannot choose from an empty sequence
  Error in anealing at cohesion 90, iter 12: Cannot choose from an empty sequence
  Error in anealing at cohesion 90, iter 13: Cannot choose from an empty sequence
  Error in anealing at cohesion 90, iter 14: Cannot choose from an empty sequence
  Error in anealing at cohesion 90, iter 15: Cannot choose from an empty sequence
  Error in anealing at cohesion 90, iter 16: Cannot choose from an empty sequence
  Error in anealing at cohesion 90, iter 17: Cannot choose from an empty sequence
  Error in anealing at cohesion 90, iter 18: Cannot choose from an empty sequence
  Error in anealing at cohesion 90, iter 19: Cannot choose from an empty sequence
  Error in anealing at cohesion 90, iter 20: Cannot choose from an empty sequence
  Error in anealing at cohesion 90, iter 21: Cannot choose from an empty sequence
  Error in anealing at cohesion 90, iter 22: Cannot choose from an empty sequence
  Error in anealing at cohesion 90, iter 23: Cannot choose from an empty sequence
  Error in anealing at cohesion 90, iter 24: Cannot choose from an empty sequence
  Error in anealing at cohesion 90, iter 25: Cannot choose from an empty sequence
  Error in anealing at cohesion 90, iter 26: Cannot choose from an empty sequence
  Error in anealing at cohesion 90, iter 27: Cannot choose from an empty sequence
  Error in anealing at cohesion 90, iter 28: Cannot choose from an empty sequence
  Error in anealing at cohesion 90, iter 29: Cannot choose from an empty sequence
  Error in anealing at cohesion 90, iter 30: Cannot choose from an empty sequence
  Error in anealing at cohesion 90, iter 31: Cannot choose from an empty sequence
  Error in anealing at cohesion 90, iter 32: Cannot choose from an empty sequence
  Error in anealing at cohesion 90, iter 33: Cannot choose from an empty sequence
  Error in anealing at cohesion 90, iter 34: Cannot choose from an empty sequence
  Error in anealing at cohesion 90, iter 35: Cannot choose from an empty sequence
  Error in anealing at cohesion 90, iter 36: Cannot choose from an empty sequence
  Error in anealing at cohesion 90, iter 37: Cannot choose from an empty sequence
  Error in anealing at cohesion 90, iter 38: Cannot choose from an empty sequence
  Error in anealing at cohesion 90, iter 39: Cannot choose from an empty sequence
  Error in anealing at cohesion 90, iter 40: Cannot choose from an empty sequence
  Error in anealing at cohesion 90, iter 41: Cannot choose from an empty sequence
  Error in anealing at cohesion 90, iter 42: Cannot choose from an empty sequence
  Error in anealing at cohesion 90, iter 43: Cannot choose from an empty sequence
  Error in anealing at cohesion 90, iter 44: Cannot choose from an empty sequence
  Error in anealing at cohesion 90, iter 45: Cannot choose from an empty sequence
  Error in anealing at cohesion 90, iter 46: Cannot choose from an empty sequence
  Error in anealing at cohesion 90, iter 47: Cannot choose from an empty sequence
  Error in anealing at cohesion 90, iter 48: Cannot choose from an empty sequence
  Error in anealing at cohesion 90, iter 49: Cannot choose from an empty sequence
  Error in anealing at cohesion 90, iter 50: Cannot choose from an empty sequence
  Error in anealing at cohesion 90, iter 51: Cannot choose from an empty sequence
  Error in anealing at cohesion 90, iter 52: Cannot choose from an empty sequence
  Error in anealing at cohesion 90, iter 53: Cannot choose from an empty sequence
  Error in anealing at cohesion 90, iter 54: Cannot choose from an empty sequence
  Error in anealing at cohesion 90, iter 55: Cannot choose from an empty sequence
  Error in anealing at cohesion 90, iter 56: Cannot choose from an empty sequence
  Error in anealing at cohesion 90, iter 57: Cannot choose from an empty sequence
  Error in anealing at cohesion 90, iter 58: Cannot choose from an empty sequence
  Error in anealing at cohesion 90, iter 59: Cannot choose from an empty sequence
  Error in anealing at cohesion 90, iter 60: Cannot choose from an empty sequence
  Error in anealing at cohesion 90, iter 61: Cannot choose from an empty sequence
  Error in anealing at cohesion 90, iter 62: Cannot choose from an empty sequence
  Error in anealing at cohesion 90, iter 63: Cannot choose from an empty sequence
  Error in anealing at cohesion 90, iter 64: Cannot choose from an empty sequence
  Error in anealing at cohesion 90, iter 65: Cannot choose from an empty sequence
  Error in anealing at cohesion 90, iter 66: Cannot choose from an empty sequence
  Error in anealing at cohesion 90, iter 67: Cannot choose from an empty sequence
  Error in anealing at cohesion 90, iter 68: Cannot choose from an empty sequence
  Error in anealing at cohesion 90, iter 69: Cannot choose from an empty sequence
  Error in anealing at cohesion 90, iter 70: Cannot choose from an empty sequence
  Error in anealing at cohesion 90, iter 71: Cannot choose from an empty sequence
  Error in anealing at cohesion 90, iter 72: Cannot choose from an empty sequence
  Error in anealing at cohesion 90, iter 73: Cannot choose from an empty sequence
  Error in anealing at cohesion 90, iter 74: Cannot choose from an empty sequence
  Error in anealing at cohesion 90, iter 75: Cannot choose from an empty sequence
  Error in anealing at cohesion 90, iter 76: Cannot choose from an empty sequence
  Error in anealing at cohesion 90, iter 77: Cannot choose from an empty sequence
  Error in anealing at cohesion 90, iter 78: Cannot choose from an empty sequence
  Error in anealing at cohesion 90, iter 79: Cannot choose from an empty sequence
  Error in anealing at cohesion 90, iter 80: Cannot choose from an empty sequence
  Error in anealing at cohesion 90, iter 81: Cannot choose from an empty sequence
  Error in anealing at cohesion 90, iter 82: Cannot choose from an empty sequence
  Error in anealing at cohesion 90, iter 83: Cannot choose from an empty sequence
  Error in anealing at cohesion 90, iter 84: Cannot choose from an empty sequence
  Error in anealing at cohesion 90, iter 85: Cannot choose from an empty sequence
  Error in anealing at cohesion 90, iter 86: Cannot choose from an empty sequence
  Error in anealing at cohesion 90, iter 87: Cannot choose from an empty sequence
  Error in anealing at cohesion 90, iter 88: Cannot choose from an empty sequence
  Error in anealing at cohesion 90, iter 89: Cannot choose from an empty sequence
  Error in anealing at cohesion 90, iter 90: Cannot choose from an empty sequence
  Error in anealing at cohesion 90, iter 91: Cannot choose from an empty sequence
  Error in anealing at cohesion 90, iter 92: Cannot choose from an empty sequence
  Error in anealing at cohesion 90, iter 93: Cannot choose from an empty sequence
  Error in anealing at cohesion 90, iter 94: Cannot choose from an empty sequence
  Error in anealing at cohesion 90, iter 95: Cannot choose from an empty sequence
  Error in anealing at cohesion 90, iter 96: Cannot choose from an empty sequence
  Error in anealing at cohesion 90, iter 97: Cannot choose from an empty sequence
  Error in anealing at cohesion 90, iter 98: Cannot choose from an empty sequence
  Error in anealing at cohesion 90, iter 99: Cannot choose from an empty sequence
  Completed 100 iterations for size 100, cohesion 90.
  Error in anealing at cohesion 100, iter 0: Cannot choose from an empty sequence
  Error in anealing at cohesion 100, iter 1: Cannot choose from an empty sequence
  Error in anealing at cohesion 100, iter 2: Cannot choose from an empty sequence
  Error in anealing at cohesion 100, iter 3: Cannot choose from an empty sequence
  Error in anealing at cohesion 100, iter 4: Cannot choose from an empty sequence
  Error in anealing at cohesion 100, iter 5: Cannot choose from an empty sequence
  Error in anealing at cohesion 100, iter 6: Cannot choose from an empty sequence
  Error in anealing at cohesion 100, iter 7: Cannot choose from an empty sequence
  Error in anealing at cohesion 100, iter 8: Cannot choose from an empty sequence
  Error in anealing at cohesion 100, iter 9: Cannot choose from an empty sequence
  Error in anealing at cohesion 100, iter 10: Cannot choose from an empty sequence
  Error in anealing at cohesion 100, iter 11: Cannot choose from an empty sequence
  Error in anealing at cohesion 100, iter 12: Cannot choose from an empty sequence
  Error in anealing at cohesion 100, iter 13: Cannot choose from an empty sequence
  Error in anealing at cohesion 100, iter 14: Cannot choose from an empty sequence
  Error in anealing at cohesion 100, iter 15: Cannot choose from an empty sequence
  Error in anealing at cohesion 100, iter 16: Cannot choose from an empty sequence
  Error in anealing at cohesion 100, iter 17: Cannot choose from an empty sequence
  Error in anealing at cohesion 100, iter 18: Cannot choose from an empty sequence
  Error in anealing at cohesion 100, iter 19: Cannot choose from an empty sequence
  Error in anealing at cohesion 100, iter 20: Cannot choose from an empty sequence
  Error in anealing at cohesion 100, iter 21: Cannot choose from an empty sequence
  Error in anealing at cohesion 100, iter 22: Cannot choose from an empty sequence
  Error in anealing at cohesion 100, iter 23: Cannot choose from an empty sequence
  Error in anealing at cohesion 100, iter 24: Cannot choose from an empty sequence
  Error in anealing at cohesion 100, iter 25: Cannot choose from an empty sequence
  Error in anealing at cohesion 100, iter 26: Cannot choose from an empty sequence
  Error in anealing at cohesion 100, iter 27: Cannot choose from an empty sequence
  Error in anealing at cohesion 100, iter 28: Cannot choose from an empty sequence
  Error in anealing at cohesion 100, iter 29: Cannot choose from an empty sequence
  Error in anealing at cohesion 100, iter 30: Cannot choose from an empty sequence
  Error in anealing at cohesion 100, iter 31: Cannot choose from an empty sequence
  Error in anealing at cohesion 100, iter 32: Cannot choose from an empty sequence
  Error in anealing at cohesion 100, iter 33: Cannot choose from an empty sequence
  Error in anealing at cohesion 100, iter 34: Cannot choose from an empty sequence
  Error in anealing at cohesion 100, iter 35: Cannot choose from an empty sequence
  Error in anealing at cohesion 100, iter 36: Cannot choose from an empty sequence
  Error in anealing at cohesion 100, iter 37: Cannot choose from an empty sequence
  Error in anealing at cohesion 100, iter 38: Cannot choose from an empty sequence
  Error in anealing at cohesion 100, iter 39: Cannot choose from an empty sequence
  Error in anealing at cohesion 100, iter 40: Cannot choose from an empty sequence
  Error in anealing at cohesion 100, iter 41: Cannot choose from an empty sequence
  Error in anealing at cohesion 100, iter 42: Cannot choose from an empty sequence
  Error in anealing at cohesion 100, iter 43: Cannot choose from an empty sequence
  Error in anealing at cohesion 100, iter 44: Cannot choose from an empty sequence
  Error in anealing at cohesion 100, iter 45: Cannot choose from an empty sequence
  Error in anealing at cohesion 100, iter 46: Cannot choose from an empty sequence
  Error in anealing at cohesion 100, iter 47: Cannot choose from an empty sequence
  Error in anealing at cohesion 100, iter 48: Cannot choose from an empty sequence
  Error in anealing at cohesion 100, iter 49: Cannot choose from an empty sequence
  Error in anealing at cohesion 100, iter 50: Cannot choose from an empty sequence
  Error in anealing at cohesion 100, iter 51: Cannot choose from an empty sequence
  Error in anealing at cohesion 100, iter 52: Cannot choose from an empty sequence
  Error in anealing at cohesion 100, iter 53: Cannot choose from an empty sequence
  Error in anealing at cohesion 100, iter 54: Cannot choose from an empty sequence
  Error in anealing at cohesion 100, iter 55: Cannot choose from an empty sequence
  Error in anealing at cohesion 100, iter 56: Cannot choose from an empty sequence
  Error in anealing at cohesion 100, iter 57: Cannot choose from an empty sequence
  Error in anealing at cohesion 100, iter 58: Cannot choose from an empty sequence
  Error in anealing at cohesion 100, iter 59: Cannot choose from an empty sequence
  Error in anealing at cohesion 100, iter 60: Cannot choose from an empty sequence
  Error in anealing at cohesion 100, iter 61: Cannot choose from an empty sequence
  Error in anealing at cohesion 100, iter 62: Cannot choose from an empty sequence
  Error in anealing at cohesion 100, iter 63: Cannot choose from an empty sequence
  Error in anealing at cohesion 100, iter 64: Cannot choose from an empty sequence
  Error in anealing at cohesion 100, iter 65: Cannot choose from an empty sequence
  Error in anealing at cohesion 100, iter 66: Cannot choose from an empty sequence
  Error in anealing at cohesion 100, iter 67: Cannot choose from an empty sequence
  Error in anealing at cohesion 100, iter 68: Cannot choose from an empty sequence
  Error in anealing at cohesion 100, iter 69: Cannot choose from an empty sequence
  Error in anealing at cohesion 100, iter 70: Cannot choose from an empty sequence
  Error in anealing at cohesion 100, iter 71: Cannot choose from an empty sequence
  Error in anealing at cohesion 100, iter 72: Cannot choose from an empty sequence
  Error in anealing at cohesion 100, iter 73: Cannot choose from an empty sequence
  Error in anealing at cohesion 100, iter 74: Cannot choose from an empty sequence
  Error in anealing at cohesion 100, iter 75: Cannot choose from an empty sequence
  Error in anealing at cohesion 100, iter 76: Cannot choose from an empty sequence
  Error in anealing at cohesion 100, iter 77: Cannot choose from an empty sequence
  Error in anealing at cohesion 100, iter 78: Cannot choose from an empty sequence
  Error in anealing at cohesion 100, iter 79: Cannot choose from an empty sequence
  Error in anealing at cohesion 100, iter 80: Cannot choose from an empty sequence
  Error in anealing at cohesion 100, iter 81: Cannot choose from an empty sequence
  Error in anealing at cohesion 100, iter 82: Cannot choose from an empty sequence
  Error in anealing at cohesion 100, iter 83: Cannot choose from an empty sequence
  Error in anealing at cohesion 100, iter 84: Cannot choose from an empty sequence
  Error in anealing at cohesion 100, iter 85: Cannot choose from an empty sequence
  Error in anealing at cohesion 100, iter 86: Cannot choose from an empty sequence
  Error in anealing at cohesion 100, iter 87: Cannot choose from an empty sequence
  Error in anealing at cohesion 100, iter 88: Cannot choose from an empty sequence
  Error in anealing at cohesion 100, iter 89: Cannot choose from an empty sequence
  Error in anealing at cohesion 100, iter 90: Cannot choose from an empty sequence
  Error in anealing at cohesion 100, iter 91: Cannot choose from an empty sequence
  Error in anealing at cohesion 100, iter 92: Cannot choose from an empty sequence
  Error in anealing at cohesion 100, iter 93: Cannot choose from an empty sequence
  Error in anealing at cohesion 100, iter 94: Cannot choose from an empty sequence
  Error in anealing at cohesion 100, iter 95: Cannot choose from an empty sequence
  Error in anealing at cohesion 100, iter 96: Cannot choose from an empty sequence
  Error in anealing at cohesion 100, iter 97: Cannot choose from an empty sequence
  Error in anealing at cohesion 100, iter 98: Cannot choose from an empty sequence
  Error in anealing at cohesion 100, iter 99: Cannot choose from an empty sequence
  Completed 100 iterations for size 100, cohesion 100.
  Error in anealing at cohesion 0, iter 0: Cannot choose from an empty sequence
  Error in anealing at cohesion 0, iter 1: Cannot choose from an empty sequence
  Error in anealing at cohesion 0, iter 2: Cannot choose from an empty sequence
  Error in anealing at cohesion 0, iter 3: Cannot choose from an empty sequence
  Error in anealing at cohesion 0, iter 4: Cannot choose from an empty sequence
  Error in anealing at cohesion 0, iter 5: Cannot choose from an empty sequence
  Error in anealing at cohesion 0, iter 6: Cannot choose from an empty sequence
  Error in anealing at cohesion 0, iter 7: Cannot choose from an empty sequence
  Error in anealing at cohesion 0, iter 8: Cannot choose from an empty sequence
  Error in anealing at cohesion 0, iter 9: Cannot choose from an empty sequence
  Error in anealing at cohesion 0, iter 10: Cannot choose from an empty sequence
  Error in anealing at cohesion 0, iter 11: Cannot choose from an empty sequence
  Error in anealing at cohesion 0, iter 12: Cannot choose from an empty sequence
  Error in anealing at cohesion 0, iter 13: Cannot choose from an empty sequence
  Error in anealing at cohesion 0, iter 14: Cannot choose from an empty sequence
  Error in anealing at cohesion 0, iter 15: Cannot choose from an empty sequence
  Error in anealing at cohesion 0, iter 16: Cannot choose from an empty sequence
  Error in anealing at cohesion 0, iter 17: Cannot choose from an empty sequence
  Error in anealing at cohesion 0, iter 18: Cannot choose from an empty sequence
  Error in anealing at cohesion 0, iter 19: Cannot choose from an empty sequence
  Error in anealing at cohesion 0, iter 20: Cannot choose from an empty sequence
  Error in anealing at cohesion 0, iter 21: Cannot choose from an empty sequence
  Error in anealing at cohesion 0, iter 22: Cannot choose from an empty sequence
  Error in anealing at cohesion 0, iter 23: Cannot choose from an empty sequence
  Error in anealing at cohesion 0, iter 24: Cannot choose from an empty sequence
  Error in anealing at cohesion 0, iter 25: Cannot choose from an empty sequence
  Error in anealing at cohesion 0, iter 26: Cannot choose from an empty sequence
  Error in anealing at cohesion 0, iter 27: Cannot choose from an empty sequence
  Error in anealing at cohesion 0, iter 28: Cannot choose from an empty sequence
  Error in anealing at cohesion 0, iter 29: Cannot choose from an empty sequence
  Error in anealing at cohesion 0, iter 30: Cannot choose from an empty sequence
  Error in anealing at cohesion 0, iter 31: Cannot choose from an empty sequence
  Error in anealing at cohesion 0, iter 32: Cannot choose from an empty sequence
  Error in anealing at cohesion 0, iter 33: Cannot choose from an empty sequence
  Error in anealing at cohesion 0, iter 34: Cannot choose from an empty sequence
  Error in anealing at cohesion 0, iter 35: Cannot choose from an empty sequence
  Error in anealing at cohesion 0, iter 36: Cannot choose from an empty sequence
  Error in anealing at cohesion 0, iter 37: Cannot choose from an empty sequence
  Error in anealing at cohesion 0, iter 38: Cannot choose from an empty sequence
  Error in anealing at cohesion 0, iter 39: Cannot choose from an empty sequence
  Error in anealing at cohesion 0, iter 40: Cannot choose from an empty sequence
  Error in anealing at cohesion 0, iter 41: Cannot choose from an empty sequence
  Error in anealing at cohesion 0, iter 42: Cannot choose from an empty sequence
  Error in anealing at cohesion 0, iter 43: Cannot choose from an empty sequence
  Error in anealing at cohesion 0, iter 44: Cannot choose from an empty sequence
  Error in anealing at cohesion 0, iter 45: Cannot choose from an empty sequence
  Error in anealing at cohesion 0, iter 46: Cannot choose from an empty sequence
  Error in anealing at cohesion 0, iter 47: Cannot choose from an empty sequence
  Error in anealing at cohesion 0, iter 48: Cannot choose from an empty sequence
  Error in anealing at cohesion 0, iter 49: Cannot choose from an empty sequence
  Error in anealing at cohesion 0, iter 50: Cannot choose from an empty sequence
  Error in anealing at cohesion 0, iter 51: Cannot choose from an empty sequence
  Error in anealing at cohesion 0, iter 52: Cannot choose from an empty sequence
  Error in anealing at cohesion 0, iter 53: Cannot choose from an empty sequence
  Error in anealing at cohesion 0, iter 54: Cannot choose from an empty sequence
  Error in anealing at cohesion 0, iter 55: Cannot choose from an empty sequence
  Error in anealing at cohesion 0, iter 56: Cannot choose from an empty sequence
  Error in anealing at cohesion 0, iter 57: Cannot choose from an empty sequence
  Error in anealing at cohesion 0, iter 58: Cannot choose from an empty sequence
  Error in anealing at cohesion 0, iter 59: Cannot choose from an empty sequence
  Error in anealing at cohesion 0, iter 60: Cannot choose from an empty sequence
  Error in anealing at cohesion 0, iter 61: Cannot choose from an empty sequence
  Error in anealing at cohesion 0, iter 62: Cannot choose from an empty sequence
  Error in anealing at cohesion 0, iter 63: Cannot choose from an empty sequence
  Error in anealing at cohesion 0, iter 64: Cannot choose from an empty sequence
  Error in anealing at cohesion 0, iter 65: Cannot choose from an empty sequence
  Error in anealing at cohesion 0, iter 66: Cannot choose from an empty sequence
  Error in anealing at cohesion 0, iter 67: Cannot choose from an empty sequence
  Error in anealing at cohesion 0, iter 68: Cannot choose from an empty sequence
  Error in anealing at cohesion 0, iter 69: Cannot choose from an empty sequence
  Error in anealing at cohesion 0, iter 70: Cannot choose from an empty sequence
  Error in anealing at cohesion 0, iter 71: Cannot choose from an empty sequence
  Error in anealing at cohesion 0, iter 72: Cannot choose from an empty sequence
  Error in anealing at cohesion 0, iter 73: Cannot choose from an empty sequence
  Error in anealing at cohesion 0, iter 74: Cannot choose from an empty sequence
  Error in anealing at cohesion 0, iter 75: Cannot choose from an empty sequence
  Error in anealing at cohesion 0, iter 76: Cannot choose from an empty sequence
  Error in anealing at cohesion 0, iter 77: Cannot choose from an empty sequence
  Error in anealing at cohesion 0, iter 78: Cannot choose from an empty sequence
  Error in anealing at cohesion 0, iter 79: Cannot choose from an empty sequence
  Error in anealing at cohesion 0, iter 80: Cannot choose from an empty sequence
  Error in anealing at cohesion 0, iter 81: Cannot choose from an empty sequence
  Error in anealing at cohesion 0, iter 82: Cannot choose from an empty sequence
  Error in anealing at cohesion 0, iter 83: Cannot choose from an empty sequence
  Error in anealing at cohesion 0, iter 84: Cannot choose from an empty sequence
  Error in anealing at cohesion 0, iter 85: Cannot choose from an empty sequence
  Error in anealing at cohesion 0, iter 86: Cannot choose from an empty sequence
  Error in anealing at cohesion 0, iter 87: Cannot choose from an empty sequence
  Error in anealing at cohesion 0, iter 88: Cannot choose from an empty sequence
  Error in anealing at cohesion 0, iter 89: Cannot choose from an empty sequence
  Error in anealing at cohesion 0, iter 90: Cannot choose from an empty sequence
  Error in anealing at cohesion 0, iter 91: Cannot choose from an empty sequence
  Error in anealing at cohesion 0, iter 92: Cannot choose from an empty sequence
  Error in anealing at cohesion 0, iter 93: Cannot choose from an empty sequence
  Error in anealing at cohesion 0, iter 94: Cannot choose from an empty sequence
  Error in anealing at cohesion 0, iter 95: Cannot choose from an empty sequence
  Error in anealing at cohesion 0, iter 96: Cannot choose from an empty sequence
  Error in anealing at cohesion 0, iter 97: Cannot choose from an empty sequence
  Error in anealing at cohesion 0, iter 98: Cannot choose from an empty sequence
  Error in anealing at cohesion 0, iter 99: Cannot choose from an empty sequence
  Completed 100 iterations for size 300, cohesion 0.
  Error in anealing at cohesion 10, iter 0: Cannot choose from an empty sequence
  Error in anealing at cohesion 10, iter 1: Cannot choose from an empty sequence
  Error in anealing at cohesion 10, iter 2: Cannot choose from an empty sequence
  Error in anealing at cohesion 10, iter 3: Cannot choose from an empty sequence
  Error in anealing at cohesion 10, iter 4: Cannot choose from an empty sequence
  Error in anealing at cohesion 10, iter 5: Cannot choose from an empty sequence
  Error in anealing at cohesion 10, iter 6: Cannot choose from an empty sequence
  Error in anealing at cohesion 10, iter 7: Cannot choose from an empty sequence
  Error in anealing at cohesion 10, iter 8: Cannot choose from an empty sequence
  Error in anealing at cohesion 10, iter 9: Cannot choose from an empty sequence
  Error in anealing at cohesion 10, iter 10: Cannot choose from an empty sequence
  Error in anealing at cohesion 10, iter 11: Cannot choose from an empty sequence
  Error in anealing at cohesion 10, iter 12: Cannot choose from an empty sequence
  Error in anealing at cohesion 10, iter 13: Cannot choose from an empty sequence
  Error in anealing at cohesion 10, iter 14: Cannot choose from an empty sequence
  Error in anealing at cohesion 10, iter 15: Cannot choose from an empty sequence
  Error in anealing at cohesion 10, iter 16: Cannot choose from an empty sequence
  Error in anealing at cohesion 10, iter 17: Cannot choose from an empty sequence
  Error in anealing at cohesion 10, iter 18: Cannot choose from an empty sequence
  Error in anealing at cohesion 10, iter 19: Cannot choose from an empty sequence
  Error in anealing at cohesion 10, iter 20: Cannot choose from an empty sequence
  Error in anealing at cohesion 10, iter 21: Cannot choose from an empty sequence
  Error in anealing at cohesion 10, iter 22: Cannot choose from an empty sequence
  Error in anealing at cohesion 10, iter 23: Cannot choose from an empty sequence
  Error in anealing at cohesion 10, iter 24: Cannot choose from an empty sequence
  Error in anealing at cohesion 10, iter 25: Cannot choose from an empty sequence
  Error in anealing at cohesion 10, iter 26: Cannot choose from an empty sequence
  Error in anealing at cohesion 10, iter 27: Cannot choose from an empty sequence
  Error in anealing at cohesion 10, iter 28: Cannot choose from an empty sequence
  Error in anealing at cohesion 10, iter 29: Cannot choose from an empty sequence
  Error in anealing at cohesion 10, iter 30: Cannot choose from an empty sequence
  Error in anealing at cohesion 10, iter 31: Cannot choose from an empty sequence
  Error in anealing at cohesion 10, iter 32: Cannot choose from an empty sequence
  Error in anealing at cohesion 10, iter 33: Cannot choose from an empty sequence
  Error in anealing at cohesion 10, iter 34: Cannot choose from an empty sequence
  Error in anealing at cohesion 10, iter 35: Cannot choose from an empty sequence
  Error in anealing at cohesion 10, iter 36: Cannot choose from an empty sequence
  Error in anealing at cohesion 10, iter 37: Cannot choose from an empty sequence
  Error in anealing at cohesion 10, iter 38: Cannot choose from an empty sequence
  Error in anealing at cohesion 10, iter 39: Cannot choose from an empty sequence
  Error in anealing at cohesion 10, iter 40: Cannot choose from an empty sequence
  Error in anealing at cohesion 10, iter 41: Cannot choose from an empty sequence
  Error in anealing at cohesion 10, iter 42: Cannot choose from an empty sequence
  Error in anealing at cohesion 10, iter 43: Cannot choose from an empty sequence
  Error in anealing at cohesion 10, iter 44: Cannot choose from an empty sequence
  Error in anealing at cohesion 10, iter 45: Cannot choose from an empty sequence
  Error in anealing at cohesion 10, iter 46: Cannot choose from an empty sequence
  Error in anealing at cohesion 10, iter 47: Cannot choose from an empty sequence
  Error in anealing at cohesion 10, iter 48: Cannot choose from an empty sequence
  Error in anealing at cohesion 10, iter 49: Cannot choose from an empty sequence
  Error in anealing at cohesion 10, iter 50: Cannot choose from an empty sequence
  Error in anealing at cohesion 10, iter 51: Cannot choose from an empty sequence
  Error in anealing at cohesion 10, iter 52: Cannot choose from an empty sequence
  Error in anealing at cohesion 10, iter 53: Cannot choose from an empty sequence
  Error in anealing at cohesion 10, iter 54: Cannot choose from an empty sequence
  Error in anealing at cohesion 10, iter 55: Cannot choose from an empty sequence
  Error in anealing at cohesion 10, iter 56: Cannot choose from an empty sequence
  Error in anealing at cohesion 10, iter 57: Cannot choose from an empty sequence
  Error in anealing at cohesion 10, iter 58: Cannot choose from an empty sequence
  Error in anealing at cohesion 10, iter 59: Cannot choose from an empty sequence
  Error in anealing at cohesion 10, iter 60: Cannot choose from an empty sequence
  Error in anealing at cohesion 10, iter 61: Cannot choose from an empty sequence
  Error in anealing at cohesion 10, iter 62: Cannot choose from an empty sequence
  Error in anealing at cohesion 10, iter 63: Cannot choose from an empty sequence
  Error in anealing at cohesion 10, iter 64: Cannot choose from an empty sequence
  Error in anealing at cohesion 10, iter 65: Cannot choose from an empty sequence
  Error in anealing at cohesion 10, iter 66: Cannot choose from an empty sequence
  Error in anealing at cohesion 10, iter 67: Cannot choose from an empty sequence
  Error in anealing at cohesion 10, iter 68: Cannot choose from an empty sequence
  Error in anealing at cohesion 10, iter 69: Cannot choose from an empty sequence
  Error in anealing at cohesion 10, iter 70: Cannot choose from an empty sequence
  Error in anealing at cohesion 10, iter 71: Cannot choose from an empty sequence
  Error in anealing at cohesion 10, iter 72: Cannot choose from an empty sequence
  Error in anealing at cohesion 10, iter 73: Cannot choose from an empty sequence
  Error in anealing at cohesion 10, iter 74: Cannot choose from an empty sequence
  Error in anealing at cohesion 10, iter 75: Cannot choose from an empty sequence
  Error in anealing at cohesion 10, iter 76: Cannot choose from an empty sequence
  Error in anealing at cohesion 10, iter 77: Cannot choose from an empty sequence
  Error in anealing at cohesion 10, iter 78: Cannot choose from an empty sequence
  Error in anealing at cohesion 10, iter 79: Cannot choose from an empty sequence
  Error in anealing at cohesion 10, iter 80: Cannot choose from an empty sequence
  Error in anealing at cohesion 10, iter 81: Cannot choose from an empty sequence
  Error in anealing at cohesion 10, iter 82: Cannot choose from an empty sequence
  Error in anealing at cohesion 10, iter 83: Cannot choose from an empty sequence
  Error in anealing at cohesion 10, iter 84: Cannot choose from an empty sequence
  Error in anealing at cohesion 10, iter 85: Cannot choose from an empty sequence
  Error in anealing at cohesion 10, iter 86: Cannot choose from an empty sequence
  Error in anealing at cohesion 10, iter 87: Cannot choose from an empty sequence
  Error in anealing at cohesion 10, iter 88: Cannot choose from an empty sequence
  Error in anealing at cohesion 10, iter 89: Cannot choose from an empty sequence
  Error in anealing at cohesion 10, iter 90: Cannot choose from an empty sequence
  Error in anealing at cohesion 10, iter 91: Cannot choose from an empty sequence
  Error in anealing at cohesion 10, iter 92: Cannot choose from an empty sequence
  Error in anealing at cohesion 10, iter 93: Cannot choose from an empty sequence
  Error in anealing at cohesion 10, iter 94: Cannot choose from an empty sequence
  Error in anealing at cohesion 10, iter 95: Cannot choose from an empty sequence
  Error in anealing at cohesion 10, iter 96: Cannot choose from an empty sequence
  Error in anealing at cohesion 10, iter 97: Cannot choose from an empty sequence
  Error in anealing at cohesion 10, iter 98: Cannot choose from an empty sequence
  Error in anealing at cohesion 10, iter 99: Cannot choose from an empty sequence
  Completed 100 iterations for size 300, cohesion 10.
  Error in anealing at cohesion 20, iter 0: Cannot choose from an empty sequence
  Error in anealing at cohesion 20, iter 1: Cannot choose from an empty sequence
  Error in anealing at cohesion 20, iter 2: Cannot choose from an empty sequence
  Error in anealing at cohesion 20, iter 3: Cannot choose from an empty sequence
  Error in anealing at cohesion 20, iter 4: Cannot choose from an empty sequence
  Error in anealing at cohesion 20, iter 5: Cannot choose from an empty sequence
  Error in anealing at cohesion 20, iter 6: Cannot choose from an empty sequence
  Error in anealing at cohesion 20, iter 7: Cannot choose from an empty sequence
  Error in anealing at cohesion 20, iter 8: Cannot choose from an empty sequence
  Error in anealing at cohesion 20, iter 9: Cannot choose from an empty sequence
  Error in anealing at cohesion 20, iter 10: Cannot choose from an empty sequence
  Error in anealing at cohesion 20, iter 11: Cannot choose from an empty sequence
  Error in anealing at cohesion 20, iter 12: Cannot choose from an empty sequence
  Error in anealing at cohesion 20, iter 13: Cannot choose from an empty sequence
  Error in anealing at cohesion 20, iter 14: Cannot choose from an empty sequence
  Error in anealing at cohesion 20, iter 15: Cannot choose from an empty sequence
  Error in anealing at cohesion 20, iter 16: Cannot choose from an empty sequence
  Error in anealing at cohesion 20, iter 17: Cannot choose from an empty sequence
  Error in anealing at cohesion 20, iter 18: Cannot choose from an empty sequence
  Error in anealing at cohesion 20, iter 19: Cannot choose from an empty sequence
  Error in anealing at cohesion 20, iter 20: Cannot choose from an empty sequence
  Error in anealing at cohesion 20, iter 21: Cannot choose from an empty sequence
  Error in anealing at cohesion 20, iter 22: Cannot choose from an empty sequence
  Error in anealing at cohesion 20, iter 23: Cannot choose from an empty sequence
  Error in anealing at cohesion 20, iter 24: Cannot choose from an empty sequence
  Error in anealing at cohesion 20, iter 25: Cannot choose from an empty sequence
  Error in anealing at cohesion 20, iter 26: Cannot choose from an empty sequence
  Error in anealing at cohesion 20, iter 27: Cannot choose from an empty sequence
  Error in anealing at cohesion 20, iter 28: Cannot choose from an empty sequence
  Error in anealing at cohesion 20, iter 29: Cannot choose from an empty sequence
  Error in anealing at cohesion 20, iter 30: Cannot choose from an empty sequence
  Error in anealing at cohesion 20, iter 31: Cannot choose from an empty sequence
  Error in anealing at cohesion 20, iter 32: Cannot choose from an empty sequence
  Error in anealing at cohesion 20, iter 33: Cannot choose from an empty sequence
  Error in anealing at cohesion 20, iter 34: Cannot choose from an empty sequence
  Error in anealing at cohesion 20, iter 35: Cannot choose from an empty sequence
  Error in anealing at cohesion 20, iter 36: Cannot choose from an empty sequence
  Error in anealing at cohesion 20, iter 37: Cannot choose from an empty sequence
  Error in anealing at cohesion 20, iter 38: Cannot choose from an empty sequence
  Error in anealing at cohesion 20, iter 39: Cannot choose from an empty sequence
  Error in anealing at cohesion 20, iter 40: Cannot choose from an empty sequence
  Error in anealing at cohesion 20, iter 41: Cannot choose from an empty sequence
  Error in anealing at cohesion 20, iter 42: Cannot choose from an empty sequence
  Error in anealing at cohesion 20, iter 43: Cannot choose from an empty sequence
  Error in anealing at cohesion 20, iter 44: Cannot choose from an empty sequence
  Error in anealing at cohesion 20, iter 45: Cannot choose from an empty sequence
  Error in anealing at cohesion 20, iter 46: Cannot choose from an empty sequence
  Error in anealing at cohesion 20, iter 47: Cannot choose from an empty sequence
  Error in anealing at cohesion 20, iter 48: Cannot choose from an empty sequence
  Error in anealing at cohesion 20, iter 49: Cannot choose from an empty sequence
  Error in anealing at cohesion 20, iter 50: Cannot choose from an empty sequence
  Error in anealing at cohesion 20, iter 51: Cannot choose from an empty sequence
  Error in anealing at cohesion 20, iter 52: Cannot choose from an empty sequence
  Error in anealing at cohesion 20, iter 53: Cannot choose from an empty sequence
  Error in anealing at cohesion 20, iter 54: Cannot choose from an empty sequence
  Error in anealing at cohesion 20, iter 55: Cannot choose from an empty sequence
  Error in anealing at cohesion 20, iter 56: Cannot choose from an empty sequence
  Error in anealing at cohesion 20, iter 57: Cannot choose from an empty sequence
  Error in anealing at cohesion 20, iter 58: Cannot choose from an empty sequence
  Error in anealing at cohesion 20, iter 59: Cannot choose from an empty sequence
  Error in anealing at cohesion 20, iter 60: Cannot choose from an empty sequence
  Error in anealing at cohesion 20, iter 61: Cannot choose from an empty sequence
  Error in anealing at cohesion 20, iter 62: Cannot choose from an empty sequence
  Error in anealing at cohesion 20, iter 63: Cannot choose from an empty sequence
  Error in anealing at cohesion 20, iter 64: Cannot choose from an empty sequence
  Error in anealing at cohesion 20, iter 65: Cannot choose from an empty sequence
  Error in anealing at cohesion 20, iter 66: Cannot choose from an empty sequence
  Error in anealing at cohesion 20, iter 67: Cannot choose from an empty sequence
  Error in anealing at cohesion 20, iter 68: Cannot choose from an empty sequence
  Error in anealing at cohesion 20, iter 69: Cannot choose from an empty sequence
  Error in anealing at cohesion 20, iter 70: Cannot choose from an empty sequence
  Error in anealing at cohesion 20, iter 71: Cannot choose from an empty sequence
  Error in anealing at cohesion 20, iter 72: Cannot choose from an empty sequence
  Error in anealing at cohesion 20, iter 73: Cannot choose from an empty sequence
  Error in anealing at cohesion 20, iter 74: Cannot choose from an empty sequence
  Error in anealing at cohesion 20, iter 75: Cannot choose from an empty sequence
  Error in anealing at cohesion 20, iter 76: Cannot choose from an empty sequence
  Error in anealing at cohesion 20, iter 77: Cannot choose from an empty sequence
  Error in anealing at cohesion 20, iter 78: Cannot choose from an empty sequence
  Error in anealing at cohesion 20, iter 79: Cannot choose from an empty sequence
  Error in anealing at cohesion 20, iter 80: Cannot choose from an empty sequence
  Error in anealing at cohesion 20, iter 81: Cannot choose from an empty sequence
  Error in anealing at cohesion 20, iter 82: Cannot choose from an empty sequence
  Error in anealing at cohesion 20, iter 83: Cannot choose from an empty sequence
  Error in anealing at cohesion 20, iter 84: Cannot choose from an empty sequence
  Error in anealing at cohesion 20, iter 85: Cannot choose from an empty sequence
  Error in anealing at cohesion 20, iter 86: Cannot choose from an empty sequence
  Error in anealing at cohesion 20, iter 87: Cannot choose from an empty sequence
  Error in anealing at cohesion 20, iter 88: Cannot choose from an empty sequence
  Error in anealing at cohesion 20, iter 89: Cannot choose from an empty sequence
  Error in anealing at cohesion 20, iter 90: Cannot choose from an empty sequence
  Error in anealing at cohesion 20, iter 91: Cannot choose from an empty sequence
  Error in anealing at cohesion 20, iter 92: Cannot choose from an empty sequence
  Error in anealing at cohesion 20, iter 93: Cannot choose from an empty sequence
  Error in anealing at cohesion 20, iter 94: Cannot choose from an empty sequence
  Error in anealing at cohesion 20, iter 95: Cannot choose from an empty sequence
  Error in anealing at cohesion 20, iter 96: Cannot choose from an empty sequence
  Error in anealing at cohesion 20, iter 97: Cannot choose from an empty sequence
  Error in anealing at cohesion 20, iter 98: Cannot choose from an empty sequence
  Error in anealing at cohesion 20, iter 99: Cannot choose from an empty sequence
  Completed 100 iterations for size 300, cohesion 20.
  Error in anealing at cohesion 30, iter 0: Cannot choose from an empty sequence
  Error in anealing at cohesion 30, iter 1: Cannot choose from an empty sequence
  Error in anealing at cohesion 30, iter 2: Cannot choose from an empty sequence
  Error in anealing at cohesion 30, iter 3: Cannot choose from an empty sequence
  Error in anealing at cohesion 30, iter 4: Cannot choose from an empty sequence
  Error in anealing at cohesion 30, iter 5: Cannot choose from an empty sequence
  Error in anealing at cohesion 30, iter 6: Cannot choose from an empty sequence
  Error in anealing at cohesion 30, iter 7: Cannot choose from an empty sequence
  Error in anealing at cohesion 30, iter 8: Cannot choose from an empty sequence
  Error in anealing at cohesion 30, iter 9: Cannot choose from an empty sequence
  Error in anealing at cohesion 30, iter 10: Cannot choose from an empty sequence
  Error in anealing at cohesion 30, iter 11: Cannot choose from an empty sequence
  Error in anealing at cohesion 30, iter 12: Cannot choose from an empty sequence
  Error in anealing at cohesion 30, iter 13: Cannot choose from an empty sequence
  Error in anealing at cohesion 30, iter 14: Cannot choose from an empty sequence
  Error in anealing at cohesion 30, iter 15: Cannot choose from an empty sequence
  Error in anealing at cohesion 30, iter 16: Cannot choose from an empty sequence
  Error in anealing at cohesion 30, iter 17: Cannot choose from an empty sequence
  Error in anealing at cohesion 30, iter 18: Cannot choose from an empty sequence
  Error in anealing at cohesion 30, iter 19: Cannot choose from an empty sequence
  Error in anealing at cohesion 30, iter 20: Cannot choose from an empty sequence
  Error in anealing at cohesion 30, iter 21: Cannot choose from an empty sequence
  Error in anealing at cohesion 30, iter 22: Cannot choose from an empty sequence
  Error in anealing at cohesion 30, iter 23: Cannot choose from an empty sequence
  Error in anealing at cohesion 30, iter 24: Cannot choose from an empty sequence
  Error in anealing at cohesion 30, iter 25: Cannot choose from an empty sequence
  Error in anealing at cohesion 30, iter 26: Cannot choose from an empty sequence
  Error in anealing at cohesion 30, iter 27: Cannot choose from an empty sequence
  Error in anealing at cohesion 30, iter 28: Cannot choose from an empty sequence
  Error in anealing at cohesion 30, iter 29: Cannot choose from an empty sequence
  Error in anealing at cohesion 30, iter 30: Cannot choose from an empty sequence
  Error in anealing at cohesion 30, iter 31: Cannot choose from an empty sequence
  Error in anealing at cohesion 30, iter 32: Cannot choose from an empty sequence
  Error in anealing at cohesion 30, iter 33: Cannot choose from an empty sequence
  Error in anealing at cohesion 30, iter 34: Cannot choose from an empty sequence
  Error in anealing at cohesion 30, iter 35: Cannot choose from an empty sequence
  Error in anealing at cohesion 30, iter 36: Cannot choose from an empty sequence
  Error in anealing at cohesion 30, iter 37: Cannot choose from an empty sequence
  Error in anealing at cohesion 30, iter 38: Cannot choose from an empty sequence
  Error in anealing at cohesion 30, iter 39: Cannot choose from an empty sequence
  Error in anealing at cohesion 30, iter 40: Cannot choose from an empty sequence
  Error in anealing at cohesion 30, iter 41: Cannot choose from an empty sequence
  Error in anealing at cohesion 30, iter 42: Cannot choose from an empty sequence
  Error in anealing at cohesion 30, iter 43: Cannot choose from an empty sequence
  Error in anealing at cohesion 30, iter 44: Cannot choose from an empty sequence
  Error in anealing at cohesion 30, iter 45: Cannot choose from an empty sequence
  Error in anealing at cohesion 30, iter 46: Cannot choose from an empty sequence
  Error in anealing at cohesion 30, iter 47: Cannot choose from an empty sequence
  Error in anealing at cohesion 30, iter 48: Cannot choose from an empty sequence
  Error in anealing at cohesion 30, iter 49: Cannot choose from an empty sequence
  Error in anealing at cohesion 30, iter 50: Cannot choose from an empty sequence
  Error in anealing at cohesion 30, iter 51: Cannot choose from an empty sequence
  Error in anealing at cohesion 30, iter 52: Cannot choose from an empty sequence
  Error in anealing at cohesion 30, iter 53: Cannot choose from an empty sequence
  Error in anealing at cohesion 30, iter 54: Cannot choose from an empty sequence
  Error in anealing at cohesion 30, iter 55: Cannot choose from an empty sequence
  Error in anealing at cohesion 30, iter 56: Cannot choose from an empty sequence
  Error in anealing at cohesion 30, iter 57: Cannot choose from an empty sequence
  Error in anealing at cohesion 30, iter 58: Cannot choose from an empty sequence
  Error in anealing at cohesion 30, iter 59: Cannot choose from an empty sequence
  Error in anealing at cohesion 30, iter 60: Cannot choose from an empty sequence
  Error in anealing at cohesion 30, iter 61: Cannot choose from an empty sequence
  Error in anealing at cohesion 30, iter 62: Cannot choose from an empty sequence
  Error in anealing at cohesion 30, iter 63: Cannot choose from an empty sequence
  Error in anealing at cohesion 30, iter 64: Cannot choose from an empty sequence
  Error in anealing at cohesion 30, iter 65: Cannot choose from an empty sequence
  Error in anealing at cohesion 30, iter 66: Cannot choose from an empty sequence
  Error in anealing at cohesion 30, iter 67: Cannot choose from an empty sequence
  Error in anealing at cohesion 30, iter 68: Cannot choose from an empty sequence
  Error in anealing at cohesion 30, iter 69: Cannot choose from an empty sequence
  Error in anealing at cohesion 30, iter 70: Cannot choose from an empty sequence
  Error in anealing at cohesion 30, iter 71: Cannot choose from an empty sequence
  Error in anealing at cohesion 30, iter 72: Cannot choose from an empty sequence
  Error in anealing at cohesion 30, iter 73: Cannot choose from an empty sequence
  Error in anealing at cohesion 30, iter 74: Cannot choose from an empty sequence
  Error in anealing at cohesion 30, iter 75: Cannot choose from an empty sequence
  Error in anealing at cohesion 30, iter 76: Cannot choose from an empty sequence
  Error in anealing at cohesion 30, iter 77: Cannot choose from an empty sequence
  Error in anealing at cohesion 30, iter 78: Cannot choose from an empty sequence
  Error in anealing at cohesion 30, iter 79: Cannot choose from an empty sequence
  Error in anealing at cohesion 30, iter 80: Cannot choose from an empty sequence
  Error in anealing at cohesion 30, iter 81: Cannot choose from an empty sequence
  Error in anealing at cohesion 30, iter 82: Cannot choose from an empty sequence
  Error in anealing at cohesion 30, iter 83: Cannot choose from an empty sequence
  Error in anealing at cohesion 30, iter 84: Cannot choose from an empty sequence
  Error in anealing at cohesion 30, iter 85: Cannot choose from an empty sequence
  Error in anealing at cohesion 30, iter 86: Cannot choose from an empty sequence
  Error in anealing at cohesion 30, iter 87: Cannot choose from an empty sequence
  Error in anealing at cohesion 30, iter 88: Cannot choose from an empty sequence
  Error in anealing at cohesion 30, iter 89: Cannot choose from an empty sequence
  Error in anealing at cohesion 30, iter 90: Cannot choose from an empty sequence
  Error in anealing at cohesion 30, iter 91: Cannot choose from an empty sequence
  Error in anealing at cohesion 30, iter 92: Cannot choose from an empty sequence
  Error in anealing at cohesion 30, iter 93: Cannot choose from an empty sequence
  Error in anealing at cohesion 30, iter 94: Cannot choose from an empty sequence
  Error in anealing at cohesion 30, iter 95: Cannot choose from an empty sequence
  Error in anealing at cohesion 30, iter 96: Cannot choose from an empty sequence
  Error in anealing at cohesion 30, iter 97: Cannot choose from an empty sequence
  Error in anealing at cohesion 30, iter 98: Cannot choose from an empty sequence
  Error in anealing at cohesion 30, iter 99: Cannot choose from an empty sequence
  Completed 100 iterations for size 300, cohesion 30.
  Error in anealing at cohesion 40, iter 0: Cannot choose from an empty sequence
  Error in anealing at cohesion 40, iter 1: Cannot choose from an empty sequence
  Error in anealing at cohesion 40, iter 2: Cannot choose from an empty sequence
  Error in anealing at cohesion 40, iter 3: Cannot choose from an empty sequence
  Error in anealing at cohesion 40, iter 4: Cannot choose from an empty sequence
  Error in anealing at cohesion 40, iter 5: Cannot choose from an empty sequence
  Error in anealing at cohesion 40, iter 6: Cannot choose from an empty sequence
  Error in anealing at cohesion 40, iter 7: Cannot choose from an empty sequence
  Error in anealing at cohesion 40, iter 8: Cannot choose from an empty sequence
  Error in anealing at cohesion 40, iter 9: Cannot choose from an empty sequence
  Error in anealing at cohesion 40, iter 10: Cannot choose from an empty sequence
  Error in anealing at cohesion 40, iter 11: Cannot choose from an empty sequence
  Error in anealing at cohesion 40, iter 12: Cannot choose from an empty sequence
  Error in anealing at cohesion 40, iter 13: Cannot choose from an empty sequence
  Error in anealing at cohesion 40, iter 14: Cannot choose from an empty sequence
  Error in anealing at cohesion 40, iter 15: Cannot choose from an empty sequence
  Error in anealing at cohesion 40, iter 16: Cannot choose from an empty sequence
  Error in anealing at cohesion 40, iter 17: Cannot choose from an empty sequence
  Error in anealing at cohesion 40, iter 18: Cannot choose from an empty sequence
  Error in anealing at cohesion 40, iter 19: Cannot choose from an empty sequence
  Error in anealing at cohesion 40, iter 20: Cannot choose from an empty sequence
  Error in anealing at cohesion 40, iter 21: Cannot choose from an empty sequence
  Error in anealing at cohesion 40, iter 22: Cannot choose from an empty sequence
  Error in anealing at cohesion 40, iter 23: Cannot choose from an empty sequence
  Error in anealing at cohesion 40, iter 24: Cannot choose from an empty sequence
  Error in anealing at cohesion 40, iter 25: Cannot choose from an empty sequence
  Error in anealing at cohesion 40, iter 26: Cannot choose from an empty sequence
  Error in anealing at cohesion 40, iter 27: Cannot choose from an empty sequence
  Error in anealing at cohesion 40, iter 28: Cannot choose from an empty sequence
  Error in anealing at cohesion 40, iter 29: Cannot choose from an empty sequence
  Error in anealing at cohesion 40, iter 30: Cannot choose from an empty sequence
  Error in anealing at cohesion 40, iter 31: Cannot choose from an empty sequence
  Error in anealing at cohesion 40, iter 32: Cannot choose from an empty sequence
  Error in anealing at cohesion 40, iter 33: Cannot choose from an empty sequence
  Error in anealing at cohesion 40, iter 34: Cannot choose from an empty sequence
  Error in anealing at cohesion 40, iter 35: Cannot choose from an empty sequence
  Error in anealing at cohesion 40, iter 36: Cannot choose from an empty sequence
  Error in anealing at cohesion 40, iter 37: Cannot choose from an empty sequence
  Error in anealing at cohesion 40, iter 38: Cannot choose from an empty sequence
  Error in anealing at cohesion 40, iter 39: Cannot choose from an empty sequence
  Error in anealing at cohesion 40, iter 40: Cannot choose from an empty sequence
  Error in anealing at cohesion 40, iter 41: Cannot choose from an empty sequence
  Error in anealing at cohesion 40, iter 42: Cannot choose from an empty sequence
  Error in anealing at cohesion 40, iter 43: Cannot choose from an empty sequence
  Error in anealing at cohesion 40, iter 44: Cannot choose from an empty sequence
  Error in anealing at cohesion 40, iter 45: Cannot choose from an empty sequence
  Error in anealing at cohesion 40, iter 46: Cannot choose from an empty sequence
  Error in anealing at cohesion 40, iter 47: Cannot choose from an empty sequence
  Error in anealing at cohesion 40, iter 48: Cannot choose from an empty sequence
  Error in anealing at cohesion 40, iter 49: Cannot choose from an empty sequence
  Error in anealing at cohesion 40, iter 50: Cannot choose from an empty sequence
  Error in anealing at cohesion 40, iter 51: Cannot choose from an empty sequence
  Error in anealing at cohesion 40, iter 52: Cannot choose from an empty sequence
  Error in anealing at cohesion 40, iter 53: Cannot choose from an empty sequence
  Error in anealing at cohesion 40, iter 54: Cannot choose from an empty sequence
  Error in anealing at cohesion 40, iter 55: Cannot choose from an empty sequence
  Error in anealing at cohesion 40, iter 56: Cannot choose from an empty sequence
  Error in anealing at cohesion 40, iter 57: Cannot choose from an empty sequence
  Error in anealing at cohesion 40, iter 58: Cannot choose from an empty sequence
  Error in anealing at cohesion 40, iter 59: Cannot choose from an empty sequence
  Error in anealing at cohesion 40, iter 60: Cannot choose from an empty sequence
  Error in anealing at cohesion 40, iter 61: Cannot choose from an empty sequence
  Error in anealing at cohesion 40, iter 62: Cannot choose from an empty sequence
  Error in anealing at cohesion 40, iter 63: Cannot choose from an empty sequence
  Error in anealing at cohesion 40, iter 64: Cannot choose from an empty sequence
  Error in anealing at cohesion 40, iter 65: Cannot choose from an empty sequence
  Error in anealing at cohesion 40, iter 66: Cannot choose from an empty sequence
  Error in anealing at cohesion 40, iter 67: Cannot choose from an empty sequence
  Error in anealing at cohesion 40, iter 68: Cannot choose from an empty sequence
  Error in anealing at cohesion 40, iter 69: Cannot choose from an empty sequence
  Error in anealing at cohesion 40, iter 70: Cannot choose from an empty sequence
  Error in anealing at cohesion 40, iter 71: Cannot choose from an empty sequence
  Error in anealing at cohesion 40, iter 72: Cannot choose from an empty sequence
  Error in anealing at cohesion 40, iter 73: Cannot choose from an empty sequence
  Error in anealing at cohesion 40, iter 74: Cannot choose from an empty sequence
  Error in anealing at cohesion 40, iter 75: Cannot choose from an empty sequence
  Error in anealing at cohesion 40, iter 76: Cannot choose from an empty sequence
  Error in anealing at cohesion 40, iter 77: Cannot choose from an empty sequence
  Error in anealing at cohesion 40, iter 78: Cannot choose from an empty sequence
  Error in anealing at cohesion 40, iter 79: Cannot choose from an empty sequence
  Error in anealing at cohesion 40, iter 80: Cannot choose from an empty sequence
  Error in anealing at cohesion 40, iter 81: Cannot choose from an empty sequence
  Error in anealing at cohesion 40, iter 82: Cannot choose from an empty sequence
  Error in anealing at cohesion 40, iter 83: Cannot choose from an empty sequence
  Error in anealing at cohesion 40, iter 84: Cannot choose from an empty sequence
  Error in anealing at cohesion 40, iter 85: Cannot choose from an empty sequence
  Error in anealing at cohesion 40, iter 86: Cannot choose from an empty sequence
  Error in anealing at cohesion 40, iter 87: Cannot choose from an empty sequence
  Error in anealing at cohesion 40, iter 88: Cannot choose from an empty sequence
  Error in anealing at cohesion 40, iter 89: Cannot choose from an empty sequence
  Error in anealing at cohesion 40, iter 90: Cannot choose from an empty sequence
  Error in anealing at cohesion 40, iter 91: Cannot choose from an empty sequence
  Error in anealing at cohesion 40, iter 92: Cannot choose from an empty sequence
  Error in anealing at cohesion 40, iter 93: Cannot choose from an empty sequence
  Error in anealing at cohesion 40, iter 94: Cannot choose from an empty sequence
  Error in anealing at cohesion 40, iter 95: Cannot choose from an empty sequence
  Error in anealing at cohesion 40, iter 96: Cannot choose from an empty sequence
  Error in anealing at cohesion 40, iter 97: Cannot choose from an empty sequence
  Error in anealing at cohesion 40, iter 98: Cannot choose from an empty sequence
  Error in anealing at cohesion 40, iter 99: Cannot choose from an empty sequence
  Completed 100 iterations for size 300, cohesion 40.
  Error in anealing at cohesion 50, iter 0: Cannot choose from an empty sequence
  Error in anealing at cohesion 50, iter 1: Cannot choose from an empty sequence
  Error in anealing at cohesion 50, iter 2: Cannot choose from an empty sequence
  Error in anealing at cohesion 50, iter 3: Cannot choose from an empty sequence
  Error in anealing at cohesion 50, iter 4: Cannot choose from an empty sequence
  Error in anealing at cohesion 50, iter 5: Cannot choose from an empty sequence
  Error in anealing at cohesion 50, iter 6: Cannot choose from an empty sequence
  Error in anealing at cohesion 50, iter 7: Cannot choose from an empty sequence
  Error in anealing at cohesion 50, iter 8: Cannot choose from an empty sequence
  Error in anealing at cohesion 50, iter 9: Cannot choose from an empty sequence
  Error in anealing at cohesion 50, iter 10: Cannot choose from an empty sequence
  Error in anealing at cohesion 50, iter 11: Cannot choose from an empty sequence
  Error in anealing at cohesion 50, iter 12: Cannot choose from an empty sequence
  Error in anealing at cohesion 50, iter 13: Cannot choose from an empty sequence
  Error in anealing at cohesion 50, iter 14: Cannot choose from an empty sequence
  Error in anealing at cohesion 50, iter 15: Cannot choose from an empty sequence
  Error in anealing at cohesion 50, iter 16: Cannot choose from an empty sequence
  Error in anealing at cohesion 50, iter 17: Cannot choose from an empty sequence
  Error in anealing at cohesion 50, iter 18: Cannot choose from an empty sequence
  Error in anealing at cohesion 50, iter 19: Cannot choose from an empty sequence
  Error in anealing at cohesion 50, iter 20: Cannot choose from an empty sequence
  Error in anealing at cohesion 50, iter 21: Cannot choose from an empty sequence
  Error in anealing at cohesion 50, iter 22: Cannot choose from an empty sequence
  Error in anealing at cohesion 50, iter 23: Cannot choose from an empty sequence
  Error in anealing at cohesion 50, iter 24: Cannot choose from an empty sequence
  Error in anealing at cohesion 50, iter 25: Cannot choose from an empty sequence
  Error in anealing at cohesion 50, iter 26: Cannot choose from an empty sequence
  Error in anealing at cohesion 50, iter 27: Cannot choose from an empty sequence
  Error in anealing at cohesion 50, iter 28: Cannot choose from an empty sequence
  Error in anealing at cohesion 50, iter 29: Cannot choose from an empty sequence
  Error in anealing at cohesion 50, iter 30: Cannot choose from an empty sequence
  Error in anealing at cohesion 50, iter 31: Cannot choose from an empty sequence
  Error in anealing at cohesion 50, iter 32: Cannot choose from an empty sequence
  Error in anealing at cohesion 50, iter 33: Cannot choose from an empty sequence
  Error in anealing at cohesion 50, iter 34: Cannot choose from an empty sequence
  Error in anealing at cohesion 50, iter 35: Cannot choose from an empty sequence
  Error in anealing at cohesion 50, iter 36: Cannot choose from an empty sequence
  Error in anealing at cohesion 50, iter 37: Cannot choose from an empty sequence
  Error in anealing at cohesion 50, iter 38: Cannot choose from an empty sequence
  Error in anealing at cohesion 50, iter 39: Cannot choose from an empty sequence
  Error in anealing at cohesion 50, iter 40: Cannot choose from an empty sequence
  Error in anealing at cohesion 50, iter 41: Cannot choose from an empty sequence
  Error in anealing at cohesion 50, iter 42: Cannot choose from an empty sequence
  Error in anealing at cohesion 50, iter 43: Cannot choose from an empty sequence
  Error in anealing at cohesion 50, iter 44: Cannot choose from an empty sequence
  Error in anealing at cohesion 50, iter 45: Cannot choose from an empty sequence
  Error in anealing at cohesion 50, iter 46: Cannot choose from an empty sequence
  Error in anealing at cohesion 50, iter 47: Cannot choose from an empty sequence
  Error in anealing at cohesion 50, iter 48: Cannot choose from an empty sequence
  Error in anealing at cohesion 50, iter 49: Cannot choose from an empty sequence
  Error in anealing at cohesion 50, iter 50: Cannot choose from an empty sequence
  Error in anealing at cohesion 50, iter 51: Cannot choose from an empty sequence
  Error in anealing at cohesion 50, iter 52: Cannot choose from an empty sequence
  Error in anealing at cohesion 50, iter 53: Cannot choose from an empty sequence
  Error in anealing at cohesion 50, iter 54: Cannot choose from an empty sequence
  Error in anealing at cohesion 50, iter 55: Cannot choose from an empty sequence
  Error in anealing at cohesion 50, iter 56: Cannot choose from an empty sequence
  Error in anealing at cohesion 50, iter 57: Cannot choose from an empty sequence
  Error in anealing at cohesion 50, iter 58: Cannot choose from an empty sequence
  Error in anealing at cohesion 50, iter 59: Cannot choose from an empty sequence
  Error in anealing at cohesion 50, iter 60: Cannot choose from an empty sequence
  Error in anealing at cohesion 50, iter 61: Cannot choose from an empty sequence
  Error in anealing at cohesion 50, iter 62: Cannot choose from an empty sequence
  Error in anealing at cohesion 50, iter 63: Cannot choose from an empty sequence
  Error in anealing at cohesion 50, iter 64: Cannot choose from an empty sequence
  Error in anealing at cohesion 50, iter 65: Cannot choose from an empty sequence
  Error in anealing at cohesion 50, iter 66: Cannot choose from an empty sequence
  Error in anealing at cohesion 50, iter 67: Cannot choose from an empty sequence
  Error in anealing at cohesion 50, iter 68: Cannot choose from an empty sequence
  Error in anealing at cohesion 50, iter 69: Cannot choose from an empty sequence
  Error in anealing at cohesion 50, iter 70: Cannot choose from an empty sequence
  Error in anealing at cohesion 50, iter 71: Cannot choose from an empty sequence
  Error in anealing at cohesion 50, iter 72: Cannot choose from an empty sequence
  Error in anealing at cohesion 50, iter 73: Cannot choose from an empty sequence
  Error in anealing at cohesion 50, iter 74: Cannot choose from an empty sequence
  Error in anealing at cohesion 50, iter 75: Cannot choose from an empty sequence
  Error in anealing at cohesion 50, iter 76: Cannot choose from an empty sequence
  Error in anealing at cohesion 50, iter 77: Cannot choose from an empty sequence
  Error in anealing at cohesion 50, iter 78: Cannot choose from an empty sequence
  Error in anealing at cohesion 50, iter 79: Cannot choose from an empty sequence
  Error in anealing at cohesion 50, iter 80: Cannot choose from an empty sequence
  Error in anealing at cohesion 50, iter 81: Cannot choose from an empty sequence
  Error in anealing at cohesion 50, iter 82: Cannot choose from an empty sequence
  Error in anealing at cohesion 50, iter 83: Cannot choose from an empty sequence
  Error in anealing at cohesion 50, iter 84: Cannot choose from an empty sequence
  Error in anealing at cohesion 50, iter 85: Cannot choose from an empty sequence
  Error in anealing at cohesion 50, iter 86: Cannot choose from an empty sequence
  Error in anealing at cohesion 50, iter 87: Cannot choose from an empty sequence
  Error in anealing at cohesion 50, iter 88: Cannot choose from an empty sequence
  Error in anealing at cohesion 50, iter 89: Cannot choose from an empty sequence
  Error in anealing at cohesion 50, iter 90: Cannot choose from an empty sequence
  Error in anealing at cohesion 50, iter 91: Cannot choose from an empty sequence
  Error in anealing at cohesion 50, iter 92: Cannot choose from an empty sequence
  Error in anealing at cohesion 50, iter 93: Cannot choose from an empty sequence
  Error in anealing at cohesion 50, iter 94: Cannot choose from an empty sequence
  Error in anealing at cohesion 50, iter 95: Cannot choose from an empty sequence
  Error in anealing at cohesion 50, iter 96: Cannot choose from an empty sequence
  Error in anealing at cohesion 50, iter 97: Cannot choose from an empty sequence
  Error in anealing at cohesion 50, iter 98: Cannot choose from an empty sequence
  Error in anealing at cohesion 50, iter 99: Cannot choose from an empty sequence
  Completed 100 iterations for size 300, cohesion 50.
  Error in anealing at cohesion 60, iter 0: Cannot choose from an empty sequence
  Error in anealing at cohesion 60, iter 1: Cannot choose from an empty sequence
  Error in anealing at cohesion 60, iter 2: Cannot choose from an empty sequence
  Error in anealing at cohesion 60, iter 3: Cannot choose from an empty sequence
  Error in anealing at cohesion 60, iter 4: Cannot choose from an empty sequence
  Error in anealing at cohesion 60, iter 5: Cannot choose from an empty sequence
  Error in anealing at cohesion 60, iter 6: Cannot choose from an empty sequence
  Error in anealing at cohesion 60, iter 7: Cannot choose from an empty sequence
  Error in anealing at cohesion 60, iter 8: Cannot choose from an empty sequence
  Error in anealing at cohesion 60, iter 9: Cannot choose from an empty sequence
  Error in anealing at cohesion 60, iter 10: Cannot choose from an empty sequence
  Error in anealing at cohesion 60, iter 11: Cannot choose from an empty sequence
  Error in anealing at cohesion 60, iter 12: Cannot choose from an empty sequence
  Error in anealing at cohesion 60, iter 13: Cannot choose from an empty sequence
  Error in anealing at cohesion 60, iter 14: Cannot choose from an empty sequence
  Error in anealing at cohesion 60, iter 15: Cannot choose from an empty sequence
  Error in anealing at cohesion 60, iter 16: Cannot choose from an empty sequence
  Error in anealing at cohesion 60, iter 17: Cannot choose from an empty sequence
  Error in anealing at cohesion 60, iter 18: Cannot choose from an empty sequence
  Error in anealing at cohesion 60, iter 19: Cannot choose from an empty sequence
  Error in anealing at cohesion 60, iter 20: Cannot choose from an empty sequence
  Error in anealing at cohesion 60, iter 21: Cannot choose from an empty sequence
  Error in anealing at cohesion 60, iter 22: Cannot choose from an empty sequence
  Error in anealing at cohesion 60, iter 23: Cannot choose from an empty sequence
  Error in anealing at cohesion 60, iter 24: Cannot choose from an empty sequence
  Error in anealing at cohesion 60, iter 25: Cannot choose from an empty sequence
  Error in anealing at cohesion 60, iter 26: Cannot choose from an empty sequence
  Error in anealing at cohesion 60, iter 27: Cannot choose from an empty sequence
  Error in anealing at cohesion 60, iter 28: Cannot choose from an empty sequence
  Error in anealing at cohesion 60, iter 29: Cannot choose from an empty sequence
  Error in anealing at cohesion 60, iter 30: Cannot choose from an empty sequence
  Error in anealing at cohesion 60, iter 31: Cannot choose from an empty sequence
  Error in anealing at cohesion 60, iter 32: Cannot choose from an empty sequence
  Error in anealing at cohesion 60, iter 33: Cannot choose from an empty sequence
  Error in anealing at cohesion 60, iter 34: Cannot choose from an empty sequence
  Error in anealing at cohesion 60, iter 35: Cannot choose from an empty sequence
  Error in anealing at cohesion 60, iter 36: Cannot choose from an empty sequence
  Error in anealing at cohesion 60, iter 37: Cannot choose from an empty sequence
  Error in anealing at cohesion 60, iter 38: Cannot choose from an empty sequence
  Error in anealing at cohesion 60, iter 39: Cannot choose from an empty sequence
  Error in anealing at cohesion 60, iter 40: Cannot choose from an empty sequence
  Error in anealing at cohesion 60, iter 41: Cannot choose from an empty sequence
  Error in anealing at cohesion 60, iter 42: Cannot choose from an empty sequence
  Error in anealing at cohesion 60, iter 43: Cannot choose from an empty sequence
  Error in anealing at cohesion 60, iter 44: Cannot choose from an empty sequence
  Error in anealing at cohesion 60, iter 45: Cannot choose from an empty sequence
  Error in anealing at cohesion 60, iter 46: Cannot choose from an empty sequence
  Error in anealing at cohesion 60, iter 47: Cannot choose from an empty sequence
  Error in anealing at cohesion 60, iter 48: Cannot choose from an empty sequence
  Error in anealing at cohesion 60, iter 49: Cannot choose from an empty sequence
  Error in anealing at cohesion 60, iter 50: Cannot choose from an empty sequence
  Error in anealing at cohesion 60, iter 51: Cannot choose from an empty sequence
  Error in anealing at cohesion 60, iter 52: Cannot choose from an empty sequence
  Error in anealing at cohesion 60, iter 53: Cannot choose from an empty sequence
  Error in anealing at cohesion 60, iter 54: Cannot choose from an empty sequence
  Error in anealing at cohesion 60, iter 55: Cannot choose from an empty sequence
  Error in anealing at cohesion 60, iter 56: Cannot choose from an empty sequence
  Error in anealing at cohesion 60, iter 57: Cannot choose from an empty sequence
  Error in anealing at cohesion 60, iter 58: Cannot choose from an empty sequence
  Error in anealing at cohesion 60, iter 59: Cannot choose from an empty sequence
  Error in anealing at cohesion 60, iter 60: Cannot choose from an empty sequence
  Error in anealing at cohesion 60, iter 61: Cannot choose from an empty sequence
  Error in anealing at cohesion 60, iter 62: Cannot choose from an empty sequence
  Error in anealing at cohesion 60, iter 63: Cannot choose from an empty sequence
  Error in anealing at cohesion 60, iter 64: Cannot choose from an empty sequence
  Error in anealing at cohesion 60, iter 65: Cannot choose from an empty sequence
  Error in anealing at cohesion 60, iter 66: Cannot choose from an empty sequence
  Error in anealing at cohesion 60, iter 67: Cannot choose from an empty sequence
  Error in anealing at cohesion 60, iter 68: Cannot choose from an empty sequence
  Error in anealing at cohesion 60, iter 69: Cannot choose from an empty sequence
  Error in anealing at cohesion 60, iter 70: Cannot choose from an empty sequence
  Error in anealing at cohesion 60, iter 71: Cannot choose from an empty sequence
  Error in anealing at cohesion 60, iter 72: Cannot choose from an empty sequence
  Error in anealing at cohesion 60, iter 73: Cannot choose from an empty sequence
  Error in anealing at cohesion 60, iter 74: Cannot choose from an empty sequence
  Error in anealing at cohesion 60, iter 75: Cannot choose from an empty sequence
  Error in anealing at cohesion 60, iter 76: Cannot choose from an empty sequence
  Error in anealing at cohesion 60, iter 77: Cannot choose from an empty sequence
  Error in anealing at cohesion 60, iter 78: Cannot choose from an empty sequence
  Error in anealing at cohesion 60, iter 79: Cannot choose from an empty sequence
  Error in anealing at cohesion 60, iter 80: Cannot choose from an empty sequence
  Error in anealing at cohesion 60, iter 81: Cannot choose from an empty sequence
  Error in anealing at cohesion 60, iter 82: Cannot choose from an empty sequence
  Error in anealing at cohesion 60, iter 83: Cannot choose from an empty sequence
  Error in anealing at cohesion 60, iter 84: Cannot choose from an empty sequence
  Error in anealing at cohesion 60, iter 85: Cannot choose from an empty sequence
  Error in anealing at cohesion 60, iter 86: Cannot choose from an empty sequence
  Error in anealing at cohesion 60, iter 87: Cannot choose from an empty sequence
  Error in anealing at cohesion 60, iter 88: Cannot choose from an empty sequence
  Error in anealing at cohesion 60, iter 89: Cannot choose from an empty sequence
  Error in anealing at cohesion 60, iter 90: Cannot choose from an empty sequence
  Error in anealing at cohesion 60, iter 91: Cannot choose from an empty sequence
  Error in anealing at cohesion 60, iter 92: Cannot choose from an empty sequence
  Error in anealing at cohesion 60, iter 93: Cannot choose from an empty sequence
  Error in anealing at cohesion 60, iter 94: Cannot choose from an empty sequence
  Error in anealing at cohesion 60, iter 95: Cannot choose from an empty sequence
  Error in anealing at cohesion 60, iter 96: Cannot choose from an empty sequence
  Error in anealing at cohesion 60, iter 97: Cannot choose from an empty sequence
  Error in anealing at cohesion 60, iter 98: Cannot choose from an empty sequence
  Error in anealing at cohesion 60, iter 99: Cannot choose from an empty sequence
  Completed 100 iterations for size 300, cohesion 60.
  Error in anealing at cohesion 70, iter 0: Cannot choose from an empty sequence
  Error in anealing at cohesion 70, iter 1: Cannot choose from an empty sequence
  Error in anealing at cohesion 70, iter 2: Cannot choose from an empty sequence
  Error in anealing at cohesion 70, iter 3: Cannot choose from an empty sequence
  Error in anealing at cohesion 70, iter 4: Cannot choose from an empty sequence
  Error in anealing at cohesion 70, iter 5: Cannot choose from an empty sequence
  Error in anealing at cohesion 70, iter 6: Cannot choose from an empty sequence
  Error in anealing at cohesion 70, iter 7: Cannot choose from an empty sequence
  Error in anealing at cohesion 70, iter 8: Cannot choose from an empty sequence
  Error in anealing at cohesion 70, iter 9: Cannot choose from an empty sequence
  Error in anealing at cohesion 70, iter 10: Cannot choose from an empty sequence
  Error in anealing at cohesion 70, iter 11: Cannot choose from an empty sequence
  Error in anealing at cohesion 70, iter 12: Cannot choose from an empty sequence
  Error in anealing at cohesion 70, iter 13: Cannot choose from an empty sequence
  Error in anealing at cohesion 70, iter 14: Cannot choose from an empty sequence
  Error in anealing at cohesion 70, iter 15: Cannot choose from an empty sequence
  Error in anealing at cohesion 70, iter 16: Cannot choose from an empty sequence
  Error in anealing at cohesion 70, iter 17: Cannot choose from an empty sequence
  Error in anealing at cohesion 70, iter 18: Cannot choose from an empty sequence
  Error in anealing at cohesion 70, iter 19: Cannot choose from an empty sequence
  Error in anealing at cohesion 70, iter 20: Cannot choose from an empty sequence
  Error in anealing at cohesion 70, iter 21: Cannot choose from an empty sequence
  Error in anealing at cohesion 70, iter 22: Cannot choose from an empty sequence
  Error in anealing at cohesion 70, iter 23: Cannot choose from an empty sequence
  Error in anealing at cohesion 70, iter 24: Cannot choose from an empty sequence
  Error in anealing at cohesion 70, iter 25: Cannot choose from an empty sequence
  Error in anealing at cohesion 70, iter 26: Cannot choose from an empty sequence
  Error in anealing at cohesion 70, iter 27: Cannot choose from an empty sequence
  Error in anealing at cohesion 70, iter 28: Cannot choose from an empty sequence
  Error in anealing at cohesion 70, iter 29: Cannot choose from an empty sequence
  Error in anealing at cohesion 70, iter 30: Cannot choose from an empty sequence
  Error in anealing at cohesion 70, iter 31: Cannot choose from an empty sequence
  Error in anealing at cohesion 70, iter 32: Cannot choose from an empty sequence
  Error in anealing at cohesion 70, iter 33: Cannot choose from an empty sequence
  Error in anealing at cohesion 70, iter 34: Cannot choose from an empty sequence
  Error in anealing at cohesion 70, iter 35: Cannot choose from an empty sequence
  Error in anealing at cohesion 70, iter 36: Cannot choose from an empty sequence
  Error in anealing at cohesion 70, iter 37: Cannot choose from an empty sequence
  Error in anealing at cohesion 70, iter 38: Cannot choose from an empty sequence
  Error in anealing at cohesion 70, iter 39: Cannot choose from an empty sequence
  Error in anealing at cohesion 70, iter 40: Cannot choose from an empty sequence
  Error in anealing at cohesion 70, iter 41: Cannot choose from an empty sequence
  Error in anealing at cohesion 70, iter 42: Cannot choose from an empty sequence
  Error in anealing at cohesion 70, iter 43: Cannot choose from an empty sequence
  Error in anealing at cohesion 70, iter 44: Cannot choose from an empty sequence
  Error in anealing at cohesion 70, iter 45: Cannot choose from an empty sequence
  Error in anealing at cohesion 70, iter 46: Cannot choose from an empty sequence
  Error in anealing at cohesion 70, iter 47: Cannot choose from an empty sequence
  Error in anealing at cohesion 70, iter 48: Cannot choose from an empty sequence
  Error in anealing at cohesion 70, iter 49: Cannot choose from an empty sequence
  Error in anealing at cohesion 70, iter 50: Cannot choose from an empty sequence
  Error in anealing at cohesion 70, iter 51: Cannot choose from an empty sequence
  Error in anealing at cohesion 70, iter 52: Cannot choose from an empty sequence
  Error in anealing at cohesion 70, iter 53: Cannot choose from an empty sequence
  Error in anealing at cohesion 70, iter 54: Cannot choose from an empty sequence
  Error in anealing at cohesion 70, iter 55: Cannot choose from an empty sequence
  Error in anealing at cohesion 70, iter 56: Cannot choose from an empty sequence
  Error in anealing at cohesion 70, iter 57: Cannot choose from an empty sequence
  Error in anealing at cohesion 70, iter 58: Cannot choose from an empty sequence
  Error in anealing at cohesion 70, iter 59: Cannot choose from an empty sequence
  Error in anealing at cohesion 70, iter 60: Cannot choose from an empty sequence
  Error in anealing at cohesion 70, iter 61: Cannot choose from an empty sequence
  Error in anealing at cohesion 70, iter 62: Cannot choose from an empty sequence
  Error in anealing at cohesion 70, iter 63: Cannot choose from an empty sequence
  Error in anealing at cohesion 70, iter 64: Cannot choose from an empty sequence
  Error in anealing at cohesion 70, iter 65: Cannot choose from an empty sequence
  Error in anealing at cohesion 70, iter 66: Cannot choose from an empty sequence
  Error in anealing at cohesion 70, iter 67: Cannot choose from an empty sequence
  Error in anealing at cohesion 70, iter 68: Cannot choose from an empty sequence
  Error in anealing at cohesion 70, iter 69: Cannot choose from an empty sequence
  Error in anealing at cohesion 70, iter 70: Cannot choose from an empty sequence
  Error in anealing at cohesion 70, iter 71: Cannot choose from an empty sequence
  Error in anealing at cohesion 70, iter 72: Cannot choose from an empty sequence
  Error in anealing at cohesion 70, iter 73: Cannot choose from an empty sequence
  Error in anealing at cohesion 70, iter 74: Cannot choose from an empty sequence
  Error in anealing at cohesion 70, iter 75: Cannot choose from an empty sequence
  Error in anealing at cohesion 70, iter 76: Cannot choose from an empty sequence
  Error in anealing at cohesion 70, iter 77: Cannot choose from an empty sequence
  Error in anealing at cohesion 70, iter 78: Cannot choose from an empty sequence
  Error in anealing at cohesion 70, iter 79: Cannot choose from an empty sequence
  Error in anealing at cohesion 70, iter 80: Cannot choose from an empty sequence
  Error in anealing at cohesion 70, iter 81: Cannot choose from an empty sequence
  Error in anealing at cohesion 70, iter 82: Cannot choose from an empty sequence
  Error in anealing at cohesion 70, iter 83: Cannot choose from an empty sequence
  Error in anealing at cohesion 70, iter 84: Cannot choose from an empty sequence
  Error in anealing at cohesion 70, iter 85: Cannot choose from an empty sequence
  Error in anealing at cohesion 70, iter 86: Cannot choose from an empty sequence
  Error in anealing at cohesion 70, iter 87: Cannot choose from an empty sequence
  Error in anealing at cohesion 70, iter 88: Cannot choose from an empty sequence
  Error in anealing at cohesion 70, iter 89: Cannot choose from an empty sequence
  Error in anealing at cohesion 70, iter 90: Cannot choose from an empty sequence
  Error in anealing at cohesion 70, iter 91: Cannot choose from an empty sequence
  Error in anealing at cohesion 70, iter 92: Cannot choose from an empty sequence
  Error in anealing at cohesion 70, iter 93: Cannot choose from an empty sequence
  Error in anealing at cohesion 70, iter 94: Cannot choose from an empty sequence
  Error in anealing at cohesion 70, iter 95: Cannot choose from an empty sequence
  Error in anealing at cohesion 70, iter 96: Cannot choose from an empty sequence
  Error in anealing at cohesion 70, iter 97: Cannot choose from an empty sequence
  Error in anealing at cohesion 70, iter 98: Cannot choose from an empty sequence
  Error in anealing at cohesion 70, iter 99: Cannot choose from an empty sequence
  Completed 100 iterations for size 300, cohesion 70.
  Error in anealing at cohesion 80, iter 0: Cannot choose from an empty sequence
  Error in anealing at cohesion 80, iter 1: Cannot choose from an empty sequence
  Error in anealing at cohesion 80, iter 2: Cannot choose from an empty sequence
  Error in anealing at cohesion 80, iter 3: Cannot choose from an empty sequence
  Error in anealing at cohesion 80, iter 4: Cannot choose from an empty sequence
  Error in anealing at cohesion 80, iter 5: Cannot choose from an empty sequence
  Error in anealing at cohesion 80, iter 6: Cannot choose from an empty sequence
  Error in anealing at cohesion 80, iter 7: Cannot choose from an empty sequence
  Error in anealing at cohesion 80, iter 8: Cannot choose from an empty sequence
  Error in anealing at cohesion 80, iter 9: Cannot choose from an empty sequence
  Error in anealing at cohesion 80, iter 10: Cannot choose from an empty sequence
  Error in anealing at cohesion 80, iter 11: Cannot choose from an empty sequence
  Error in anealing at cohesion 80, iter 12: Cannot choose from an empty sequence
  Error in anealing at cohesion 80, iter 13: Cannot choose from an empty sequence
  Error in anealing at cohesion 80, iter 14: Cannot choose from an empty sequence
  Error in anealing at cohesion 80, iter 15: Cannot choose from an empty sequence
  Error in anealing at cohesion 80, iter 16: Cannot choose from an empty sequence
  Error in anealing at cohesion 80, iter 17: Cannot choose from an empty sequence
  Error in anealing at cohesion 80, iter 18: Cannot choose from an empty sequence
  Error in anealing at cohesion 80, iter 19: Cannot choose from an empty sequence
  Error in anealing at cohesion 80, iter 20: Cannot choose from an empty sequence
  Error in anealing at cohesion 80, iter 21: Cannot choose from an empty sequence
  Error in anealing at cohesion 80, iter 22: Cannot choose from an empty sequence
  Error in anealing at cohesion 80, iter 23: Cannot choose from an empty sequence
  Error in anealing at cohesion 80, iter 24: Cannot choose from an empty sequence
  Error in anealing at cohesion 80, iter 25: Cannot choose from an empty sequence
  Error in anealing at cohesion 80, iter 26: Cannot choose from an empty sequence
  Error in anealing at cohesion 80, iter 27: Cannot choose from an empty sequence
  Error in anealing at cohesion 80, iter 28: Cannot choose from an empty sequence
  Error in anealing at cohesion 80, iter 29: Cannot choose from an empty sequence
  Error in anealing at cohesion 80, iter 30: Cannot choose from an empty sequence
  Error in anealing at cohesion 80, iter 31: Cannot choose from an empty sequence
  Error in anealing at cohesion 80, iter 32: Cannot choose from an empty sequence
  Error in anealing at cohesion 80, iter 33: Cannot choose from an empty sequence
  Error in anealing at cohesion 80, iter 34: Cannot choose from an empty sequence
  Error in anealing at cohesion 80, iter 35: Cannot choose from an empty sequence
  Error in anealing at cohesion 80, iter 36: Cannot choose from an empty sequence
  Error in anealing at cohesion 80, iter 37: Cannot choose from an empty sequence
  Error in anealing at cohesion 80, iter 38: Cannot choose from an empty sequence
  Error in anealing at cohesion 80, iter 39: Cannot choose from an empty sequence
  Error in anealing at cohesion 80, iter 40: Cannot choose from an empty sequence
  Error in anealing at cohesion 80, iter 41: Cannot choose from an empty sequence
  Error in anealing at cohesion 80, iter 42: Cannot choose from an empty sequence
  Error in anealing at cohesion 80, iter 43: Cannot choose from an empty sequence
  Error in anealing at cohesion 80, iter 44: Cannot choose from an empty sequence
  Error in anealing at cohesion 80, iter 45: Cannot choose from an empty sequence
  Error in anealing at cohesion 80, iter 46: Cannot choose from an empty sequence
  Error in anealing at cohesion 80, iter 47: Cannot choose from an empty sequence
  Error in anealing at cohesion 80, iter 48: Cannot choose from an empty sequence
  Error in anealing at cohesion 80, iter 49: Cannot choose from an empty sequence
  Error in anealing at cohesion 80, iter 50: Cannot choose from an empty sequence
  Error in anealing at cohesion 80, iter 51: Cannot choose from an empty sequence
  Error in anealing at cohesion 80, iter 52: Cannot choose from an empty sequence
  Error in anealing at cohesion 80, iter 53: Cannot choose from an empty sequence
  Error in anealing at cohesion 80, iter 54: Cannot choose from an empty sequence
  Error in anealing at cohesion 80, iter 55: Cannot choose from an empty sequence
  Error in anealing at cohesion 80, iter 56: Cannot choose from an empty sequence
  Error in anealing at cohesion 80, iter 57: Cannot choose from an empty sequence
  Error in anealing at cohesion 80, iter 58: Cannot choose from an empty sequence
  Error in anealing at cohesion 80, iter 59: Cannot choose from an empty sequence
  Error in anealing at cohesion 80, iter 60: Cannot choose from an empty sequence
  Error in anealing at cohesion 80, iter 61: Cannot choose from an empty sequence
  Error in anealing at cohesion 80, iter 62: Cannot choose from an empty sequence
  Error in anealing at cohesion 80, iter 63: Cannot choose from an empty sequence
  Error in anealing at cohesion 80, iter 64: Cannot choose from an empty sequence
  Error in anealing at cohesion 80, iter 65: Cannot choose from an empty sequence
  Error in anealing at cohesion 80, iter 66: Cannot choose from an empty sequence
  Error in anealing at cohesion 80, iter 67: Cannot choose from an empty sequence
  Error in anealing at cohesion 80, iter 68: Cannot choose from an empty sequence
  Error in anealing at cohesion 80, iter 69: Cannot choose from an empty sequence
  Error in anealing at cohesion 80, iter 70: Cannot choose from an empty sequence
  Error in anealing at cohesion 80, iter 71: Cannot choose from an empty sequence
  Error in anealing at cohesion 80, iter 72: Cannot choose from an empty sequence
  Error in anealing at cohesion 80, iter 73: Cannot choose from an empty sequence
  Error in anealing at cohesion 80, iter 74: Cannot choose from an empty sequence
  Error in anealing at cohesion 80, iter 75: Cannot choose from an empty sequence
  Error in anealing at cohesion 80, iter 76: Cannot choose from an empty sequence
  Error in anealing at cohesion 80, iter 77: Cannot choose from an empty sequence
  Error in anealing at cohesion 80, iter 78: Cannot choose from an empty sequence
  Error in anealing at cohesion 80, iter 79: Cannot choose from an empty sequence
  Error in anealing at cohesion 80, iter 80: Cannot choose from an empty sequence
  Error in anealing at cohesion 80, iter 81: Cannot choose from an empty sequence
  Error in anealing at cohesion 80, iter 82: Cannot choose from an empty sequence
  Error in anealing at cohesion 80, iter 83: Cannot choose from an empty sequence
  Error in anealing at cohesion 80, iter 84: Cannot choose from an empty sequence
  Error in anealing at cohesion 80, iter 85: Cannot choose from an empty sequence
  Error in anealing at cohesion 80, iter 86: Cannot choose from an empty sequence
  Error in anealing at cohesion 80, iter 87: Cannot choose from an empty sequence
  Error in anealing at cohesion 80, iter 88: Cannot choose from an empty sequence
  Error in anealing at cohesion 80, iter 89: Cannot choose from an empty sequence
  Error in anealing at cohesion 80, iter 90: Cannot choose from an empty sequence
  Error in anealing at cohesion 80, iter 91: Cannot choose from an empty sequence
  Error in anealing at cohesion 80, iter 92: Cannot choose from an empty sequence
  Error in anealing at cohesion 80, iter 93: Cannot choose from an empty sequence
  Error in anealing at cohesion 80, iter 94: Cannot choose from an empty sequence
  Error in anealing at cohesion 80, iter 95: Cannot choose from an empty sequence
  Error in anealing at cohesion 80, iter 96: Cannot choose from an empty sequence
  Error in anealing at cohesion 80, iter 97: Cannot choose from an empty sequence
  Error in anealing at cohesion 80, iter 98: Cannot choose from an empty sequence
  Error in anealing at cohesion 80, iter 99: Cannot choose from an empty sequence
  Completed 100 iterations for size 300, cohesion 80.
  Error in anealing at cohesion 90, iter 0: Cannot choose from an empty sequence
  Error in anealing at cohesion 90, iter 1: Cannot choose from an empty sequence
  Error in anealing at cohesion 90, iter 2: Cannot choose from an empty sequence
  Error in anealing at cohesion 90, iter 3: Cannot choose from an empty sequence
  Error in anealing at cohesion 90, iter 4: Cannot choose from an empty sequence
  Error in anealing at cohesion 90, iter 5: Cannot choose from an empty sequence
  Error in anealing at cohesion 90, iter 6: Cannot choose from an empty sequence
  Error in anealing at cohesion 90, iter 7: Cannot choose from an empty sequence
  Error in anealing at cohesion 90, iter 8: Cannot choose from an empty sequence
  Error in anealing at cohesion 90, iter 9: Cannot choose from an empty sequence
  Error in anealing at cohesion 90, iter 10: Cannot choose from an empty sequence
  Error in anealing at cohesion 90, iter 11: Cannot choose from an empty sequence
  Error in anealing at cohesion 90, iter 12: Cannot choose from an empty sequence
  Error in anealing at cohesion 90, iter 13: Cannot choose from an empty sequence
  Error in anealing at cohesion 90, iter 14: Cannot choose from an empty sequence
  Error in anealing at cohesion 90, iter 15: Cannot choose from an empty sequence
  Error in anealing at cohesion 90, iter 16: Cannot choose from an empty sequence
  Error in anealing at cohesion 90, iter 17: Cannot choose from an empty sequence
  Error in anealing at cohesion 90, iter 18: Cannot choose from an empty sequence
  Error in anealing at cohesion 90, iter 19: Cannot choose from an empty sequence
  Error in anealing at cohesion 90, iter 20: Cannot choose from an empty sequence
  Error in anealing at cohesion 90, iter 21: Cannot choose from an empty sequence
  Error in anealing at cohesion 90, iter 22: Cannot choose from an empty sequence
  Error in anealing at cohesion 90, iter 23: Cannot choose from an empty sequence
  Error in anealing at cohesion 90, iter 24: Cannot choose from an empty sequence
  Error in anealing at cohesion 90, iter 25: Cannot choose from an empty sequence
  Error in anealing at cohesion 90, iter 26: Cannot choose from an empty sequence
  Error in anealing at cohesion 90, iter 27: Cannot choose from an empty sequence
  Error in anealing at cohesion 90, iter 28: Cannot choose from an empty sequence
  Error in anealing at cohesion 90, iter 29: Cannot choose from an empty sequence
  Error in anealing at cohesion 90, iter 30: Cannot choose from an empty sequence
  Error in anealing at cohesion 90, iter 31: Cannot choose from an empty sequence
  Error in anealing at cohesion 90, iter 32: Cannot choose from an empty sequence
  Error in anealing at cohesion 90, iter 33: Cannot choose from an empty sequence
  Error in anealing at cohesion 90, iter 34: Cannot choose from an empty sequence
  Error in anealing at cohesion 90, iter 35: Cannot choose from an empty sequence
  Error in anealing at cohesion 90, iter 36: Cannot choose from an empty sequence
  Error in anealing at cohesion 90, iter 37: Cannot choose from an empty sequence
  Error in anealing at cohesion 90, iter 38: Cannot choose from an empty sequence
  Error in anealing at cohesion 90, iter 39: Cannot choose from an empty sequence
  Error in anealing at cohesion 90, iter 40: Cannot choose from an empty sequence
  Error in anealing at cohesion 90, iter 41: Cannot choose from an empty sequence
  Error in anealing at cohesion 90, iter 42: Cannot choose from an empty sequence
  Error in anealing at cohesion 90, iter 43: Cannot choose from an empty sequence
  Error in anealing at cohesion 90, iter 44: Cannot choose from an empty sequence
  Error in anealing at cohesion 90, iter 45: Cannot choose from an empty sequence
  Error in anealing at cohesion 90, iter 46: Cannot choose from an empty sequence
  Error in anealing at cohesion 90, iter 47: Cannot choose from an empty sequence
  Error in anealing at cohesion 90, iter 48: Cannot choose from an empty sequence
  Error in anealing at cohesion 90, iter 49: Cannot choose from an empty sequence
  Error in anealing at cohesion 90, iter 50: Cannot choose from an empty sequence
  Error in anealing at cohesion 90, iter 51: Cannot choose from an empty sequence
  Error in anealing at cohesion 90, iter 52: Cannot choose from an empty sequence
  Error in anealing at cohesion 90, iter 53: Cannot choose from an empty sequence
  Error in anealing at cohesion 90, iter 54: Cannot choose from an empty sequence
  Error in anealing at cohesion 90, iter 55: Cannot choose from an empty sequence
  Error in anealing at cohesion 90, iter 56: Cannot choose from an empty sequence
  Error in anealing at cohesion 90, iter 57: Cannot choose from an empty sequence
  Error in anealing at cohesion 90, iter 58: Cannot choose from an empty sequence
  Error in anealing at cohesion 90, iter 59: Cannot choose from an empty sequence
  Error in anealing at cohesion 90, iter 60: Cannot choose from an empty sequence
  Error in anealing at cohesion 90, iter 61: Cannot choose from an empty sequence
  Error in anealing at cohesion 90, iter 62: Cannot choose from an empty sequence
  Error in anealing at cohesion 90, iter 63: Cannot choose from an empty sequence
  Error in anealing at cohesion 90, iter 64: Cannot choose from an empty sequence
  Error in anealing at cohesion 90, iter 65: Cannot choose from an empty sequence
  Error in anealing at cohesion 90, iter 66: Cannot choose from an empty sequence
  Error in anealing at cohesion 90, iter 67: Cannot choose from an empty sequence
  Error in anealing at cohesion 90, iter 68: Cannot choose from an empty sequence
  Error in anealing at cohesion 90, iter 69: Cannot choose from an empty sequence
  Error in anealing at cohesion 90, iter 70: Cannot choose from an empty sequence
  Error in anealing at cohesion 90, iter 71: Cannot choose from an empty sequence
  Error in anealing at cohesion 90, iter 72: Cannot choose from an empty sequence
  Error in anealing at cohesion 90, iter 73: Cannot choose from an empty sequence
  Error in anealing at cohesion 90, iter 74: Cannot choose from an empty sequence
  Error in anealing at cohesion 90, iter 75: Cannot choose from an empty sequence
  Error in anealing at cohesion 90, iter 76: Cannot choose from an empty sequence
  Error in anealing at cohesion 90, iter 77: Cannot choose from an empty sequence
  Error in anealing at cohesion 90, iter 78: Cannot choose from an empty sequence
  Error in anealing at cohesion 90, iter 79: Cannot choose from an empty sequence
  Error in anealing at cohesion 90, iter 80: Cannot choose from an empty sequence
  Error in anealing at cohesion 90, iter 81: Cannot choose from an empty sequence
  Error in anealing at cohesion 90, iter 82: Cannot choose from an empty sequence
  Error in anealing at cohesion 90, iter 83: Cannot choose from an empty sequence
  Error in anealing at cohesion 90, iter 84: Cannot choose from an empty sequence
  Error in anealing at cohesion 90, iter 85: Cannot choose from an empty sequence
  Error in anealing at cohesion 90, iter 86: Cannot choose from an empty sequence
  Error in anealing at cohesion 90, iter 87: Cannot choose from an empty sequence
  Error in anealing at cohesion 90, iter 88: Cannot choose from an empty sequence
  Error in anealing at cohesion 90, iter 89: Cannot choose from an empty sequence
  Error in anealing at cohesion 90, iter 90: Cannot choose from an empty sequence
  Error in anealing at cohesion 90, iter 91: Cannot choose from an empty sequence
  Error in anealing at cohesion 90, iter 92: Cannot choose from an empty sequence
  Error in anealing at cohesion 90, iter 93: Cannot choose from an empty sequence
  Error in anealing at cohesion 90, iter 94: Cannot choose from an empty sequence
  Error in anealing at cohesion 90, iter 95: Cannot choose from an empty sequence
  Error in anealing at cohesion 90, iter 96: Cannot choose from an empty sequence
  Error in anealing at cohesion 90, iter 97: Cannot choose from an empty sequence
  Error in anealing at cohesion 90, iter 98: Cannot choose from an empty sequence
  Error in anealing at cohesion 90, iter 99: Cannot choose from an empty sequence
  Completed 100 iterations for size 300, cohesion 90.
  Error in anealing at cohesion 100, iter 0: Cannot choose from an empty sequence
  Error in anealing at cohesion 100, iter 1: Cannot choose from an empty sequence
  Error in anealing at cohesion 100, iter 2: Cannot choose from an empty sequence
  Error in anealing at cohesion 100, iter 3: Cannot choose from an empty sequence
  Error in anealing at cohesion 100, iter 4: Cannot choose from an empty sequence
  Error in anealing at cohesion 100, iter 5: Cannot choose from an empty sequence
  Error in anealing at cohesion 100, iter 6: Cannot choose from an empty sequence
  Error in anealing at cohesion 100, iter 7: Cannot choose from an empty sequence
  Error in anealing at cohesion 100, iter 8: Cannot choose from an empty sequence
  Error in anealing at cohesion 100, iter 9: Cannot choose from an empty sequence
  Error in anealing at cohesion 100, iter 10: Cannot choose from an empty sequence
  Error in anealing at cohesion 100, iter 11: Cannot choose from an empty sequence
  Error in anealing at cohesion 100, iter 12: Cannot choose from an empty sequence
  Error in anealing at cohesion 100, iter 13: Cannot choose from an empty sequence
  Error in anealing at cohesion 100, iter 14: Cannot choose from an empty sequence
  Error in anealing at cohesion 100, iter 15: Cannot choose from an empty sequence
  Error in anealing at cohesion 100, iter 16: Cannot choose from an empty sequence
  Error in anealing at cohesion 100, iter 17: Cannot choose from an empty sequence
  Error in anealing at cohesion 100, iter 18: Cannot choose from an empty sequence
  Error in anealing at cohesion 100, iter 19: Cannot choose from an empty sequence
  Error in anealing at cohesion 100, iter 20: Cannot choose from an empty sequence
  Error in anealing at cohesion 100, iter 21: Cannot choose from an empty sequence
  Error in anealing at cohesion 100, iter 22: Cannot choose from an empty sequence
  Error in anealing at cohesion 100, iter 23: Cannot choose from an empty sequence
  Error in anealing at cohesion 100, iter 24: Cannot choose from an empty sequence
  Error in anealing at cohesion 100, iter 25: Cannot choose from an empty sequence
  Error in anealing at cohesion 100, iter 26: Cannot choose from an empty sequence
  Error in anealing at cohesion 100, iter 27: Cannot choose from an empty sequence
  Error in anealing at cohesion 100, iter 28: Cannot choose from an empty sequence
  Error in anealing at cohesion 100, iter 29: Cannot choose from an empty sequence
  Error in anealing at cohesion 100, iter 30: Cannot choose from an empty sequence
  Error in anealing at cohesion 100, iter 31: Cannot choose from an empty sequence
  Error in anealing at cohesion 100, iter 32: Cannot choose from an empty sequence
  Error in anealing at cohesion 100, iter 33: Cannot choose from an empty sequence
  Error in anealing at cohesion 100, iter 34: Cannot choose from an empty sequence
  Error in anealing at cohesion 100, iter 35: Cannot choose from an empty sequence
  Error in anealing at cohesion 100, iter 36: Cannot choose from an empty sequence
  Error in anealing at cohesion 100, iter 37: Cannot choose from an empty sequence
  Error in anealing at cohesion 100, iter 38: Cannot choose from an empty sequence
  Error in anealing at cohesion 100, iter 39: Cannot choose from an empty sequence
  Error in anealing at cohesion 100, iter 40: Cannot choose from an empty sequence
  Error in anealing at cohesion 100, iter 41: Cannot choose from an empty sequence
  Error in anealing at cohesion 100, iter 42: Cannot choose from an empty sequence
  Error in anealing at cohesion 100, iter 43: Cannot choose from an empty sequence
  Error in anealing at cohesion 100, iter 44: Cannot choose from an empty sequence
  Error in anealing at cohesion 100, iter 45: Cannot choose from an empty sequence
  Error in anealing at cohesion 100, iter 46: Cannot choose from an empty sequence
  Error in anealing at cohesion 100, iter 47: Cannot choose from an empty sequence
  Error in anealing at cohesion 100, iter 48: Cannot choose from an empty sequence
  Error in anealing at cohesion 100, iter 49: Cannot choose from an empty sequence
  Error in anealing at cohesion 100, iter 50: Cannot choose from an empty sequence
  Error in anealing at cohesion 100, iter 51: Cannot choose from an empty sequence
  Error in anealing at cohesion 100, iter 52: Cannot choose from an empty sequence
  Error in anealing at cohesion 100, iter 53: Cannot choose from an empty sequence
  Error in anealing at cohesion 100, iter 54: Cannot choose from an empty sequence
  Error in anealing at cohesion 100, iter 55: Cannot choose from an empty sequence
  Error in anealing at cohesion 100, iter 56: Cannot choose from an empty sequence
  Error in anealing at cohesion 100, iter 57: Cannot choose from an empty sequence
  Error in anealing at cohesion 100, iter 58: Cannot choose from an empty sequence
  Error in anealing at cohesion 100, iter 59: Cannot choose from an empty sequence
  Error in anealing at cohesion 100, iter 60: Cannot choose from an empty sequence
  Error in anealing at cohesion 100, iter 61: Cannot choose from an empty sequence
  Error in anealing at cohesion 100, iter 62: Cannot choose from an empty sequence
  Error in anealing at cohesion 100, iter 63: Cannot choose from an empty sequence
  Error in anealing at cohesion 100, iter 64: Cannot choose from an empty sequence
  Error in anealing at cohesion 100, iter 65: Cannot choose from an empty sequence
  Error in anealing at cohesion 100, iter 66: Cannot choose from an empty sequence
  Error in anealing at cohesion 100, iter 67: Cannot choose from an empty sequence
  Error in anealing at cohesion 100, iter 68: Cannot choose from an empty sequence
  Error in anealing at cohesion 100, iter 69: Cannot choose from an empty sequence
  Error in anealing at cohesion 100, iter 70: Cannot choose from an empty sequence
  Error in anealing at cohesion 100, iter 71: Cannot choose from an empty sequence
  Error in anealing at cohesion 100, iter 72: Cannot choose from an empty sequence
  Error in anealing at cohesion 100, iter 73: Cannot choose from an empty sequence
  Error in anealing at cohesion 100, iter 74: Cannot choose from an empty sequence
  Error in anealing at cohesion 100, iter 75: Cannot choose from an empty sequence
  Error in anealing at cohesion 100, iter 76: Cannot choose from an empty sequence
  Error in anealing at cohesion 100, iter 77: Cannot choose from an empty sequence
  Error in anealing at cohesion 100, iter 78: Cannot choose from an empty sequence
  Error in anealing at cohesion 100, iter 79: Cannot choose from an empty sequence
  Error in anealing at cohesion 100, iter 80: Cannot choose from an empty sequence
  Error in anealing at cohesion 100, iter 81: Cannot choose from an empty sequence
  Error in anealing at cohesion 100, iter 82: Cannot choose from an empty sequence
  Error in anealing at cohesion 100, iter 83: Cannot choose from an empty sequence
  Error in anealing at cohesion 100, iter 84: Cannot choose from an empty sequence
  Error in anealing at cohesion 100, iter 85: Cannot choose from an empty sequence
  Error in anealing at cohesion 100, iter 86: Cannot choose from an empty sequence
  Error in anealing at cohesion 100, iter 87: Cannot choose from an empty sequence
  Error in anealing at cohesion 100, iter 88: Cannot choose from an empty sequence
  Error in anealing at cohesion 100, iter 89: Cannot choose from an empty sequence
  Error in anealing at cohesion 100, iter 90: Cannot choose from an empty sequence
  Error in anealing at cohesion 100, iter 91: Cannot choose from an empty sequence
  Error in anealing at cohesion 100, iter 92: Cannot choose from an empty sequence
  Error in anealing at cohesion 100, iter 93: Cannot choose from an empty sequence
  Error in anealing at cohesion 100, iter 94: Cannot choose from an empty sequence
  Error in anealing at cohesion 100, iter 95: Cannot choose from an empty sequence
  Error in anealing at cohesion 100, iter 96: Cannot choose from an empty sequence
  Error in anealing at cohesion 100, iter 97: Cannot choose from an empty sequence
  Error in anealing at cohesion 100, iter 98: Cannot choose from an empty sequence
  Error in anealing at cohesion 100, iter 99: Cannot choose from an empty sequence
  Completed 100 iterations for size 300, cohesion 100.

Results successfully written to comparison_results_260421_0156.json
Running iterations for algorithm: tabuSearch
  Completed 100 iterations for size 8, cohesion 0.
  Completed 100 iterations for size 8, cohesion 10.
  Completed 100 iterations for size 8, cohesion 20.
  Completed 100 iterations for size 8, cohesion 30.
  Completed 100 iterations for size 8, cohesion 40.
  Completed 100 iterations for size 8, cohesion 50.
  Completed 100 iterations for size 8, cohesion 60.
  Completed 100 iterations for size 8, cohesion 70.
  Completed 100 iterations for size 8, cohesion 80.
  Completed 100 iterations for size 8, cohesion 90.
  Completed 100 iterations for size 8, cohesion 100.
  Completed 100 iterations for size 30, cohesion 0.
  Completed 100 iterations for size 30, cohesion 10.
  Completed 100 iterations for size 30, cohesion 20.
  Completed 100 iterations for size 30, cohesion 30.
  Completed 100 iterations for size 30, cohesion 40.
  Completed 100 iterations for size 30, cohesion 50.
  Completed 100 iterations for size 30, cohesion 60.
  Completed 100 iterations for size 30, cohesion 70.
  Completed 100 iterations for size 30, cohesion 80.
  Completed 100 iterations for size 30, cohesion 90.
  Completed 100 iterations for size 30, cohesion 100.
  Completed 100 iterations for size 100, cohesion 0.
  Completed 100 iterations for size 100, cohesion 10.
  Completed 100 iterations for size 100, cohesion 20.
  Completed 100 iterations for size 100, cohesion 30.
  Completed 100 iterations for size 100, cohesion 40.
  Completed 100 iterations for size 100, cohesion 50.
  Completed 100 iterations for size 100, cohesion 60.
  Completed 100 iterations for size 100, cohesion 70.
  Completed 100 iterations for size 100, cohesion 80.
  Completed 100 iterations for size 100, cohesion 90.
  Completed 100 iterations for size 100, cohesion 100.
  Completed 100 iterations for size 300, cohesion 0.
  Completed 100 iterations for size 300, cohesion 10.
  Completed 100 iterations for size 300, cohesion 20.
  Completed 100 iterations for size 300, cohesion 30.
  Completed 100 iterations for size 300, cohesion 40.
  Completed 100 iterations for size 300, cohesion 50.
  Completed 100 iterations for size 300, cohesion 60.
  Completed 100 iterations for size 300, cohesion 70.
  Completed 100 iterations for size 300, cohesion 80.
  Completed 100 iterations for size 300, cohesion 90.
  Completed 100 iterations for size 300, cohesion 100.

Results successfully written to comparison_results_260421_0159.json
Running iterations for algorithm: repeatedSwitch
  Completed 100 iterations for size 8, cohesion 0.
  Completed 100 iterations for size 8, cohesion 10.
  Completed 100 iterations for size 8, cohesion 20.
  Completed 100 iterations for size 8, cohesion 30.
  Completed 100 iterations for size 8, cohesion 40.
  Completed 100 iterations for size 8, cohesion 50.
  Completed 100 iterations for size 8, cohesion 60.
  Completed 100 iterations for size 8, cohesion 70.
  Completed 100 iterations for size 8, cohesion 80.
  Completed 100 iterations for size 8, cohesion 90.
  Completed 100 iterations for size 8, cohesion 100.
  Completed 100 iterations for size 30, cohesion 0.
  Completed 100 iterations for size 30, cohesion 10.
  Completed 100 iterations for size 30, cohesion 20.
  Completed 100 iterations for size 30, cohesion 30.
  Completed 100 iterations for size 30, cohesion 40.
  Completed 100 iterations for size 30, cohesion 50.
  Completed 100 iterations for size 30, cohesion 60.
  Completed 100 iterations for size 30, cohesion 70.
  Completed 100 iterations for size 30, cohesion 80.
  Completed 100 iterations for size 30, cohesion 90.
  Completed 100 iterations for size 30, cohesion 100.
  Completed 100 iterations for size 100, cohesion 0.
  Completed 100 iterations for size 100, cohesion 10.
  Completed 100 iterations for size 100, cohesion 20.
  Completed 100 iterations for size 100, cohesion 30.
  Completed 100 iterations for size 100, cohesion 40.
  Completed 100 iterations for size 100, cohesion 50.
  Completed 100 iterations for size 100, cohesion 60.
  Completed 100 iterations for size 100, cohesion 70.
  Completed 100 iterations for size 100, cohesion 80.
  Completed 100 iterations for size 100, cohesion 90.
  Completed 100 iterations for size 100, cohesion 100.
  Completed 100 iterations for size 300, cohesion 0.
  Completed 100 iterations for size 300, cohesion 10.
  Completed 100 iterations for size 300, cohesion 20.
  Completed 100 iterations for size 300, cohesion 30.
  Completed 100 iterations for size 300, cohesion 40.
  Completed 100 iterations for size 300, cohesion 50.
  Completed 100 iterations for size 300, cohesion 60.
  Completed 100 iterations for size 300, cohesion 70.
  Completed 100 iterations for size 300, cohesion 80.
  Completed 100 iterations for size 300, cohesion 90.
  Completed 100 iterations for size 300, cohesion 100.

Results successfully written to comparison_results_260421_0202.json
Running iterations for algorithm: bruteForce
  Completed 100 iterations for size 8, cohesion 0.
  Completed 100 iterations for size 8, cohesion 10.
  Completed 100 iterations for size 8, cohesion 20.
  Completed 100 iterations for size 8, cohesion 30.
  Completed 100 iterations for size 8, cohesion 40.
  Completed 100 iterations for size 8, cohesion 50.
  Completed 100 iterations for size 8, cohesion 60.
  Completed 100 iterations for size 8, cohesion 70.
  Completed 100 iterations for size 8, cohesion 80.
  Completed 100 iterations for size 8, cohesion 90.
  Completed 100 iterations for size 8, cohesion 100.
  Completed 100 iterations for size 30, cohesion 0.
  Completed 100 iterations for size 30, cohesion 10.
  Completed 100 iterations for size 30, cohesion 20.
  Completed 100 iterations for size 30, cohesion 30.
  Completed 100 iterations for size 30, cohesion 40.
  Completed 100 iterations for size 30, cohesion 50.
  Completed 100 iterations for size 30, cohesion 60.
  Completed 100 iterations for size 30, cohesion 70.
  Completed 100 iterations for size 30, cohesion 80.
  Completed 100 iterations for size 30, cohesion 90.
  Completed 100 iterations for size 30, cohesion 100.
  Completed 100 iterations for size 100, cohesion 0.
  Completed 100 iterations for size 100, cohesion 10.
  Completed 100 iterations for size 100, cohesion 20.
  Completed 100 iterations for size 100, cohesion 30.
  Completed 100 iterations for size 100, cohesion 40.
  Completed 100 iterations for size 100, cohesion 50.
  Completed 100 iterations for size 100, cohesion 60.
  Completed 100 iterations for size 100, cohesion 70.
  Completed 100 iterations for size 100, cohesion 80.
  Completed 100 iterations for size 100, cohesion 90.
  Completed 100 iterations for size 100, cohesion 100.
  Completed 100 iterations for size 300, cohesion 0.
  Completed 100 iterations for size 300, cohesion 10.
  Completed 100 iterations for size 300, cohesion 20.
  Completed 100 iterations for size 300, cohesion 30.
  Completed 100 iterations for size 300, cohesion 40.
  Completed 100 iterations for size 300, cohesion 50.
  Completed 100 iterations for size 300, cohesion 60.
  Completed 100 iterations for size 300, cohesion 70.
  Completed 100 iterations for size 300, cohesion 80.
  Completed 100 iterations for size 300, cohesion 90.
  Completed 100 iterations for size 300, cohesion 100.

Results successfully written to comparison_results_260421_0205.json

================================================================================
AVERAGE ARRANGEMENT SCORES (People: 8)
================================================================================
Algorithm                      0     10     20     30     40     50     60     70     80     90    100
--------------------------------------------------------------------------------
influenceListGreedy         0.0    0.0    0.0    0.0    0.0    0.0    0.0    0.0    0.0    0.0    0.0 
randomGreedy                0.0    0.0    0.0    0.0    0.0    0.0    0.0    0.0    0.0    0.0    0.0 
anealing                    DNF    DNF    DNF    DNF    DNF    DNF    DNF    DNF    DNF    DNF    DNF 
tabuSearch                  0.0    0.0    0.0    0.0    0.0    0.0    0.0    0.0    0.0    0.0    0.0 
repeatedSwitch              0.0    0.0    0.0    0.0    0.0    0.0    0.0    0.0    0.0    0.0    0.0 
bruteForce                  0.0    0.0    0.0    0.0    0.0    0.0    0.0    0.0    0.0    0.0    0.0 

================================================================================
AVERAGE ARRANGEMENT SCORES (People: 30)
================================================================================
Algorithm                      0     10     20     30     40     50     60     70     80     90    100
--------------------------------------------------------------------------------
influenceListGreedy         0.0    0.0    0.0    0.0    0.0    0.0    0.0    0.0    0.0    0.0    0.0 
randomGreedy                0.0    0.0    0.0    0.0    0.0    0.0    0.0    0.0    0.0    0.0    0.0 
anealing                    DNF    DNF    DNF    DNF    DNF    DNF    DNF    DNF    DNF    DNF    DNF 
tabuSearch                  0.0    0.0    0.0    0.0    0.0    0.0    0.0    0.0    0.0    0.0    0.0 
repeatedSwitch              0.0    0.0    0.0    0.0    0.0    0.0    0.0    0.0    0.0    0.0    0.0 
bruteForce                  0.0    0.0    0.0    0.0    0.0    0.0    0.0    0.0    0.0    0.0    0.0 

================================================================================
AVERAGE ARRANGEMENT SCORES (People: 100)
================================================================================
Algorithm                      0     10     20     30     40     50     60     70     80     90    100
--------------------------------------------------------------------------------
influenceListGreedy         0.0    0.0    0.0    0.0    0.0    0.0    0.0    0.0    0.0    0.0    0.0 
randomGreedy                0.0    0.0    0.0    0.0    0.0    0.0    0.0    0.0    0.0    0.0    0.0 
anealing                    DNF    DNF    DNF    DNF    DNF    DNF    DNF    DNF    DNF    DNF    DNF 
tabuSearch                  0.0    0.0    0.0    0.0    0.0    0.0    0.0    0.0    0.0    0.0    0.0 
repeatedSwitch              0.0    0.0    0.0    0.0    0.0    0.0    0.0    0.0    0.0    0.0    0.0 
bruteForce                  0.0    0.0    0.0    0.0    0.0    0.0    0.0    0.0    0.0    0.0    0.0 

================================================================================
AVERAGE ARRANGEMENT SCORES (People: 300)
================================================================================
Algorithm                      0     10     20     30     40     50     60     70     80     90    100
--------------------------------------------------------------------------------
influenceListGreedy         0.0    0.0    0.0    0.0    0.0    0.0    0.0    0.0    0.0    0.0    0.0 
randomGreedy                0.0    0.0    0.0    0.0    0.0    0.0    0.0    0.0    0.0    0.0    0.0 
anealing                    DNF    DNF    DNF    DNF    DNF    DNF    DNF    DNF    DNF    DNF    DNF 
tabuSearch                  0.0    0.0    0.0    0.0    0.0    0.0    0.0    0.0    0.0    0.0    0.0 
repeatedSwitch              0.0    0.0    0.0    0.0    0.0    0.0    0.0    0.0    0.0    0.0    0.0 
bruteForce                  0.0    0.0    0.0    0.0    0.0    0.0    0.0    0.0    0.0    0.0    0.0 

================================================================================
AVERAGE EXECUTION TIMES (seconds) (People: 8)
================================================================================
Algorithm                      0     10     20     30     40     50     60     70     80     90    100
--------------------------------------------------------------------------------
influenceListGreedy      0.0033 0.0034 0.0034 0.0034 0.0035 0.0035 0.0035 0.0036 0.0035 0.0035 0.0036 
randomGreedy             0.0044 0.0044 0.0044 0.0044 0.0044 0.0044 0.0045 0.0045 0.0044 0.0044 0.0044 
anealing                    DNF    DNF    DNF    DNF    DNF    DNF    DNF    DNF    DNF    DNF    DNF 
tabuSearch               0.0046 0.0046 0.0045 0.0045 0.0045 0.0045 0.0046 0.0045 0.0045 0.0046 0.0045 
repeatedSwitch           0.0041 0.0040 0.0041 0.0040 0.0040 0.0041 0.0041 0.0041 0.0041 0.0041 0.0041 
bruteForce               0.0041 0.0041 0.0041 0.0041 0.0040 0.0041 0.0041 0.0041 0.0041 0.0041 0.0041 

================================================================================
AVERAGE EXECUTION TIMES (seconds) (People: 30)
================================================================================
Algorithm                      0     10     20     30     40     50     60     70     80     90    100
--------------------------------------------------------------------------------
influenceListGreedy      0.0037 0.0037 0.0037 0.0037 0.0037 0.0037 0.0037 0.0037 0.0037 0.0037 0.0038 
randomGreedy             0.0044 0.0045 0.0044 0.0045 0.0045 0.0045 0.0045 0.0045 0.0045 0.0044 0.0045 
anealing                    DNF    DNF    DNF    DNF    DNF    DNF    DNF    DNF    DNF    DNF    DNF 
tabuSearch               0.0046 0.0046 0.0046 0.0046 0.0045 0.0046 0.0046 0.0045 0.0046 0.0046 0.0046 
repeatedSwitch           0.0041 0.0042 0.0042 0.0042 0.0042 0.0042 0.0042 0.0042 0.0042 0.0041 0.0042 
bruteForce               0.0041 0.0041 0.0042 0.0041 0.0042 0.0042 0.0042 0.0041 0.0042 0.0042 0.0042 

================================================================================
AVERAGE EXECUTION TIMES (seconds) (People: 100)
================================================================================
Algorithm                      0     10     20     30     40     50     60     70     80     90    100
--------------------------------------------------------------------------------
influenceListGreedy      0.0039 0.0039 0.0039 0.0039 0.0039 0.0039 0.0039 0.0039 0.0039 0.0039 0.0039 
randomGreedy             0.0046 0.0047 0.0046 0.0046 0.0046 0.0046 0.0046 0.0046 0.0046 0.0047 0.0047 
anealing                    DNF    DNF    DNF    DNF    DNF    DNF    DNF    DNF    DNF    DNF    DNF 
tabuSearch               0.0047 0.0048 0.0048 0.0047 0.0047 0.0048 0.0048 0.0047 0.0047 0.0047 0.0048 
repeatedSwitch           0.0044 0.0044 0.0045 0.0044 0.0044 0.0044 0.0044 0.0044 0.0044 0.0044 0.0044 
bruteForce               0.0043 0.0043 0.0043 0.0044 0.0044 0.0043 0.0043 0.0043 0.0044 0.0044 0.0044 

================================================================================
AVERAGE EXECUTION TIMES (seconds) (People: 300)
================================================================================
Algorithm                      0     10     20     30     40     50     60     70     80     90    100
--------------------------------------------------------------------------------
influenceListGreedy      0.0044 0.0044 0.0044 0.0044 0.0044 0.0044 0.0046 0.0049 0.0051 0.0051 0.0048 
randomGreedy             0.0049 0.0049 0.0049 0.0050 0.0050 0.0050 0.0049 0.0050 0.0049 0.0049 0.0049 
anealing                    DNF    DNF    DNF    DNF    DNF    DNF    DNF    DNF    DNF    DNF    DNF 
tabuSearch               0.0050 0.0051 0.0050 0.0050 0.0050 0.0047 0.0045 0.0044 0.0044 0.0044 0.0044 
repeatedSwitch           0.0046 0.0046 0.0046 0.0046 0.0045 0.0046 0.0046 0.0046 0.0046 0.0046 0.0045 
bruteForce               0.0045 0.0045 0.0046 0.0045 0.0045 0.0045 0.0045 0.0045 0.0045 0.0045 0.0045 

================================================================================

Results successfully written to comparison_results_260421_0205.json
