algorithm,n_people,cohesion,iteration,score,time
influenceListGreedy,8,0,0,582.2,0.02812480926513672
influenceListGreedy,8,0,1,286.07,0.019582271575927734
influenceListGreedy,8,0,2,340.79,0.01922297477722168
influenceListGreedy,8,0,3,315.01,0.020583629608154297
influenceListGreedy,8,0,4,386.97,0.01973271369934082
influenceListGreedy,8,0,5,457.8,0.020233631134033203
influenceListGreedy,8,0,6,362.13,0.019690752029418945
influenceListGreedy,8,0,7,367.67,0.018259763717651367
influenceListGreedy,8,0,8,338.31,0.017241954803466797
influenceListGreedy,8,0,9,362.37,0.0170743465423584
influenceListGreedy,8,0,10,387.87,0.017528295516967773
influenceListGreedy,8,0,11,403.49,0.017987728118896484
influenceListGreedy,8,0,12,494.89,0.01758122444152832
influenceListGreedy,8,0,13,338.71,0.019425392150878906
influenceListGreedy,8,0,14,507.02,0.019947528839111328
influenceListGreedy,8,0,15,365.76,0.019800662994384766
influenceListGreedy,8,0,16,240.99,0.020039796829223633
influenceListGreedy,8,0,17,321.96,0.02016139030456543
influenceListGreedy,8,0,18,435.54,0.019773483276367188
influenceListGreedy,8,0,19,317.53,0.01963210105895996
influenceListGreedy,8,0,20,406.74,0.019223690032958984
influenceListGreedy,8,0,21,331.61,0.019345521926879883
influenceListGreedy,8,0,22,394.7,0.02008795738220215
influenceListGreedy,8,0,23,377.14,0.020772457122802734
influenceListGreedy,8,0,24,389.62,0.020549774169921875
influenceListGreedy,8,0,25,389.29,0.019789695739746094
influenceListGreedy,8,0,26,329.6,0.019939422607421875
influenceListGreedy,8,0,27,369.35,0.019197702407836914
influenceListGreedy,8,0,28,397.71,0.01889801025390625
influenceListGreedy,8,0,29,333.69,0.019214153289794922
influenceListGreedy,8,0,30,355.93,0.020110130310058594
influenceListGreedy,8,0,31,514.41,0.019053936004638672
influenceListGreedy,8,0,32,267.84,0.01887798309326172
influenceListGreedy,8,0,33,374.84,0.01891636848449707
influenceListGreedy,8,0,34,405.1,0.01909494400024414
influenceListGreedy,8,0,35,355.9,0.018829345703125
influenceListGreedy,8,0,36,456.7,0.018937110900878906
influenceListGreedy,8,0,37,469.49,0.019306421279907227
influenceListGreedy,8,0,38,391.15,0.018979787826538086
influenceListGreedy,8,0,39,407.23,0.018889427185058594
influenceListGreedy,8,0,40,399.7,0.01885390281677246
influenceListGreedy,8,0,41,396.4,0.0190126895904541
influenceListGreedy,8,0,42,497.09,0.019368648529052734
influenceListGreedy,8,0,43,462.77,0.020288705825805664
influenceListGreedy,8,0,44,403.9,0.020685672760009766
influenceListGreedy,8,0,45,407.36,0.019922494888305664
influenceListGreedy,8,0,46,525.09,0.018887996673583984
influenceListGreedy,8,0,47,532.53,0.018711328506469727
influenceListGreedy,8,0,48,427.04,0.018711090087890625
influenceListGreedy,8,0,49,381.4,0.019409894943237305
influenceListGreedy,8,0,50,416.74,0.019781827926635742
influenceListGreedy,8,0,51,431.19,0.018954992294311523
influenceListGreedy,8,0,52,396.5,0.018836498260498047
influenceListGreedy,8,0,53,366.52,0.0188143253326416
influenceListGreedy,8,0,54,425.83,0.01883864402770996
influenceListGreedy,8,0,55,471.51,0.018697738647460938
influenceListGreedy,8,0,56,253.57,0.019227027893066406
influenceListGreedy,8,0,57,436.25,0.0201113224029541
influenceListGreedy,8,0,58,486.83,0.019596338272094727
influenceListGreedy,8,0,59,417.0,0.019273996353149414
influenceListGreedy,8,0,60,407.05,0.018870830535888672
influenceListGreedy,8,0,61,390.85,0.01993107795715332
influenceListGreedy,8,0,62,300.91,0.0199127197265625
influenceListGreedy,8,0,63,408.27,0.020785808563232422
influenceListGreedy,8,0,64,397.89,0.019815683364868164
influenceListGreedy,8,0,65,433.88,0.019736528396606445
influenceListGreedy,8,0,66,407.53,0.01870274543762207
influenceListGreedy,8,0,67,365.98,0.018748760223388672
influenceListGreedy,8,0,68,512.14,0.01915764808654785
influenceListGreedy,8,0,69,404.51,0.019701242446899414
influenceListGreedy,8,0,70,254.0,0.019848108291625977
influenceListGreedy,8,0,71,401.84,0.01899123191833496
influenceListGreedy,8,0,72,477.27,0.019000768661499023
influenceListGreedy,8,0,73,359.77,0.019223928451538086
influenceListGreedy,8,0,74,338.1,0.01889824867248535
influenceListGreedy,8,0,75,320.37,0.01888132095336914
influenceListGreedy,8,0,76,352.49,0.019654512405395508
influenceListGreedy,8,0,77,381.46,0.018722057342529297
influenceListGreedy,8,0,78,334.64,0.01881575584411621
influenceListGreedy,8,0,79,409.44,0.018894433975219727
influenceListGreedy,8,0,80,346.8,0.018705368041992188
influenceListGreedy,8,0,81,368.71,0.020864248275756836
influenceListGreedy,8,0,82,544.84,0.019976377487182617
influenceListGreedy,8,0,83,489.43,0.020087480545043945
influenceListGreedy,8,0,84,330.7,0.020490407943725586
influenceListGreedy,8,0,85,325.0,0.019072294235229492
influenceListGreedy,8,0,86,476.49,0.019047975540161133
influenceListGreedy,8,0,87,455.48,0.018822193145751953
influenceListGreedy,8,0,88,548.64,0.019201040267944336
influenceListGreedy,8,0,89,353.23,0.01981520652770996
influenceListGreedy,8,0,90,373.51,0.019034862518310547
influenceListGreedy,8,0,91,350.82,0.020412206649780273
influenceListGreedy,8,0,92,404.03,0.019280195236206055
influenceListGreedy,8,0,93,338.0,0.018892288208007812
influenceListGreedy,8,0,94,314.93,0.019099950790405273
influenceListGreedy,8,0,95,338.72,0.020175457000732422
influenceListGreedy,8,0,96,361.98,0.018920421600341797
influenceListGreedy,8,0,97,286.74,0.018894433975219727
influenceListGreedy,8,0,98,466.87,0.019222021102905273
influenceListGreedy,8,0,99,396.02,0.018921852111816406
influenceListGreedy,8,10,0,582.2,0.019222259521484375
influenceListGreedy,8,10,1,286.07,0.01973414421081543
influenceListGreedy,8,10,2,340.79,0.01996135711669922
influenceListGreedy,8,10,3,315.01,0.019852638244628906
influenceListGreedy,8,10,4,386.97,0.020298480987548828
influenceListGreedy,8,10,5,457.8,0.018995285034179688
influenceListGreedy,8,10,6,362.13,0.018969297409057617
influenceListGreedy,8,10,7,367.67,0.018660783767700195
influenceListGreedy,8,10,8,338.31,0.019266605377197266
influenceListGreedy,8,10,9,362.37,0.019350051879882812
influenceListGreedy,8,10,10,387.87,0.019194364547729492
influenceListGreedy,8,10,11,403.49,0.01890110969543457
influenceListGreedy,8,10,12,494.89,0.01900029182434082
influenceListGreedy,8,10,13,338.71,0.01898050308227539
influenceListGreedy,8,10,14,507.02,0.019025087356567383
influenceListGreedy,8,10,15,365.76,0.01931309700012207
influenceListGreedy,8,10,16,240.99,0.01917266845703125
influenceListGreedy,8,10,17,321.96,0.01906442642211914
influenceListGreedy,8,10,18,435.54,0.019093751907348633
influenceListGreedy,8,10,19,317.53,0.01908731460571289
influenceListGreedy,8,10,20,406.74,0.019327163696289062
influenceListGreedy,8,10,21,331.61,0.019587039947509766
influenceListGreedy,8,10,22,394.7,0.02041149139404297
influenceListGreedy,8,10,23,377.14,0.020711660385131836
influenceListGreedy,8,10,24,389.62,0.020148277282714844
influenceListGreedy,8,10,25,389.29,0.018964529037475586
influenceListGreedy,8,10,26,329.6,0.018759727478027344
influenceListGreedy,8,10,27,369.35,0.018857955932617188
influenceListGreedy,8,10,28,397.71,0.019403696060180664
influenceListGreedy,8,10,29,333.69,0.019631147384643555
influenceListGreedy,8,10,30,355.93,0.018923282623291016
influenceListGreedy,8,10,31,514.41,0.018862009048461914
influenceListGreedy,8,10,32,267.84,0.019089698791503906
influenceListGreedy,8,10,33,374.84,0.018903017044067383
influenceListGreedy,8,10,34,405.1,0.018964529037475586
influenceListGreedy,8,10,35,355.9,0.020270347595214844
influenceListGreedy,8,10,36,456.7,0.020199298858642578
influenceListGreedy,8,10,37,469.49,0.018956661224365234
influenceListGreedy,8,10,38,391.15,0.019016027450561523
influenceListGreedy,8,10,39,407.23,0.018947362899780273
influenceListGreedy,8,10,40,399.7,0.020560741424560547
influenceListGreedy,8,10,41,396.4,0.020351409912109375
influenceListGreedy,8,10,42,497.09,0.019977807998657227
influenceListGreedy,8,10,43,462.77,0.02016139030456543
influenceListGreedy,8,10,44,403.9,0.02035379409790039
influenceListGreedy,8,10,45,407.36,0.01891326904296875
influenceListGreedy,8,10,46,525.09,0.018827438354492188
influenceListGreedy,8,10,47,532.53,0.01888251304626465
influenceListGreedy,8,10,48,427.04,0.020049571990966797
influenceListGreedy,8,10,49,381.4,0.018997669219970703
influenceListGreedy,8,10,50,416.74,0.018968582153320312
influenceListGreedy,8,10,51,431.19,0.01889777183532715
influenceListGreedy,8,10,52,396.5,0.019012928009033203
influenceListGreedy,8,10,53,366.52,0.018948078155517578
influenceListGreedy,8,10,54,425.83,0.0188601016998291
influenceListGreedy,8,10,55,471.51,0.02020549774169922
influenceListGreedy,8,10,56,253.57,0.02023768424987793
influenceListGreedy,8,10,57,436.25,0.019390344619750977
influenceListGreedy,8,10,58,486.83,0.020290136337280273
influenceListGreedy,8,10,59,417.0,0.019443273544311523
influenceListGreedy,8,10,60,407.05,0.020146846771240234
influenceListGreedy,8,10,61,390.85,0.020465373992919922
influenceListGreedy,8,10,62,300.91,0.02048325538635254
influenceListGreedy,8,10,63,408.27,0.02119159698486328
influenceListGreedy,8,10,64,397.89,0.019854068756103516
influenceListGreedy,8,10,65,433.88,0.019121885299682617
influenceListGreedy,8,10,66,407.53,0.01889634132385254
influenceListGreedy,8,10,67,365.98,0.02025151252746582
influenceListGreedy,8,10,68,512.14,0.019365310668945312
influenceListGreedy,8,10,69,404.51,0.019150733947753906
influenceListGreedy,8,10,70,254.0,0.0190274715423584
influenceListGreedy,8,10,71,401.84,0.019135236740112305
influenceListGreedy,8,10,72,477.27,0.018986225128173828
influenceListGreedy,8,10,73,359.77,0.019151926040649414
influenceListGreedy,8,10,74,338.1,0.02044367790222168
influenceListGreedy,8,10,75,320.37,0.01912832260131836
influenceListGreedy,8,10,76,352.49,0.019071102142333984
influenceListGreedy,8,10,77,381.46,0.019121170043945312
influenceListGreedy,8,10,78,334.64,0.019081592559814453
influenceListGreedy,8,10,79,409.44,0.020767927169799805
influenceListGreedy,8,10,80,346.8,0.020355701446533203
influenceListGreedy,8,10,81,368.71,0.020190715789794922
influenceListGreedy,8,10,82,544.84,0.020105361938476562
influenceListGreedy,8,10,83,489.43,0.020406007766723633
influenceListGreedy,8,10,84,330.7,0.018919944763183594
influenceListGreedy,8,10,85,325.0,0.019030332565307617
influenceListGreedy,8,10,86,476.49,0.020318269729614258
influenceListGreedy,8,10,87,455.48,0.01971435546875
influenceListGreedy,8,10,88,548.64,0.02004861831665039
influenceListGreedy,8,10,89,353.23,0.0190885066986084
influenceListGreedy,8,10,90,373.51,0.018911361694335938
influenceListGreedy,8,10,91,350.82,0.01902174949645996
influenceListGreedy,8,10,92,404.03,0.019012451171875
influenceListGreedy,8,10,93,338.0,0.019119739532470703
influenceListGreedy,8,10,94,314.93,0.02001953125
influenceListGreedy,8,10,95,338.72,0.019109010696411133
influenceListGreedy,8,10,96,361.98,0.01894092559814453
influenceListGreedy,8,10,97,286.74,0.0202484130859375
influenceListGreedy,8,10,98,466.87,0.019291162490844727
influenceListGreedy,8,10,99,396.02,0.02025747299194336
influenceListGreedy,8,20,0,582.2,0.0206148624420166
influenceListGreedy,8,20,1,286.07,0.02031993865966797
influenceListGreedy,8,20,2,340.79,0.019662141799926758
influenceListGreedy,8,20,3,315.01,0.019921064376831055
influenceListGreedy,8,20,4,386.97,0.01886439323425293
influenceListGreedy,8,20,5,457.8,0.018904685974121094
influenceListGreedy,8,20,6,362.13,0.019020557403564453
influenceListGreedy,8,20,7,367.67,0.01981806755065918
influenceListGreedy,8,20,8,338.31,0.01894664764404297
influenceListGreedy,8,20,9,362.37,0.019078731536865234
influenceListGreedy,8,20,10,387.87,0.01910543441772461
influenceListGreedy,8,20,11,403.49,0.01904153823852539
influenceListGreedy,8,20,12,494.89,0.018919944763183594
influenceListGreedy,8,20,13,338.71,0.01934218406677246
influenceListGreedy,8,20,14,507.02,0.019249677658081055
influenceListGreedy,8,20,15,365.76,0.0192108154296875
influenceListGreedy,8,20,16,240.99,0.019045352935791016
influenceListGreedy,8,20,17,321.96,0.019088029861450195
influenceListGreedy,8,20,18,435.54,0.019253969192504883
influenceListGreedy,8,20,19,317.53,0.019560575485229492
influenceListGreedy,8,20,20,406.74,0.02059769630432129
influenceListGreedy,8,20,21,331.61,0.020830631256103516
influenceListGreedy,8,20,22,394.7,0.01988506317138672
influenceListGreedy,8,20,23,377.14,0.018923521041870117
influenceListGreedy,8,20,24,389.62,0.019042015075683594
influenceListGreedy,8,20,25,389.29,0.01891469955444336
influenceListGreedy,8,20,26,329.6,0.019526243209838867
influenceListGreedy,8,20,27,369.35,0.01971912384033203
influenceListGreedy,8,20,28,397.71,0.019104719161987305
influenceListGreedy,8,20,29,333.69,0.019051074981689453
influenceListGreedy,8,20,30,355.93,0.01887679100036621
influenceListGreedy,8,20,31,514.41,0.019080162048339844
influenceListGreedy,8,20,32,267.84,0.018877744674682617
influenceListGreedy,8,20,33,374.84,0.02058267593383789
influenceListGreedy,8,20,34,405.1,0.02024555206298828
influenceListGreedy,8,20,35,355.9,0.020298242568969727
influenceListGreedy,8,20,36,456.7,0.019577741622924805
influenceListGreedy,8,20,37,469.49,0.019223928451538086
influenceListGreedy,8,20,38,391.15,0.020292282104492188
influenceListGreedy,8,20,39,407.23,0.0201416015625
influenceListGreedy,8,20,40,399.7,0.0200955867767334
influenceListGreedy,8,20,41,396.4,0.020151615142822266
influenceListGreedy,8,20,42,497.09,0.019764184951782227
influenceListGreedy,8,20,43,462.77,0.01883101463317871
influenceListGreedy,8,20,44,403.9,0.019008159637451172
influenceListGreedy,8,20,45,407.36,0.02037978172302246
influenceListGreedy,8,20,46,525.09,0.01973414421081543
influenceListGreedy,8,20,47,532.53,0.019937515258789062
influenceListGreedy,8,20,48,427.04,0.0190122127532959
influenceListGreedy,8,20,49,381.4,0.019026756286621094
influenceListGreedy,8,20,50,416.74,0.018907785415649414
influenceListGreedy,8,20,51,431.19,0.019022703170776367
influenceListGreedy,8,20,52,396.5,0.019060134887695312
influenceListGreedy,8,20,53,366.52,0.020044326782226562
influenceListGreedy,8,20,54,425.83,0.019071102142333984
influenceListGreedy,8,20,55,471.51,0.01918172836303711
influenceListGreedy,8,20,56,253.57,0.018949031829833984
influenceListGreedy,8,20,57,436.25,0.0193021297454834
influenceListGreedy,8,20,58,486.83,0.02029585838317871
influenceListGreedy,8,20,59,417.0,0.02038741111755371
influenceListGreedy,8,20,60,407.05,0.020111560821533203
influenceListGreedy,8,20,61,390.85,0.020076274871826172
influenceListGreedy,8,20,62,300.91,0.019905805587768555
influenceListGreedy,8,20,63,408.27,0.018954753875732422
influenceListGreedy,8,20,64,397.89,0.018937349319458008
influenceListGreedy,8,20,65,433.88,0.02027273178100586
influenceListGreedy,8,20,66,407.53,0.019646167755126953
influenceListGreedy,8,20,67,365.98,0.02001214027404785
influenceListGreedy,8,20,68,512.14,0.018924713134765625
influenceListGreedy,8,20,69,404.51,0.018979310989379883
influenceListGreedy,8,20,70,254.0,0.018986225128173828
influenceListGreedy,8,20,71,401.84,0.019099950790405273
influenceListGreedy,8,20,72,477.27,0.018824100494384766
influenceListGreedy,8,20,73,359.77,0.020039796829223633
influenceListGreedy,8,20,74,338.1,0.01905989646911621
influenceListGreedy,8,20,75,320.37,0.01908588409423828
influenceListGreedy,8,20,76,352.49,0.01897716522216797
influenceListGreedy,8,20,77,381.46,0.018909692764282227
influenceListGreedy,8,20,78,334.64,0.020171165466308594
influenceListGreedy,8,20,79,409.44,0.020478487014770508
influenceListGreedy,8,20,80,346.8,0.020117998123168945
influenceListGreedy,8,20,81,368.71,0.020370960235595703
influenceListGreedy,8,20,82,544.84,0.019923925399780273
influenceListGreedy,8,20,83,489.43,0.019119977951049805
influenceListGreedy,8,20,84,330.7,0.018915653228759766
influenceListGreedy,8,20,85,325.0,0.020131349563598633
influenceListGreedy,8,20,86,476.49,0.01973891258239746
influenceListGreedy,8,20,87,455.48,0.02004408836364746
influenceListGreedy,8,20,88,548.64,0.01903223991394043
influenceListGreedy,8,20,89,353.23,0.01897144317626953
influenceListGreedy,8,20,90,373.51,0.019007444381713867
influenceListGreedy,8,20,91,350.82,0.019128084182739258
influenceListGreedy,8,20,92,404.03,0.01885533332824707
influenceListGreedy,8,20,93,338.0,0.020247459411621094
influenceListGreedy,8,20,94,314.93,0.019039154052734375
influenceListGreedy,8,20,95,338.72,0.018779516220092773
influenceListGreedy,8,20,96,361.98,0.01889204978942871
influenceListGreedy,8,20,97,286.74,0.020558595657348633
influenceListGreedy,8,20,98,466.87,0.019789457321166992
influenceListGreedy,8,20,99,396.02,0.020307064056396484
influenceListGreedy,8,30,0,582.2,0.020964622497558594
influenceListGreedy,8,30,1,286.07,0.020046472549438477
influenceListGreedy,8,30,2,340.79,0.02046799659729004
influenceListGreedy,8,30,3,315.01,0.019169092178344727
influenceListGreedy,8,30,4,386.97,0.018913984298706055
influenceListGreedy,8,30,5,457.8,0.02038860321044922
influenceListGreedy,8,30,6,362.13,0.019788503646850586
influenceListGreedy,8,30,7,367.67,0.019962310791015625
influenceListGreedy,8,30,8,338.31,0.018856048583984375
influenceListGreedy,8,30,9,362.37,0.01890420913696289
influenceListGreedy,8,30,10,387.87,0.01896834373474121
influenceListGreedy,8,30,11,403.49,0.018991947174072266
influenceListGreedy,8,30,12,494.89,0.01900768280029297
influenceListGreedy,8,30,13,338.71,0.01987457275390625
influenceListGreedy,8,30,14,507.02,0.02053546905517578
influenceListGreedy,8,30,15,365.76,0.01928091049194336
influenceListGreedy,8,30,16,240.99,0.019111156463623047
influenceListGreedy,8,30,17,321.96,0.0190427303314209
influenceListGreedy,8,30,18,435.54,0.020196914672851562
influenceListGreedy,8,30,19,317.53,0.020254135131835938
influenceListGreedy,8,30,20,406.74,0.021296024322509766
influenceListGreedy,8,30,21,331.61,0.02002739906311035
influenceListGreedy,8,30,22,394.7,0.01995253562927246
influenceListGreedy,8,30,23,377.14,0.018928050994873047
influenceListGreedy,8,30,24,389.62,0.01889824867248535
influenceListGreedy,8,30,25,389.29,0.018977642059326172
influenceListGreedy,8,30,26,329.6,0.02014899253845215
influenceListGreedy,8,30,27,369.35,0.019133806228637695
influenceListGreedy,8,30,28,397.71,0.018996715545654297
influenceListGreedy,8,30,29,333.69,0.018977880477905273
influenceListGreedy,8,30,30,355.93,0.01897597312927246
influenceListGreedy,8,30,31,514.41,0.019005537033081055
influenceListGreedy,8,30,32,267.84,0.019211530685424805
influenceListGreedy,8,30,33,374.84,0.01925969123840332
influenceListGreedy,8,30,34,405.1,0.019164562225341797
influenceListGreedy,8,30,35,355.9,0.019295454025268555
influenceListGreedy,8,30,36,456.7,0.01914072036743164
influenceListGreedy,8,30,37,469.49,0.019259214401245117
influenceListGreedy,8,30,38,391.15,0.019304752349853516
influenceListGreedy,8,30,39,407.23,0.020881175994873047
influenceListGreedy,8,30,40,399.7,0.020302295684814453
influenceListGreedy,8,30,41,396.4,0.02067089080810547
influenceListGreedy,8,30,42,497.09,0.01911187171936035
influenceListGreedy,8,30,43,462.77,0.01892995834350586
influenceListGreedy,8,30,44,403.9,0.019054651260375977
influenceListGreedy,8,30,45,407.36,0.019469499588012695
influenceListGreedy,8,30,46,525.09,0.019538402557373047
influenceListGreedy,8,30,47,532.53,0.019098758697509766
influenceListGreedy,8,30,48,427.04,0.018985748291015625
influenceListGreedy,8,30,49,381.4,0.019078493118286133
influenceListGreedy,8,30,50,416.74,0.019024372100830078
influenceListGreedy,8,30,51,431.19,0.01923394203186035
influenceListGreedy,8,30,52,396.5,0.019465208053588867
influenceListGreedy,8,30,53,366.52,0.019310474395751953
influenceListGreedy,8,30,54,425.83,0.01940011978149414
influenceListGreedy,8,30,55,471.51,0.019196033477783203
influenceListGreedy,8,30,56,253.57,0.019219636917114258
influenceListGreedy,8,30,57,436.25,0.019362926483154297
influenceListGreedy,8,30,58,486.83,0.020659208297729492
influenceListGreedy,8,30,59,417.0,0.021183490753173828
influenceListGreedy,8,30,60,407.05,0.020557880401611328
influenceListGreedy,8,30,61,390.85,0.019139766693115234
influenceListGreedy,8,30,62,300.91,0.018962383270263672
influenceListGreedy,8,30,63,408.27,0.018823862075805664
influenceListGreedy,8,30,64,397.89,0.019039154052734375
influenceListGreedy,8,30,65,433.88,0.02031421661376953
influenceListGreedy,8,30,66,407.53,0.019210338592529297
influenceListGreedy,8,30,67,365.98,0.019028186798095703
influenceListGreedy,8,30,68,512.14,0.01903700828552246
influenceListGreedy,8,30,69,404.51,0.01896810531616211
influenceListGreedy,8,30,70,254.0,0.019189119338989258
influenceListGreedy,8,30,71,401.84,0.01912856101989746
influenceListGreedy,8,30,72,477.27,0.02015209197998047
influenceListGreedy,8,30,73,359.77,0.019392728805541992
influenceListGreedy,8,30,74,338.1,0.01912713050842285
influenceListGreedy,8,30,75,320.37,0.019196033477783203
influenceListGreedy,8,30,76,352.49,0.019023656845092773
influenceListGreedy,8,30,77,381.46,0.02022719383239746
influenceListGreedy,8,30,78,334.64,0.02049398422241211
influenceListGreedy,8,30,79,409.44,0.02094721794128418
influenceListGreedy,8,30,80,346.8,0.0204620361328125
influenceListGreedy,8,30,81,368.71,0.019108057022094727
influenceListGreedy,8,30,82,544.84,0.018963098526000977
influenceListGreedy,8,30,83,489.43,0.019022703170776367
influenceListGreedy,8,30,84,330.7,0.01901102066040039
influenceListGreedy,8,30,85,325.0,0.020276308059692383
influenceListGreedy,8,30,86,476.49,0.019749164581298828
influenceListGreedy,8,30,87,455.48,0.019200801849365234
influenceListGreedy,8,30,88,548.64,0.019030332565307617
influenceListGreedy,8,30,89,353.23,0.01897716522216797
influenceListGreedy,8,30,90,373.51,0.01911759376525879
influenceListGreedy,8,30,91,350.82,0.019387006759643555
influenceListGreedy,8,30,92,404.03,0.01950979232788086
influenceListGreedy,8,30,93,338.0,0.019453763961791992
influenceListGreedy,8,30,94,314.93,0.019234657287597656
influenceListGreedy,8,30,95,338.72,0.019185304641723633
influenceListGreedy,8,30,96,361.98,0.019518613815307617
influenceListGreedy,8,30,97,286.74,0.01940631866455078
influenceListGreedy,8,30,98,466.87,0.0204465389251709
influenceListGreedy,8,30,99,396.02,0.02086353302001953
influenceListGreedy,8,40,0,582.2,0.019870758056640625
influenceListGreedy,8,40,1,286.07,0.019929885864257812
influenceListGreedy,8,40,2,340.79,0.018868446350097656
influenceListGreedy,8,40,3,315.01,0.018854856491088867
influenceListGreedy,8,40,4,386.97,0.019006013870239258
influenceListGreedy,8,40,5,457.8,0.02006077766418457
influenceListGreedy,8,40,6,362.13,0.019049882888793945
influenceListGreedy,8,40,7,367.67,0.01900172233581543
influenceListGreedy,8,40,8,338.31,0.01897883415222168
influenceListGreedy,8,40,9,362.37,0.018991470336914062
influenceListGreedy,8,40,10,387.87,0.01914381980895996
influenceListGreedy,8,40,11,403.49,0.0192108154296875
influenceListGreedy,8,40,12,494.89,0.019492626190185547
influenceListGreedy,8,40,13,338.71,0.01928424835205078
influenceListGreedy,8,40,14,507.02,0.019130945205688477
influenceListGreedy,8,40,15,365.76,0.019253015518188477
influenceListGreedy,8,40,16,240.99,0.019405603408813477
influenceListGreedy,8,40,17,321.96,0.019409894943237305
influenceListGreedy,8,40,18,435.54,0.020735979080200195
influenceListGreedy,8,40,19,317.53,0.02109360694885254
influenceListGreedy,8,40,20,406.74,0.019806385040283203
influenceListGreedy,8,40,21,331.61,0.019001245498657227
influenceListGreedy,8,40,22,394.7,0.01905202865600586
influenceListGreedy,8,40,23,377.14,0.01902484893798828
influenceListGreedy,8,40,24,389.62,0.01944279670715332
influenceListGreedy,8,40,25,389.29,0.019660472869873047
influenceListGreedy,8,40,26,329.6,0.020371437072753906
influenceListGreedy,8,40,27,369.35,0.0194094181060791
influenceListGreedy,8,40,28,397.71,0.019005775451660156
influenceListGreedy,8,40,29,333.69,0.019087553024291992
influenceListGreedy,8,40,30,355.93,0.01922130584716797
influenceListGreedy,8,40,31,514.41,0.02013993263244629
influenceListGreedy,8,40,32,267.84,0.020038366317749023
influenceListGreedy,8,40,33,374.84,0.019198179244995117
influenceListGreedy,8,40,34,405.1,0.01907181739807129
influenceListGreedy,8,40,35,355.9,0.01940464973449707
influenceListGreedy,8,40,36,456.7,0.0204312801361084
influenceListGreedy,8,40,37,469.49,0.020702362060546875
influenceListGreedy,8,40,38,391.15,0.020934104919433594
influenceListGreedy,8,40,39,407.23,0.02072310447692871
influenceListGreedy,8,40,40,399.7,0.019512414932250977
influenceListGreedy,8,40,41,396.4,0.01900482177734375
influenceListGreedy,8,40,42,497.09,0.018944501876831055
influenceListGreedy,8,40,43,462.77,0.019616127014160156
influenceListGreedy,8,40,44,403.9,0.020313262939453125
influenceListGreedy,8,40,45,407.36,0.01913738250732422
influenceListGreedy,8,40,46,525.09,0.018991470336914062
influenceListGreedy,8,40,47,532.53,0.018967628479003906
influenceListGreedy,8,40,48,427.04,0.018910884857177734
influenceListGreedy,8,40,49,381.4,0.01904463768005371
influenceListGreedy,8,40,50,416.74,0.01912832260131836
influenceListGreedy,8,40,51,431.19,0.019263029098510742
influenceListGreedy,8,40,52,396.5,0.019281387329101562
influenceListGreedy,8,40,53,366.52,0.019187450408935547
influenceListGreedy,8,40,54,425.83,0.019209861755371094
influenceListGreedy,8,40,55,471.51,0.01950383186340332
influenceListGreedy,8,40,56,253.57,0.01959085464477539
influenceListGreedy,8,40,57,436.25,0.020947933197021484
influenceListGreedy,8,40,58,486.83,0.020343542098999023
influenceListGreedy,8,40,59,417.0,0.021023035049438477
influenceListGreedy,8,40,60,407.05,0.019300460815429688
influenceListGreedy,8,40,61,390.85,0.019060850143432617
influenceListGreedy,8,40,62,300.91,0.018829345703125
influenceListGreedy,8,40,63,408.27,0.01961350440979004
influenceListGreedy,8,40,64,397.89,0.019973039627075195
influenceListGreedy,8,40,65,433.88,0.019098281860351562
influenceListGreedy,8,40,66,407.53,0.018979787826538086
influenceListGreedy,8,40,67,365.98,0.019001483917236328
influenceListGreedy,8,40,68,512.14,0.018971920013427734
influenceListGreedy,8,40,69,404.51,0.01908111572265625
influenceListGreedy,8,40,70,254.0,0.01909351348876953
influenceListGreedy,8,40,71,401.84,0.0191800594329834
influenceListGreedy,8,40,72,477.27,0.01914691925048828
influenceListGreedy,8,40,73,359.77,0.020049571990966797
influenceListGreedy,8,40,74,338.1,0.01958608627319336
influenceListGreedy,8,40,75,320.37,0.019506454467773438
influenceListGreedy,8,40,76,352.49,0.01955556869506836
influenceListGreedy,8,40,77,381.46,0.020645856857299805
influenceListGreedy,8,40,78,334.64,0.02065443992614746
influenceListGreedy,8,40,79,409.44,0.02015995979309082
influenceListGreedy,8,40,80,346.8,0.019194602966308594
influenceListGreedy,8,40,81,368.71,0.019054174423217773
influenceListGreedy,8,40,82,544.84,0.01908588409423828
influenceListGreedy,8,40,83,489.43,0.0195159912109375
influenceListGreedy,8,40,84,330.7,0.019629955291748047
influenceListGreedy,8,40,85,325.0,0.019246339797973633
influenceListGreedy,8,40,86,476.49,0.01926445960998535
influenceListGreedy,8,40,87,455.48,0.01928257942199707
influenceListGreedy,8,40,88,548.64,0.01908731460571289
influenceListGreedy,8,40,89,353.23,0.01909613609313965
influenceListGreedy,8,40,90,373.51,0.01950526237487793
influenceListGreedy,8,40,91,350.82,0.019413471221923828
influenceListGreedy,8,40,92,404.03,0.019320249557495117
influenceListGreedy,8,40,93,338.0,0.01929450035095215
influenceListGreedy,8,40,94,314.93,0.01917552947998047
influenceListGreedy,8,40,95,338.72,0.019181489944458008
influenceListGreedy,8,40,96,361.98,0.019726991653442383
influenceListGreedy,8,40,97,286.74,0.020570755004882812
influenceListGreedy,8,40,98,466.87,0.020717382431030273
influenceListGreedy,8,40,99,396.02,0.020003557205200195
influenceListGreedy,8,50,0,582.2,0.01896381378173828
influenceListGreedy,8,50,1,286.07,0.018921375274658203
influenceListGreedy,8,50,2,340.79,0.019077062606811523
influenceListGreedy,8,50,3,315.01,0.019626617431640625
influenceListGreedy,8,50,4,386.97,0.01964855194091797
influenceListGreedy,8,50,5,457.8,0.019130229949951172
influenceListGreedy,8,50,6,362.13,0.019060134887695312
influenceListGreedy,8,50,7,367.67,0.018983125686645508
influenceListGreedy,8,50,8,338.31,0.018962621688842773
influenceListGreedy,8,50,9,362.37,0.01902151107788086
influenceListGreedy,8,50,10,387.87,0.020601272583007812
influenceListGreedy,8,50,11,403.49,0.0193939208984375
influenceListGreedy,8,50,12,494.89,0.019156217575073242
influenceListGreedy,8,50,13,338.71,0.019071102142333984
influenceListGreedy,8,50,14,507.02,0.019100427627563477
influenceListGreedy,8,50,15,365.76,0.020441055297851562
influenceListGreedy,8,50,16,240.99,0.020202159881591797
influenceListGreedy,8,50,17,321.96,0.02057027816772461
influenceListGreedy,8,50,18,435.54,0.02060079574584961
influenceListGreedy,8,50,19,317.53,0.019146442413330078
influenceListGreedy,8,50,20,406.74,0.018909454345703125
influenceListGreedy,8,50,21,331.61,0.018993139266967773
influenceListGreedy,8,50,22,394.7,0.019080162048339844
influenceListGreedy,8,50,23,377.14,0.019919157028198242
influenceListGreedy,8,50,24,389.62,0.019140005111694336
influenceListGreedy,8,50,25,389.29,0.01911330223083496
influenceListGreedy,8,50,26,329.6,0.01908707618713379
influenceListGreedy,8,50,27,369.35,0.019102811813354492
influenceListGreedy,8,50,28,397.71,0.019007444381713867
influenceListGreedy,8,50,29,333.69,0.01920628547668457
influenceListGreedy,8,50,30,355.93,0.019465208053588867
influenceListGreedy,8,50,31,514.41,0.019224166870117188
influenceListGreedy,8,50,32,267.84,0.01921868324279785
influenceListGreedy,8,50,33,374.84,0.019221067428588867
influenceListGreedy,8,50,34,405.1,0.01920771598815918
influenceListGreedy,8,50,35,355.9,0.0201413631439209
influenceListGreedy,8,50,36,456.7,0.020331382751464844
influenceListGreedy,8,50,37,469.49,0.02023458480834961
influenceListGreedy,8,50,38,391.15,0.019984006881713867
influenceListGreedy,8,50,39,407.23,0.020149707794189453
influenceListGreedy,8,50,40,399.7,0.018985509872436523
influenceListGreedy,8,50,41,396.4,0.018996715545654297
influenceListGreedy,8,50,42,497.09,0.019025564193725586
influenceListGreedy,8,50,43,462.77,0.01999807357788086
influenceListGreedy,8,50,44,403.9,0.019257545471191406
influenceListGreedy,8,50,45,407.36,0.019276857376098633
influenceListGreedy,8,50,46,525.09,0.019075632095336914
influenceListGreedy,8,50,47,532.53,0.018982887268066406
influenceListGreedy,8,50,48,427.04,0.019007205963134766
influenceListGreedy,8,50,49,381.4,0.019008398056030273
influenceListGreedy,8,50,50,416.74,0.019501924514770508
influenceListGreedy,8,50,51,431.19,0.019328594207763672
influenceListGreedy,8,50,52,396.5,0.019202709197998047
influenceListGreedy,8,50,53,366.52,0.01926255226135254
influenceListGreedy,8,50,54,425.83,0.020117998123168945
influenceListGreedy,8,50,55,471.51,0.019418716430664062
influenceListGreedy,8,50,56,253.57,0.020234107971191406
influenceListGreedy,8,50,57,436.25,0.021109819412231445
influenceListGreedy,8,50,58,486.83,0.020439624786376953
influenceListGreedy,8,50,59,417.0,0.019235849380493164
influenceListGreedy,8,50,60,407.05,0.018976926803588867
influenceListGreedy,8,50,61,390.85,0.018972158432006836
influenceListGreedy,8,50,62,300.91,0.019006967544555664
influenceListGreedy,8,50,63,408.27,0.020054340362548828
influenceListGreedy,8,50,64,397.89,0.019130468368530273
influenceListGreedy,8,50,65,433.88,0.01903843879699707
influenceListGreedy,8,50,66,407.53,0.019018888473510742
influenceListGreedy,8,50,67,365.98,0.01893019676208496
influenceListGreedy,8,50,68,512.14,0.01916670799255371
influenceListGreedy,8,50,69,404.51,0.019224166870117188
influenceListGreedy,8,50,70,254.0,0.019537925720214844
influenceListGreedy,8,50,71,401.84,0.01925516128540039
influenceListGreedy,8,50,72,477.27,0.019091129302978516
influenceListGreedy,8,50,73,359.77,0.019284725189208984
influenceListGreedy,8,50,74,338.1,0.01939535140991211
influenceListGreedy,8,50,75,320.37,0.01958322525024414
influenceListGreedy,8,50,76,352.49,0.020920276641845703
influenceListGreedy,8,50,77,381.46,0.02093982696533203
influenceListGreedy,8,50,78,334.64,0.019922971725463867
influenceListGreedy,8,50,79,409.44,0.019046545028686523
influenceListGreedy,8,50,80,346.8,0.01903057098388672
influenceListGreedy,8,50,81,368.71,0.01901388168334961
influenceListGreedy,8,50,82,544.84,0.019538402557373047
influenceListGreedy,8,50,83,489.43,0.01978611946105957
influenceListGreedy,8,50,84,330.7,0.019172191619873047
influenceListGreedy,8,50,85,325.0,0.019095420837402344
influenceListGreedy,8,50,86,476.49,0.019174575805664062
influenceListGreedy,8,50,87,455.48,0.01897740364074707
influenceListGreedy,8,50,88,548.64,0.019165515899658203
influenceListGreedy,8,50,89,353.23,0.020002365112304688
influenceListGreedy,8,50,90,373.51,0.01966691017150879
influenceListGreedy,8,50,91,350.82,0.019231557846069336
influenceListGreedy,8,50,92,404.03,0.019095420837402344
influenceListGreedy,8,50,93,338.0,0.01930832862854004
influenceListGreedy,8,50,94,314.93,0.019324064254760742
influenceListGreedy,8,50,95,338.72,0.020824193954467773
influenceListGreedy,8,50,96,361.98,0.02067875862121582
influenceListGreedy,8,50,97,286.74,0.020458221435546875
influenceListGreedy,8,50,98,466.87,0.019269466400146484
influenceListGreedy,8,50,99,396.02,0.019492149353027344
influenceListGreedy,8,60,0,582.2,0.01893472671508789
influenceListGreedy,8,60,1,286.07,0.019175291061401367
influenceListGreedy,8,60,2,340.79,0.020061254501342773
influenceListGreedy,8,60,3,315.01,0.019215106964111328
influenceListGreedy,8,60,4,386.97,0.018994808197021484
influenceListGreedy,8,60,5,457.8,0.019032716751098633
influenceListGreedy,8,60,6,362.13,0.019107818603515625
influenceListGreedy,8,60,7,367.67,0.019100427627563477
influenceListGreedy,8,60,8,338.31,0.01909160614013672
influenceListGreedy,8,60,9,362.37,0.019470930099487305
influenceListGreedy,8,60,10,387.87,0.019367694854736328
influenceListGreedy,8,60,11,403.49,0.019164085388183594
influenceListGreedy,8,60,12,494.89,0.019265174865722656
influenceListGreedy,8,60,13,338.71,0.01923513412475586
influenceListGreedy,8,60,14,507.02,0.019647598266601562
influenceListGreedy,8,60,15,365.76,0.02072596549987793
influenceListGreedy,8,60,16,240.99,0.020355701446533203
influenceListGreedy,8,60,17,321.96,0.020876407623291016
influenceListGreedy,8,60,18,435.54,0.0192873477935791
influenceListGreedy,8,60,19,317.53,0.018973588943481445
influenceListGreedy,8,60,20,406.74,0.01911616325378418
influenceListGreedy,8,60,21,331.61,0.019240617752075195
influenceListGreedy,8,60,22,394.7,0.02005624771118164
influenceListGreedy,8,60,23,377.14,0.01927328109741211
influenceListGreedy,8,60,24,389.62,0.01913142204284668
influenceListGreedy,8,60,25,389.29,0.0190885066986084
influenceListGreedy,8,60,26,329.6,0.019130945205688477
influenceListGreedy,8,60,27,369.35,0.01910114288330078
influenceListGreedy,8,60,28,397.71,0.01940608024597168
influenceListGreedy,8,60,29,333.69,0.019188404083251953
influenceListGreedy,8,60,30,355.93,0.01935887336730957
influenceListGreedy,8,60,31,514.41,0.01918339729309082
influenceListGreedy,8,60,32,267.84,0.019242048263549805
influenceListGreedy,8,60,33,374.84,0.01979851722717285
influenceListGreedy,8,60,34,405.1,0.019622802734375
influenceListGreedy,8,60,35,355.9,0.020756244659423828
influenceListGreedy,8,60,36,456.7,0.020504236221313477
influenceListGreedy,8,60,37,469.49,0.01940608024597168
influenceListGreedy,8,60,38,391.15,0.019972562789916992
influenceListGreedy,8,60,39,407.23,0.018984317779541016
influenceListGreedy,8,60,40,399.7,0.019144058227539062
influenceListGreedy,8,60,41,396.4,0.019449234008789062
influenceListGreedy,8,60,42,497.09,0.020145654678344727
influenceListGreedy,8,60,43,462.77,0.019150257110595703
influenceListGreedy,8,60,44,403.9,0.01916646957397461
influenceListGreedy,8,60,45,407.36,0.01894974708557129
influenceListGreedy,8,60,46,525.09,0.01893472671508789
influenceListGreedy,8,60,47,532.53,0.019361019134521484
influenceListGreedy,8,60,48,427.04,0.01934504508972168
influenceListGreedy,8,60,49,381.4,0.019331932067871094
influenceListGreedy,8,60,50,416.74,0.01918792724609375
influenceListGreedy,8,60,51,431.19,0.01917243003845215
influenceListGreedy,8,60,52,396.5,0.019313812255859375
influenceListGreedy,8,60,53,366.52,0.019301414489746094
influenceListGreedy,8,60,54,425.83,0.019867897033691406
influenceListGreedy,8,60,55,471.51,0.02047896385192871
influenceListGreedy,8,60,56,253.57,0.020367145538330078
influenceListGreedy,8,60,57,436.25,0.020112991333007812
influenceListGreedy,8,60,58,486.83,0.01901721954345703
influenceListGreedy,8,60,59,417.0,0.019112110137939453
influenceListGreedy,8,60,60,407.05,0.018871784210205078
influenceListGreedy,8,60,61,390.85,0.019756317138671875
influenceListGreedy,8,60,62,300.91,0.019695520401000977
influenceListGreedy,8,60,63,408.27,0.019092559814453125
influenceListGreedy,8,60,64,397.89,0.019138336181640625
influenceListGreedy,8,60,65,433.88,0.019117116928100586
influenceListGreedy,8,60,66,407.53,0.019033193588256836
influenceListGreedy,8,60,67,365.98,0.019055843353271484
influenceListGreedy,8,60,68,512.14,0.019988536834716797
influenceListGreedy,8,60,69,404.51,0.019278764724731445
influenceListGreedy,8,60,70,254.0,0.019240617752075195
influenceListGreedy,8,60,71,401.84,0.018877744674682617
influenceListGreedy,8,60,72,477.27,0.020606040954589844
influenceListGreedy,8,60,73,359.77,0.020195484161376953
influenceListGreedy,8,60,74,338.1,0.020831584930419922
influenceListGreedy,8,60,75,320.37,0.02072930335998535
influenceListGreedy,8,60,76,352.49,0.0205385684967041
influenceListGreedy,8,60,77,381.46,0.01912689208984375
influenceListGreedy,8,60,78,334.64,0.019115447998046875
influenceListGreedy,8,60,79,409.44,0.018988370895385742
influenceListGreedy,8,60,80,346.8,0.018871068954467773
influenceListGreedy,8,60,81,368.71,0.020179271697998047
influenceListGreedy,8,60,82,544.84,0.019445180892944336
influenceListGreedy,8,60,83,489.43,0.019162893295288086
influenceListGreedy,8,60,84,330.7,0.019012451171875
influenceListGreedy,8,60,85,325.0,0.01920342445373535
influenceListGreedy,8,60,86,476.49,0.01926136016845703
influenceListGreedy,8,60,87,455.48,0.019032001495361328
influenceListGreedy,8,60,88,548.64,0.020217418670654297
influenceListGreedy,8,60,89,353.23,0.0198519229888916
influenceListGreedy,8,60,90,373.51,0.019197702407836914
influenceListGreedy,8,60,91,350.82,0.019273996353149414
influenceListGreedy,8,60,92,404.03,0.02037835121154785
influenceListGreedy,8,60,93,338.0,0.019763708114624023
influenceListGreedy,8,60,94,314.93,0.02054119110107422
influenceListGreedy,8,60,95,338.72,0.020180940628051758
influenceListGreedy,8,60,96,361.98,0.020166635513305664
influenceListGreedy,8,60,97,286.74,0.019879817962646484
influenceListGreedy,8,60,98,466.87,0.01909923553466797
influenceListGreedy,8,60,99,396.02,0.01893758773803711
influenceListGreedy,8,70,0,582.2,0.019265174865722656
influenceListGreedy,8,70,1,286.07,0.020143747329711914
influenceListGreedy,8,70,2,340.79,0.019140243530273438
influenceListGreedy,8,70,3,315.01,0.018963098526000977
influenceListGreedy,8,70,4,386.97,0.018967628479003906
influenceListGreedy,8,70,5,457.8,0.019326448440551758
influenceListGreedy,8,70,6,362.13,0.019161701202392578
influenceListGreedy,8,70,7,367.67,0.019045352935791016
influenceListGreedy,8,70,8,338.31,0.01910686492919922
influenceListGreedy,8,70,9,362.37,0.019422292709350586
influenceListGreedy,8,70,10,387.87,0.019192934036254883
influenceListGreedy,8,70,11,403.49,0.01920032501220703
influenceListGreedy,8,70,12,494.89,0.019431591033935547
influenceListGreedy,8,70,13,338.71,0.019470691680908203
influenceListGreedy,8,70,14,507.02,0.02088141441345215
influenceListGreedy,8,70,15,365.76,0.020719528198242188
influenceListGreedy,8,70,16,240.99,0.019955873489379883
influenceListGreedy,8,70,17,321.96,0.01991868019104004
influenceListGreedy,8,70,18,435.54,0.019028186798095703
influenceListGreedy,8,70,19,317.53,0.01906871795654297
influenceListGreedy,8,70,20,406.74,0.0192108154296875
influenceListGreedy,8,70,21,331.61,0.020177364349365234
influenceListGreedy,8,70,22,394.7,0.019181489944458008
influenceListGreedy,8,70,23,377.14,0.019013643264770508
influenceListGreedy,8,70,24,389.62,0.019064903259277344
influenceListGreedy,8,70,25,389.29,0.019012928009033203
influenceListGreedy,8,70,26,329.6,0.019145727157592773
influenceListGreedy,8,70,27,369.35,0.019348621368408203
influenceListGreedy,8,70,28,397.71,0.019361495971679688
influenceListGreedy,8,70,29,333.69,0.01925969123840332
influenceListGreedy,8,70,30,355.93,0.019174814224243164
influenceListGreedy,8,70,31,514.41,0.019942522048950195
influenceListGreedy,8,70,32,267.84,0.019791364669799805
influenceListGreedy,8,70,33,374.84,0.020158052444458008
influenceListGreedy,8,70,34,405.1,0.020910263061523438
influenceListGreedy,8,70,35,355.9,0.020596742630004883
influenceListGreedy,8,70,36,456.7,0.020194292068481445
influenceListGreedy,8,70,37,469.49,0.018950939178466797
influenceListGreedy,8,70,38,391.15,0.018889665603637695
influenceListGreedy,8,70,39,407.23,0.01892685890197754
influenceListGreedy,8,70,40,399.7,0.01970386505126953
influenceListGreedy,8,70,41,396.4,0.01976299285888672
influenceListGreedy,8,70,42,497.09,0.019177913665771484
influenceListGreedy,8,70,43,462.77,0.019016027450561523
influenceListGreedy,8,70,44,403.9,0.019203662872314453
influenceListGreedy,8,70,45,407.36,0.019123077392578125
influenceListGreedy,8,70,46,525.09,0.018955230712890625
influenceListGreedy,8,70,47,532.53,0.020247936248779297
influenceListGreedy,8,70,48,427.04,0.019421100616455078
influenceListGreedy,8,70,49,381.4,0.019138097763061523
influenceListGreedy,8,70,50,416.74,0.018916606903076172
influenceListGreedy,8,70,51,431.19,0.019140005111694336
influenceListGreedy,8,70,52,396.5,0.020412921905517578
influenceListGreedy,8,70,53,366.52,0.020223379135131836
influenceListGreedy,8,70,54,425.83,0.0202791690826416
influenceListGreedy,8,70,55,471.51,0.02012157440185547
influenceListGreedy,8,70,56,253.57,0.02007770538330078
influenceListGreedy,8,70,57,436.25,0.01903557777404785
influenceListGreedy,8,70,58,486.83,0.018970489501953125
influenceListGreedy,8,70,59,417.0,0.020257949829101562
influenceListGreedy,8,70,60,407.05,0.019823312759399414
influenceListGreedy,8,70,61,390.85,0.02016162872314453
influenceListGreedy,8,70,62,300.91,0.019053936004638672
influenceListGreedy,8,70,63,408.27,0.01896953582763672
influenceListGreedy,8,70,64,397.89,0.019071340560913086
influenceListGreedy,8,70,65,433.88,0.01895904541015625
influenceListGreedy,8,70,66,407.53,0.018924713134765625
influenceListGreedy,8,70,67,365.98,0.020047426223754883
influenceListGreedy,8,70,68,512.14,0.019127368927001953
influenceListGreedy,8,70,69,404.51,0.01904582977294922
influenceListGreedy,8,70,70,254.0,0.019399642944335938
influenceListGreedy,8,70,71,401.84,0.018995046615600586
influenceListGreedy,8,70,72,477.27,0.02026653289794922
influenceListGreedy,8,70,73,359.77,0.020613908767700195
influenceListGreedy,8,70,74,338.1,0.020331621170043945
influenceListGreedy,8,70,75,320.37,0.020378589630126953
influenceListGreedy,8,70,76,352.49,0.01994156837463379
influenceListGreedy,8,70,77,381.46,0.019387245178222656
influenceListGreedy,8,70,78,334.64,0.01902627944946289
influenceListGreedy,8,70,79,409.44,0.020444631576538086
influenceListGreedy,8,70,80,346.8,0.01988959312438965
influenceListGreedy,8,70,81,368.71,0.020145416259765625
influenceListGreedy,8,70,82,544.84,0.019132137298583984
influenceListGreedy,8,70,83,489.43,0.01905679702758789
influenceListGreedy,8,70,84,330.7,0.019108057022094727
influenceListGreedy,8,70,85,325.0,0.01902318000793457
influenceListGreedy,8,70,86,476.49,0.019078969955444336
influenceListGreedy,8,70,87,455.48,0.01985311508178711
influenceListGreedy,8,70,88,548.64,0.02034473419189453
influenceListGreedy,8,70,89,353.23,0.01943683624267578
influenceListGreedy,8,70,90,373.51,0.019080638885498047
influenceListGreedy,8,70,91,350.82,0.019048690795898438
influenceListGreedy,8,70,92,404.03,0.020340442657470703
influenceListGreedy,8,70,93,338.0,0.02068781852722168
influenceListGreedy,8,70,94,314.93,0.02075481414794922
influenceListGreedy,8,70,95,338.72,0.020261526107788086
influenceListGreedy,8,70,96,361.98,0.01905679702758789
influenceListGreedy,8,70,97,286.74,0.018961668014526367
influenceListGreedy,8,70,98,466.87,0.01897597312927246
influenceListGreedy,8,70,99,396.02,0.018959760665893555
influenceListGreedy,8,80,0,582.2,0.020105838775634766
influenceListGreedy,8,80,1,286.07,0.019225358963012695
influenceListGreedy,8,80,2,340.79,0.019112348556518555
influenceListGreedy,8,80,3,315.01,0.019026517868041992
influenceListGreedy,8,80,4,386.97,0.019005298614501953
influenceListGreedy,8,80,5,457.8,0.019063234329223633
influenceListGreedy,8,80,6,362.13,0.019089937210083008
influenceListGreedy,8,80,7,367.67,0.019487619400024414
influenceListGreedy,8,80,8,338.31,0.01910710334777832
influenceListGreedy,8,80,9,362.37,0.019054651260375977
influenceListGreedy,8,80,10,387.87,0.019231796264648438
influenceListGreedy,8,80,11,403.49,0.01930093765258789
influenceListGreedy,8,80,12,494.89,0.019793272018432617
influenceListGreedy,8,80,13,338.71,0.02043437957763672
influenceListGreedy,8,80,14,507.02,0.02077198028564453
influenceListGreedy,8,80,15,365.76,0.019672393798828125
influenceListGreedy,8,80,16,240.99,0.019982099533081055
influenceListGreedy,8,80,17,321.96,0.01894211769104004
influenceListGreedy,8,80,18,435.54,0.019112348556518555
influenceListGreedy,8,80,19,317.53,0.0194854736328125
influenceListGreedy,8,80,20,406.74,0.020094633102416992
influenceListGreedy,8,80,21,331.61,0.01917433738708496
influenceListGreedy,8,80,22,394.7,0.01906871795654297
influenceListGreedy,8,80,23,377.14,0.01909661293029785
influenceListGreedy,8,80,24,389.62,0.01901102066040039
influenceListGreedy,8,80,25,389.29,0.019113779067993164
influenceListGreedy,8,80,26,329.6,0.019351959228515625
influenceListGreedy,8,80,27,369.35,0.019147396087646484
influenceListGreedy,8,80,28,397.71,0.01919269561767578
influenceListGreedy,8,80,29,333.69,0.01914191246032715
influenceListGreedy,8,80,30,355.93,0.019898414611816406
influenceListGreedy,8,80,31,514.41,0.019710540771484375
influenceListGreedy,8,80,32,267.84,0.020390987396240234
influenceListGreedy,8,80,33,374.84,0.020826101303100586
influenceListGreedy,8,80,34,405.1,0.02081155776977539
influenceListGreedy,8,80,35,355.9,0.020099401473999023
influenceListGreedy,8,80,36,456.7,0.018999099731445312
influenceListGreedy,8,80,37,469.49,0.018899202346801758
influenceListGreedy,8,80,38,391.15,0.02026677131652832
influenceListGreedy,8,80,39,407.23,0.019777297973632812
influenceListGreedy,8,80,40,399.7,0.019985675811767578
influenceListGreedy,8,80,41,396.4,0.019055604934692383
influenceListGreedy,8,80,42,497.09,0.019044160842895508
influenceListGreedy,8,80,43,462.77,0.019008636474609375
influenceListGreedy,8,80,44,403.9,0.01923346519470215
influenceListGreedy,8,80,45,407.36,0.01900196075439453
influenceListGreedy,8,80,46,525.09,0.0200803279876709
influenceListGreedy,8,80,47,532.53,0.019130468368530273
influenceListGreedy,8,80,48,427.04,0.019043445587158203
influenceListGreedy,8,80,49,381.4,0.019047975540161133
influenceListGreedy,8,80,50,416.74,0.018926143646240234
influenceListGreedy,8,80,51,431.19,0.020295381546020508
influenceListGreedy,8,80,52,396.5,0.02054119110107422
influenceListGreedy,8,80,53,366.52,0.02034473419189453
influenceListGreedy,8,80,54,425.83,0.021085262298583984
influenceListGreedy,8,80,55,471.51,0.019664287567138672
influenceListGreedy,8,80,56,253.57,0.019001245498657227
influenceListGreedy,8,80,57,436.25,0.01889634132385254
influenceListGreedy,8,80,58,486.83,0.019465208053588867
influenceListGreedy,8,80,59,417.0,0.019957780838012695
influenceListGreedy,8,80,60,407.05,0.02007889747619629
influenceListGreedy,8,80,61,390.85,0.018961668014526367
influenceListGreedy,8,80,62,300.91,0.019039392471313477
influenceListGreedy,8,80,63,408.27,0.01895761489868164
influenceListGreedy,8,80,64,397.89,0.018967866897583008
influenceListGreedy,8,80,65,433.88,0.01913762092590332
influenceListGreedy,8,80,66,407.53,0.019286394119262695
influenceListGreedy,8,80,67,365.98,0.019204139709472656
influenceListGreedy,8,80,68,512.14,0.019165754318237305
influenceListGreedy,8,80,69,404.51,0.019241809844970703
influenceListGreedy,8,80,70,254.0,0.019272565841674805
influenceListGreedy,8,80,71,401.84,0.02045440673828125
influenceListGreedy,8,80,72,477.27,0.021189212799072266
influenceListGreedy,8,80,73,359.77,0.02050948143005371
influenceListGreedy,8,80,74,338.1,0.020352602005004883
influenceListGreedy,8,80,75,320.37,0.019881010055541992
influenceListGreedy,8,80,76,352.49,0.018880128860473633
influenceListGreedy,8,80,77,381.46,0.018847227096557617
influenceListGreedy,8,80,78,334.64,0.019283056259155273
influenceListGreedy,8,80,79,409.44,0.020288467407226562
influenceListGreedy,8,80,80,346.8,0.01905345916748047
influenceListGreedy,8,80,81,368.71,0.019037485122680664
influenceListGreedy,8,80,82,544.84,0.019097566604614258
influenceListGreedy,8,80,83,489.43,0.019021987915039062
influenceListGreedy,8,80,84,330.7,0.018994569778442383
influenceListGreedy,8,80,85,325.0,0.019181013107299805
influenceListGreedy,8,80,86,476.49,0.019222497940063477
influenceListGreedy,8,80,87,455.48,0.019222021102905273
influenceListGreedy,8,80,88,548.64,0.01927042007446289
influenceListGreedy,8,80,89,353.23,0.019181489944458008
influenceListGreedy,8,80,90,373.51,0.019321441650390625
influenceListGreedy,8,80,91,350.82,0.019639968872070312
influenceListGreedy,8,80,92,404.03,0.02061629295349121
influenceListGreedy,8,80,93,338.0,0.020659208297729492
influenceListGreedy,8,80,94,314.93,0.019592761993408203
influenceListGreedy,8,80,95,338.72,0.018940448760986328
influenceListGreedy,8,80,96,361.98,0.01887798309326172
influenceListGreedy,8,80,97,286.74,0.019033432006835938
influenceListGreedy,8,80,98,466.87,0.019616127014160156
influenceListGreedy,8,80,99,396.02,0.019652605056762695
influenceListGreedy,8,90,0,582.2,0.01915431022644043
influenceListGreedy,8,90,1,286.07,0.019108057022094727
influenceListGreedy,8,90,2,340.79,0.019372940063476562
influenceListGreedy,8,90,3,315.01,0.01896977424621582
influenceListGreedy,8,90,4,386.97,0.019176959991455078
influenceListGreedy,8,90,5,457.8,0.02016305923461914
influenceListGreedy,8,90,6,362.13,0.019275665283203125
influenceListGreedy,8,90,7,367.67,0.019179105758666992
influenceListGreedy,8,90,8,338.31,0.019023895263671875
influenceListGreedy,8,90,9,362.37,0.0193326473236084
influenceListGreedy,8,90,10,387.87,0.020624160766601562
influenceListGreedy,8,90,11,403.49,0.02032017707824707
influenceListGreedy,8,90,12,494.89,0.020169496536254883
influenceListGreedy,8,90,13,338.71,0.020843029022216797
influenceListGreedy,8,90,14,507.02,0.01929616928100586
influenceListGreedy,8,90,15,365.76,0.019041061401367188
influenceListGreedy,8,90,16,240.99,0.018881797790527344
influenceListGreedy,8,90,17,321.96,0.018823623657226562
influenceListGreedy,8,90,18,435.54,0.020052671432495117
influenceListGreedy,8,90,19,317.53,0.019328832626342773
influenceListGreedy,8,90,20,406.74,0.019054174423217773
influenceListGreedy,8,90,21,331.61,0.019024133682250977
influenceListGreedy,8,90,22,394.7,0.019257068634033203
influenceListGreedy,8,90,23,377.14,0.019143342971801758
influenceListGreedy,8,90,24,389.62,0.01907062530517578
influenceListGreedy,8,90,25,389.29,0.020026683807373047
influenceListGreedy,8,90,26,329.6,0.01945781707763672
influenceListGreedy,8,90,27,369.35,0.019161224365234375
influenceListGreedy,8,90,28,397.71,0.01907515525817871
influenceListGreedy,8,90,29,333.69,0.019046306610107422
influenceListGreedy,8,90,30,355.93,0.02036595344543457
influenceListGreedy,8,90,31,514.41,0.020611286163330078
influenceListGreedy,8,90,32,267.84,0.0207669734954834
influenceListGreedy,8,90,33,374.84,0.020350217819213867
influenceListGreedy,8,90,34,405.1,0.01998758316040039
influenceListGreedy,8,90,35,355.9,0.018947362899780273
influenceListGreedy,8,90,36,456.7,0.01894092559814453
influenceListGreedy,8,90,37,469.49,0.019301414489746094
influenceListGreedy,8,90,38,391.15,0.020090818405151367
influenceListGreedy,8,90,39,407.23,0.019115447998046875
influenceListGreedy,8,90,40,399.7,0.01892256736755371
influenceListGreedy,8,90,41,396.4,0.019124984741210938
influenceListGreedy,8,90,42,497.09,0.019136667251586914
influenceListGreedy,8,90,43,462.77,0.018967866897583008
influenceListGreedy,8,90,44,403.9,0.0191953182220459
influenceListGreedy,8,90,45,407.36,0.0192110538482666
influenceListGreedy,8,90,46,525.09,0.01911330223083496
influenceListGreedy,8,90,47,532.53,0.01911759376525879
influenceListGreedy,8,90,48,427.04,0.01932501792907715
influenceListGreedy,8,90,49,381.4,0.019290685653686523
influenceListGreedy,8,90,50,416.74,0.019488811492919922
influenceListGreedy,8,90,51,431.19,0.020476818084716797
influenceListGreedy,8,90,52,396.5,0.020828723907470703
influenceListGreedy,8,90,53,366.52,0.01985454559326172
influenceListGreedy,8,90,54,425.83,0.019927024841308594
influenceListGreedy,8,90,55,471.51,0.01892542839050293
influenceListGreedy,8,90,56,253.57,0.01888132095336914
influenceListGreedy,8,90,57,436.25,0.01909780502319336
influenceListGreedy,8,90,58,486.83,0.020151376724243164
influenceListGreedy,8,90,59,417.0,0.0193023681640625
influenceListGreedy,8,90,60,407.05,0.01968216896057129
influenceListGreedy,8,90,61,390.85,0.019211530685424805
influenceListGreedy,8,90,62,300.91,0.019052505493164062
influenceListGreedy,8,90,63,408.27,0.01909947395324707
influenceListGreedy,8,90,64,397.89,0.019342422485351562
influenceListGreedy,8,90,65,433.88,0.0192868709564209
influenceListGreedy,8,90,66,407.53,0.019400835037231445
influenceListGreedy,8,90,67,365.98,0.019134521484375
influenceListGreedy,8,90,68,512.14,0.019196033477783203
influenceListGreedy,8,90,69,404.51,0.019202232360839844
influenceListGreedy,8,90,70,254.0,0.01966238021850586
influenceListGreedy,8,90,71,401.84,0.020763874053955078
influenceListGreedy,8,90,72,477.27,0.021175622940063477
influenceListGreedy,8,90,73,359.77,0.019504070281982422
influenceListGreedy,8,90,74,338.1,0.019920825958251953
influenceListGreedy,8,90,75,320.37,0.018877267837524414
influenceListGreedy,8,90,76,352.49,0.01956915855407715
influenceListGreedy,8,90,77,381.46,0.019459962844848633
influenceListGreedy,8,90,78,334.64,0.02011418342590332
influenceListGreedy,8,90,79,409.44,0.019078493118286133
influenceListGreedy,8,90,80,346.8,0.0189969539642334
influenceListGreedy,8,90,81,368.71,0.0189971923828125
influenceListGreedy,8,90,82,544.84,0.019139528274536133
influenceListGreedy,8,90,83,489.43,0.019054651260375977
influenceListGreedy,8,90,84,330.7,0.02015972137451172
influenceListGreedy,8,90,85,325.0,0.019341707229614258
influenceListGreedy,8,90,86,476.49,0.01914691925048828
influenceListGreedy,8,90,87,455.48,0.019036293029785156
influenceListGreedy,8,90,88,548.64,0.01912999153137207
influenceListGreedy,8,90,89,353.23,0.020262956619262695
influenceListGreedy,8,90,90,373.51,0.020206928253173828
influenceListGreedy,8,90,91,350.82,0.02034592628479004
influenceListGreedy,8,90,92,404.03,0.02112579345703125
influenceListGreedy,8,90,93,338.0,0.019359827041625977
influenceListGreedy,8,90,94,314.93,0.019073486328125
influenceListGreedy,8,90,95,338.72,0.018893718719482422
influenceListGreedy,8,90,96,361.98,0.019023418426513672
influenceListGreedy,8,90,97,286.74,0.020165443420410156
influenceListGreedy,8,90,98,466.87,0.019318580627441406
influenceListGreedy,8,90,99,396.02,0.019125938415527344
influenceListGreedy,8,100,0,582.2,0.01911187171936035
influenceListGreedy,8,100,1,286.07,0.019158124923706055
influenceListGreedy,8,100,2,340.79,0.019184112548828125
influenceListGreedy,8,100,3,315.01,0.018853187561035156
influenceListGreedy,8,100,4,386.97,0.020097017288208008
influenceListGreedy,8,100,5,457.8,0.019405364990234375
influenceListGreedy,8,100,6,362.13,0.019029855728149414
influenceListGreedy,8,100,7,367.67,0.019250869750976562
influenceListGreedy,8,100,8,338.31,0.019010543823242188
influenceListGreedy,8,100,9,362.37,0.020312786102294922
influenceListGreedy,8,100,10,387.87,0.02047443389892578
influenceListGreedy,8,100,11,403.49,0.020298242568969727
influenceListGreedy,8,100,12,494.89,0.020119667053222656
influenceListGreedy,8,100,13,338.71,0.01995372772216797
influenceListGreedy,8,100,14,507.02,0.019002199172973633
influenceListGreedy,8,100,15,365.76,0.018815994262695312
influenceListGreedy,8,100,16,240.99,0.018882274627685547
influenceListGreedy,8,100,17,321.96,0.019944429397583008
influenceListGreedy,8,100,18,435.54,0.019314050674438477
influenceListGreedy,8,100,19,317.53,0.019116640090942383
influenceListGreedy,8,100,20,406.74,0.019041776657104492
influenceListGreedy,8,100,21,331.61,0.019135475158691406
influenceListGreedy,8,100,22,394.7,0.019175291061401367
influenceListGreedy,8,100,23,377.14,0.019044160842895508
influenceListGreedy,8,100,24,389.62,0.019493579864501953
influenceListGreedy,8,100,25,389.29,0.01924920082092285
influenceListGreedy,8,100,26,329.6,0.019236326217651367
influenceListGreedy,8,100,27,369.35,0.019202709197998047
influenceListGreedy,8,100,28,397.71,0.019238948822021484
influenceListGreedy,8,100,29,333.69,0.019270896911621094
influenceListGreedy,8,100,30,355.93,0.021059036254882812
influenceListGreedy,8,100,31,514.41,0.02038741111755371
influenceListGreedy,8,100,32,267.84,0.020229578018188477
influenceListGreedy,8,100,33,374.84,0.020529508590698242
influenceListGreedy,8,100,34,405.1,0.018995285034179688
influenceListGreedy,8,100,35,355.9,0.01903057098388672
influenceListGreedy,8,100,36,456.7,0.01923370361328125
influenceListGreedy,8,100,37,469.49,0.020102500915527344
influenceListGreedy,8,100,38,391.15,0.018976211547851562
influenceListGreedy,8,100,39,407.23,0.018991947174072266
influenceListGreedy,8,100,40,399.7,0.01904129981994629
influenceListGreedy,8,100,41,396.4,0.019012451171875
influenceListGreedy,8,100,42,497.09,0.019104719161987305
influenceListGreedy,8,100,43,462.77,0.01921701431274414
influenceListGreedy,8,100,44,403.9,0.019946813583374023
influenceListGreedy,8,100,45,407.36,0.01958441734313965
influenceListGreedy,8,100,46,525.09,0.019512653350830078
influenceListGreedy,8,100,47,532.53,0.019107341766357422
influenceListGreedy,8,100,48,427.04,0.019400596618652344
influenceListGreedy,8,100,49,381.4,0.019559383392333984
influenceListGreedy,8,100,50,416.74,0.020860910415649414
influenceListGreedy,8,100,51,431.19,0.02084660530090332
influenceListGreedy,8,100,52,396.5,0.019898176193237305
influenceListGreedy,8,100,53,366.52,0.019966840744018555
influenceListGreedy,8,100,54,425.83,0.018947601318359375
influenceListGreedy,8,100,55,471.51,0.01892566680908203
influenceListGreedy,8,100,56,253.57,0.01914525032043457
influenceListGreedy,8,100,57,436.25,0.02013874053955078
influenceListGreedy,8,100,58,486.83,0.019147634506225586
influenceListGreedy,8,100,59,417.0,0.019069671630859375
influenceListGreedy,8,100,60,407.05,0.018901824951171875
influenceListGreedy,8,100,61,390.85,0.01900315284729004
influenceListGreedy,8,100,62,300.91,0.01910996437072754
influenceListGreedy,8,100,63,408.27,0.01934814453125
influenceListGreedy,8,100,64,397.89,0.019193410873413086
influenceListGreedy,8,100,65,433.88,0.019158363342285156
influenceListGreedy,8,100,66,407.53,0.01917290687561035
influenceListGreedy,8,100,67,365.98,0.01917099952697754
influenceListGreedy,8,100,68,512.14,0.019261598587036133
influenceListGreedy,8,100,69,404.51,0.01958298683166504
influenceListGreedy,8,100,70,254.0,0.020760059356689453
influenceListGreedy,8,100,71,401.84,0.02067279815673828
influenceListGreedy,8,100,72,477.27,0.019718408584594727
influenceListGreedy,8,100,73,359.77,0.0199129581451416
influenceListGreedy,8,100,74,338.1,0.01892399787902832
influenceListGreedy,8,100,75,320.37,0.01957249641418457
influenceListGreedy,8,100,76,352.49,0.01965475082397461
influenceListGreedy,8,100,77,381.46,0.019961833953857422
influenceListGreedy,8,100,78,334.64,0.019232511520385742
influenceListGreedy,8,100,79,409.44,0.01906418800354004
influenceListGreedy,8,100,80,346.8,0.018970966339111328
influenceListGreedy,8,100,81,368.71,0.019109010696411133
influenceListGreedy,8,100,82,544.84,0.019072771072387695
influenceListGreedy,8,100,83,489.43,0.019971370697021484
influenceListGreedy,8,100,84,330.7,0.019126415252685547
influenceListGreedy,8,100,85,325.0,0.019147396087646484
influenceListGreedy,8,100,86,476.49,0.019135236740112305
influenceListGreedy,8,100,87,455.48,0.018980979919433594
influenceListGreedy,8,100,88,548.64,0.020584583282470703
influenceListGreedy,8,100,89,353.23,0.02028346061706543
influenceListGreedy,8,100,90,373.51,0.021054744720458984
influenceListGreedy,8,100,91,350.82,0.020204782485961914
influenceListGreedy,8,100,92,404.03,0.019905805587768555
influenceListGreedy,8,100,93,338.0,0.018896818161010742
influenceListGreedy,8,100,94,314.93,0.019010543823242188
influenceListGreedy,8,100,95,338.72,0.018852949142456055
influenceListGreedy,8,100,96,361.98,0.020192861557006836
influenceListGreedy,8,100,97,286.74,0.019301891326904297
influenceListGreedy,8,100,98,466.87,0.019097566604614258
influenceListGreedy,8,100,99,396.02,0.019029617309570312
influenceListGreedy,30,0,0,955.73,0.044721364974975586
influenceListGreedy,30,0,1,807.74,0.044443607330322266
influenceListGreedy,30,0,2,764.83,0.04815220832824707
influenceListGreedy,30,0,3,688.12,0.044669151306152344
influenceListGreedy,30,0,4,928.71,0.05259823799133301
influenceListGreedy,30,0,5,772.79,0.04579973220825195
influenceListGreedy,30,0,6,814.47,0.05068826675415039
influenceListGreedy,30,0,7,791.17,0.0448153018951416
influenceListGreedy,30,0,8,807.06,0.047051429748535156
influenceListGreedy,30,0,9,819.75,0.04361748695373535
influenceListGreedy,30,0,10,991.72,0.04468131065368652
influenceListGreedy,30,0,11,821.86,0.046175479888916016
influenceListGreedy,30,0,12,912.56,0.05097770690917969
influenceListGreedy,30,0,13,1054.52,0.046515703201293945
influenceListGreedy,30,0,14,905.89,0.04895496368408203
influenceListGreedy,30,0,15,789.13,0.043718576431274414
influenceListGreedy,30,0,16,797.66,0.05549049377441406
influenceListGreedy,30,0,17,811.71,0.050496816635131836
influenceListGreedy,30,0,18,812.12,0.047539710998535156
influenceListGreedy,30,0,19,822.46,0.04780149459838867
influenceListGreedy,30,0,20,725.43,0.04690289497375488
influenceListGreedy,30,0,21,892.19,0.04919743537902832
influenceListGreedy,30,0,22,1060.51,0.04463982582092285
influenceListGreedy,30,0,23,867.43,0.04440021514892578
influenceListGreedy,30,0,24,833.63,0.045380353927612305
influenceListGreedy,30,0,25,783.94,0.04308176040649414
influenceListGreedy,30,0,26,718.33,0.0432889461517334
influenceListGreedy,30,0,27,760.66,0.04779982566833496
influenceListGreedy,30,0,28,831.62,0.04511141777038574
influenceListGreedy,30,0,29,751.05,0.04228973388671875
influenceListGreedy,30,0,30,709.01,0.04408884048461914
influenceListGreedy,30,0,31,798.77,0.04384899139404297
influenceListGreedy,30,0,32,946.05,0.045124053955078125
influenceListGreedy,30,0,33,762.28,0.04586362838745117
influenceListGreedy,30,0,34,929.91,0.045746803283691406
influenceListGreedy,30,0,35,976.86,0.04755401611328125
influenceListGreedy,30,0,36,792.5,0.046631574630737305
influenceListGreedy,30,0,37,862.78,0.04465603828430176
influenceListGreedy,30,0,38,909.32,0.0451664924621582
influenceListGreedy,30,0,39,835.34,0.049967288970947266
influenceListGreedy,30,0,40,778.3,0.0444188117980957
influenceListGreedy,30,0,41,898.37,0.04942488670349121
influenceListGreedy,30,0,42,810.96,0.04371190071105957
influenceListGreedy,30,0,43,888.87,0.04580974578857422
influenceListGreedy,30,0,44,904.13,0.045998573303222656
influenceListGreedy,30,0,45,745.3,0.04387807846069336
influenceListGreedy,30,0,46,803.88,0.04378199577331543
influenceListGreedy,30,0,47,928.61,0.0448765754699707
influenceListGreedy,30,0,48,717.25,0.04742693901062012
influenceListGreedy,30,0,49,664.55,0.04386758804321289
influenceListGreedy,30,0,50,812.97,0.04959392547607422
influenceListGreedy,30,0,51,753.59,0.04437446594238281
influenceListGreedy,30,0,52,1065.25,0.05191802978515625
influenceListGreedy,30,0,53,743.28,0.04499244689941406
influenceListGreedy,30,0,54,954.74,0.04829144477844238
influenceListGreedy,30,0,55,776.01,0.045126914978027344
influenceListGreedy,30,0,56,1013.71,0.045931100845336914
influenceListGreedy,30,0,57,940.05,0.04629635810852051
influenceListGreedy,30,0,58,845.63,0.0434107780456543
influenceListGreedy,30,0,59,837.16,0.044980764389038086
influenceListGreedy,30,0,60,838.89,0.04496455192565918
influenceListGreedy,30,0,61,777.17,0.04295659065246582
influenceListGreedy,30,0,62,699.31,0.0483553409576416
influenceListGreedy,30,0,63,743.86,0.04430842399597168
influenceListGreedy,30,0,64,849.2,0.04923439025878906
influenceListGreedy,30,0,65,737.94,0.04389643669128418
influenceListGreedy,30,0,66,1030.4,0.04968595504760742
influenceListGreedy,30,0,67,864.13,0.044682979583740234
influenceListGreedy,30,0,68,779.5,0.04652237892150879
influenceListGreedy,30,0,69,787.32,0.04362845420837402
influenceListGreedy,30,0,70,728.49,0.048604488372802734
influenceListGreedy,30,0,71,611.43,0.04340767860412598
influenceListGreedy,30,0,72,750.7,0.04659557342529297
influenceListGreedy,30,0,73,695.96,0.04792141914367676
influenceListGreedy,30,0,74,855.31,0.04428744316101074
influenceListGreedy,30,0,75,739.88,0.04359889030456543
influenceListGreedy,30,0,76,812.8,0.04626607894897461
influenceListGreedy,30,0,77,696.16,0.04357194900512695
influenceListGreedy,30,0,78,717.96,0.04260897636413574
influenceListGreedy,30,0,79,808.12,0.04522895812988281
influenceListGreedy,30,0,80,759.15,0.043854713439941406
influenceListGreedy,30,0,81,805.4,0.044988155364990234
influenceListGreedy,30,0,82,929.18,0.04549002647399902
influenceListGreedy,30,0,83,894.49,0.0466761589050293
influenceListGreedy,30,0,84,885.0,0.0471649169921875
influenceListGreedy,30,0,85,795.36,0.04355573654174805
influenceListGreedy,30,0,86,769.19,0.04288935661315918
influenceListGreedy,30,0,87,788.78,0.043376922607421875
influenceListGreedy,30,0,88,877.04,0.04521894454956055
influenceListGreedy,30,0,89,878.91,0.04399442672729492
influenceListGreedy,30,0,90,715.89,0.04311490058898926
influenceListGreedy,30,0,91,743.37,0.04358410835266113
influenceListGreedy,30,0,92,820.92,0.046408891677856445
influenceListGreedy,30,0,93,744.33,0.049034833908081055
influenceListGreedy,30,0,94,911.41,0.04472780227661133
influenceListGreedy,30,0,95,812.3,0.04361772537231445
influenceListGreedy,30,0,96,734.87,0.04532456398010254
influenceListGreedy,30,0,97,892.64,0.04450726509094238
influenceListGreedy,30,0,98,797.58,0.0477757453918457
influenceListGreedy,30,0,99,765.84,0.048622846603393555
influenceListGreedy,30,10,0,637.35,0.04529166221618652
influenceListGreedy,30,10,1,842.74,0.04644298553466797
influenceListGreedy,30,10,2,592.14,0.04689478874206543
influenceListGreedy,30,10,3,648.59,0.044831037521362305
influenceListGreedy,30,10,4,795.82,0.045693159103393555
influenceListGreedy,30,10,5,775.63,0.04483151435852051
influenceListGreedy,30,10,6,725.26,0.04440951347351074
influenceListGreedy,30,10,7,630.45,0.043108224868774414
influenceListGreedy,30,10,8,866.69,0.04471302032470703
influenceListGreedy,30,10,9,838.22,0.05162191390991211
influenceListGreedy,30,10,10,836.33,0.04516935348510742
influenceListGreedy,30,10,11,910.72,0.04485893249511719
influenceListGreedy,30,10,12,847.73,0.0442805290222168
influenceListGreedy,30,10,13,767.72,0.04767012596130371
influenceListGreedy,30,10,14,889.28,0.0467374324798584
influenceListGreedy,30,10,15,926.38,0.04509592056274414
influenceListGreedy,30,10,16,896.09,0.04423093795776367
influenceListGreedy,30,10,17,775.85,0.04598093032836914
influenceListGreedy,30,10,18,663.54,0.04360008239746094
influenceListGreedy,30,10,19,706.55,0.0445857048034668
influenceListGreedy,30,10,20,769.58,0.045243263244628906
influenceListGreedy,30,10,21,813.85,0.043410301208496094
influenceListGreedy,30,10,22,899.95,0.046930551528930664
influenceListGreedy,30,10,23,781.24,0.04395127296447754
influenceListGreedy,30,10,24,790.62,0.04544186592102051
influenceListGreedy,30,10,25,943.63,0.04808235168457031
influenceListGreedy,30,10,26,954.95,0.05109596252441406
influenceListGreedy,30,10,27,915.02,0.048279762268066406
influenceListGreedy,30,10,28,797.33,0.04536724090576172
influenceListGreedy,30,10,29,770.14,0.043872833251953125
influenceListGreedy,30,10,30,808.09,0.05043339729309082
influenceListGreedy,30,10,31,697.42,0.04478311538696289
influenceListGreedy,30,10,32,722.88,0.047466278076171875
influenceListGreedy,30,10,33,815.53,0.048418283462524414
influenceListGreedy,30,10,34,869.73,0.047942399978637695
influenceListGreedy,30,10,35,724.01,0.04594063758850098
influenceListGreedy,30,10,36,794.44,0.04983687400817871
influenceListGreedy,30,10,37,798.91,0.04476046562194824
influenceListGreedy,30,10,38,934.1,0.042441368103027344
influenceListGreedy,30,10,39,911.3,0.04927539825439453
influenceListGreedy,30,10,40,1014.61,0.04483985900878906
influenceListGreedy,30,10,41,715.45,0.04404568672180176
influenceListGreedy,30,10,42,822.74,0.04630231857299805
influenceListGreedy,30,10,43,830.59,0.04512786865234375
influenceListGreedy,30,10,44,836.21,0.04378032684326172
influenceListGreedy,30,10,45,835.5,0.04408097267150879
influenceListGreedy,30,10,46,870.7,0.04483842849731445
influenceListGreedy,30,10,47,1022.1,0.04490971565246582
influenceListGreedy,30,10,48,786.17,0.0446469783782959
influenceListGreedy,30,10,49,711.85,0.044626712799072266
influenceListGreedy,30,10,50,852.58,0.04659676551818848
influenceListGreedy,30,10,51,785.52,0.045067548751831055
influenceListGreedy,30,10,52,840.19,0.047071218490600586
influenceListGreedy,30,10,53,820.08,0.04714179039001465
influenceListGreedy,30,10,54,774.95,0.04563760757446289
influenceListGreedy,30,10,55,843.52,0.0425257682800293
influenceListGreedy,30,10,56,849.5,0.04459547996520996
influenceListGreedy,30,10,57,784.65,0.04373311996459961
influenceListGreedy,30,10,58,786.75,0.044678688049316406
influenceListGreedy,30,10,59,794.55,0.046034812927246094
influenceListGreedy,30,10,60,804.54,0.0470123291015625
influenceListGreedy,30,10,61,789.74,0.046125173568725586
influenceListGreedy,30,10,62,810.19,0.047152042388916016
influenceListGreedy,30,10,63,846.69,0.04606008529663086
influenceListGreedy,30,10,64,932.55,0.04519844055175781
influenceListGreedy,30,10,65,843.36,0.04847908020019531
influenceListGreedy,30,10,66,810.88,0.04959225654602051
influenceListGreedy,30,10,67,656.93,0.044182777404785156
influenceListGreedy,30,10,68,775.75,0.04286766052246094
influenceListGreedy,30,10,69,860.38,0.044341087341308594
influenceListGreedy,30,10,70,689.88,0.04342031478881836
influenceListGreedy,30,10,71,809.75,0.04983043670654297
influenceListGreedy,30,10,72,850.04,0.04687237739562988
influenceListGreedy,30,10,73,811.51,0.044222354888916016
influenceListGreedy,30,10,74,821.34,0.04629349708557129
influenceListGreedy,30,10,75,754.41,0.045454978942871094
influenceListGreedy,30,10,76,832.99,0.04227304458618164
influenceListGreedy,30,10,77,816.43,0.04426908493041992
influenceListGreedy,30,10,78,823.41,0.046189308166503906
influenceListGreedy,30,10,79,798.78,0.0455777645111084
influenceListGreedy,30,10,80,804.93,0.04477381706237793
influenceListGreedy,30,10,81,897.54,0.04463028907775879
influenceListGreedy,30,10,82,863.52,0.05083060264587402
influenceListGreedy,30,10,83,769.08,0.0468752384185791
influenceListGreedy,30,10,84,793.83,0.04477405548095703
influenceListGreedy,30,10,85,775.12,0.044199228286743164
influenceListGreedy,30,10,86,740.69,0.045838356018066406
influenceListGreedy,30,10,87,932.16,0.04577994346618652
influenceListGreedy,30,10,88,799.54,0.04510140419006348
influenceListGreedy,30,10,89,921.42,0.04408979415893555
influenceListGreedy,30,10,90,859.39,0.047831058502197266
influenceListGreedy,30,10,91,818.06,0.04661130905151367
influenceListGreedy,30,10,92,850.03,0.05280160903930664
influenceListGreedy,30,10,93,762.94,0.04550886154174805
influenceListGreedy,30,10,94,841.92,0.046324968338012695
influenceListGreedy,30,10,95,743.46,0.04341769218444824
influenceListGreedy,30,10,96,732.63,0.047031402587890625
influenceListGreedy,30,10,97,746.99,0.04365873336791992
influenceListGreedy,30,10,98,892.65,0.043369293212890625
influenceListGreedy,30,10,99,835.45,0.04641842842102051
influenceListGreedy,30,20,0,829.7,0.04435873031616211
influenceListGreedy,30,20,1,725.09,0.04593634605407715
influenceListGreedy,30,20,2,709.57,0.048050642013549805
influenceListGreedy,30,20,3,727.22,0.04455304145812988
influenceListGreedy,30,20,4,753.27,0.045256614685058594
influenceListGreedy,30,20,5,783.81,0.044875383377075195
influenceListGreedy,30,20,6,659.28,0.04632306098937988
influenceListGreedy,30,20,7,563.85,0.04485726356506348
influenceListGreedy,30,20,8,975.73,0.044473886489868164
influenceListGreedy,30,20,9,849.83,0.04622507095336914
influenceListGreedy,30,20,10,791.44,0.046138763427734375
influenceListGreedy,30,20,11,783.99,0.04588007926940918
influenceListGreedy,30,20,12,883.74,0.046831607818603516
influenceListGreedy,30,20,13,907.64,0.0443415641784668
influenceListGreedy,30,20,14,817.6,0.04381847381591797
influenceListGreedy,30,20,15,842.53,0.04638504981994629
influenceListGreedy,30,20,16,794.64,0.045089006423950195
influenceListGreedy,30,20,17,917.51,0.046735286712646484
influenceListGreedy,30,20,18,726.58,0.04451608657836914
influenceListGreedy,30,20,19,693.19,0.0443265438079834
influenceListGreedy,30,20,20,927.73,0.04414820671081543
influenceListGreedy,30,20,21,923.53,0.047512054443359375
influenceListGreedy,30,20,22,898.33,0.046744585037231445
influenceListGreedy,30,20,23,747.35,0.04370903968811035
influenceListGreedy,30,20,24,732.4,0.04591488838195801
influenceListGreedy,30,20,25,797.77,0.04574155807495117
influenceListGreedy,30,20,26,824.81,0.04743552207946777
influenceListGreedy,30,20,27,803.13,0.045844316482543945
influenceListGreedy,30,20,28,956.68,0.045150041580200195
influenceListGreedy,30,20,29,857.03,0.04408717155456543
influenceListGreedy,30,20,30,751.23,0.045198917388916016
influenceListGreedy,30,20,31,988.31,0.04722261428833008
influenceListGreedy,30,20,32,804.3,0.052666664123535156
influenceListGreedy,30,20,33,925.93,0.04532361030578613
influenceListGreedy,30,20,34,769.65,0.04454374313354492
influenceListGreedy,30,20,35,807.45,0.04667782783508301
influenceListGreedy,30,20,36,706.68,0.04358983039855957
influenceListGreedy,30,20,37,835.36,0.04579281806945801
influenceListGreedy,30,20,38,704.51,0.04345130920410156
influenceListGreedy,30,20,39,753.62,0.04382729530334473
influenceListGreedy,30,20,40,795.55,0.04431033134460449
influenceListGreedy,30,20,41,698.24,0.044873714447021484
influenceListGreedy,30,20,42,778.06,0.04751896858215332
influenceListGreedy,30,20,43,718.6,0.0438234806060791
influenceListGreedy,30,20,44,830.31,0.04369544982910156
influenceListGreedy,30,20,45,870.78,0.04654741287231445
influenceListGreedy,30,20,46,808.33,0.04367208480834961
influenceListGreedy,30,20,47,991.28,0.04922366142272949
influenceListGreedy,30,20,48,942.67,0.05065488815307617
influenceListGreedy,30,20,49,769.73,0.04991579055786133
influenceListGreedy,30,20,50,859.1,0.04522895812988281
influenceListGreedy,30,20,51,776.52,0.044614553451538086
influenceListGreedy,30,20,52,921.88,0.046878814697265625
influenceListGreedy,30,20,53,1120.61,0.04633831977844238
influenceListGreedy,30,20,54,893.81,0.044597625732421875
influenceListGreedy,30,20,55,644.97,0.04489779472351074
influenceListGreedy,30,20,56,864.63,0.0444791316986084
influenceListGreedy,30,20,57,808.32,0.044684410095214844
influenceListGreedy,30,20,58,768.86,0.04449892044067383
influenceListGreedy,30,20,59,789.11,0.044516563415527344
influenceListGreedy,30,20,60,783.52,0.04384660720825195
influenceListGreedy,30,20,61,728.15,0.05120444297790527
influenceListGreedy,30,20,62,812.85,0.04469561576843262
influenceListGreedy,30,20,63,726.87,0.044404029846191406
influenceListGreedy,30,20,64,911.94,0.04532432556152344
influenceListGreedy,30,20,65,756.38,0.0450892448425293
influenceListGreedy,30,20,66,900.25,0.04522562026977539
influenceListGreedy,30,20,67,716.71,0.04572129249572754
influenceListGreedy,30,20,68,811.09,0.044983625411987305
influenceListGreedy,30,20,69,927.87,0.04392075538635254
influenceListGreedy,30,20,70,703.32,0.04237008094787598
influenceListGreedy,30,20,71,773.88,0.04605984687805176
influenceListGreedy,30,20,72,697.52,0.04838228225708008
influenceListGreedy,30,20,73,817.02,0.043979644775390625
influenceListGreedy,30,20,74,776.28,0.047797441482543945
influenceListGreedy,30,20,75,695.11,0.04293227195739746
influenceListGreedy,30,20,76,752.5,0.04383063316345215
influenceListGreedy,30,20,77,751.49,0.04341483116149902
influenceListGreedy,30,20,78,871.16,0.04787874221801758
influenceListGreedy,30,20,79,848.09,0.04489779472351074
influenceListGreedy,30,20,80,744.83,0.04363393783569336
influenceListGreedy,30,20,81,774.96,0.044472694396972656
influenceListGreedy,30,20,82,815.47,0.046555280685424805
influenceListGreedy,30,20,83,936.79,0.0495295524597168
influenceListGreedy,30,20,84,872.7,0.044274091720581055
influenceListGreedy,30,20,85,817.27,0.04775595664978027
influenceListGreedy,30,20,86,749.09,0.04473757743835449
influenceListGreedy,30,20,87,836.58,0.04595494270324707
influenceListGreedy,30,20,88,855.0,0.04371285438537598
influenceListGreedy,30,20,89,863.97,0.04509925842285156
influenceListGreedy,30,20,90,895.43,0.048185110092163086
influenceListGreedy,30,20,91,680.86,0.05059981346130371
influenceListGreedy,30,20,92,937.49,0.04515790939331055
influenceListGreedy,30,20,93,868.24,0.04453420639038086
influenceListGreedy,30,20,94,807.11,0.04371333122253418
influenceListGreedy,30,20,95,856.38,0.04506087303161621
influenceListGreedy,30,20,96,817.61,0.044989824295043945
influenceListGreedy,30,20,97,714.66,0.04294323921203613
influenceListGreedy,30,20,98,761.5,0.04566335678100586
influenceListGreedy,30,20,99,744.04,0.04418325424194336
influenceListGreedy,30,30,0,798.85,0.048865556716918945
influenceListGreedy,30,30,1,894.91,0.0488438606262207
influenceListGreedy,30,30,2,865.27,0.05001115798950195
influenceListGreedy,30,30,3,693.0,0.04652571678161621
influenceListGreedy,30,30,4,798.95,0.04932379722595215
influenceListGreedy,30,30,5,769.93,0.043931007385253906
influenceListGreedy,30,30,6,714.29,0.04859209060668945
influenceListGreedy,30,30,7,779.18,0.04477214813232422
influenceListGreedy,30,30,8,966.33,0.0471494197845459
influenceListGreedy,30,30,9,772.8,0.0462040901184082
influenceListGreedy,30,30,10,843.65,0.04164433479309082
influenceListGreedy,30,30,11,849.72,0.04532313346862793
influenceListGreedy,30,30,12,769.77,0.04669833183288574
influenceListGreedy,30,30,13,966.32,0.049722909927368164
influenceListGreedy,30,30,14,927.65,0.04413962364196777
influenceListGreedy,30,30,15,835.94,0.04417824745178223
influenceListGreedy,30,30,16,696.94,0.043764352798461914
influenceListGreedy,30,30,17,808.41,0.04698348045349121
influenceListGreedy,30,30,18,816.33,0.04640388488769531
influenceListGreedy,30,30,19,754.6,0.04536294937133789
influenceListGreedy,30,30,20,930.42,0.04442238807678223
influenceListGreedy,30,30,21,867.28,0.051113128662109375
influenceListGreedy,30,30,22,852.95,0.04696488380432129
influenceListGreedy,30,30,23,844.66,0.04402637481689453
influenceListGreedy,30,30,24,685.36,0.0442354679107666
influenceListGreedy,30,30,25,728.28,0.04717063903808594
influenceListGreedy,30,30,26,854.16,0.04541301727294922
influenceListGreedy,30,30,27,900.0,0.04665088653564453
influenceListGreedy,30,30,28,896.56,0.04484105110168457
influenceListGreedy,30,30,29,835.47,0.04350590705871582
influenceListGreedy,30,30,30,761.21,0.044577836990356445
influenceListGreedy,30,30,31,871.18,0.04866957664489746
influenceListGreedy,30,30,32,882.19,0.05216097831726074
influenceListGreedy,30,30,33,938.29,0.044798851013183594
influenceListGreedy,30,30,34,764.54,0.04630112648010254
influenceListGreedy,30,30,35,812.21,0.04343128204345703
influenceListGreedy,30,30,36,778.03,0.05057072639465332
influenceListGreedy,30,30,37,732.27,0.044148921966552734
influenceListGreedy,30,30,38,762.81,0.044634103775024414
influenceListGreedy,30,30,39,887.77,0.04268383979797363
influenceListGreedy,30,30,40,707.4,0.04482555389404297
influenceListGreedy,30,30,41,778.86,0.04518556594848633
influenceListGreedy,30,30,42,804.6,0.046212196350097656
influenceListGreedy,30,30,43,864.59,0.04593992233276367
influenceListGreedy,30,30,44,903.8,0.04464125633239746
influenceListGreedy,30,30,45,645.6,0.04700779914855957
influenceListGreedy,30,30,46,765.15,0.04536104202270508
influenceListGreedy,30,30,47,872.79,0.04550600051879883
influenceListGreedy,30,30,48,819.37,0.04429769515991211
influenceListGreedy,30,30,49,707.06,0.04272890090942383
influenceListGreedy,30,30,50,823.65,0.047495126724243164
influenceListGreedy,30,30,51,748.13,0.04581475257873535
influenceListGreedy,30,30,52,718.03,0.04575705528259277
influenceListGreedy,30,30,53,859.81,0.04689168930053711
influenceListGreedy,30,30,54,875.37,0.04677271842956543
influenceListGreedy,30,30,55,829.79,0.04464888572692871
influenceListGreedy,30,30,56,863.61,0.04347395896911621
influenceListGreedy,30,30,57,985.07,0.043569087982177734
influenceListGreedy,30,30,58,658.86,0.04422640800476074
influenceListGreedy,30,30,59,1001.66,0.04798007011413574
influenceListGreedy,30,30,60,829.65,0.04956817626953125
influenceListGreedy,30,30,61,782.02,0.04918932914733887
influenceListGreedy,30,30,62,677.95,0.04797482490539551
influenceListGreedy,30,30,63,795.41,0.04759502410888672
influenceListGreedy,30,30,64,906.75,0.04844856262207031
influenceListGreedy,30,30,65,638.69,0.044054269790649414
influenceListGreedy,30,30,66,775.92,0.04408431053161621
influenceListGreedy,30,30,67,735.37,0.04650688171386719
influenceListGreedy,30,30,68,652.72,0.04482555389404297
influenceListGreedy,30,30,69,775.47,0.04407334327697754
influenceListGreedy,30,30,70,723.74,0.04344677925109863
influenceListGreedy,30,30,71,730.77,0.046805620193481445
influenceListGreedy,30,30,72,776.52,0.046430110931396484
influenceListGreedy,30,30,73,826.14,0.0437469482421875
influenceListGreedy,30,30,74,777.16,0.04674243927001953
influenceListGreedy,30,30,75,730.09,0.04513907432556152
influenceListGreedy,30,30,76,801.7,0.043430328369140625
influenceListGreedy,30,30,77,790.16,0.0422210693359375
influenceListGreedy,30,30,78,786.45,0.045577287673950195
influenceListGreedy,30,30,79,784.83,0.04434776306152344
influenceListGreedy,30,30,80,812.7,0.04568648338317871
influenceListGreedy,30,30,81,866.53,0.04726910591125488
influenceListGreedy,30,30,82,777.23,0.04460859298706055
influenceListGreedy,30,30,83,837.27,0.045781612396240234
influenceListGreedy,30,30,84,693.84,0.04440903663635254
influenceListGreedy,30,30,85,877.74,0.04863166809082031
influenceListGreedy,30,30,86,700.97,0.04445147514343262
influenceListGreedy,30,30,87,721.97,0.045108795166015625
influenceListGreedy,30,30,88,896.16,0.04496312141418457
influenceListGreedy,30,30,89,896.45,0.04433131217956543
influenceListGreedy,30,30,90,879.01,0.05019664764404297
influenceListGreedy,30,30,91,758.38,0.04607892036437988
influenceListGreedy,30,30,92,764.24,0.044763803482055664
influenceListGreedy,30,30,93,758.79,0.04521799087524414
influenceListGreedy,30,30,94,971.45,0.045311927795410156
influenceListGreedy,30,30,95,809.37,0.04296302795410156
influenceListGreedy,30,30,96,731.26,0.04419517517089844
influenceListGreedy,30,30,97,769.23,0.04311203956604004
influenceListGreedy,30,30,98,776.11,0.04557347297668457
influenceListGreedy,30,30,99,898.58,0.04442238807678223
influenceListGreedy,30,40,0,741.03,0.045252084732055664
influenceListGreedy,30,40,1,827.83,0.04315590858459473
influenceListGreedy,30,40,2,542.46,0.04760622978210449
influenceListGreedy,30,40,3,758.28,0.047965288162231445
influenceListGreedy,30,40,4,816.26,0.04793286323547363
influenceListGreedy,30,40,5,665.53,0.0447392463684082
influenceListGreedy,30,40,6,649.19,0.04477190971374512
influenceListGreedy,30,40,7,791.91,0.04915046691894531
influenceListGreedy,30,40,8,865.17,0.044257164001464844
influenceListGreedy,30,40,9,745.91,0.04394125938415527
influenceListGreedy,30,40,10,763.12,0.04394674301147461
influenceListGreedy,30,40,11,762.02,0.046343088150024414
influenceListGreedy,30,40,12,869.76,0.04628491401672363
influenceListGreedy,30,40,13,887.64,0.04810786247253418
influenceListGreedy,30,40,14,1005.96,0.04473114013671875
influenceListGreedy,30,40,15,932.93,0.04565596580505371
influenceListGreedy,30,40,16,909.51,0.04841804504394531
influenceListGreedy,30,40,17,710.42,0.04802703857421875
influenceListGreedy,30,40,18,1051.1,0.05086231231689453
influenceListGreedy,30,40,19,730.89,0.043792724609375
influenceListGreedy,30,40,20,863.2,0.04764294624328613
influenceListGreedy,30,40,21,751.38,0.0503687858581543
influenceListGreedy,30,40,22,832.04,0.04587078094482422
influenceListGreedy,30,40,23,817.72,0.044933319091796875
influenceListGreedy,30,40,24,836.48,0.045899152755737305
influenceListGreedy,30,40,25,722.47,0.044760704040527344
influenceListGreedy,30,40,26,781.86,0.04979825019836426
influenceListGreedy,30,40,27,746.6,0.04369616508483887
influenceListGreedy,30,40,28,869.05,0.04697585105895996
influenceListGreedy,30,40,29,891.39,0.049123287200927734
influenceListGreedy,30,40,30,650.24,0.04619717597961426
influenceListGreedy,30,40,31,989.67,0.045813798904418945
influenceListGreedy,30,40,32,649.69,0.044394493103027344
influenceListGreedy,30,40,33,947.96,0.049964189529418945
influenceListGreedy,30,40,34,867.79,0.04458808898925781
influenceListGreedy,30,40,35,764.5,0.04552817344665527
influenceListGreedy,30,40,36,903.82,0.04847216606140137
influenceListGreedy,30,40,37,863.0,0.04389190673828125
influenceListGreedy,30,40,38,765.43,0.04464888572692871
influenceListGreedy,30,40,39,720.64,0.04447293281555176
influenceListGreedy,30,40,40,758.66,0.043805599212646484
influenceListGreedy,30,40,41,739.9,0.0474247932434082
influenceListGreedy,30,40,42,941.89,0.04349350929260254
influenceListGreedy,30,40,43,829.48,0.04686713218688965
influenceListGreedy,30,40,44,985.57,0.04497885704040527
influenceListGreedy,30,40,45,843.78,0.050157785415649414
influenceListGreedy,30,40,46,771.33,0.0449824333190918
influenceListGreedy,30,40,47,794.04,0.04402971267700195
influenceListGreedy,30,40,48,986.15,0.045024871826171875
influenceListGreedy,30,40,49,736.69,0.04168987274169922
influenceListGreedy,30,40,50,965.06,0.04794597625732422
influenceListGreedy,30,40,51,716.88,0.049558401107788086
influenceListGreedy,30,40,52,708.68,0.04510927200317383
influenceListGreedy,30,40,53,849.61,0.045122385025024414
influenceListGreedy,30,40,54,965.85,0.04421591758728027
influenceListGreedy,30,40,55,887.81,0.047545433044433594
influenceListGreedy,30,40,56,1060.17,0.04601931571960449
influenceListGreedy,30,40,57,901.1,0.04400968551635742
influenceListGreedy,30,40,58,737.99,0.04418516159057617
influenceListGreedy,30,40,59,815.71,0.04400372505187988
influenceListGreedy,30,40,60,741.0,0.04340553283691406
influenceListGreedy,30,40,61,777.8,0.04885101318359375
influenceListGreedy,30,40,62,714.56,0.046065568923950195
influenceListGreedy,30,40,63,849.47,0.044934749603271484
influenceListGreedy,30,40,64,1020.12,0.04496622085571289
influenceListGreedy,30,40,65,635.83,0.04469752311706543
influenceListGreedy,30,40,66,896.85,0.04806923866271973
influenceListGreedy,30,40,67,725.74,0.04639744758605957
influenceListGreedy,30,40,68,669.96,0.04650712013244629
influenceListGreedy,30,40,69,790.99,0.044924259185791016
influenceListGreedy,30,40,70,631.99,0.045156002044677734
influenceListGreedy,30,40,71,863.86,0.05305767059326172
influenceListGreedy,30,40,72,727.29,0.04451894760131836
influenceListGreedy,30,40,73,880.34,0.044483184814453125
influenceListGreedy,30,40,74,733.21,0.04443979263305664
influenceListGreedy,30,40,75,821.27,0.049669742584228516
influenceListGreedy,30,40,76,767.75,0.04522895812988281
influenceListGreedy,30,40,77,776.84,0.04368019104003906
influenceListGreedy,30,40,78,751.28,0.045603036880493164
influenceListGreedy,30,40,79,777.45,0.04381370544433594
influenceListGreedy,30,40,80,766.18,0.043541669845581055
influenceListGreedy,30,40,81,751.11,0.043802738189697266
influenceListGreedy,30,40,82,907.79,0.0469210147857666
influenceListGreedy,30,40,83,1042.15,0.04603409767150879
influenceListGreedy,30,40,84,829.0,0.04317045211791992
influenceListGreedy,30,40,85,902.68,0.044441938400268555
influenceListGreedy,30,40,86,773.9,0.04483151435852051
influenceListGreedy,30,40,87,892.87,0.04659748077392578
influenceListGreedy,30,40,88,838.27,0.04432368278503418
influenceListGreedy,30,40,89,714.88,0.04355788230895996
influenceListGreedy,30,40,90,734.08,0.04521799087524414
influenceListGreedy,30,40,91,650.3,0.04794001579284668
influenceListGreedy,30,40,92,961.65,0.05096697807312012
influenceListGreedy,30,40,93,721.28,0.04288077354431152
influenceListGreedy,30,40,94,745.61,0.0440678596496582
influenceListGreedy,30,40,95,819.87,0.0463714599609375
influenceListGreedy,30,40,96,693.5,0.044175148010253906
influenceListGreedy,30,40,97,833.01,0.04507780075073242
influenceListGreedy,30,40,98,820.25,0.04628729820251465
influenceListGreedy,30,40,99,752.65,0.04377102851867676
influenceListGreedy,30,50,0,834.96,0.04465746879577637
influenceListGreedy,30,50,1,761.11,0.04812788963317871
influenceListGreedy,30,50,2,814.84,0.04837942123413086
influenceListGreedy,30,50,3,631.87,0.04519033432006836
influenceListGreedy,30,50,4,729.91,0.04672551155090332
influenceListGreedy,30,50,5,741.67,0.04744100570678711
influenceListGreedy,30,50,6,662.49,0.0442962646484375
influenceListGreedy,30,50,7,671.63,0.04831385612487793
influenceListGreedy,30,50,8,1092.37,0.0497593879699707
influenceListGreedy,30,50,9,909.74,0.044455766677856445
influenceListGreedy,30,50,10,868.39,0.04574465751647949
influenceListGreedy,30,50,11,791.28,0.04569721221923828
influenceListGreedy,30,50,12,850.44,0.04514336585998535
influenceListGreedy,30,50,13,912.15,0.04551291465759277
influenceListGreedy,30,50,14,790.23,0.04495382308959961
influenceListGreedy,30,50,15,794.27,0.04473876953125
influenceListGreedy,30,50,16,953.74,0.04829096794128418
influenceListGreedy,30,50,17,790.8,0.04607129096984863
influenceListGreedy,30,50,18,834.48,0.045090436935424805
influenceListGreedy,30,50,19,646.55,0.04355907440185547
influenceListGreedy,30,50,20,909.34,0.04494166374206543
influenceListGreedy,30,50,21,675.36,0.04417538642883301
influenceListGreedy,30,50,22,823.03,0.04521512985229492
influenceListGreedy,30,50,23,959.87,0.04391360282897949
influenceListGreedy,30,50,24,823.77,0.04297471046447754
influenceListGreedy,30,50,25,768.68,0.04591560363769531
influenceListGreedy,30,50,26,730.46,0.04533243179321289
influenceListGreedy,30,50,27,786.71,0.044111013412475586
influenceListGreedy,30,50,28,901.16,0.050040483474731445
influenceListGreedy,30,50,29,689.1,0.04620051383972168
influenceListGreedy,30,50,30,643.26,0.05122232437133789
influenceListGreedy,30,50,31,790.69,0.044722557067871094
influenceListGreedy,30,50,32,743.3,0.048880815505981445
influenceListGreedy,30,50,33,899.36,0.04421734809875488
influenceListGreedy,30,50,34,988.06,0.04940485954284668
influenceListGreedy,30,50,35,899.81,0.047650814056396484
influenceListGreedy,30,50,36,663.74,0.04766130447387695
influenceListGreedy,30,50,37,789.71,0.04571175575256348
influenceListGreedy,30,50,38,842.04,0.043857574462890625
influenceListGreedy,30,50,39,672.01,0.051052093505859375
influenceListGreedy,30,50,40,914.26,0.0482487678527832
influenceListGreedy,30,50,41,845.49,0.04651069641113281
influenceListGreedy,30,50,42,750.09,0.04438591003417969
influenceListGreedy,30,50,43,951.77,0.04371833801269531
influenceListGreedy,30,50,44,858.17,0.04495358467102051
influenceListGreedy,30,50,45,768.53,0.0454716682434082
influenceListGreedy,30,50,46,814.03,0.04794168472290039
influenceListGreedy,30,50,47,968.93,0.04556751251220703
influenceListGreedy,30,50,48,953.73,0.04500007629394531
influenceListGreedy,30,50,49,783.38,0.04886507987976074
influenceListGreedy,30,50,50,941.13,0.05100560188293457
influenceListGreedy,30,50,51,909.41,0.05099916458129883
influenceListGreedy,30,50,52,672.66,0.046334028244018555
influenceListGreedy,30,50,53,927.34,0.0452120304107666
influenceListGreedy,30,50,54,896.44,0.04515886306762695
influenceListGreedy,30,50,55,856.13,0.04440140724182129
influenceListGreedy,30,50,56,886.93,0.045136451721191406
influenceListGreedy,30,50,57,855.93,0.04625201225280762
influenceListGreedy,30,50,58,937.95,0.04436016082763672
influenceListGreedy,30,50,59,863.63,0.04664039611816406
influenceListGreedy,30,50,60,852.6,0.04682588577270508
influenceListGreedy,30,50,61,731.42,0.04836416244506836
influenceListGreedy,30,50,62,888.86,0.047922611236572266
influenceListGreedy,30,50,63,703.87,0.04636073112487793
influenceListGreedy,30,50,64,895.33,0.047806501388549805
influenceListGreedy,30,50,65,762.54,0.045563459396362305
influenceListGreedy,30,50,66,902.47,0.04355216026306152
influenceListGreedy,30,50,67,742.89,0.04599881172180176
influenceListGreedy,30,50,68,667.36,0.04296231269836426
influenceListGreedy,30,50,69,794.16,0.04527020454406738
influenceListGreedy,30,50,70,666.7,0.04584646224975586
influenceListGreedy,30,50,71,782.89,0.04554009437561035
influenceListGreedy,30,50,72,803.08,0.04943680763244629
influenceListGreedy,30,50,73,899.21,0.04982900619506836
influenceListGreedy,30,50,74,795.16,0.044831037521362305
influenceListGreedy,30,50,75,697.36,0.04791569709777832
influenceListGreedy,30,50,76,872.15,0.04588603973388672
influenceListGreedy,30,50,77,724.31,0.04424166679382324
influenceListGreedy,30,50,78,745.18,0.045296430587768555
influenceListGreedy,30,50,79,775.54,0.044402360916137695
influenceListGreedy,30,50,80,785.42,0.04654550552368164
influenceListGreedy,30,50,81,830.96,0.046466827392578125
influenceListGreedy,30,50,82,833.26,0.0454258918762207
influenceListGreedy,30,50,83,1021.11,0.04684257507324219
influenceListGreedy,30,50,84,681.97,0.0429842472076416
influenceListGreedy,30,50,85,706.36,0.04496312141418457
influenceListGreedy,30,50,86,813.75,0.050107479095458984
influenceListGreedy,30,50,87,776.03,0.0460658073425293
influenceListGreedy,30,50,88,784.75,0.04419660568237305
influenceListGreedy,30,50,89,775.32,0.04418325424194336
influenceListGreedy,30,50,90,868.75,0.046865224838256836
influenceListGreedy,30,50,91,873.46,0.047895193099975586
influenceListGreedy,30,50,92,741.74,0.045555830001831055
influenceListGreedy,30,50,93,773.71,0.0454411506652832
influenceListGreedy,30,50,94,755.42,0.045975685119628906
influenceListGreedy,30,50,95,767.45,0.0452120304107666
influenceListGreedy,30,50,96,721.17,0.044335126876831055
influenceListGreedy,30,50,97,738.58,0.04525494575500488
influenceListGreedy,30,50,98,820.74,0.0437312126159668
influenceListGreedy,30,50,99,887.17,0.05020952224731445
influenceListGreedy,30,60,0,819.11,0.04696321487426758
influenceListGreedy,30,60,1,855.56,0.04641914367675781
influenceListGreedy,30,60,2,665.16,0.04284548759460449
influenceListGreedy,30,60,3,625.12,0.045053958892822266
influenceListGreedy,30,60,4,762.48,0.04894137382507324
influenceListGreedy,30,60,5,776.43,0.044545650482177734
influenceListGreedy,30,60,6,656.38,0.04417920112609863
influenceListGreedy,30,60,7,739.55,0.049745798110961914
influenceListGreedy,30,60,8,938.45,0.0435333251953125
influenceListGreedy,30,60,9,880.79,0.045221567153930664
influenceListGreedy,30,60,10,770.69,0.045903682708740234
influenceListGreedy,30,60,11,702.32,0.04403948783874512
influenceListGreedy,30,60,12,816.56,0.04458451271057129
influenceListGreedy,30,60,13,796.56,0.04429006576538086
influenceListGreedy,30,60,14,858.45,0.0467991828918457
influenceListGreedy,30,60,15,788.94,0.04413414001464844
influenceListGreedy,30,60,16,721.6,0.04427075386047363
influenceListGreedy,30,60,17,1002.06,0.047556400299072266
influenceListGreedy,30,60,18,791.64,0.0483551025390625
influenceListGreedy,30,60,19,736.25,0.044208526611328125
influenceListGreedy,30,60,20,898.89,0.04582047462463379
influenceListGreedy,30,60,21,746.94,0.04225325584411621
influenceListGreedy,30,60,22,820.47,0.04396867752075195
influenceListGreedy,30,60,23,888.85,0.04527401924133301
influenceListGreedy,30,60,24,810.06,0.04581332206726074
influenceListGreedy,30,60,25,643.74,0.043341636657714844
influenceListGreedy,30,60,26,749.9,0.04556393623352051
influenceListGreedy,30,60,27,784.82,0.04184150695800781
influenceListGreedy,30,60,28,794.78,0.045660972595214844
influenceListGreedy,30,60,29,672.67,0.04222440719604492
influenceListGreedy,30,60,30,704.06,0.04602217674255371
influenceListGreedy,30,60,31,704.78,0.04737710952758789
influenceListGreedy,30,60,32,638.31,0.0422978401184082
influenceListGreedy,30,60,33,874.31,0.04674530029296875
influenceListGreedy,30,60,34,891.42,0.04573249816894531
influenceListGreedy,30,60,35,976.66,0.04669523239135742
influenceListGreedy,30,60,36,699.24,0.044844627380371094
influenceListGreedy,30,60,37,767.95,0.04499983787536621
influenceListGreedy,30,60,38,860.13,0.044213294982910156
influenceListGreedy,30,60,39,728.98,0.049013376235961914
influenceListGreedy,30,60,40,744.36,0.04618120193481445
influenceListGreedy,30,60,41,640.67,0.04693484306335449
influenceListGreedy,30,60,42,855.92,0.04465174674987793
influenceListGreedy,30,60,43,735.45,0.04403400421142578
influenceListGreedy,30,60,44,907.72,0.04462718963623047
influenceListGreedy,30,60,45,920.73,0.050493478775024414
influenceListGreedy,30,60,46,781.97,0.04749107360839844
influenceListGreedy,30,60,47,973.58,0.04546618461608887
influenceListGreedy,30,60,48,974.4,0.04568910598754883
influenceListGreedy,30,60,49,669.12,0.044687747955322266
influenceListGreedy,30,60,50,889.26,0.04580807685852051
influenceListGreedy,30,60,51,933.54,0.04980635643005371
influenceListGreedy,30,60,52,990.83,0.050331830978393555
influenceListGreedy,30,60,53,908.81,0.04459667205810547
influenceListGreedy,30,60,54,810.15,0.04468727111816406
influenceListGreedy,30,60,55,876.62,0.04527544975280762
influenceListGreedy,30,60,56,854.81,0.0441741943359375
influenceListGreedy,30,60,57,830.6,0.044653892517089844
influenceListGreedy,30,60,58,873.8,0.044129371643066406
influenceListGreedy,30,60,59,869.94,0.04371905326843262
influenceListGreedy,30,60,60,788.75,0.045743703842163086
influenceListGreedy,30,60,61,716.74,0.04639458656311035
influenceListGreedy,30,60,62,1040.52,0.046039581298828125
influenceListGreedy,30,60,63,795.45,0.04468536376953125
influenceListGreedy,30,60,64,840.78,0.044493675231933594
influenceListGreedy,30,60,65,694.4,0.04435467720031738
influenceListGreedy,30,60,66,1066.74,0.045835256576538086
influenceListGreedy,30,60,67,747.26,0.0459752082824707
influenceListGreedy,30,60,68,828.84,0.04625701904296875
influenceListGreedy,30,60,69,752.84,0.043589115142822266
influenceListGreedy,30,60,70,832.7,0.05566239356994629
influenceListGreedy,30,60,71,980.16,0.04819989204406738
influenceListGreedy,30,60,72,762.29,0.04492354393005371
influenceListGreedy,30,60,73,716.24,0.04414010047912598
influenceListGreedy,30,60,74,815.25,0.0474238395690918
influenceListGreedy,30,60,75,752.88,0.04403567314147949
influenceListGreedy,30,60,76,878.69,0.045768022537231445
influenceListGreedy,30,60,77,762.41,0.04524588584899902
influenceListGreedy,30,60,78,781.9,0.04895377159118652
influenceListGreedy,30,60,79,777.26,0.045285701751708984
influenceListGreedy,30,60,80,740.33,0.045705556869506836
influenceListGreedy,30,60,81,921.03,0.04609370231628418
influenceListGreedy,30,60,82,902.45,0.04729318618774414
influenceListGreedy,30,60,83,914.47,0.05134391784667969
influenceListGreedy,30,60,84,734.09,0.04500770568847656
influenceListGreedy,30,60,85,822.15,0.045239925384521484
influenceListGreedy,30,60,86,687.02,0.045569658279418945
influenceListGreedy,30,60,87,831.49,0.04490351676940918
influenceListGreedy,30,60,88,791.32,0.045041799545288086
influenceListGreedy,30,60,89,727.25,0.043795108795166016
influenceListGreedy,30,60,90,869.25,0.047582149505615234
influenceListGreedy,30,60,91,767.51,0.04810285568237305
influenceListGreedy,30,60,92,765.77,0.043482065200805664
influenceListGreedy,30,60,93,875.28,0.044664859771728516
influenceListGreedy,30,60,94,827.36,0.0430302619934082
influenceListGreedy,30,60,95,826.27,0.04483389854431152
influenceListGreedy,30,60,96,751.23,0.044795989990234375
influenceListGreedy,30,60,97,732.34,0.04416084289550781
influenceListGreedy,30,60,98,722.48,0.04778861999511719
influenceListGreedy,30,60,99,862.97,0.04387927055358887
influenceListGreedy,30,70,0,891.14,0.045928001403808594
influenceListGreedy,30,70,1,792.61,0.04649186134338379
influenceListGreedy,30,70,2,665.16,0.04261469841003418
influenceListGreedy,30,70,3,625.12,0.044435739517211914
influenceListGreedy,30,70,4,861.01,0.047785282135009766
influenceListGreedy,30,70,5,741.75,0.0447843074798584
influenceListGreedy,30,70,6,569.07,0.04533219337463379
influenceListGreedy,30,70,7,712.98,0.04617619514465332
influenceListGreedy,30,70,8,951.93,0.04408717155456543
influenceListGreedy,30,70,9,880.79,0.04530835151672363
influenceListGreedy,30,70,10,887.21,0.04432392120361328
influenceListGreedy,30,70,11,802.01,0.050966739654541016
influenceListGreedy,30,70,12,816.56,0.04398036003112793
influenceListGreedy,30,70,13,846.47,0.042440176010131836
influenceListGreedy,30,70,14,899.05,0.04523921012878418
influenceListGreedy,30,70,15,771.51,0.04435443878173828
influenceListGreedy,30,70,16,807.77,0.04860234260559082
influenceListGreedy,30,70,17,1019.75,0.04988360404968262
influenceListGreedy,30,70,18,850.04,0.04772639274597168
influenceListGreedy,30,70,19,803.29,0.04434847831726074
influenceListGreedy,30,70,20,910.26,0.04470562934875488
influenceListGreedy,30,70,21,763.63,0.04631948471069336
influenceListGreedy,30,70,22,937.21,0.04452037811279297
influenceListGreedy,30,70,23,903.54,0.04552483558654785
influenceListGreedy,30,70,24,810.06,0.04578113555908203
influenceListGreedy,30,70,25,674.13,0.043200016021728516
influenceListGreedy,30,70,26,713.65,0.04467129707336426
influenceListGreedy,30,70,27,798.24,0.04691147804260254
influenceListGreedy,30,70,28,1026.31,0.051056861877441406
influenceListGreedy,30,70,29,672.67,0.04218626022338867
influenceListGreedy,30,70,30,727.5,0.04671502113342285
influenceListGreedy,30,70,31,761.52,0.045099735260009766
influenceListGreedy,30,70,32,606.95,0.04486083984375
influenceListGreedy,30,70,33,828.69,0.04480409622192383
influenceListGreedy,30,70,34,1146.08,0.04811549186706543
influenceListGreedy,30,70,35,968.3,0.04822564125061035
influenceListGreedy,30,70,36,599.49,0.04395937919616699
influenceListGreedy,30,70,37,785.15,0.045293331146240234
influenceListGreedy,30,70,38,934.66,0.04437065124511719
influenceListGreedy,30,70,39,781.46,0.0458064079284668
influenceListGreedy,30,70,40,769.51,0.044713497161865234
influenceListGreedy,30,70,41,769.76,0.0489192008972168
influenceListGreedy,30,70,42,862.85,0.044753074645996094
influenceListGreedy,30,70,43,726.27,0.05089282989501953
influenceListGreedy,30,70,44,814.53,0.04443955421447754
influenceListGreedy,30,70,45,920.73,0.04628729820251465
influenceListGreedy,30,70,46,853.64,0.045598506927490234
influenceListGreedy,30,70,47,981.03,0.045322418212890625
influenceListGreedy,30,70,48,967.54,0.04583930969238281
influenceListGreedy,30,70,49,674.73,0.04444003105163574
influenceListGreedy,30,70,50,806.14,0.044472694396972656
influenceListGreedy,30,70,51,831.1,0.05074167251586914
influenceListGreedy,30,70,52,937.39,0.047333717346191406
influenceListGreedy,30,70,53,942.42,0.046671152114868164
influenceListGreedy,30,70,54,990.15,0.05031871795654297
influenceListGreedy,30,70,55,934.71,0.043717145919799805
influenceListGreedy,30,70,56,852.31,0.04403257369995117
influenceListGreedy,30,70,57,933.23,0.04476308822631836
influenceListGreedy,30,70,58,801.65,0.04439902305603027
influenceListGreedy,30,70,59,886.51,0.043918609619140625
influenceListGreedy,30,70,60,854.03,0.045210838317871094
influenceListGreedy,30,70,61,739.46,0.04459738731384277
influenceListGreedy,30,70,62,998.06,0.0476994514465332
influenceListGreedy,30,70,63,795.45,0.04705238342285156
influenceListGreedy,30,70,64,986.46,0.04527091979980469
influenceListGreedy,30,70,65,731.13,0.04239487648010254
influenceListGreedy,30,70,66,742.26,0.04564714431762695
influenceListGreedy,30,70,67,721.4,0.04414796829223633
influenceListGreedy,30,70,68,821.38,0.04628396034240723
influenceListGreedy,30,70,69,746.29,0.04475879669189453
influenceListGreedy,30,70,70,647.37,0.04624223709106445
influenceListGreedy,30,70,71,957.19,0.04821276664733887
influenceListGreedy,30,70,72,759.9,0.044379472732543945
influenceListGreedy,30,70,73,899.8,0.0516510009765625
influenceListGreedy,30,70,74,840.54,0.04599142074584961
influenceListGreedy,30,70,75,700.03,0.04416990280151367
influenceListGreedy,30,70,76,730.56,0.04619002342224121
influenceListGreedy,30,70,77,762.41,0.04488492012023926
influenceListGreedy,30,70,78,711.42,0.04265952110290527
influenceListGreedy,30,70,79,777.26,0.04711103439331055
influenceListGreedy,30,70,80,740.33,0.04494500160217285
influenceListGreedy,30,70,81,730.71,0.0464015007019043
influenceListGreedy,30,70,82,980.55,0.04456830024719238
influenceListGreedy,30,70,83,707.59,0.047264814376831055
influenceListGreedy,30,70,84,721.32,0.045049428939819336
influenceListGreedy,30,70,85,733.52,0.045258522033691406
influenceListGreedy,30,70,86,954.44,0.05093646049499512
influenceListGreedy,30,70,87,806.25,0.043212175369262695
influenceListGreedy,30,70,88,806.71,0.04711008071899414
influenceListGreedy,30,70,89,849.86,0.04542350769042969
influenceListGreedy,30,70,90,907.11,0.04807138442993164
influenceListGreedy,30,70,91,757.9,0.0498659610748291
influenceListGreedy,30,70,92,765.77,0.04388713836669922
influenceListGreedy,30,70,93,805.62,0.045076608657836914
influenceListGreedy,30,70,94,842.14,0.04432845115661621
influenceListGreedy,30,70,95,829.32,0.04425406455993652
influenceListGreedy,30,70,96,751.23,0.044470787048339844
influenceListGreedy,30,70,97,811.32,0.04504680633544922
influenceListGreedy,30,70,98,727.82,0.04412126541137695
influenceListGreedy,30,70,99,738.27,0.04532504081726074
influenceListGreedy,30,80,0,812.82,0.04345107078552246
influenceListGreedy,30,80,1,792.61,0.046019792556762695
influenceListGreedy,30,80,2,665.16,0.04330110549926758
influenceListGreedy,30,80,3,625.12,0.045888662338256836
influenceListGreedy,30,80,4,833.71,0.048854827880859375
influenceListGreedy,30,80,5,741.75,0.04291987419128418
influenceListGreedy,30,80,6,569.07,0.045449256896972656
influenceListGreedy,30,80,7,712.98,0.045786142349243164
influenceListGreedy,30,80,8,951.93,0.04396367073059082
influenceListGreedy,30,80,9,880.79,0.0452427864074707
influenceListGreedy,30,80,10,887.21,0.043947696685791016
influenceListGreedy,30,80,11,802.01,0.05043339729309082
influenceListGreedy,30,80,12,816.56,0.04499959945678711
influenceListGreedy,30,80,13,846.47,0.04280972480773926
influenceListGreedy,30,80,14,899.05,0.04474925994873047
influenceListGreedy,30,80,15,771.51,0.044382333755493164
influenceListGreedy,30,80,16,820.7,0.047891855239868164
influenceListGreedy,30,80,17,1187.83,0.048470258712768555
influenceListGreedy,30,80,18,850.04,0.048252105712890625
influenceListGreedy,30,80,19,711.95,0.04416799545288086
influenceListGreedy,30,80,20,910.26,0.04504966735839844
influenceListGreedy,30,80,21,763.63,0.04540133476257324
influenceListGreedy,30,80,22,937.21,0.04536747932434082
influenceListGreedy,30,80,23,903.54,0.04410243034362793
influenceListGreedy,30,80,24,810.06,0.046172380447387695
influenceListGreedy,30,80,25,638.98,0.04350566864013672
influenceListGreedy,30,80,26,746.09,0.04535198211669922
influenceListGreedy,30,80,27,798.24,0.046228885650634766
influenceListGreedy,30,80,28,1026.31,0.05102181434631348
influenceListGreedy,30,80,29,672.67,0.041991472244262695
influenceListGreedy,30,80,30,727.5,0.046222686767578125
influenceListGreedy,30,80,31,764.96,0.04680037498474121
influenceListGreedy,30,80,32,623.3,0.04588770866394043
influenceListGreedy,30,80,33,839.97,0.045804500579833984
influenceListGreedy,30,80,34,1097.17,0.050498008728027344
influenceListGreedy,30,80,35,968.3,0.04829883575439453
influenceListGreedy,30,80,36,570.47,0.043900489807128906
influenceListGreedy,30,80,37,785.15,0.04437446594238281
influenceListGreedy,30,80,38,934.66,0.047470808029174805
influenceListGreedy,30,80,39,643.65,0.0457310676574707
influenceListGreedy,30,80,40,769.51,0.044365644454956055
influenceListGreedy,30,80,41,794.69,0.045899152755737305
influenceListGreedy,30,80,42,784.28,0.044278860092163086
influenceListGreedy,30,80,43,751.32,0.043976545333862305
influenceListGreedy,30,80,44,877.39,0.0450131893157959
influenceListGreedy,30,80,45,920.73,0.04613137245178223
influenceListGreedy,30,80,46,853.64,0.0454564094543457
influenceListGreedy,30,80,47,981.03,0.04496431350708008
influenceListGreedy,30,80,48,940.74,0.04511690139770508
influenceListGreedy,30,80,49,674.73,0.04503583908081055
influenceListGreedy,30,80,50,951.03,0.053281545639038086
influenceListGreedy,30,80,51,831.1,0.05011916160583496
influenceListGreedy,30,80,52,982.71,0.04799795150756836
influenceListGreedy,30,80,53,942.42,0.04677557945251465
influenceListGreedy,30,80,54,964.14,0.05057787895202637
influenceListGreedy,30,80,55,816.13,0.044695138931274414
influenceListGreedy,30,80,56,941.13,0.04558849334716797
influenceListGreedy,30,80,57,977.79,0.04613804817199707
influenceListGreedy,30,80,58,801.65,0.0442042350769043
influenceListGreedy,30,80,59,949.71,0.044493913650512695
influenceListGreedy,30,80,60,1101.45,0.05084633827209473
influenceListGreedy,30,80,61,739.46,0.044530630111694336
influenceListGreedy,30,80,62,998.06,0.04549431800842285
influenceListGreedy,30,80,63,795.45,0.044756412506103516
influenceListGreedy,30,80,64,986.46,0.04555630683898926
influenceListGreedy,30,80,65,715.6,0.04367351531982422
influenceListGreedy,30,80,66,749.76,0.04594874382019043
influenceListGreedy,30,80,67,721.4,0.043940067291259766
influenceListGreedy,30,80,68,735.79,0.04809427261352539
influenceListGreedy,30,80,69,748.7,0.04427957534790039
influenceListGreedy,30,80,70,734.58,0.04935169219970703
influenceListGreedy,30,80,71,991.51,0.04990267753601074
influenceListGreedy,30,80,72,744.62,0.04627633094787598
influenceListGreedy,30,80,73,899.8,0.04984879493713379
influenceListGreedy,30,80,74,840.54,0.04635739326477051
influenceListGreedy,30,80,75,711.26,0.0456695556640625
influenceListGreedy,30,80,76,738.99,0.04575300216674805
influenceListGreedy,30,80,77,762.41,0.04453539848327637
influenceListGreedy,30,80,78,838.77,0.043869972229003906
influenceListGreedy,30,80,79,777.26,0.04606938362121582
influenceListGreedy,30,80,80,740.33,0.0450894832611084
influenceListGreedy,30,80,81,865.79,0.04339027404785156
influenceListGreedy,30,80,82,980.55,0.04425454139709473
influenceListGreedy,30,80,83,988.8,0.048418283462524414
influenceListGreedy,30,80,84,721.32,0.0447390079498291
influenceListGreedy,30,80,85,733.52,0.044895172119140625
influenceListGreedy,30,80,86,673.24,0.04418611526489258
influenceListGreedy,30,80,87,729.28,0.04582023620605469
influenceListGreedy,30,80,88,981.08,0.04938817024230957
influenceListGreedy,30,80,89,849.86,0.04563117027282715
influenceListGreedy,30,80,90,907.11,0.047125816345214844
influenceListGreedy,30,80,91,750.4,0.04905819892883301
influenceListGreedy,30,80,92,765.77,0.043229103088378906
influenceListGreedy,30,80,93,805.62,0.04544210433959961
influenceListGreedy,30,80,94,842.14,0.04292488098144531
influenceListGreedy,30,80,95,826.27,0.04458117485046387
influenceListGreedy,30,80,96,751.23,0.04485440254211426
influenceListGreedy,30,80,97,798.81,0.044825077056884766
influenceListGreedy,30,80,98,813.53,0.048074960708618164
influenceListGreedy,30,80,99,747.81,0.046973466873168945
influenceListGreedy,30,90,0,802.54,0.043993234634399414
influenceListGreedy,30,90,1,792.61,0.045134782791137695
influenceListGreedy,30,90,2,665.16,0.04224371910095215
influenceListGreedy,30,90,3,625.12,0.0444490909576416
influenceListGreedy,30,90,4,833.71,0.04826927185058594
influenceListGreedy,30,90,5,741.75,0.0444333553314209
influenceListGreedy,30,90,6,569.07,0.04565548896789551
influenceListGreedy,30,90,7,712.98,0.045667409896850586
influenceListGreedy,30,90,8,951.93,0.04459881782531738
influenceListGreedy,30,90,9,880.79,0.04565715789794922
influenceListGreedy,30,90,10,887.21,0.044425249099731445
influenceListGreedy,30,90,11,810.72,0.050672292709350586
influenceListGreedy,30,90,12,816.56,0.04483222961425781
influenceListGreedy,30,90,13,846.47,0.04211235046386719
influenceListGreedy,30,90,14,899.05,0.04518318176269531
influenceListGreedy,30,90,15,771.51,0.04419517517089844
influenceListGreedy,30,90,16,793.31,0.04791712760925293
influenceListGreedy,30,90,17,1187.83,0.04718279838562012
influenceListGreedy,30,90,18,850.04,0.04781317710876465
influenceListGreedy,30,90,19,711.95,0.04416775703430176
influenceListGreedy,30,90,20,910.26,0.046010494232177734
influenceListGreedy,30,90,21,763.63,0.04432845115661621
influenceListGreedy,30,90,22,937.21,0.04584455490112305
influenceListGreedy,30,90,23,903.54,0.045996904373168945
influenceListGreedy,30,90,24,810.06,0.04583382606506348
influenceListGreedy,30,90,25,638.98,0.04328751564025879
influenceListGreedy,30,90,26,746.09,0.04572749137878418
influenceListGreedy,30,90,27,798.24,0.0466914176940918
influenceListGreedy,30,90,28,1026.31,0.05056047439575195
influenceListGreedy,30,90,29,672.67,0.04291343688964844
influenceListGreedy,30,90,30,727.5,0.04415535926818848
influenceListGreedy,30,90,31,764.96,0.04506516456604004
influenceListGreedy,30,90,32,623.3,0.04389023780822754
influenceListGreedy,30,90,33,839.97,0.045288801193237305
influenceListGreedy,30,90,34,1097.17,0.04885220527648926
influenceListGreedy,30,90,35,968.3,0.04833674430847168
influenceListGreedy,30,90,36,685.86,0.04729628562927246
influenceListGreedy,30,90,37,779.61,0.04407691955566406
influenceListGreedy,30,90,38,934.66,0.04734468460083008
influenceListGreedy,30,90,39,781.46,0.04346013069152832
influenceListGreedy,30,90,40,769.51,0.045784711837768555
influenceListGreedy,30,90,41,794.69,0.0462346076965332
influenceListGreedy,30,90,42,784.28,0.04504680633544922
influenceListGreedy,30,90,43,725.43,0.04622054100036621
influenceListGreedy,30,90,44,877.39,0.04496407508850098
influenceListGreedy,30,90,45,920.73,0.04599738121032715
influenceListGreedy,30,90,46,853.64,0.04553031921386719
influenceListGreedy,30,90,47,981.03,0.044661760330200195
influenceListGreedy,30,90,48,940.74,0.045387983322143555
influenceListGreedy,30,90,49,674.73,0.04615163803100586
influenceListGreedy,30,90,50,831.78,0.04895734786987305
influenceListGreedy,30,90,51,831.1,0.05015230178833008
influenceListGreedy,30,90,52,932.13,0.04992556571960449
influenceListGreedy,30,90,53,942.42,0.047255516052246094
influenceListGreedy,30,90,54,964.14,0.04823708534240723
influenceListGreedy,30,90,55,811.74,0.04451155662536621
influenceListGreedy,30,90,56,895.47,0.043790340423583984
influenceListGreedy,30,90,57,989.33,0.04473876953125
influenceListGreedy,30,90,58,801.65,0.044498443603515625
influenceListGreedy,30,90,59,949.71,0.04540729522705078
influenceListGreedy,30,90,60,1101.45,0.051531076431274414
influenceListGreedy,30,90,61,739.46,0.044464111328125
influenceListGreedy,30,90,62,998.06,0.04686737060546875
influenceListGreedy,30,90,63,795.45,0.04517722129821777
influenceListGreedy,30,90,64,986.46,0.04500389099121094
influenceListGreedy,30,90,65,715.6,0.04367947578430176
influenceListGreedy,30,90,66,749.76,0.04627370834350586
influenceListGreedy,30,90,67,721.4,0.04404020309448242
influenceListGreedy,30,90,68,735.79,0.047820091247558594
influenceListGreedy,30,90,69,748.7,0.04506826400756836
influenceListGreedy,30,90,70,734.58,0.04989147186279297
influenceListGreedy,30,90,71,991.51,0.04934358596801758
influenceListGreedy,30,90,72,744.62,0.04406118392944336
influenceListGreedy,30,90,73,773.19,0.04475259780883789
influenceListGreedy,30,90,74,840.54,0.0460515022277832
influenceListGreedy,30,90,75,711.26,0.04577779769897461
influenceListGreedy,30,90,76,706.86,0.04703164100646973
influenceListGreedy,30,90,77,821.6,0.04561948776245117
influenceListGreedy,30,90,78,908.71,0.046280622482299805
influenceListGreedy,30,90,79,777.26,0.04453849792480469
influenceListGreedy,30,90,80,740.33,0.04614996910095215
influenceListGreedy,30,90,81,851.0,0.04266643524169922
influenceListGreedy,30,90,82,980.55,0.04632306098937988
influenceListGreedy,30,90,83,988.8,0.0488128662109375
influenceListGreedy,30,90,84,721.32,0.04426431655883789
influenceListGreedy,30,90,85,733.52,0.04529166221618652
influenceListGreedy,30,90,86,673.24,0.04419994354248047
influenceListGreedy,30,90,87,729.28,0.04583001136779785
influenceListGreedy,30,90,88,782.82,0.04326987266540527
influenceListGreedy,30,90,89,849.86,0.046126604080200195
influenceListGreedy,30,90,90,907.11,0.04833030700683594
influenceListGreedy,30,90,91,750.4,0.047966957092285156
influenceListGreedy,30,90,92,765.77,0.04373359680175781
influenceListGreedy,30,90,93,805.62,0.045424461364746094
influenceListGreedy,30,90,94,842.14,0.04392743110656738
influenceListGreedy,30,90,95,826.27,0.04463648796081543
influenceListGreedy,30,90,96,751.23,0.045079708099365234
influenceListGreedy,30,90,97,798.81,0.044085025787353516
influenceListGreedy,30,90,98,813.53,0.048087120056152344
influenceListGreedy,30,90,99,747.81,0.04666876792907715
influenceListGreedy,30,100,0,802.54,0.043936967849731445
influenceListGreedy,30,100,1,792.61,0.04405665397644043
influenceListGreedy,30,100,2,665.16,0.04296731948852539
influenceListGreedy,30,100,3,625.12,0.04485321044921875
influenceListGreedy,30,100,4,833.71,0.04770255088806152
influenceListGreedy,30,100,5,741.75,0.04453277587890625
influenceListGreedy,30,100,6,569.07,0.04863762855529785
influenceListGreedy,30,100,7,712.98,0.04533123970031738
influenceListGreedy,30,100,8,951.93,0.04366660118103027
influenceListGreedy,30,100,9,880.79,0.047675371170043945
influenceListGreedy,30,100,10,887.21,0.0448155403137207
influenceListGreedy,30,100,11,810.72,0.05015134811401367
influenceListGreedy,30,100,12,816.56,0.04657316207885742
influenceListGreedy,30,100,13,846.47,0.04317331314086914
influenceListGreedy,30,100,14,899.05,0.04440450668334961
influenceListGreedy,30,100,15,771.51,0.04150128364562988
influenceListGreedy,30,100,16,793.31,0.0478212833404541
influenceListGreedy,30,100,17,1187.83,0.04806041717529297
influenceListGreedy,30,100,18,850.04,0.048070430755615234
influenceListGreedy,30,100,19,711.95,0.045417070388793945
influenceListGreedy,30,100,20,910.26,0.04515981674194336
influenceListGreedy,30,100,21,763.63,0.044222116470336914
influenceListGreedy,30,100,22,937.21,0.044564008712768555
influenceListGreedy,30,100,23,903.54,0.045816898345947266
influenceListGreedy,30,100,24,810.06,0.044968366622924805
influenceListGreedy,30,100,25,638.98,0.043146610260009766
influenceListGreedy,30,100,26,746.09,0.046425580978393555
influenceListGreedy,30,100,27,798.24,0.045809268951416016
influenceListGreedy,30,100,28,1026.31,0.05104970932006836
influenceListGreedy,30,100,29,672.67,0.044710397720336914
influenceListGreedy,30,100,30,727.5,0.046065330505371094
influenceListGreedy,30,100,31,764.96,0.04380655288696289
influenceListGreedy,30,100,32,623.3,0.0458223819732666
influenceListGreedy,30,100,33,839.97,0.046303749084472656
influenceListGreedy,30,100,34,1097.17,0.04889392852783203
influenceListGreedy,30,100,35,968.3,0.04740643501281738
influenceListGreedy,30,100,36,685.86,0.04679298400878906
influenceListGreedy,30,100,37,779.61,0.043855905532836914
influenceListGreedy,30,100,38,934.66,0.04736948013305664
influenceListGreedy,30,100,39,781.46,0.04816269874572754
influenceListGreedy,30,100,40,769.51,0.044492244720458984
influenceListGreedy,30,100,41,794.69,0.04747176170349121
influenceListGreedy,30,100,42,784.28,0.047643423080444336
influenceListGreedy,30,100,43,725.43,0.045679330825805664
influenceListGreedy,30,100,44,877.39,0.04408597946166992
influenceListGreedy,30,100,45,920.73,0.04606127738952637
influenceListGreedy,30,100,46,853.64,0.0473332405090332
influenceListGreedy,30,100,47,981.03,0.044916629791259766
influenceListGreedy,30,100,48,940.74,0.04440498352050781
influenceListGreedy,30,100,49,674.73,0.04607200622558594
influenceListGreedy,30,100,50,909.49,0.046365976333618164
influenceListGreedy,30,100,51,831.1,0.04919004440307617
influenceListGreedy,30,100,52,932.13,0.04793572425842285
influenceListGreedy,30,100,53,942.42,0.0467829704284668
influenceListGreedy,30,100,54,964.14,0.04834485054016113
influenceListGreedy,30,100,55,811.74,0.044597625732421875
influenceListGreedy,30,100,56,895.47,0.0439143180847168
influenceListGreedy,30,100,57,989.33,0.04472827911376953
influenceListGreedy,30,100,58,801.65,0.045919179916381836
influenceListGreedy,30,100,59,949.71,0.04524731636047363
influenceListGreedy,30,100,60,1101.45,0.050028085708618164
influenceListGreedy,30,100,61,739.46,0.043199777603149414
influenceListGreedy,30,100,62,998.06,0.046268463134765625
influenceListGreedy,30,100,63,795.45,0.04487919807434082
influenceListGreedy,30,100,64,986.46,0.04408001899719238
influenceListGreedy,30,100,65,715.6,0.04379081726074219
influenceListGreedy,30,100,66,749.76,0.046056270599365234
influenceListGreedy,30,100,67,721.4,0.04399585723876953
influenceListGreedy,30,100,68,735.79,0.045908451080322266
influenceListGreedy,30,100,69,748.7,0.04583263397216797
influenceListGreedy,30,100,70,734.58,0.04852557182312012
influenceListGreedy,30,100,71,991.51,0.04846477508544922
influenceListGreedy,30,100,72,744.62,0.045102596282958984
influenceListGreedy,30,100,73,773.19,0.044378042221069336
influenceListGreedy,30,100,74,840.54,0.045969247817993164
influenceListGreedy,30,100,75,711.26,0.04592013359069824
influenceListGreedy,30,100,76,706.86,0.046656131744384766
influenceListGreedy,30,100,77,821.6,0.04458427429199219
influenceListGreedy,30,100,78,908.71,0.047510385513305664
influenceListGreedy,30,100,79,777.26,0.047277212142944336
influenceListGreedy,30,100,80,740.33,0.04375100135803223
influenceListGreedy,30,100,81,851.0,0.04302072525024414
influenceListGreedy,30,100,82,980.55,0.04514265060424805
influenceListGreedy,30,100,83,988.8,0.0479426383972168
influenceListGreedy,30,100,84,721.32,0.04447579383850098
influenceListGreedy,30,100,85,733.52,0.045630455017089844
influenceListGreedy,30,100,86,673.24,0.04461550712585449
influenceListGreedy,30,100,87,729.28,0.04579806327819824
influenceListGreedy,30,100,88,782.82,0.045426368713378906
influenceListGreedy,30,100,89,849.86,0.04620957374572754
influenceListGreedy,30,100,90,907.11,0.04626631736755371
influenceListGreedy,30,100,91,750.4,0.04854607582092285
influenceListGreedy,30,100,92,765.77,0.044790029525756836
influenceListGreedy,30,100,93,805.62,0.0450289249420166
influenceListGreedy,30,100,94,842.14,0.04398536682128906
influenceListGreedy,30,100,95,826.27,0.04490971565246582
influenceListGreedy,30,100,96,751.23,0.044977664947509766
influenceListGreedy,30,100,97,798.81,0.04448819160461426
influenceListGreedy,30,100,98,813.53,0.049391746520996094
influenceListGreedy,30,100,99,747.81,0.047797203063964844
influenceListGreedy,100,0,0,2073.52,0.07928633689880371
influenceListGreedy,100,0,1,2277.67,0.08003544807434082
influenceListGreedy,100,0,2,2128.01,0.0750572681427002
influenceListGreedy,100,0,3,2000.67,0.07744646072387695
influenceListGreedy,100,0,4,1930.46,0.07625937461853027
influenceListGreedy,100,0,5,2063.48,0.07729411125183105
influenceListGreedy,100,0,6,2009.6,0.0770578384399414
influenceListGreedy,100,0,7,1986.3,0.07631707191467285
influenceListGreedy,100,0,8,2183.51,0.07994556427001953
influenceListGreedy,100,0,9,2075.04,0.07958674430847168
influenceListGreedy,100,0,10,2094.84,0.0767374038696289
influenceListGreedy,100,0,11,2010.74,0.08878278732299805
influenceListGreedy,100,0,12,1921.27,0.07560205459594727
influenceListGreedy,100,0,13,2007.05,0.07683396339416504
influenceListGreedy,100,0,14,1995.5,0.07735562324523926
influenceListGreedy,100,0,15,2152.23,0.07778143882751465
influenceListGreedy,100,0,16,2248.51,0.08019137382507324
influenceListGreedy,100,0,17,1941.81,0.07857751846313477
influenceListGreedy,100,0,18,1922.56,0.07484745979309082
influenceListGreedy,100,0,19,1998.71,0.07600092887878418
influenceListGreedy,100,0,20,2180.56,0.0763859748840332
influenceListGreedy,100,0,21,1910.19,0.07770967483520508
influenceListGreedy,100,0,22,2126.38,0.08101940155029297
influenceListGreedy,100,0,23,2060.98,0.07712531089782715
influenceListGreedy,100,0,24,1937.01,0.07561564445495605
influenceListGreedy,100,0,25,2011.74,0.07745623588562012
influenceListGreedy,100,0,26,2046.03,0.07713508605957031
influenceListGreedy,100,0,27,2054.56,0.07587456703186035
influenceListGreedy,100,0,28,1867.52,0.07834053039550781
influenceListGreedy,100,0,29,1937.85,0.08431482315063477
influenceListGreedy,100,0,30,2007.19,0.07860088348388672
influenceListGreedy,100,0,31,1954.89,0.07733654975891113
influenceListGreedy,100,0,32,1896.72,0.07617926597595215
influenceListGreedy,100,0,33,1939.35,0.07200050354003906
influenceListGreedy,100,0,34,1880.87,0.0772862434387207
influenceListGreedy,100,0,35,2023.36,0.0835733413696289
influenceListGreedy,100,0,36,1974.35,0.08181238174438477
influenceListGreedy,100,0,37,2088.3,0.07627582550048828
influenceListGreedy,100,0,38,1923.67,0.07517695426940918
influenceListGreedy,100,0,39,1996.18,0.07629203796386719
influenceListGreedy,100,0,40,2027.34,0.07904648780822754
influenceListGreedy,100,0,41,2116.03,0.08322596549987793
influenceListGreedy,100,0,42,1853.88,0.0765383243560791
influenceListGreedy,100,0,43,1950.62,0.07589364051818848
influenceListGreedy,100,0,44,1872.6,0.0749518871307373
influenceListGreedy,100,0,45,2086.27,0.0762941837310791
influenceListGreedy,100,0,46,1860.31,0.07674145698547363
influenceListGreedy,100,0,47,1933.4,0.07671403884887695
influenceListGreedy,100,0,48,1999.93,0.07809877395629883
influenceListGreedy,100,0,49,1815.5,0.07565760612487793
influenceListGreedy,100,0,50,2010.66,0.0820610523223877
influenceListGreedy,100,0,51,2023.49,0.08046936988830566
influenceListGreedy,100,0,52,2219.0,0.07980751991271973
influenceListGreedy,100,0,53,1810.13,0.07744359970092773
influenceListGreedy,100,0,54,2006.32,0.07495713233947754
influenceListGreedy,100,0,55,1948.11,0.07390451431274414
influenceListGreedy,100,0,56,2115.11,0.07512426376342773
influenceListGreedy,100,0,57,1943.77,0.07852697372436523
influenceListGreedy,100,0,58,2022.89,0.07682132720947266
influenceListGreedy,100,0,59,1792.48,0.07851171493530273
influenceListGreedy,100,0,60,2043.79,0.07963252067565918
influenceListGreedy,100,0,61,2059.9,0.07599472999572754
influenceListGreedy,100,0,62,2142.84,0.07717084884643555
influenceListGreedy,100,0,63,1955.22,0.07728052139282227
influenceListGreedy,100,0,64,2072.99,0.08621072769165039
influenceListGreedy,100,0,65,2061.8,0.08168196678161621
influenceListGreedy,100,0,66,1945.41,0.07794475555419922
influenceListGreedy,100,0,67,1883.57,0.07633090019226074
influenceListGreedy,100,0,68,2045.01,0.08315563201904297
influenceListGreedy,100,0,69,2052.54,0.07592439651489258
influenceListGreedy,100,0,70,2161.58,0.07836723327636719
influenceListGreedy,100,0,71,1976.39,0.07627987861633301
influenceListGreedy,100,0,72,1970.98,0.07788443565368652
influenceListGreedy,100,0,73,2054.76,0.07677793502807617
influenceListGreedy,100,0,74,1908.36,0.07599401473999023
influenceListGreedy,100,0,75,2047.75,0.07611227035522461
influenceListGreedy,100,0,76,2040.64,0.07734847068786621
influenceListGreedy,100,0,77,1975.85,0.07676434516906738
influenceListGreedy,100,0,78,2100.06,0.07523417472839355
influenceListGreedy,100,0,79,2057.08,0.0785682201385498
influenceListGreedy,100,0,80,1888.53,0.07574653625488281
influenceListGreedy,100,0,81,1991.79,0.07732152938842773
influenceListGreedy,100,0,82,2097.57,0.07801318168640137
influenceListGreedy,100,0,83,2204.5,0.07759261131286621
influenceListGreedy,100,0,84,1959.2,0.07694768905639648
influenceListGreedy,100,0,85,1803.76,0.08095288276672363
influenceListGreedy,100,0,86,2061.45,0.07590508460998535
influenceListGreedy,100,0,87,2129.46,0.07641100883483887
influenceListGreedy,100,0,88,1999.59,0.07724571228027344
influenceListGreedy,100,0,89,2031.19,0.07757377624511719
influenceListGreedy,100,0,90,2033.41,0.0785214900970459
influenceListGreedy,100,0,91,2044.11,0.0763707160949707
influenceListGreedy,100,0,92,1925.23,0.08192276954650879
influenceListGreedy,100,0,93,1909.43,0.07670998573303223
influenceListGreedy,100,0,94,2003.05,0.07828021049499512
influenceListGreedy,100,0,95,1953.33,0.07594037055969238
influenceListGreedy,100,0,96,1922.27,0.07713699340820312
influenceListGreedy,100,0,97,2111.16,0.07632780075073242
influenceListGreedy,100,0,98,1939.19,0.07869601249694824
influenceListGreedy,100,0,99,2170.09,0.08144545555114746
influenceListGreedy,100,10,0,1829.83,0.08198285102844238
influenceListGreedy,100,10,1,2112.61,0.0798044204711914
influenceListGreedy,100,10,2,2035.98,0.07781720161437988
influenceListGreedy,100,10,3,2269.1,0.08362507820129395
influenceListGreedy,100,10,4,1898.15,0.08053374290466309
influenceListGreedy,100,10,5,1965.39,0.07986998558044434
influenceListGreedy,100,10,6,1962.44,0.07858896255493164
influenceListGreedy,100,10,7,2078.3,0.07849836349487305
influenceListGreedy,100,10,8,2016.11,0.07881379127502441
influenceListGreedy,100,10,9,1855.72,0.07897496223449707
influenceListGreedy,100,10,10,2033.82,0.0782618522644043
influenceListGreedy,100,10,11,2067.33,0.07918572425842285
influenceListGreedy,100,10,12,1879.53,0.07856607437133789
influenceListGreedy,100,10,13,2196.32,0.07656359672546387
influenceListGreedy,100,10,14,1907.88,0.08310294151306152
influenceListGreedy,100,10,15,1842.69,0.07707571983337402
influenceListGreedy,100,10,16,1952.35,0.07851004600524902
influenceListGreedy,100,10,17,2022.91,0.08371114730834961
influenceListGreedy,100,10,18,2050.69,0.07942795753479004
influenceListGreedy,100,10,19,2094.12,0.07620501518249512
influenceListGreedy,100,10,20,2065.99,0.07569336891174316
influenceListGreedy,100,10,21,1851.63,0.07742524147033691
influenceListGreedy,100,10,22,2019.81,0.0789790153503418
influenceListGreedy,100,10,23,2048.71,0.07543587684631348
influenceListGreedy,100,10,24,2048.88,0.07820534706115723
influenceListGreedy,100,10,25,1965.42,0.07805824279785156
influenceListGreedy,100,10,26,2014.0,0.07907986640930176
influenceListGreedy,100,10,27,1919.69,0.07608199119567871
influenceListGreedy,100,10,28,1935.21,0.07541894912719727
influenceListGreedy,100,10,29,1819.34,0.07736754417419434
influenceListGreedy,100,10,30,1971.38,0.07782840728759766
influenceListGreedy,100,10,31,1867.18,0.0801386833190918
influenceListGreedy,100,10,32,2159.4,0.07554483413696289
influenceListGreedy,100,10,33,1817.09,0.0792856216430664
influenceListGreedy,100,10,34,1893.95,0.08188939094543457
influenceListGreedy,100,10,35,2029.03,0.07860350608825684
influenceListGreedy,100,10,36,1911.52,0.07751107215881348
influenceListGreedy,100,10,37,1898.73,0.08258557319641113
influenceListGreedy,100,10,38,1970.25,0.07596492767333984
influenceListGreedy,100,10,39,1902.46,0.07895803451538086
influenceListGreedy,100,10,40,1959.63,0.07576942443847656
influenceListGreedy,100,10,41,2095.7,0.07633733749389648
influenceListGreedy,100,10,42,2001.49,0.07825970649719238
influenceListGreedy,100,10,43,2005.94,0.07720565795898438
influenceListGreedy,100,10,44,2115.0,0.08410859107971191
influenceListGreedy,100,10,45,2078.84,0.07589387893676758
influenceListGreedy,100,10,46,1939.22,0.07658553123474121
influenceListGreedy,100,10,47,2057.13,0.07675504684448242
influenceListGreedy,100,10,48,2117.99,0.07755899429321289
influenceListGreedy,100,10,49,1877.07,0.07564091682434082
influenceListGreedy,100,10,50,2140.82,0.07570528984069824
influenceListGreedy,100,10,51,2233.99,0.07576131820678711
influenceListGreedy,100,10,52,1969.24,0.07750678062438965
influenceListGreedy,100,10,53,1980.96,0.07497406005859375
influenceListGreedy,100,10,54,2036.28,0.07997655868530273
influenceListGreedy,100,10,55,1885.4,0.08441829681396484
influenceListGreedy,100,10,56,2073.52,0.07570958137512207
influenceListGreedy,100,10,57,2044.01,0.07568597793579102
influenceListGreedy,100,10,58,1885.23,0.07596969604492188
influenceListGreedy,100,10,59,2029.36,0.07848572731018066
influenceListGreedy,100,10,60,1963.26,0.07756423950195312
influenceListGreedy,100,10,61,2146.16,0.08643531799316406
influenceListGreedy,100,10,62,1901.01,0.07606816291809082
influenceListGreedy,100,10,63,2039.01,0.08549928665161133
influenceListGreedy,100,10,64,2057.99,0.07161474227905273
influenceListGreedy,100,10,65,1997.69,0.07562661170959473
influenceListGreedy,100,10,66,1911.2,0.07878565788269043
influenceListGreedy,100,10,67,1841.69,0.07674813270568848
influenceListGreedy,100,10,68,2012.07,0.07686328887939453
influenceListGreedy,100,10,69,2097.99,0.07541894912719727
influenceListGreedy,100,10,70,1919.24,0.07709383964538574
influenceListGreedy,100,10,71,2030.02,0.07601118087768555
influenceListGreedy,100,10,72,1928.98,0.08024764060974121
influenceListGreedy,100,10,73,1991.84,0.07696652412414551
influenceListGreedy,100,10,74,1968.63,0.07523679733276367
influenceListGreedy,100,10,75,1910.09,0.0791466236114502
influenceListGreedy,100,10,76,1847.06,0.07609844207763672
influenceListGreedy,100,10,77,1899.14,0.07668280601501465
influenceListGreedy,100,10,78,2143.78,0.07899117469787598
influenceListGreedy,100,10,79,2034.79,0.07589125633239746
influenceListGreedy,100,10,80,1848.74,0.07745766639709473
influenceListGreedy,100,10,81,1887.23,0.07804465293884277
influenceListGreedy,100,10,82,2079.88,0.07664203643798828
influenceListGreedy,100,10,83,1994.51,0.07648587226867676
influenceListGreedy,100,10,84,1947.24,0.0785975456237793
influenceListGreedy,100,10,85,1787.1,0.08368492126464844
influenceListGreedy,100,10,86,1858.52,0.07685256004333496
influenceListGreedy,100,10,87,2019.83,0.07737016677856445
influenceListGreedy,100,10,88,1991.37,0.07655525207519531
influenceListGreedy,100,10,89,1930.08,0.07692909240722656
influenceListGreedy,100,10,90,1965.84,0.07875561714172363
influenceListGreedy,100,10,91,1890.24,0.07528257369995117
influenceListGreedy,100,10,92,1853.19,0.07779741287231445
influenceListGreedy,100,10,93,2045.5,0.07740235328674316
influenceListGreedy,100,10,94,1770.53,0.0749366283416748
influenceListGreedy,100,10,95,2228.28,0.0762946605682373
influenceListGreedy,100,10,96,2158.32,0.08426070213317871
influenceListGreedy,100,10,97,2123.83,0.07734298706054688
influenceListGreedy,100,10,98,1882.81,0.08088183403015137
influenceListGreedy,100,10,99,2069.98,0.07698297500610352
influenceListGreedy,100,20,0,1958.14,0.07769608497619629
influenceListGreedy,100,20,1,1961.19,0.07845926284790039
influenceListGreedy,100,20,2,1936.29,0.07876968383789062
influenceListGreedy,100,20,3,1915.18,0.07813000679016113
influenceListGreedy,100,20,4,2078.95,0.07610177993774414
influenceListGreedy,100,20,5,1985.56,0.07882809638977051
influenceListGreedy,100,20,6,2028.46,0.07864165306091309
influenceListGreedy,100,20,7,1959.08,0.07626628875732422
influenceListGreedy,100,20,8,1973.35,0.07840156555175781
influenceListGreedy,100,20,9,1852.68,0.08774876594543457
influenceListGreedy,100,20,10,2022.71,0.07751107215881348
influenceListGreedy,100,20,11,2000.9,0.07862472534179688
influenceListGreedy,100,20,12,1937.25,0.07949376106262207
influenceListGreedy,100,20,13,2163.57,0.0755314826965332
influenceListGreedy,100,20,14,2035.87,0.07591843605041504
influenceListGreedy,100,20,15,2024.61,0.07697296142578125
influenceListGreedy,100,20,16,1931.47,0.07873773574829102
influenceListGreedy,100,20,17,1871.62,0.07780027389526367
influenceListGreedy,100,20,18,2067.67,0.08058333396911621
influenceListGreedy,100,20,19,2062.84,0.08332633972167969
influenceListGreedy,100,20,20,1938.59,0.07662034034729004
influenceListGreedy,100,20,21,1856.06,0.07687568664550781
influenceListGreedy,100,20,22,2004.57,0.08635807037353516
influenceListGreedy,100,20,23,2053.03,0.07614994049072266
influenceListGreedy,100,20,24,1939.91,0.09138298034667969
influenceListGreedy,100,20,25,1915.9,0.07565665245056152
influenceListGreedy,100,20,26,2014.07,0.0793612003326416
influenceListGreedy,100,20,27,1988.46,0.0779874324798584
influenceListGreedy,100,20,28,1916.77,0.07747983932495117
influenceListGreedy,100,20,29,1871.39,0.08252263069152832
influenceListGreedy,100,20,30,1888.85,0.074981689453125
influenceListGreedy,100,20,31,2052.71,0.07522821426391602
influenceListGreedy,100,20,32,1964.59,0.07876968383789062
influenceListGreedy,100,20,33,1847.69,0.07989716529846191
influenceListGreedy,100,20,34,1900.27,0.0760955810546875
influenceListGreedy,100,20,35,2228.45,0.0787210464477539
influenceListGreedy,100,20,36,1978.91,0.07835054397583008
influenceListGreedy,100,20,37,2077.49,0.07626676559448242
influenceListGreedy,100,20,38,1875.72,0.07746219635009766
influenceListGreedy,100,20,39,2018.92,0.07712173461914062
influenceListGreedy,100,20,40,1894.83,0.0773768424987793
influenceListGreedy,100,20,41,2161.58,0.08581304550170898
influenceListGreedy,100,20,42,1910.52,0.0767221450805664
influenceListGreedy,100,20,43,2048.86,0.07879185676574707
influenceListGreedy,100,20,44,1925.97,0.08057904243469238
influenceListGreedy,100,20,45,2126.03,0.07666373252868652
influenceListGreedy,100,20,46,1845.92,0.07772946357727051
influenceListGreedy,100,20,47,2019.39,0.07223868370056152
influenceListGreedy,100,20,48,2173.78,0.08628392219543457
influenceListGreedy,100,20,49,1862.6,0.07629537582397461
influenceListGreedy,100,20,50,2092.43,0.07714366912841797
influenceListGreedy,100,20,51,2073.2,0.07316398620605469
influenceListGreedy,100,20,52,1883.06,0.07703757286071777
influenceListGreedy,100,20,53,1852.48,0.0758659839630127
influenceListGreedy,100,20,54,2165.66,0.08043503761291504
influenceListGreedy,100,20,55,1912.09,0.07481265068054199
influenceListGreedy,100,20,56,1886.12,0.07770919799804688
influenceListGreedy,100,20,57,2049.17,0.08469581604003906
influenceListGreedy,100,20,58,1959.85,0.07827329635620117
influenceListGreedy,100,20,59,1944.79,0.07774972915649414
influenceListGreedy,100,20,60,1959.99,0.07658004760742188
influenceListGreedy,100,20,61,1811.73,0.0767066478729248
influenceListGreedy,100,20,62,1811.75,0.07712054252624512
influenceListGreedy,100,20,63,2009.15,0.07968688011169434
influenceListGreedy,100,20,64,2000.83,0.0852806568145752
influenceListGreedy,100,20,65,2159.33,0.07732605934143066
influenceListGreedy,100,20,66,1859.18,0.0767679214477539
influenceListGreedy,100,20,67,1775.02,0.07640480995178223
influenceListGreedy,100,20,68,2079.02,0.08666348457336426
influenceListGreedy,100,20,69,2009.28,0.07519125938415527
influenceListGreedy,100,20,70,1889.58,0.08352994918823242
influenceListGreedy,100,20,71,1908.09,0.07504963874816895
influenceListGreedy,100,20,72,1951.61,0.07785725593566895
influenceListGreedy,100,20,73,1983.46,0.07607078552246094
influenceListGreedy,100,20,74,1967.4,0.07941842079162598
influenceListGreedy,100,20,75,1967.77,0.07772636413574219
influenceListGreedy,100,20,76,1861.83,0.07720804214477539
influenceListGreedy,100,20,77,1829.08,0.07738065719604492
influenceListGreedy,100,20,78,2161.86,0.07623100280761719
influenceListGreedy,100,20,79,1988.61,0.07633137702941895
influenceListGreedy,100,20,80,1977.2,0.07822513580322266
influenceListGreedy,100,20,81,1967.25,0.07972455024719238
influenceListGreedy,100,20,82,2035.44,0.0764775276184082
influenceListGreedy,100,20,83,1955.92,0.08413481712341309
influenceListGreedy,100,20,84,1934.93,0.07738924026489258
influenceListGreedy,100,20,85,1969.84,0.07606959342956543
influenceListGreedy,100,20,86,1926.22,0.07867765426635742
influenceListGreedy,100,20,87,2159.57,0.07765722274780273
influenceListGreedy,100,20,88,1850.97,0.07789802551269531
influenceListGreedy,100,20,89,2055.6,0.0765383243560791
influenceListGreedy,100,20,90,2014.28,0.07537984848022461
influenceListGreedy,100,20,91,2133.63,0.07664656639099121
influenceListGreedy,100,20,92,1770.43,0.0777122974395752
influenceListGreedy,100,20,93,1843.72,0.0768129825592041
influenceListGreedy,100,20,94,1935.41,0.07809710502624512
influenceListGreedy,100,20,95,2031.08,0.07736992835998535
influenceListGreedy,100,20,96,1956.67,0.07920718193054199
influenceListGreedy,100,20,97,1969.38,0.07603001594543457
influenceListGreedy,100,20,98,2036.35,0.07735991477966309
influenceListGreedy,100,20,99,2028.16,0.07723546028137207
influenceListGreedy,100,30,0,1931.18,0.08118796348571777
influenceListGreedy,100,30,1,2115.59,0.07584810256958008
influenceListGreedy,100,30,2,1914.56,0.07598495483398438
influenceListGreedy,100,30,3,2020.8,0.07750248908996582
influenceListGreedy,100,30,4,1996.39,0.0776832103729248
influenceListGreedy,100,30,5,2068.81,0.08346772193908691
influenceListGreedy,100,30,6,2060.23,0.07637763023376465
influenceListGreedy,100,30,7,1990.84,0.08545517921447754
influenceListGreedy,100,30,8,1806.53,0.07854485511779785
influenceListGreedy,100,30,9,1981.19,0.07126569747924805
influenceListGreedy,100,30,10,1949.48,0.07738542556762695
influenceListGreedy,100,30,11,2029.36,0.07753491401672363
influenceListGreedy,100,30,12,2164.82,0.08075261116027832
influenceListGreedy,100,30,13,2187.34,0.07657241821289062
influenceListGreedy,100,30,14,1931.91,0.0738229751586914
influenceListGreedy,100,30,15,1940.48,0.07642602920532227
influenceListGreedy,100,30,16,1908.85,0.08063101768493652
influenceListGreedy,100,30,17,1937.99,0.07793259620666504
influenceListGreedy,100,30,18,2008.06,0.07805514335632324
influenceListGreedy,100,30,19,1898.34,0.07683992385864258
influenceListGreedy,100,30,20,2050.29,0.08141660690307617
influenceListGreedy,100,30,21,1895.23,0.07484769821166992
influenceListGreedy,100,30,22,2331.03,0.08191251754760742
influenceListGreedy,100,30,23,2002.86,0.07787418365478516
influenceListGreedy,100,30,24,2040.31,0.07808303833007812
influenceListGreedy,100,30,25,1962.95,0.07576227188110352
influenceListGreedy,100,30,26,2055.44,0.08015108108520508
influenceListGreedy,100,30,27,2030.2,0.07606077194213867
influenceListGreedy,100,30,28,1928.18,0.07861471176147461
influenceListGreedy,100,30,29,2021.19,0.07883787155151367
influenceListGreedy,100,30,30,1893.53,0.07707953453063965
influenceListGreedy,100,30,31,2075.48,0.07606387138366699
influenceListGreedy,100,30,32,1910.24,0.07579588890075684
influenceListGreedy,100,30,33,1920.51,0.07679200172424316
influenceListGreedy,100,30,34,1913.05,0.07841730117797852
influenceListGreedy,100,30,35,2017.56,0.07641816139221191
influenceListGreedy,100,30,36,2026.43,0.08228325843811035
influenceListGreedy,100,30,37,2027.07,0.07549428939819336
influenceListGreedy,100,30,38,1847.72,0.0780799388885498
influenceListGreedy,100,30,39,1978.03,0.07767271995544434
influenceListGreedy,100,30,40,2066.08,0.07528352737426758
influenceListGreedy,100,30,41,2015.05,0.0776369571685791
influenceListGreedy,100,30,42,1862.44,0.07827234268188477
influenceListGreedy,100,30,43,1957.96,0.07723569869995117
influenceListGreedy,100,30,44,2065.35,0.08619213104248047
influenceListGreedy,100,30,45,1963.17,0.07847785949707031
influenceListGreedy,100,30,46,1964.36,0.07966041564941406
influenceListGreedy,100,30,47,2023.97,0.07993507385253906
influenceListGreedy,100,30,48,2012.37,0.0766904354095459
influenceListGreedy,100,30,49,1831.76,0.07491111755371094
influenceListGreedy,100,30,50,2260.89,0.07625007629394531
influenceListGreedy,100,30,51,2001.16,0.07662248611450195
influenceListGreedy,100,30,52,1865.97,0.07431459426879883
influenceListGreedy,100,30,53,1783.15,0.07668900489807129
influenceListGreedy,100,30,54,2057.4,0.07854413986206055
influenceListGreedy,100,30,55,1926.19,0.08125042915344238
influenceListGreedy,100,30,56,2090.99,0.07692432403564453
influenceListGreedy,100,30,57,1913.36,0.07994937896728516
influenceListGreedy,100,30,58,1927.83,0.07868170738220215
influenceListGreedy,100,30,59,1966.55,0.07962799072265625
influenceListGreedy,100,30,60,1997.36,0.07803630828857422
influenceListGreedy,100,30,61,1997.13,0.07743716239929199
influenceListGreedy,100,30,62,1897.44,0.07681703567504883
influenceListGreedy,100,30,63,1904.06,0.07641029357910156
influenceListGreedy,100,30,64,2172.52,0.08340001106262207
influenceListGreedy,100,30,65,1776.5,0.07560920715332031
influenceListGreedy,100,30,66,1898.81,0.0765998363494873
influenceListGreedy,100,30,67,1979.86,0.07692551612854004
influenceListGreedy,100,30,68,2133.26,0.08452415466308594
influenceListGreedy,100,30,69,1897.39,0.07597184181213379
influenceListGreedy,100,30,70,1851.4,0.07967519760131836
influenceListGreedy,100,30,71,1923.35,0.07730579376220703
influenceListGreedy,100,30,72,1999.11,0.0761563777923584
influenceListGreedy,100,30,73,1893.7,0.07628440856933594
influenceListGreedy,100,30,74,1800.13,0.07649111747741699
influenceListGreedy,100,30,75,2025.72,0.07632660865783691
influenceListGreedy,100,30,76,1866.36,0.08089494705200195
influenceListGreedy,100,30,77,1915.11,0.07816958427429199
influenceListGreedy,100,30,78,1971.19,0.07613706588745117
influenceListGreedy,100,30,79,2103.18,0.08205652236938477
influenceListGreedy,100,30,80,2055.11,0.07730269432067871
influenceListGreedy,100,30,81,1953.55,0.07780742645263672
influenceListGreedy,100,30,82,1825.16,0.07932686805725098
influenceListGreedy,100,30,83,1973.51,0.07636451721191406
influenceListGreedy,100,30,84,1843.63,0.07652974128723145
influenceListGreedy,100,30,85,1980.58,0.08063340187072754
influenceListGreedy,100,30,86,1836.19,0.07605671882629395
influenceListGreedy,100,30,87,2118.48,0.07694888114929199
influenceListGreedy,100,30,88,1922.62,0.08000516891479492
influenceListGreedy,100,30,89,1959.45,0.07748174667358398
influenceListGreedy,100,30,90,1907.58,0.08430290222167969
influenceListGreedy,100,30,91,2021.03,0.07583856582641602
influenceListGreedy,100,30,92,1909.54,0.07678723335266113
influenceListGreedy,100,30,93,1908.64,0.07571554183959961
influenceListGreedy,100,30,94,2075.19,0.0789494514465332
influenceListGreedy,100,30,95,2052.24,0.07539105415344238
influenceListGreedy,100,30,96,2020.57,0.07722902297973633
influenceListGreedy,100,30,97,2010.0,0.07541894912719727
influenceListGreedy,100,30,98,1877.69,0.07582831382751465
influenceListGreedy,100,30,99,2096.44,0.07596683502197266
influenceListGreedy,100,40,0,2085.94,0.08417248725891113
influenceListGreedy,100,40,1,2062.93,0.07837891578674316
influenceListGreedy,100,40,2,1957.85,0.07906985282897949
influenceListGreedy,100,40,3,2070.06,0.08398175239562988
influenceListGreedy,100,40,4,1930.78,0.07918071746826172
influenceListGreedy,100,40,5,2029.46,0.07622790336608887
influenceListGreedy,100,40,6,2062.38,0.07830095291137695
influenceListGreedy,100,40,7,1829.27,0.07581353187561035
influenceListGreedy,100,40,8,1907.87,0.08033537864685059
influenceListGreedy,100,40,9,2116.8,0.07753729820251465
influenceListGreedy,100,40,10,2069.09,0.08315396308898926
influenceListGreedy,100,40,11,1821.98,0.07613706588745117
influenceListGreedy,100,40,12,1738.93,0.08229303359985352
influenceListGreedy,100,40,13,2175.16,0.07602572441101074
influenceListGreedy,100,40,14,2017.24,0.08049488067626953
influenceListGreedy,100,40,15,1926.92,0.0782773494720459
influenceListGreedy,100,40,16,2233.35,0.08622860908508301
influenceListGreedy,100,40,17,2019.26,0.07828521728515625
influenceListGreedy,100,40,18,2028.72,0.0779423713684082
influenceListGreedy,100,40,19,1917.26,0.0782008171081543
influenceListGreedy,100,40,20,2032.02,0.07582592964172363
influenceListGreedy,100,40,21,1876.39,0.07491660118103027
influenceListGreedy,100,40,22,2183.83,0.07892823219299316
influenceListGreedy,100,40,23,2069.28,0.07492780685424805
influenceListGreedy,100,40,24,2031.38,0.07904815673828125
influenceListGreedy,100,40,25,1922.89,0.07586026191711426
influenceListGreedy,100,40,26,2064.32,0.08609437942504883
influenceListGreedy,100,40,27,1946.53,0.07933998107910156
influenceListGreedy,100,40,28,1930.95,0.07628035545349121
influenceListGreedy,100,40,29,1909.68,0.07720351219177246
influenceListGreedy,100,40,30,1919.59,0.07949423789978027
influenceListGreedy,100,40,31,1982.53,0.0789802074432373
influenceListGreedy,100,40,32,2016.37,0.08256173133850098
influenceListGreedy,100,40,33,2000.32,0.07552766799926758
influenceListGreedy,100,40,34,2052.01,0.07117486000061035
influenceListGreedy,100,40,35,2102.76,0.08077883720397949
influenceListGreedy,100,40,36,1864.52,0.07725834846496582
influenceListGreedy,100,40,37,1979.66,0.07697200775146484
influenceListGreedy,100,40,38,1929.99,0.07757759094238281
influenceListGreedy,100,40,39,2072.5,0.07835125923156738
influenceListGreedy,100,40,40,1984.52,0.07794785499572754
influenceListGreedy,100,40,41,2221.03,0.0774531364440918
influenceListGreedy,100,40,42,1789.33,0.0790865421295166
influenceListGreedy,100,40,43,1962.21,0.07596945762634277
influenceListGreedy,100,40,44,1942.34,0.07850456237792969
influenceListGreedy,100,40,45,2129.71,0.08114218711853027
influenceListGreedy,100,40,46,2031.22,0.07728743553161621
influenceListGreedy,100,40,47,2001.03,0.08266139030456543
influenceListGreedy,100,40,48,1939.27,0.08211612701416016
influenceListGreedy,100,40,49,1811.69,0.07794737815856934
influenceListGreedy,100,40,50,2085.15,0.07802128791809082
influenceListGreedy,100,40,51,2046.28,0.07600116729736328
influenceListGreedy,100,40,52,1908.38,0.08004355430603027
influenceListGreedy,100,40,53,1870.36,0.07626843452453613
influenceListGreedy,100,40,54,2022.31,0.07818961143493652
influenceListGreedy,100,40,55,1748.51,0.07732057571411133
influenceListGreedy,100,40,56,2079.43,0.0794382095336914
influenceListGreedy,100,40,57,1984.95,0.07552337646484375
influenceListGreedy,100,40,58,1978.05,0.07773065567016602
influenceListGreedy,100,40,59,1919.68,0.07558321952819824
influenceListGreedy,100,40,60,2018.88,0.07732629776000977
influenceListGreedy,100,40,61,1897.8,0.0767216682434082
influenceListGreedy,100,40,62,1986.4,0.0802154541015625
influenceListGreedy,100,40,63,1972.7,0.07813763618469238
influenceListGreedy,100,40,64,1972.07,0.07907366752624512
influenceListGreedy,100,40,65,1937.37,0.07684588432312012
influenceListGreedy,100,40,66,1822.7,0.07832527160644531
influenceListGreedy,100,40,67,1851.05,0.07572269439697266
influenceListGreedy,100,40,68,1927.85,0.07719588279724121
influenceListGreedy,100,40,69,1842.71,0.0765235424041748
influenceListGreedy,100,40,70,1964.88,0.07601642608642578
influenceListGreedy,100,40,71,2025.76,0.08356332778930664
influenceListGreedy,100,40,72,1803.81,0.07772588729858398
influenceListGreedy,100,40,73,2004.18,0.07848048210144043
influenceListGreedy,100,40,74,1912.89,0.07618093490600586
influenceListGreedy,100,40,75,1973.35,0.0769662857055664
influenceListGreedy,100,40,76,1939.78,0.07681441307067871
influenceListGreedy,100,40,77,1774.9,0.07631254196166992
influenceListGreedy,100,40,78,1955.23,0.07802152633666992
influenceListGreedy,100,40,79,2089.52,0.07754802703857422
influenceListGreedy,100,40,80,1814.9,0.07882547378540039
influenceListGreedy,100,40,81,1989.29,0.07708048820495605
influenceListGreedy,100,40,82,1854.54,0.0766294002532959
influenceListGreedy,100,40,83,1840.71,0.0765073299407959
influenceListGreedy,100,40,84,1940.8,0.07767486572265625
influenceListGreedy,100,40,85,1985.86,0.0859065055847168
influenceListGreedy,100,40,86,1998.08,0.0759437084197998
influenceListGreedy,100,40,87,2002.29,0.07740044593811035
influenceListGreedy,100,40,88,1924.55,0.07735705375671387
influenceListGreedy,100,40,89,2087.92,0.0762171745300293
influenceListGreedy,100,40,90,1942.59,0.07874536514282227
influenceListGreedy,100,40,91,1909.23,0.07758092880249023
influenceListGreedy,100,40,92,1812.12,0.07724499702453613
influenceListGreedy,100,40,93,1972.28,0.07687044143676758
influenceListGreedy,100,40,94,2076.95,0.08439803123474121
influenceListGreedy,100,40,95,1892.59,0.07611513137817383
influenceListGreedy,100,40,96,1810.83,0.0853879451751709
influenceListGreedy,100,40,97,2114.77,0.07782983779907227
influenceListGreedy,100,40,98,1978.66,0.07641100883483887
influenceListGreedy,100,40,99,2146.07,0.07427215576171875
influenceListGreedy,100,50,0,1941.39,0.07599902153015137
influenceListGreedy,100,50,1,2099.64,0.0750117301940918
influenceListGreedy,100,50,2,1816.68,0.07690072059631348
influenceListGreedy,100,50,3,2118.32,0.07741570472717285
influenceListGreedy,100,50,4,2046.29,0.07627058029174805
influenceListGreedy,100,50,5,2071.33,0.08342456817626953
influenceListGreedy,100,50,6,1978.32,0.07693791389465332
influenceListGreedy,100,50,7,1948.92,0.08438491821289062
influenceListGreedy,100,50,8,1899.82,0.0775613784790039
influenceListGreedy,100,50,9,2124.74,0.0765848159790039
influenceListGreedy,100,50,10,2052.21,0.0775306224822998
influenceListGreedy,100,50,11,1879.42,0.08190321922302246
influenceListGreedy,100,50,12,1844.81,0.08520317077636719
influenceListGreedy,100,50,13,2235.29,0.07939696311950684
influenceListGreedy,100,50,14,1930.49,0.08061790466308594
influenceListGreedy,100,50,15,2141.97,0.07887434959411621
influenceListGreedy,100,50,16,2129.36,0.08018898963928223
influenceListGreedy,100,50,17,1951.74,0.07717537879943848
influenceListGreedy,100,50,18,1903.3,0.07644414901733398
influenceListGreedy,100,50,19,1887.32,0.07871222496032715
influenceListGreedy,100,50,20,2055.76,0.0790255069732666
influenceListGreedy,100,50,21,1848.58,0.07657504081726074
influenceListGreedy,100,50,22,2052.14,0.07731246948242188
influenceListGreedy,100,50,23,1971.77,0.07802295684814453
influenceListGreedy,100,50,24,1972.22,0.07776069641113281
influenceListGreedy,100,50,25,2049.93,0.07817196846008301
influenceListGreedy,100,50,26,2090.99,0.08066964149475098
influenceListGreedy,100,50,27,1990.8,0.07422614097595215
influenceListGreedy,100,50,28,1860.8,0.07732558250427246
influenceListGreedy,100,50,29,1810.25,0.07810282707214355
influenceListGreedy,100,50,30,2028.47,0.07649779319763184
influenceListGreedy,100,50,31,2094.99,0.08006620407104492
influenceListGreedy,100,50,32,1951.61,0.07753968238830566
influenceListGreedy,100,50,33,1962.88,0.07756185531616211
influenceListGreedy,100,50,34,1964.92,0.08388876914978027
influenceListGreedy,100,50,35,2044.11,0.07842445373535156
influenceListGreedy,100,50,36,1999.89,0.08136177062988281
influenceListGreedy,100,50,37,1953.23,0.07626771926879883
influenceListGreedy,100,50,38,1858.42,0.07819652557373047
influenceListGreedy,100,50,39,1991.77,0.08563637733459473
influenceListGreedy,100,50,40,1906.53,0.0780951976776123
influenceListGreedy,100,50,41,2100.88,0.07819795608520508
influenceListGreedy,100,50,42,1940.87,0.07641220092773438
influenceListGreedy,100,50,43,1878.89,0.07694387435913086
influenceListGreedy,100,50,44,1991.18,0.07934355735778809
influenceListGreedy,100,50,45,1972.03,0.07970857620239258
influenceListGreedy,100,50,46,1793.95,0.07600045204162598
influenceListGreedy,100,50,47,1860.42,0.07908391952514648
influenceListGreedy,100,50,48,2036.78,0.07643604278564453
influenceListGreedy,100,50,49,1902.83,0.07770729064941406
influenceListGreedy,100,50,50,1968.36,0.07761716842651367
influenceListGreedy,100,50,51,2171.85,0.08479595184326172
influenceListGreedy,100,50,52,1943.92,0.07938170433044434
influenceListGreedy,100,50,53,1770.92,0.07693672180175781
influenceListGreedy,100,50,54,1972.29,0.0758512020111084
influenceListGreedy,100,50,55,1896.8,0.07574129104614258
influenceListGreedy,100,50,56,2117.64,0.07964277267456055
influenceListGreedy,100,50,57,2003.71,0.08296728134155273
influenceListGreedy,100,50,58,1883.77,0.08106064796447754
influenceListGreedy,100,50,59,1991.24,0.07920360565185547
influenceListGreedy,100,50,60,1878.88,0.07980084419250488
influenceListGreedy,100,50,61,1909.35,0.0784001350402832
influenceListGreedy,100,50,62,1935.92,0.07817220687866211
influenceListGreedy,100,50,63,2120.04,0.07824277877807617
influenceListGreedy,100,50,64,1936.5,0.0767509937286377
influenceListGreedy,100,50,65,1863.8,0.07606029510498047
influenceListGreedy,100,50,66,1940.28,0.07787203788757324
influenceListGreedy,100,50,67,1769.17,0.07560324668884277
influenceListGreedy,100,50,68,1990.02,0.07886195182800293
influenceListGreedy,100,50,69,2100.59,0.07835125923156738
influenceListGreedy,100,50,70,1978.9,0.08025288581848145
influenceListGreedy,100,50,71,2129.47,0.07760405540466309
influenceListGreedy,100,50,72,1904.21,0.07701253890991211
influenceListGreedy,100,50,73,1873.62,0.07573223114013672
influenceListGreedy,100,50,74,1849.98,0.07806825637817383
influenceListGreedy,100,50,75,2130.13,0.08086895942687988
influenceListGreedy,100,50,76,1926.41,0.07650375366210938
influenceListGreedy,100,50,77,1790.05,0.07734417915344238
influenceListGreedy,100,50,78,2254.76,0.07821917533874512
influenceListGreedy,100,50,79,1958.48,0.07698655128479004
influenceListGreedy,100,50,80,1896.59,0.07713150978088379
influenceListGreedy,100,50,81,1767.79,0.07822489738464355
influenceListGreedy,100,50,82,2112.99,0.08298659324645996
influenceListGreedy,100,50,83,1902.44,0.07670331001281738
influenceListGreedy,100,50,84,1866.47,0.08386898040771484
influenceListGreedy,100,50,85,1899.21,0.07813286781311035
influenceListGreedy,100,50,86,1952.5,0.07700586318969727
influenceListGreedy,100,50,87,2054.14,0.0785379409790039
influenceListGreedy,100,50,88,1858.74,0.07708477973937988
influenceListGreedy,100,50,89,2091.54,0.07532286643981934
influenceListGreedy,100,50,90,1979.45,0.07897114753723145
influenceListGreedy,100,50,91,2098.53,0.07583236694335938
influenceListGreedy,100,50,92,1890.03,0.07783365249633789
influenceListGreedy,100,50,93,1819.06,0.07573580741882324
influenceListGreedy,100,50,94,1912.89,0.07809019088745117
influenceListGreedy,100,50,95,2002.53,0.07958865165710449
influenceListGreedy,100,50,96,1842.86,0.0761566162109375
influenceListGreedy,100,50,97,2144.38,0.07323026657104492
influenceListGreedy,100,50,98,1927.93,0.08028435707092285
influenceListGreedy,100,50,99,2079.51,0.07781839370727539
influenceListGreedy,100,60,0,1975.2,0.08057880401611328
influenceListGreedy,100,60,1,1974.25,0.07650160789489746
influenceListGreedy,100,60,2,2099.77,0.0794534683227539
influenceListGreedy,100,60,3,2030.51,0.07672286033630371
influenceListGreedy,100,60,4,2166.31,0.07815384864807129
influenceListGreedy,100,60,5,2077.99,0.07560491561889648
influenceListGreedy,100,60,6,2074.99,0.07999086380004883
influenceListGreedy,100,60,7,1956.63,0.07732129096984863
influenceListGreedy,100,60,8,2021.41,0.07986903190612793
influenceListGreedy,100,60,9,1872.22,0.07517886161804199
influenceListGreedy,100,60,10,1945.1,0.08057618141174316
influenceListGreedy,100,60,11,2058.38,0.0765836238861084
influenceListGreedy,100,60,12,1848.98,0.07890915870666504
influenceListGreedy,100,60,13,1968.55,0.07770323753356934
influenceListGreedy,100,60,14,2099.13,0.0722651481628418
influenceListGreedy,100,60,15,1976.41,0.07955241203308105
influenceListGreedy,100,60,16,2118.53,0.08000659942626953
influenceListGreedy,100,60,17,1806.33,0.07894301414489746
influenceListGreedy,100,60,18,2092.0,0.08718466758728027
influenceListGreedy,100,60,19,1987.76,0.0800318717956543
influenceListGreedy,100,60,20,1966.9,0.07574915885925293
influenceListGreedy,100,60,21,1849.8,0.08131766319274902
influenceListGreedy,100,60,22,2037.55,0.07857227325439453
influenceListGreedy,100,60,23,2113.66,0.07701277732849121
influenceListGreedy,100,60,24,1964.46,0.07553315162658691
influenceListGreedy,100,60,25,1937.9,0.07931160926818848
influenceListGreedy,100,60,26,1932.67,0.07783889770507812
influenceListGreedy,100,60,27,1828.18,0.07827281951904297
influenceListGreedy,100,60,28,1843.9,0.07671070098876953
influenceListGreedy,100,60,29,1746.8,0.07689523696899414
influenceListGreedy,100,60,30,1923.73,0.07774209976196289
influenceListGreedy,100,60,31,1960.28,0.07800674438476562
influenceListGreedy,100,60,32,1950.66,0.07609796524047852
influenceListGreedy,100,60,33,2092.94,0.07775664329528809
influenceListGreedy,100,60,34,1912.63,0.07780146598815918
influenceListGreedy,100,60,35,2297.62,0.08426046371459961
influenceListGreedy,100,60,36,1839.93,0.07325959205627441
influenceListGreedy,100,60,37,2020.53,0.07689833641052246
influenceListGreedy,100,60,38,1991.45,0.07669591903686523
influenceListGreedy,100,60,39,1939.16,0.07699728012084961
influenceListGreedy,100,60,40,1925.72,0.0881197452545166
influenceListGreedy,100,60,41,2153.55,0.07742190361022949
influenceListGreedy,100,60,42,1862.31,0.07638335227966309
influenceListGreedy,100,60,43,1983.7,0.07905745506286621
influenceListGreedy,100,60,44,2006.02,0.07570338249206543
influenceListGreedy,100,60,45,1902.2,0.0783073902130127
influenceListGreedy,100,60,46,1914.14,0.08556103706359863
influenceListGreedy,100,60,47,1932.66,0.07897210121154785
influenceListGreedy,100,60,48,2048.67,0.07690095901489258
influenceListGreedy,100,60,49,1905.96,0.07793474197387695
influenceListGreedy,100,60,50,2011.9,0.07665610313415527
influenceListGreedy,100,60,51,1907.3,0.08384442329406738
influenceListGreedy,100,60,52,1855.93,0.07671022415161133
influenceListGreedy,100,60,53,1968.94,0.07904720306396484
influenceListGreedy,100,60,54,2143.38,0.07265281677246094
influenceListGreedy,100,60,55,2034.59,0.07721924781799316
influenceListGreedy,100,60,56,2018.22,0.08315682411193848
influenceListGreedy,100,60,57,2081.86,0.08103775978088379
influenceListGreedy,100,60,58,1855.1,0.08335542678833008
influenceListGreedy,100,60,59,1947.52,0.07688498497009277
influenceListGreedy,100,60,60,1918.7,0.07982659339904785
influenceListGreedy,100,60,61,2024.53,0.07811307907104492
influenceListGreedy,100,60,62,1947.51,0.07803869247436523
influenceListGreedy,100,60,63,1972.18,0.08712649345397949
influenceListGreedy,100,60,64,2015.14,0.07897067070007324
influenceListGreedy,100,60,65,1865.37,0.08356666564941406
influenceListGreedy,100,60,66,2005.36,0.08258533477783203
influenceListGreedy,100,60,67,1881.03,0.08685064315795898
influenceListGreedy,100,60,68,2022.98,0.07892489433288574
influenceListGreedy,100,60,69,2042.67,0.07677221298217773
influenceListGreedy,100,60,70,2038.67,0.0787501335144043
influenceListGreedy,100,60,71,1892.7,0.07549023628234863
influenceListGreedy,100,60,72,1891.61,0.07656192779541016
influenceListGreedy,100,60,73,1920.52,0.07754135131835938
influenceListGreedy,100,60,74,1940.6,0.08336091041564941
influenceListGreedy,100,60,75,1958.08,0.07676410675048828
influenceListGreedy,100,60,76,1870.43,0.07527542114257812
influenceListGreedy,100,60,77,1770.46,0.07738757133483887
influenceListGreedy,100,60,78,2015.22,0.07995915412902832
influenceListGreedy,100,60,79,2065.95,0.08002734184265137
influenceListGreedy,100,60,80,1865.12,0.07591581344604492
influenceListGreedy,100,60,81,1917.22,0.07790064811706543
influenceListGreedy,100,60,82,1920.79,0.07705068588256836
influenceListGreedy,100,60,83,2054.99,0.07968020439147949
influenceListGreedy,100,60,84,1901.71,0.07661199569702148
influenceListGreedy,100,60,85,1858.8,0.07750272750854492
influenceListGreedy,100,60,86,1843.95,0.07641315460205078
influenceListGreedy,100,60,87,1938.79,0.07541823387145996
influenceListGreedy,100,60,88,1868.27,0.07577633857727051
influenceListGreedy,100,60,89,2058.99,0.08345198631286621
influenceListGreedy,100,60,90,1902.23,0.07634210586547852
influenceListGreedy,100,60,91,2007.7,0.07763361930847168
influenceListGreedy,100,60,92,1950.51,0.07702398300170898
influenceListGreedy,100,60,93,1753.39,0.07608699798583984
influenceListGreedy,100,60,94,1953.81,0.07626223564147949
influenceListGreedy,100,60,95,2084.22,0.0832061767578125
influenceListGreedy,100,60,96,1896.75,0.07710456848144531
influenceListGreedy,100,60,97,2136.04,0.07628893852233887
influenceListGreedy,100,60,98,1868.33,0.08615827560424805
influenceListGreedy,100,60,99,2274.5,0.07685256004333496
influenceListGreedy,100,70,0,1867.49,0.07604432106018066
influenceListGreedy,100,70,1,2014.96,0.07962226867675781
influenceListGreedy,100,70,2,1921.08,0.08267998695373535
influenceListGreedy,100,70,3,1934.09,0.07656598091125488
influenceListGreedy,100,70,4,1967.21,0.07912111282348633
influenceListGreedy,100,70,5,1961.67,0.07632231712341309
influenceListGreedy,100,70,6,2079.65,0.07689976692199707
influenceListGreedy,100,70,7,1884.97,0.07752609252929688
influenceListGreedy,100,70,8,2046.21,0.08058524131774902
influenceListGreedy,100,70,9,1930.36,0.07663798332214355
influenceListGreedy,100,70,10,1970.37,0.07920575141906738
influenceListGreedy,100,70,11,1950.41,0.07787942886352539
influenceListGreedy,100,70,12,1806.39,0.0799398422241211
influenceListGreedy,100,70,13,1911.98,0.0805351734161377
influenceListGreedy,100,70,14,1805.8,0.07960343360900879
influenceListGreedy,100,70,15,2114.67,0.08343696594238281
influenceListGreedy,100,70,16,2300.2,0.07928633689880371
influenceListGreedy,100,70,17,2047.0,0.07894110679626465
influenceListGreedy,100,70,18,1944.17,0.08574891090393066
influenceListGreedy,100,70,19,2064.73,0.08342981338500977
influenceListGreedy,100,70,20,1955.75,0.07564401626586914
influenceListGreedy,100,70,21,1861.47,0.0756990909576416
influenceListGreedy,100,70,22,2000.17,0.07836794853210449
influenceListGreedy,100,70,23,1983.39,0.07644200325012207
influenceListGreedy,100,70,24,1931.57,0.07587385177612305
influenceListGreedy,100,70,25,1849.19,0.07660412788391113
influenceListGreedy,100,70,26,2057.34,0.07792878150939941
influenceListGreedy,100,70,27,1935.61,0.07636165618896484
influenceListGreedy,100,70,28,1764.65,0.07352542877197266
influenceListGreedy,100,70,29,2023.65,0.07756161689758301
influenceListGreedy,100,70,30,1921.39,0.08256125450134277
influenceListGreedy,100,70,31,2051.4,0.07671523094177246
influenceListGreedy,100,70,32,2101.19,0.0789799690246582
influenceListGreedy,100,70,33,1846.18,0.07781243324279785
influenceListGreedy,100,70,34,2083.14,0.08024811744689941
influenceListGreedy,100,70,35,2042.99,0.07657122611999512
influenceListGreedy,100,70,36,1845.31,0.07438945770263672
influenceListGreedy,100,70,37,1912.49,0.07501626014709473
influenceListGreedy,100,70,38,1958.21,0.07916855812072754
influenceListGreedy,100,70,39,1941.62,0.07761216163635254
influenceListGreedy,100,70,40,2008.76,0.07649612426757812
influenceListGreedy,100,70,41,2020.79,0.07669830322265625
influenceListGreedy,100,70,42,1913.66,0.07746720314025879
influenceListGreedy,100,70,43,1968.51,0.07752203941345215
influenceListGreedy,100,70,44,1919.76,0.07805180549621582
influenceListGreedy,100,70,45,1952.61,0.07586812973022461
influenceListGreedy,100,70,46,1856.95,0.08804893493652344
influenceListGreedy,100,70,47,1844.58,0.0765693187713623
influenceListGreedy,100,70,48,2151.12,0.08376193046569824
influenceListGreedy,100,70,49,1823.79,0.07541990280151367
influenceListGreedy,100,70,50,2010.76,0.08311724662780762
influenceListGreedy,100,70,51,2025.53,0.07903051376342773
influenceListGreedy,100,70,52,1917.51,0.08000469207763672
influenceListGreedy,100,70,53,1769.73,0.07977819442749023
influenceListGreedy,100,70,54,2058.09,0.07647156715393066
influenceListGreedy,100,70,55,1734.37,0.07558917999267578
influenceListGreedy,100,70,56,2021.1,0.08353781700134277
influenceListGreedy,100,70,57,1933.96,0.07817649841308594
influenceListGreedy,100,70,58,1941.72,0.07709026336669922
influenceListGreedy,100,70,59,1946.09,0.08700966835021973
influenceListGreedy,100,70,60,1955.32,0.07872748374938965
influenceListGreedy,100,70,61,2083.97,0.07707357406616211
influenceListGreedy,100,70,62,1842.16,0.07653546333312988
influenceListGreedy,100,70,63,1888.83,0.08447480201721191
influenceListGreedy,100,70,64,1884.34,0.0758202075958252
influenceListGreedy,100,70,65,1929.39,0.07771039009094238
influenceListGreedy,100,70,66,1974.23,0.07692289352416992
influenceListGreedy,100,70,67,1930.86,0.07927250862121582
influenceListGreedy,100,70,68,1946.54,0.08192873001098633
influenceListGreedy,100,70,69,2054.83,0.07651185989379883
influenceListGreedy,100,70,70,1860.14,0.07693791389465332
influenceListGreedy,100,70,71,2014.42,0.07646512985229492
influenceListGreedy,100,70,72,1815.98,0.07584857940673828
influenceListGreedy,100,70,73,1981.63,0.07918071746826172
influenceListGreedy,100,70,74,2027.81,0.08770179748535156
influenceListGreedy,100,70,75,2098.13,0.07670426368713379
influenceListGreedy,100,70,76,1886.62,0.07712054252624512
influenceListGreedy,100,70,77,1938.49,0.0786280632019043
influenceListGreedy,100,70,78,2277.56,0.0792851448059082
influenceListGreedy,100,70,79,2182.34,0.07790207862854004
influenceListGreedy,100,70,80,1821.07,0.07645416259765625
influenceListGreedy,100,70,81,1835.28,0.07635307312011719
influenceListGreedy,100,70,82,2023.69,0.07593035697937012
influenceListGreedy,100,70,83,2014.61,0.07807350158691406
influenceListGreedy,100,70,84,1859.73,0.0768735408782959
influenceListGreedy,100,70,85,1827.21,0.08279967308044434
influenceListGreedy,100,70,86,1843.95,0.07639074325561523
influenceListGreedy,100,70,87,1971.13,0.0782768726348877
influenceListGreedy,100,70,88,1754.92,0.0795137882232666
influenceListGreedy,100,70,89,2021.66,0.08105778694152832
influenceListGreedy,100,70,90,1808.31,0.0758819580078125
influenceListGreedy,100,70,91,2012.39,0.07624363899230957
influenceListGreedy,100,70,92,1883.83,0.0753026008605957
influenceListGreedy,100,70,93,1829.65,0.08220410346984863
influenceListGreedy,100,70,94,1959.39,0.07698440551757812
influenceListGreedy,100,70,95,2077.92,0.07715225219726562
influenceListGreedy,100,70,96,1882.57,0.08021974563598633
influenceListGreedy,100,70,97,1963.07,0.07599973678588867
influenceListGreedy,100,70,98,2004.01,0.08780193328857422
influenceListGreedy,100,70,99,2108.47,0.0803980827331543
influenceListGreedy,100,80,0,1844.58,0.07809758186340332
influenceListGreedy,100,80,1,1944.23,0.07789421081542969
influenceListGreedy,100,80,2,1855.87,0.07631254196166992
influenceListGreedy,100,80,3,1923.25,0.07615351676940918
influenceListGreedy,100,80,4,2012.46,0.08404350280761719
influenceListGreedy,100,80,5,1916.5,0.0792090892791748
influenceListGreedy,100,80,6,2147.69,0.07657194137573242
influenceListGreedy,100,80,7,2072.84,0.07976555824279785
influenceListGreedy,100,80,8,2007.2,0.08103418350219727
influenceListGreedy,100,80,9,2063.93,0.08021235466003418
influenceListGreedy,100,80,10,1960.55,0.07799196243286133
influenceListGreedy,100,80,11,1914.87,0.07913351058959961
influenceListGreedy,100,80,12,1795.27,0.08170580863952637
influenceListGreedy,100,80,13,1925.57,0.07851552963256836
influenceListGreedy,100,80,14,1918.39,0.07660436630249023
influenceListGreedy,100,80,15,2079.44,0.07932209968566895
influenceListGreedy,100,80,16,2097.86,0.07829809188842773
influenceListGreedy,100,80,17,2081.22,0.07665181159973145
influenceListGreedy,100,80,18,1944.17,0.08605551719665527
influenceListGreedy,100,80,19,2064.73,0.08114814758300781
influenceListGreedy,100,80,20,1819.59,0.07475137710571289
influenceListGreedy,100,80,21,1863.9,0.07606649398803711
influenceListGreedy,100,80,22,2020.69,0.07563424110412598
influenceListGreedy,100,80,23,2207.75,0.07790446281433105
influenceListGreedy,100,80,24,1921.29,0.07773041725158691
influenceListGreedy,100,80,25,1898.21,0.076568603515625
influenceListGreedy,100,80,26,2057.34,0.07783889770507812
influenceListGreedy,100,80,27,1935.61,0.07556295394897461
influenceListGreedy,100,80,28,1764.65,0.07770800590515137
influenceListGreedy,100,80,29,1971.97,0.07740306854248047
influenceListGreedy,100,80,30,2009.44,0.07853960990905762
influenceListGreedy,100,80,31,2051.4,0.07764768600463867
influenceListGreedy,100,80,32,2087.04,0.07849764823913574
influenceListGreedy,100,80,33,1875.95,0.0789790153503418
influenceListGreedy,100,80,34,2006.92,0.07852363586425781
influenceListGreedy,100,80,35,2008.57,0.08649611473083496
influenceListGreedy,100,80,36,1859.99,0.07495522499084473
influenceListGreedy,100,80,37,2014.68,0.08005023002624512
influenceListGreedy,100,80,38,1915.63,0.07637310028076172
influenceListGreedy,100,80,39,1941.62,0.07521796226501465
influenceListGreedy,100,80,40,1942.23,0.07742643356323242
influenceListGreedy,100,80,41,2030.14,0.07815194129943848
influenceListGreedy,100,80,42,2071.15,0.07652926445007324
influenceListGreedy,100,80,43,1980.85,0.07700490951538086
influenceListGreedy,100,80,44,1919.76,0.08677554130554199
influenceListGreedy,100,80,45,1958.93,0.07532334327697754
influenceListGreedy,100,80,46,1881.91,0.07706522941589355
influenceListGreedy,100,80,47,1941.17,0.07736635208129883
influenceListGreedy,100,80,48,2084.65,0.08038783073425293
influenceListGreedy,100,80,49,1968.16,0.07770252227783203
influenceListGreedy,100,80,50,2141.69,0.0764915943145752
influenceListGreedy,100,80,51,1989.06,0.07694220542907715
influenceListGreedy,100,80,52,1907.82,0.07804274559020996
influenceListGreedy,100,80,53,1869.82,0.07835578918457031
influenceListGreedy,100,80,54,2058.09,0.07707452774047852
influenceListGreedy,100,80,55,1914.99,0.07744812965393066
influenceListGreedy,100,80,56,1924.6,0.07916951179504395
influenceListGreedy,100,80,57,2085.65,0.0856621265411377
influenceListGreedy,100,80,58,1962.45,0.07730293273925781
influenceListGreedy,100,80,59,1951.86,0.08064579963684082
influenceListGreedy,100,80,60,1944.88,0.07627320289611816
influenceListGreedy,100,80,61,2174.69,0.07834553718566895
influenceListGreedy,100,80,62,2005.05,0.07703971862792969
influenceListGreedy,100,80,63,1850.74,0.08134150505065918
influenceListGreedy,100,80,64,1850.86,0.07649970054626465
influenceListGreedy,100,80,65,1982.4,0.07638287544250488
influenceListGreedy,100,80,66,1922.91,0.07777953147888184
influenceListGreedy,100,80,67,1918.76,0.07878565788269043
influenceListGreedy,100,80,68,1931.54,0.0830998420715332
influenceListGreedy,100,80,69,1997.53,0.07542848587036133
influenceListGreedy,100,80,70,1860.14,0.07814598083496094
influenceListGreedy,100,80,71,2015.31,0.07589483261108398
influenceListGreedy,100,80,72,1806.34,0.0835733413696289
influenceListGreedy,100,80,73,1884.24,0.07817316055297852
influenceListGreedy,100,80,74,1999.92,0.08051037788391113
influenceListGreedy,100,80,75,2035.07,0.0765841007232666
influenceListGreedy,100,80,76,1843.07,0.07630705833435059
influenceListGreedy,100,80,77,1773.66,0.07781314849853516
influenceListGreedy,100,80,78,2277.56,0.07852935791015625
influenceListGreedy,100,80,79,2060.69,0.0771477222442627
influenceListGreedy,100,80,80,1779.36,0.07862687110900879
influenceListGreedy,100,80,81,1832.93,0.07805538177490234
influenceListGreedy,100,80,82,1940.49,0.07655477523803711
influenceListGreedy,100,80,83,2002.3,0.0777597427368164
influenceListGreedy,100,80,84,1756.64,0.07727837562561035
influenceListGreedy,100,80,85,1827.21,0.07601761817932129
influenceListGreedy,100,80,86,1843.95,0.0766897201538086
influenceListGreedy,100,80,87,2053.16,0.07692861557006836
influenceListGreedy,100,80,88,2035.89,0.07810354232788086
influenceListGreedy,100,80,89,2003.91,0.07630276679992676
influenceListGreedy,100,80,90,1926.15,0.0810401439666748
influenceListGreedy,100,80,91,2012.39,0.07693219184875488
influenceListGreedy,100,80,92,1827.09,0.07843565940856934
influenceListGreedy,100,80,93,1850.71,0.07851624488830566
influenceListGreedy,100,80,94,1945.95,0.0776665210723877
influenceListGreedy,100,80,95,2168.32,0.07484126091003418
influenceListGreedy,100,80,96,1882.57,0.0776224136352539
influenceListGreedy,100,80,97,2004.56,0.07552480697631836
influenceListGreedy,100,80,98,1935.68,0.07841825485229492
influenceListGreedy,100,80,99,2206.38,0.08069515228271484
influenceListGreedy,100,90,0,1898.91,0.08358478546142578
influenceListGreedy,100,90,1,1999.52,0.07680130004882812
influenceListGreedy,100,90,2,1941.03,0.07956099510192871
influenceListGreedy,100,90,3,1923.25,0.08037900924682617
influenceListGreedy,100,90,4,2012.46,0.08343672752380371
influenceListGreedy,100,90,5,1916.5,0.07842731475830078
influenceListGreedy,100,90,6,2147.69,0.07642340660095215
influenceListGreedy,100,90,7,2072.84,0.07763552665710449
influenceListGreedy,100,90,8,2007.2,0.08260250091552734
influenceListGreedy,100,90,9,2043.27,0.07889270782470703
influenceListGreedy,100,90,10,1960.55,0.07736396789550781
influenceListGreedy,100,90,11,2072.09,0.07784461975097656
influenceListGreedy,100,90,12,1795.27,0.08176565170288086
influenceListGreedy,100,90,13,1925.57,0.07716226577758789
influenceListGreedy,100,90,14,1964.75,0.07950186729431152
influenceListGreedy,100,90,15,2071.94,0.0804753303527832
influenceListGreedy,100,90,16,2097.86,0.07539582252502441
influenceListGreedy,100,90,17,2081.22,0.07863569259643555
influenceListGreedy,100,90,18,1911.58,0.07879376411437988
influenceListGreedy,100,90,19,2064.73,0.08005785942077637
influenceListGreedy,100,90,20,1819.59,0.07775425910949707
influenceListGreedy,100,90,21,1863.9,0.0760965347290039
influenceListGreedy,100,90,22,1987.62,0.07806730270385742
influenceListGreedy,100,90,23,2124.08,0.07740664482116699
influenceListGreedy,100,90,24,1925.33,0.07950997352600098
influenceListGreedy,100,90,25,2080.99,0.0755300521850586
influenceListGreedy,100,90,26,2057.34,0.07781291007995605
influenceListGreedy,100,90,27,1960.61,0.07655882835388184
influenceListGreedy,100,90,28,1764.65,0.07857775688171387
influenceListGreedy,100,90,29,1971.97,0.08550524711608887
influenceListGreedy,100,90,30,2031.49,0.07721328735351562
influenceListGreedy,100,90,31,2051.4,0.07737612724304199
influenceListGreedy,100,90,32,2087.04,0.07858157157897949
influenceListGreedy,100,90,33,1875.95,0.07615852355957031
influenceListGreedy,100,90,34,2006.92,0.0787191390991211
influenceListGreedy,100,90,35,2008.57,0.07724905014038086
influenceListGreedy,100,90,36,1859.99,0.07480740547180176
influenceListGreedy,100,90,37,2004.76,0.07564377784729004
influenceListGreedy,100,90,38,1915.63,0.0807342529296875
influenceListGreedy,100,90,39,1941.62,0.07918691635131836
influenceListGreedy,100,90,40,1836.17,0.07890105247497559
influenceListGreedy,100,90,41,2111.82,0.07831692695617676
influenceListGreedy,100,90,42,1962.44,0.07596349716186523
influenceListGreedy,100,90,43,1945.32,0.07747459411621094
influenceListGreedy,100,90,44,1919.76,0.07666945457458496
influenceListGreedy,100,90,45,1957.13,0.07734847068786621
influenceListGreedy,100,90,46,1925.92,0.07621455192565918
influenceListGreedy,100,90,47,1941.17,0.07815217971801758
influenceListGreedy,100,90,48,2071.99,0.07788515090942383
influenceListGreedy,100,90,49,1968.16,0.08352231979370117
influenceListGreedy,100,90,50,2129.97,0.07665824890136719
influenceListGreedy,100,90,51,1989.06,0.07797074317932129
influenceListGreedy,100,90,52,1907.82,0.0783693790435791
influenceListGreedy,100,90,53,1869.82,0.08217167854309082
influenceListGreedy,100,90,54,2058.09,0.07671046257019043
influenceListGreedy,100,90,55,1799.91,0.075531005859375
influenceListGreedy,100,90,56,1924.6,0.07778358459472656
influenceListGreedy,100,90,57,2098.74,0.0775153636932373
influenceListGreedy,100,90,58,1923.28,0.0767829418182373
influenceListGreedy,100,90,59,1982.02,0.08513092994689941
influenceListGreedy,100,90,60,1944.88,0.07608413696289062
influenceListGreedy,100,90,61,2174.69,0.07751727104187012
influenceListGreedy,100,90,62,2005.05,0.08162069320678711
influenceListGreedy,100,90,63,1880.42,0.08209061622619629
influenceListGreedy,100,90,64,1914.65,0.07742667198181152
influenceListGreedy,100,90,65,1982.4,0.0777580738067627
influenceListGreedy,100,90,66,1922.91,0.07887887954711914
influenceListGreedy,100,90,67,1918.76,0.07891225814819336
influenceListGreedy,100,90,68,1987.46,0.0789330005645752
influenceListGreedy,100,90,69,1997.53,0.07680177688598633
influenceListGreedy,100,90,70,1860.14,0.0766444206237793
influenceListGreedy,100,90,71,2074.82,0.07784795761108398
influenceListGreedy,100,90,72,1851.94,0.08006167411804199
influenceListGreedy,100,90,73,1884.24,0.0790708065032959
influenceListGreedy,100,90,74,1999.92,0.07901525497436523
influenceListGreedy,100,90,75,1929.8,0.08312487602233887
influenceListGreedy,100,90,76,1968.52,0.07688713073730469
influenceListGreedy,100,90,77,1745.39,0.07885122299194336
influenceListGreedy,100,90,78,2277.56,0.07722806930541992
influenceListGreedy,100,90,79,2060.69,0.0758061408996582
influenceListGreedy,100,90,80,1790.65,0.07657885551452637
influenceListGreedy,100,90,81,1817.31,0.07846355438232422
influenceListGreedy,100,90,82,1876.37,0.07552933692932129
influenceListGreedy,100,90,83,1984.99,0.07714605331420898
influenceListGreedy,100,90,84,1877.81,0.08138704299926758
influenceListGreedy,100,90,85,1827.21,0.07644057273864746
influenceListGreedy,100,90,86,1843.95,0.07776570320129395
influenceListGreedy,100,90,87,2053.16,0.07646417617797852
influenceListGreedy,100,90,88,2003.91,0.08011436462402344
influenceListGreedy,100,90,89,2003.91,0.07595944404602051
influenceListGreedy,100,90,90,1920.07,0.07742118835449219
influenceListGreedy,100,90,91,2012.39,0.07636046409606934
influenceListGreedy,100,90,92,1887.64,0.07638907432556152
influenceListGreedy,100,90,93,1822.55,0.07918763160705566
influenceListGreedy,100,90,94,1945.95,0.07787299156188965
influenceListGreedy,100,90,95,2156.32,0.07965397834777832
influenceListGreedy,100,90,96,1882.57,0.07752060890197754
influenceListGreedy,100,90,97,2089.1,0.08338427543640137
influenceListGreedy,100,90,98,1865.16,0.07800078392028809
influenceListGreedy,100,90,99,2205.05,0.07959127426147461
influenceListGreedy,100,100,0,1898.91,0.08504509925842285
influenceListGreedy,100,100,1,1939.02,0.07888054847717285
influenceListGreedy,100,100,2,1982.9,0.07808113098144531
influenceListGreedy,100,100,3,1923.25,0.0754246711730957
influenceListGreedy,100,100,4,2012.46,0.08304548263549805
influenceListGreedy,100,100,5,1916.5,0.0774376392364502
influenceListGreedy,100,100,6,2147.69,0.07704353332519531
influenceListGreedy,100,100,7,2072.84,0.07867884635925293
influenceListGreedy,100,100,8,2007.2,0.08294153213500977
influenceListGreedy,100,100,9,2043.27,0.07865023612976074
influenceListGreedy,100,100,10,1960.55,0.0748593807220459
influenceListGreedy,100,100,11,2072.09,0.0773005485534668
influenceListGreedy,100,100,12,1795.27,0.08344864845275879
influenceListGreedy,100,100,13,1925.57,0.0774240493774414
influenceListGreedy,100,100,14,1964.75,0.0793764591217041
influenceListGreedy,100,100,15,2154.22,0.07941222190856934
influenceListGreedy,100,100,16,2058.77,0.07899308204650879
influenceListGreedy,100,100,17,2081.22,0.07831931114196777
influenceListGreedy,100,100,18,2033.63,0.08781003952026367
influenceListGreedy,100,100,19,2064.73,0.0804436206817627
influenceListGreedy,100,100,20,1819.59,0.07594442367553711
influenceListGreedy,100,100,21,1863.9,0.0765228271484375
influenceListGreedy,100,100,22,1987.62,0.07693266868591309
influenceListGreedy,100,100,23,2123.52,0.08251500129699707
influenceListGreedy,100,100,24,1907.1,0.07686090469360352
influenceListGreedy,100,100,25,2080.99,0.07758665084838867
influenceListGreedy,100,100,26,2057.34,0.07882452011108398
influenceListGreedy,100,100,27,1959.61,0.07557535171508789
influenceListGreedy,100,100,28,1764.65,0.0776817798614502
influenceListGreedy,100,100,29,1954.1,0.07652759552001953
influenceListGreedy,100,100,30,2031.49,0.07766199111938477
influenceListGreedy,100,100,31,2051.4,0.07725214958190918
influenceListGreedy,100,100,32,2087.04,0.07872772216796875
influenceListGreedy,100,100,33,1875.95,0.07612729072570801
influenceListGreedy,100,100,34,2006.92,0.08339858055114746
influenceListGreedy,100,100,35,2008.57,0.07715392112731934
influenceListGreedy,100,100,36,1859.99,0.07760334014892578
influenceListGreedy,100,100,37,2004.76,0.07614684104919434
influenceListGreedy,100,100,38,1915.63,0.07631683349609375
influenceListGreedy,100,100,39,1941.62,0.07828140258789062
influenceListGreedy,100,100,40,1836.17,0.07670235633850098
influenceListGreedy,100,100,41,2143.98,0.0754704475402832
influenceListGreedy,100,100,42,1962.44,0.0764615535736084
influenceListGreedy,100,100,43,1928.65,0.07669949531555176
influenceListGreedy,100,100,44,1919.76,0.07781481742858887
influenceListGreedy,100,100,45,1957.13,0.08504557609558105
influenceListGreedy,100,100,46,1925.92,0.07552957534790039
influenceListGreedy,100,100,47,1941.17,0.07646870613098145
influenceListGreedy,100,100,48,2071.99,0.07858848571777344
influenceListGreedy,100,100,49,1968.16,0.07819557189941406
influenceListGreedy,100,100,50,2129.97,0.07753324508666992
influenceListGreedy,100,100,51,1989.06,0.07680535316467285
influenceListGreedy,100,100,52,1907.82,0.0782010555267334
influenceListGreedy,100,100,53,1869.82,0.07776713371276855
influenceListGreedy,100,100,54,2058.09,0.0776054859161377
influenceListGreedy,100,100,55,1799.91,0.07727932929992676
influenceListGreedy,100,100,56,1924.6,0.07974553108215332
influenceListGreedy,100,100,57,2098.74,0.07731366157531738
influenceListGreedy,100,100,58,1923.28,0.08463883399963379
influenceListGreedy,100,100,59,1982.02,0.08373165130615234
influenceListGreedy,100,100,60,1944.88,0.0764925479888916
influenceListGreedy,100,100,61,2174.69,0.07719898223876953
influenceListGreedy,100,100,62,2005.05,0.07667374610900879
influenceListGreedy,100,100,63,1909.61,0.08189702033996582
influenceListGreedy,100,100,64,1914.65,0.07634639739990234
influenceListGreedy,100,100,65,1982.4,0.07616829872131348
influenceListGreedy,100,100,66,1922.91,0.07793164253234863
influenceListGreedy,100,100,67,1918.76,0.0787818431854248
influenceListGreedy,100,100,68,1987.46,0.08021092414855957
influenceListGreedy,100,100,69,1997.53,0.08310079574584961
influenceListGreedy,100,100,70,1860.14,0.0799565315246582
influenceListGreedy,100,100,71,2074.82,0.07661747932434082
influenceListGreedy,100,100,72,1851.94,0.08095431327819824
influenceListGreedy,100,100,73,1884.24,0.07789254188537598
influenceListGreedy,100,100,74,1999.92,0.08062362670898438
influenceListGreedy,100,100,75,1929.8,0.07658696174621582
influenceListGreedy,100,100,76,1968.52,0.07750725746154785
influenceListGreedy,100,100,77,1783.33,0.0769357681274414
influenceListGreedy,100,100,78,2277.56,0.0777730941772461
influenceListGreedy,100,100,79,2060.69,0.07660055160522461
influenceListGreedy,100,100,80,1790.65,0.07645487785339355
influenceListGreedy,100,100,81,1817.31,0.07699728012084961
influenceListGreedy,100,100,82,1876.37,0.07678413391113281
influenceListGreedy,100,100,83,1984.99,0.07627320289611816
influenceListGreedy,100,100,84,1877.81,0.07824921607971191
influenceListGreedy,100,100,85,1827.21,0.07611393928527832
influenceListGreedy,100,100,86,1843.95,0.07612895965576172
influenceListGreedy,100,100,87,2053.16,0.07652831077575684
influenceListGreedy,100,100,88,2003.91,0.0784914493560791
influenceListGreedy,100,100,89,2003.91,0.07585263252258301
influenceListGreedy,100,100,90,1920.07,0.07687616348266602
influenceListGreedy,100,100,91,2081.99,0.08291125297546387
influenceListGreedy,100,100,92,1887.64,0.07591962814331055
influenceListGreedy,100,100,93,1822.55,0.08052468299865723
influenceListGreedy,100,100,94,1945.95,0.07644057273864746
influenceListGreedy,100,100,95,2156.32,0.07514548301696777
influenceListGreedy,100,100,96,1882.57,0.07641005516052246
influenceListGreedy,100,100,97,2089.1,0.07656741142272949
influenceListGreedy,100,100,98,1865.16,0.07747960090637207
influenceListGreedy,100,100,99,2188.74,0.07782459259033203
influenceListGreedy,300,0,0,5223.55,0.11595678329467773
influenceListGreedy,300,0,1,5272.13,0.1101076602935791
influenceListGreedy,300,0,2,5262.12,0.11228060722351074
influenceListGreedy,300,0,3,5225.85,0.11083054542541504
influenceListGreedy,300,0,4,5524.75,0.10878539085388184
influenceListGreedy,300,0,5,5305.07,0.1104586124420166
influenceListGreedy,300,0,6,5424.42,0.10871100425720215
influenceListGreedy,300,0,7,5067.2,0.1093592643737793
influenceListGreedy,300,0,8,5224.92,0.11671757698059082
influenceListGreedy,300,0,9,5399.18,0.1166529655456543
influenceListGreedy,300,0,10,5509.69,0.11087703704833984
influenceListGreedy,300,0,11,5399.57,0.11014270782470703
influenceListGreedy,300,0,12,5366.59,0.11663484573364258
influenceListGreedy,300,0,13,5337.6,0.1088874340057373
influenceListGreedy,300,0,14,5426.58,0.11849212646484375
influenceListGreedy,300,0,15,5209.57,0.10926151275634766
influenceListGreedy,300,0,16,5265.99,0.11658167839050293
influenceListGreedy,300,0,17,5304.43,0.10897970199584961
influenceListGreedy,300,0,18,5397.77,0.10872244834899902
influenceListGreedy,300,0,19,5397.02,0.10972189903259277
influenceListGreedy,300,0,20,5290.43,0.11104798316955566
influenceListGreedy,300,0,21,5491.47,0.10824346542358398
influenceListGreedy,300,0,22,5393.82,0.10927104949951172
influenceListGreedy,300,0,23,5176.53,0.1094503402709961
influenceListGreedy,300,0,24,5401.31,0.10869145393371582
influenceListGreedy,300,0,25,5276.1,0.1168220043182373
influenceListGreedy,300,0,26,5477.82,0.10882115364074707
influenceListGreedy,300,0,27,5207.14,0.11629247665405273
influenceListGreedy,300,0,28,5317.51,0.11111831665039062
influenceListGreedy,300,0,29,5547.52,0.11674094200134277
influenceListGreedy,300,0,30,5426.63,0.11691808700561523
influenceListGreedy,300,0,31,5395.62,0.10950255393981934
influenceListGreedy,300,0,32,5333.11,0.1101524829864502
influenceListGreedy,300,0,33,5370.6,0.10996055603027344
influenceListGreedy,300,0,34,5302.98,0.10881209373474121
influenceListGreedy,300,0,35,5335.66,0.11436009407043457
influenceListGreedy,300,0,36,5389.84,0.1132504940032959
influenceListGreedy,300,0,37,5490.32,0.10956168174743652
influenceListGreedy,300,0,38,5427.87,0.11214995384216309
influenceListGreedy,300,0,39,5534.65,0.11014509201049805
influenceListGreedy,300,0,40,5292.82,0.11367058753967285
influenceListGreedy,300,0,41,5462.26,0.10991334915161133
influenceListGreedy,300,0,42,5415.3,0.11682558059692383
influenceListGreedy,300,0,43,5418.17,0.11043119430541992
influenceListGreedy,300,0,44,5505.48,0.11120414733886719
influenceListGreedy,300,0,45,5310.19,0.11366868019104004
influenceListGreedy,300,0,46,5232.96,0.1103971004486084
influenceListGreedy,300,0,47,5417.37,0.11181163787841797
influenceListGreedy,300,0,48,5026.59,0.11188721656799316
influenceListGreedy,300,0,49,5354.38,0.10885977745056152
influenceListGreedy,300,0,50,5593.17,0.11624646186828613
influenceListGreedy,300,0,51,5424.98,0.11246466636657715
influenceListGreedy,300,0,52,5164.29,0.11030006408691406
influenceListGreedy,300,0,53,5213.86,0.10922718048095703
influenceListGreedy,300,0,54,5439.37,0.11826491355895996
influenceListGreedy,300,0,55,5155.69,0.11017918586730957
influenceListGreedy,300,0,56,5488.62,0.10952520370483398
influenceListGreedy,300,0,57,5282.86,0.11014604568481445
influenceListGreedy,300,0,58,5384.86,0.10895514488220215
influenceListGreedy,300,0,59,5401.66,0.11827659606933594
influenceListGreedy,300,0,60,5441.11,0.11137056350708008
influenceListGreedy,300,0,61,5331.68,0.11232876777648926
influenceListGreedy,300,0,62,5174.81,0.11017012596130371
influenceListGreedy,300,0,63,5346.78,0.1096341609954834
influenceListGreedy,300,0,64,5473.2,0.11066842079162598
influenceListGreedy,300,0,65,5549.1,0.11759376525878906
influenceListGreedy,300,0,66,5376.14,0.11332511901855469
influenceListGreedy,300,0,67,5166.83,0.11095976829528809
influenceListGreedy,300,0,68,5593.42,0.11125779151916504
influenceListGreedy,300,0,69,5571.73,0.10992193222045898
influenceListGreedy,300,0,70,5383.59,0.11078166961669922
influenceListGreedy,300,0,71,5210.4,0.11409854888916016
influenceListGreedy,300,0,72,5385.59,0.11049127578735352
influenceListGreedy,300,0,73,5330.53,0.11083817481994629
influenceListGreedy,300,0,74,5514.4,0.10990405082702637
influenceListGreedy,300,0,75,5253.3,0.1077878475189209
influenceListGreedy,300,0,76,5351.2,0.10932350158691406
influenceListGreedy,300,0,77,5024.6,0.11743831634521484
influenceListGreedy,300,0,78,5490.14,0.1103665828704834
influenceListGreedy,300,0,79,5480.12,0.11606740951538086
influenceListGreedy,300,0,80,5657.71,0.11147785186767578
influenceListGreedy,300,0,81,5374.95,0.11032938957214355
influenceListGreedy,300,0,82,5416.31,0.12036418914794922
influenceListGreedy,300,0,83,5274.19,0.10870194435119629
influenceListGreedy,300,0,84,5449.77,0.10929107666015625
influenceListGreedy,300,0,85,5193.76,0.11704611778259277
influenceListGreedy,300,0,86,5176.18,0.10943460464477539
influenceListGreedy,300,0,87,5404.54,0.11222267150878906
influenceListGreedy,300,0,88,5436.0,0.11193704605102539
influenceListGreedy,300,0,89,5610.34,0.11643505096435547
influenceListGreedy,300,0,90,5372.85,0.10950994491577148
influenceListGreedy,300,0,91,5522.6,0.11099743843078613
influenceListGreedy,300,0,92,5477.8,0.11099720001220703
influenceListGreedy,300,0,93,5234.82,0.1104283332824707
influenceListGreedy,300,0,94,5233.89,0.11001038551330566
influenceListGreedy,300,0,95,5656.7,0.109039306640625
influenceListGreedy,300,0,96,5190.82,0.11244034767150879
influenceListGreedy,300,0,97,5489.82,0.11243963241577148
influenceListGreedy,300,0,98,5343.66,0.1114044189453125
influenceListGreedy,300,0,99,5374.1,0.1141350269317627
influenceListGreedy,300,10,0,5279.35,0.11207818984985352
influenceListGreedy,300,10,1,5113.43,0.11030745506286621
influenceListGreedy,300,10,2,5076.43,0.11459589004516602
influenceListGreedy,300,10,3,5173.86,0.11218047142028809
influenceListGreedy,300,10,4,5514.17,0.10915160179138184
influenceListGreedy,300,10,5,5622.47,0.11441493034362793
influenceListGreedy,300,10,6,5291.51,0.10846590995788574
influenceListGreedy,300,10,7,5291.97,0.11527156829833984
influenceListGreedy,300,10,8,5164.64,0.11491727828979492
influenceListGreedy,300,10,9,5237.67,0.11975407600402832
influenceListGreedy,300,10,10,5591.72,0.11015939712524414
influenceListGreedy,300,10,11,5475.27,0.11153554916381836
influenceListGreedy,300,10,12,5475.58,0.11212468147277832
influenceListGreedy,300,10,13,5502.08,0.10839247703552246
influenceListGreedy,300,10,14,5238.62,0.11298155784606934
influenceListGreedy,300,10,15,5306.03,0.10906529426574707
influenceListGreedy,300,10,16,5235.13,0.10956645011901855
influenceListGreedy,300,10,17,5108.06,0.11307072639465332
influenceListGreedy,300,10,18,5439.83,0.11779356002807617
influenceListGreedy,300,10,19,5482.44,0.11116576194763184
influenceListGreedy,300,10,20,5475.44,0.11308670043945312
influenceListGreedy,300,10,21,5497.88,0.11272144317626953
influenceListGreedy,300,10,22,5315.14,0.1106560230255127
influenceListGreedy,300,10,23,5362.89,0.11090850830078125
influenceListGreedy,300,10,24,5184.68,0.11805057525634766
influenceListGreedy,300,10,25,5402.61,0.1119389533996582
influenceListGreedy,300,10,26,5532.82,0.10988545417785645
influenceListGreedy,300,10,27,5300.43,0.11305689811706543
influenceListGreedy,300,10,28,5208.81,0.10866022109985352
influenceListGreedy,300,10,29,5338.68,0.11883807182312012
influenceListGreedy,300,10,30,5501.44,0.1164700984954834
influenceListGreedy,300,10,31,5310.15,0.10882687568664551
influenceListGreedy,300,10,32,5259.88,0.11744022369384766
influenceListGreedy,300,10,33,5288.27,0.1094825267791748
influenceListGreedy,300,10,34,5298.86,0.11195254325866699
influenceListGreedy,300,10,35,5266.56,0.11361169815063477
influenceListGreedy,300,10,36,5221.71,0.11420083045959473
influenceListGreedy,300,10,37,5554.14,0.11452913284301758
influenceListGreedy,300,10,38,5406.57,0.11079764366149902
influenceListGreedy,300,10,39,5406.68,0.11446237564086914
influenceListGreedy,300,10,40,5359.11,0.12150883674621582
influenceListGreedy,300,10,41,5456.99,0.11014270782470703
influenceListGreedy,300,10,42,5379.54,0.10869932174682617
influenceListGreedy,300,10,43,5498.61,0.11279630661010742
influenceListGreedy,300,10,44,5444.89,0.11256241798400879
influenceListGreedy,300,10,45,5444.1,0.11320209503173828
influenceListGreedy,300,10,46,5233.39,0.10968780517578125
influenceListGreedy,300,10,47,5466.25,0.11528301239013672
influenceListGreedy,300,10,48,5172.24,0.11473274230957031
influenceListGreedy,300,10,49,5363.23,0.1140587329864502
influenceListGreedy,300,10,50,5599.61,0.11873674392700195
influenceListGreedy,300,10,51,5455.96,0.11263751983642578
influenceListGreedy,300,10,52,5205.02,0.12404680252075195
influenceListGreedy,300,10,53,5122.56,0.11099457740783691
influenceListGreedy,300,10,54,5449.15,0.1119394302368164
influenceListGreedy,300,10,55,5401.72,0.1131134033203125
influenceListGreedy,300,10,56,5464.55,0.11782288551330566
influenceListGreedy,300,10,57,5431.12,0.1193399429321289
influenceListGreedy,300,10,58,5468.07,0.11946272850036621
influenceListGreedy,300,10,59,5405.97,0.11305594444274902
influenceListGreedy,300,10,60,5373.51,0.11270809173583984
influenceListGreedy,300,10,61,5195.76,0.11339306831359863
influenceListGreedy,300,10,62,5002.55,0.11046862602233887
influenceListGreedy,300,10,63,5275.12,0.10935282707214355
influenceListGreedy,300,10,64,5441.11,0.11091470718383789
influenceListGreedy,300,10,65,5272.68,0.11250853538513184
influenceListGreedy,300,10,66,5247.38,0.1099390983581543
influenceListGreedy,300,10,67,5216.43,0.11092042922973633
influenceListGreedy,300,10,68,5456.5,0.10991954803466797
influenceListGreedy,300,10,69,5358.67,0.11620306968688965
influenceListGreedy,300,10,70,5388.01,0.11033797264099121
influenceListGreedy,300,10,71,5071.25,0.12517428398132324
influenceListGreedy,300,10,72,5271.66,0.1089022159576416
influenceListGreedy,300,10,73,5382.46,0.11388611793518066
influenceListGreedy,300,10,74,5487.21,0.10987353324890137
influenceListGreedy,300,10,75,5212.23,0.10970187187194824
influenceListGreedy,300,10,76,5347.77,0.10952401161193848
influenceListGreedy,300,10,77,5246.23,0.1104438304901123
influenceListGreedy,300,10,78,5410.13,0.11870193481445312
influenceListGreedy,300,10,79,5334.08,0.11913347244262695
influenceListGreedy,300,10,80,5388.49,0.11152291297912598
influenceListGreedy,300,10,81,5415.98,0.11882233619689941
influenceListGreedy,300,10,82,5251.27,0.11022663116455078
influenceListGreedy,300,10,83,5291.3,0.11068320274353027
influenceListGreedy,300,10,84,5274.3,0.11052727699279785
influenceListGreedy,300,10,85,5145.31,0.11017584800720215
influenceListGreedy,300,10,86,5244.48,0.11285090446472168
influenceListGreedy,300,10,87,5375.06,0.12482643127441406
influenceListGreedy,300,10,88,5355.32,0.11674833297729492
influenceListGreedy,300,10,89,5392.14,0.11115694046020508
influenceListGreedy,300,10,90,5302.0,0.1152043342590332
influenceListGreedy,300,10,91,5553.46,0.1121683120727539
influenceListGreedy,300,10,92,5367.78,0.10962271690368652
influenceListGreedy,300,10,93,5310.58,0.11316204071044922
influenceListGreedy,300,10,94,5198.91,0.11145281791687012
influenceListGreedy,300,10,95,5455.66,0.11786079406738281
influenceListGreedy,300,10,96,5348.12,0.10856103897094727
influenceListGreedy,300,10,97,5427.82,0.11945843696594238
influenceListGreedy,300,10,98,5237.36,0.1131596565246582
influenceListGreedy,300,10,99,5255.53,0.1123807430267334
influenceListGreedy,300,20,0,5076.31,0.10584545135498047
influenceListGreedy,300,20,1,5188.48,0.1091156005859375
influenceListGreedy,300,20,2,5119.13,0.1189565658569336
influenceListGreedy,300,20,3,5325.78,0.11747193336486816
influenceListGreedy,300,20,4,5525.47,0.10920023918151855
influenceListGreedy,300,20,5,5360.09,0.11214590072631836
influenceListGreedy,300,20,6,5298.68,0.10950541496276855
influenceListGreedy,300,20,7,5140.99,0.10925459861755371
influenceListGreedy,300,20,8,5234.04,0.11729145050048828
influenceListGreedy,300,20,9,5403.71,0.1166994571685791
influenceListGreedy,300,20,10,5577.21,0.1129906177520752
influenceListGreedy,300,20,11,5322.56,0.10963129997253418
influenceListGreedy,300,20,12,5305.49,0.11025094985961914
influenceListGreedy,300,20,13,5467.66,0.1090695858001709
influenceListGreedy,300,20,14,5427.53,0.11088132858276367
influenceListGreedy,300,20,15,5346.74,0.10962820053100586
influenceListGreedy,300,20,16,5325.96,0.11513733863830566
influenceListGreedy,300,20,17,5267.99,0.10841894149780273
influenceListGreedy,300,20,18,5220.74,0.11608099937438965
influenceListGreedy,300,20,19,5439.73,0.11114358901977539
influenceListGreedy,300,20,20,5327.85,0.11216354370117188
influenceListGreedy,300,20,21,5354.63,0.10858964920043945
influenceListGreedy,300,20,22,5178.5,0.11797833442687988
influenceListGreedy,300,20,23,5352.53,0.11469221115112305
influenceListGreedy,300,20,24,5212.24,0.11354899406433105
influenceListGreedy,300,20,25,5284.4,0.11257672309875488
influenceListGreedy,300,20,26,5493.25,0.1083991527557373
influenceListGreedy,300,20,27,5367.45,0.11092305183410645
influenceListGreedy,300,20,28,5330.39,0.10822129249572754
influenceListGreedy,300,20,29,5293.84,0.11426687240600586
influenceListGreedy,300,20,30,5366.8,0.1156008243560791
influenceListGreedy,300,20,31,5228.1,0.10918736457824707
influenceListGreedy,300,20,32,5365.53,0.11928892135620117
influenceListGreedy,300,20,33,5096.26,0.10840725898742676
influenceListGreedy,300,20,34,5388.07,0.11510539054870605
influenceListGreedy,300,20,35,5393.6,0.1170966625213623
influenceListGreedy,300,20,36,5412.06,0.11703801155090332
influenceListGreedy,300,20,37,5499.48,0.10887932777404785
influenceListGreedy,300,20,38,5307.5,0.11242914199829102
influenceListGreedy,300,20,39,5452.78,0.11789155006408691
influenceListGreedy,300,20,40,5258.75,0.11295390129089355
influenceListGreedy,300,20,41,5506.59,0.11485695838928223
influenceListGreedy,300,20,42,5274.01,0.10858416557312012
influenceListGreedy,300,20,43,5277.82,0.10879087448120117
influenceListGreedy,300,20,44,5587.35,0.11237597465515137
influenceListGreedy,300,20,45,5408.07,0.11084246635437012
influenceListGreedy,300,20,46,5242.36,0.10889244079589844
influenceListGreedy,300,20,47,5498.5,0.1197361946105957
influenceListGreedy,300,20,48,5227.22,0.11919784545898438
influenceListGreedy,300,20,49,5312.15,0.10993838310241699
influenceListGreedy,300,20,50,5543.48,0.11347246170043945
influenceListGreedy,300,20,51,5352.9,0.11714506149291992
influenceListGreedy,300,20,52,5162.39,0.11434531211853027
influenceListGreedy,300,20,53,5318.61,0.11469674110412598
influenceListGreedy,300,20,54,5236.11,0.11347460746765137
influenceListGreedy,300,20,55,5289.1,0.10810494422912598
influenceListGreedy,300,20,56,5532.77,0.11614441871643066
influenceListGreedy,300,20,57,5477.3,0.11845731735229492
influenceListGreedy,300,20,58,5291.97,0.11058187484741211
influenceListGreedy,300,20,59,5266.37,0.1132965087890625
influenceListGreedy,300,20,60,5243.33,0.10783982276916504
influenceListGreedy,300,20,61,5318.47,0.11070966720581055
influenceListGreedy,300,20,62,5161.95,0.11363935470581055
influenceListGreedy,300,20,63,5458.39,0.10941362380981445
influenceListGreedy,300,20,64,5339.25,0.11809897422790527
influenceListGreedy,300,20,65,5400.38,0.11619782447814941
influenceListGreedy,300,20,66,5158.88,0.10918378829956055
influenceListGreedy,300,20,67,5108.82,0.11649942398071289
influenceListGreedy,300,20,68,5583.38,0.11294221878051758
influenceListGreedy,300,20,69,5362.07,0.10902690887451172
influenceListGreedy,300,20,70,5307.8,0.10950469970703125
influenceListGreedy,300,20,71,5150.35,0.1148843765258789
influenceListGreedy,300,20,72,5254.17,0.11376595497131348
influenceListGreedy,300,20,73,5210.09,0.11003732681274414
influenceListGreedy,300,20,74,5260.24,0.11165928840637207
influenceListGreedy,300,20,75,5211.52,0.11022567749023438
influenceListGreedy,300,20,76,5193.83,0.11019110679626465
influenceListGreedy,300,20,77,5167.07,0.11606073379516602
influenceListGreedy,300,20,78,5479.91,0.11675000190734863
influenceListGreedy,300,20,79,5491.53,0.1172327995300293
influenceListGreedy,300,20,80,5412.29,0.11126971244812012
influenceListGreedy,300,20,81,5595.74,0.1107943058013916
influenceListGreedy,300,20,82,5322.84,0.11305093765258789
influenceListGreedy,300,20,83,5235.0,0.11738467216491699
influenceListGreedy,300,20,84,5280.69,0.11314201354980469
influenceListGreedy,300,20,85,5382.95,0.10878705978393555
influenceListGreedy,300,20,86,5200.86,0.10967111587524414
influenceListGreedy,300,20,87,5324.09,0.11542153358459473
influenceListGreedy,300,20,88,5419.01,0.11037182807922363
influenceListGreedy,300,20,89,5348.93,0.11412167549133301
influenceListGreedy,300,20,90,5259.83,0.11527848243713379
influenceListGreedy,300,20,91,5481.8,0.1122124195098877
influenceListGreedy,300,20,92,5273.02,0.10813546180725098
influenceListGreedy,300,20,93,5234.6,0.11020040512084961
influenceListGreedy,300,20,94,5407.28,0.11969876289367676
influenceListGreedy,300,20,95,5551.35,0.10634660720825195
influenceListGreedy,300,20,96,5250.79,0.11722946166992188
influenceListGreedy,300,20,97,5436.45,0.10886359214782715
influenceListGreedy,300,20,98,5180.7,0.1104438304901123
influenceListGreedy,300,20,99,5330.99,0.12309670448303223
influenceListGreedy,300,30,0,5125.69,0.10773062705993652
influenceListGreedy,300,30,1,5297.78,0.11854958534240723
influenceListGreedy,300,30,2,5127.47,0.11160755157470703
influenceListGreedy,300,30,3,5257.82,0.11016154289245605
influenceListGreedy,300,30,4,5575.17,0.1092226505279541
influenceListGreedy,300,30,5,5266.09,0.11019611358642578
influenceListGreedy,300,30,6,5322.21,0.11318492889404297
influenceListGreedy,300,30,7,5189.4,0.11518621444702148
influenceListGreedy,300,30,8,5182.38,0.11077094078063965
influenceListGreedy,300,30,9,5262.71,0.11343216896057129
influenceListGreedy,300,30,10,5586.58,0.12402701377868652
influenceListGreedy,300,30,11,5261.73,0.11486411094665527
influenceListGreedy,300,30,12,5366.95,0.11113977432250977
influenceListGreedy,300,30,13,5536.03,0.10794401168823242
influenceListGreedy,300,30,14,5360.9,0.11088299751281738
influenceListGreedy,300,30,15,5111.32,0.11026763916015625
influenceListGreedy,300,30,16,5202.18,0.12399053573608398
influenceListGreedy,300,30,17,5309.24,0.11513543128967285
influenceListGreedy,300,30,18,5242.89,0.11945033073425293
influenceListGreedy,300,30,19,5313.6,0.11787796020507812
influenceListGreedy,300,30,20,5234.1,0.11141395568847656
influenceListGreedy,300,30,21,5452.2,0.11608195304870605
influenceListGreedy,300,30,22,5228.98,0.10869240760803223
influenceListGreedy,300,30,23,5298.11,0.11526346206665039
influenceListGreedy,300,30,24,5292.86,0.10934019088745117
influenceListGreedy,300,30,25,5262.78,0.11846280097961426
influenceListGreedy,300,30,26,5346.46,0.10948801040649414
influenceListGreedy,300,30,27,5176.39,0.11110997200012207
influenceListGreedy,300,30,28,5290.25,0.1101524829864502
influenceListGreedy,300,30,29,5401.48,0.1171731948852539
influenceListGreedy,300,30,30,5373.8,0.10858988761901855
influenceListGreedy,300,30,31,5607.14,0.11273550987243652
influenceListGreedy,300,30,32,5444.53,0.11644577980041504
influenceListGreedy,300,30,33,5349.29,0.11183643341064453
influenceListGreedy,300,30,34,5330.82,0.11772346496582031
influenceListGreedy,300,30,35,5252.94,0.1112217903137207
influenceListGreedy,300,30,36,5434.11,0.10926938056945801
influenceListGreedy,300,30,37,5532.67,0.11619925498962402
influenceListGreedy,300,30,38,5224.86,0.11006331443786621
influenceListGreedy,300,30,39,5448.57,0.11090898513793945
influenceListGreedy,300,30,40,5239.78,0.11938834190368652
influenceListGreedy,300,30,41,5422.28,0.10935068130493164
influenceListGreedy,300,30,42,5277.52,0.11120080947875977
influenceListGreedy,300,30,43,5364.13,0.12143588066101074
influenceListGreedy,300,30,44,5494.86,0.11117434501647949
influenceListGreedy,300,30,45,5327.4,0.1123354434967041
influenceListGreedy,300,30,46,5216.51,0.10920166969299316
influenceListGreedy,300,30,47,5389.06,0.11130452156066895
influenceListGreedy,300,30,48,5055.13,0.12039399147033691
influenceListGreedy,300,30,49,5266.38,0.1100316047668457
influenceListGreedy,300,30,50,5486.36,0.11232233047485352
influenceListGreedy,300,30,51,5304.49,0.10787701606750488
influenceListGreedy,300,30,52,5151.5,0.1130533218383789
influenceListGreedy,300,30,53,5324.69,0.11320710182189941
influenceListGreedy,300,30,54,5305.83,0.10993266105651855
influenceListGreedy,300,30,55,5250.66,0.10920977592468262
influenceListGreedy,300,30,56,5763.47,0.11470508575439453
influenceListGreedy,300,30,57,5393.92,0.1111001968383789
influenceListGreedy,300,30,58,5454.67,0.11246991157531738
influenceListGreedy,300,30,59,5244.3,0.11028051376342773
influenceListGreedy,300,30,60,5434.64,0.10922789573669434
influenceListGreedy,300,30,61,5443.76,0.10875606536865234
influenceListGreedy,300,30,62,5212.23,0.11457538604736328
influenceListGreedy,300,30,63,5260.79,0.10944604873657227
influenceListGreedy,300,30,64,5500.85,0.12212181091308594
influenceListGreedy,300,30,65,5369.75,0.10870122909545898
influenceListGreedy,300,30,66,5374.99,0.10834670066833496
influenceListGreedy,300,30,67,5266.45,0.11268901824951172
influenceListGreedy,300,30,68,5473.55,0.11859774589538574
influenceListGreedy,300,30,69,5460.26,0.11143898963928223
influenceListGreedy,300,30,70,5469.99,0.11377477645874023
influenceListGreedy,300,30,71,5212.15,0.12402153015136719
influenceListGreedy,300,30,72,5292.17,0.10869312286376953
influenceListGreedy,300,30,73,5351.57,0.1086885929107666
influenceListGreedy,300,30,74,5358.71,0.11102914810180664
influenceListGreedy,300,30,75,5075.95,0.10996294021606445
influenceListGreedy,300,30,76,5229.33,0.11385035514831543
influenceListGreedy,300,30,77,5029.44,0.11084628105163574
influenceListGreedy,300,30,78,5420.5,0.11237978935241699
influenceListGreedy,300,30,79,5457.16,0.11232995986938477
influenceListGreedy,300,30,80,5301.68,0.11492300033569336
influenceListGreedy,300,30,81,5402.17,0.11841320991516113
influenceListGreedy,300,30,82,5236.23,0.11277461051940918
influenceListGreedy,300,30,83,5332.75,0.11211705207824707
influenceListGreedy,300,30,84,5232.39,0.11416149139404297
influenceListGreedy,300,30,85,5263.4,0.11079883575439453
influenceListGreedy,300,30,86,5238.87,0.11342000961303711
influenceListGreedy,300,30,87,5283.02,0.11147141456604004
influenceListGreedy,300,30,88,5328.88,0.11365866661071777
influenceListGreedy,300,30,89,5370.1,0.11630702018737793
influenceListGreedy,300,30,90,5208.11,0.11741304397583008
influenceListGreedy,300,30,91,5433.48,0.11740541458129883
influenceListGreedy,300,30,92,5503.94,0.10858917236328125
influenceListGreedy,300,30,93,5330.86,0.11257457733154297
influenceListGreedy,300,30,94,5242.87,0.11269187927246094
influenceListGreedy,300,30,95,5515.81,0.11435627937316895
influenceListGreedy,300,30,96,5164.41,0.10984373092651367
influenceListGreedy,300,30,97,5419.59,0.11803007125854492
influenceListGreedy,300,30,98,5131.77,0.11236858367919922
influenceListGreedy,300,30,99,5475.77,0.10785269737243652
influenceListGreedy,300,40,0,5061.06,0.10952520370483398
influenceListGreedy,300,40,1,5233.25,0.11832952499389648
influenceListGreedy,300,40,2,5288.85,0.11051344871520996
influenceListGreedy,300,40,3,5464.24,0.11966538429260254
influenceListGreedy,300,40,4,5506.03,0.1093137264251709
influenceListGreedy,300,40,5,5411.92,0.11447620391845703
influenceListGreedy,300,40,6,5260.44,0.11585569381713867
influenceListGreedy,300,40,7,5251.44,0.1181035041809082
influenceListGreedy,300,40,8,5265.96,0.11246800422668457
influenceListGreedy,300,40,9,5297.72,0.11112761497497559
influenceListGreedy,300,40,10,5607.64,0.10994338989257812
influenceListGreedy,300,40,11,5241.49,0.1121675968170166
influenceListGreedy,300,40,12,5183.18,0.11055469512939453
influenceListGreedy,300,40,13,5367.26,0.11715888977050781
influenceListGreedy,300,40,14,5251.35,0.1106410026550293
influenceListGreedy,300,40,15,5175.18,0.11555624008178711
influenceListGreedy,300,40,16,5227.4,0.11707305908203125
influenceListGreedy,300,40,17,5230.28,0.11178302764892578
influenceListGreedy,300,40,18,5201.72,0.11398887634277344
influenceListGreedy,300,40,19,5286.21,0.12132048606872559
influenceListGreedy,300,40,20,5373.51,0.11727499961853027
influenceListGreedy,300,40,21,5436.44,0.10980749130249023
influenceListGreedy,300,40,22,5288.1,0.11706733703613281
influenceListGreedy,300,40,23,5113.78,0.11119341850280762
influenceListGreedy,300,40,24,5292.3,0.10974359512329102
influenceListGreedy,300,40,25,5356.19,0.11793947219848633
influenceListGreedy,300,40,26,5396.98,0.11362266540527344
influenceListGreedy,300,40,27,5185.61,0.11350560188293457
influenceListGreedy,300,40,28,5358.29,0.11002230644226074
influenceListGreedy,300,40,29,5225.63,0.11082839965820312
influenceListGreedy,300,40,30,5243.16,0.11615610122680664
influenceListGreedy,300,40,31,5476.57,0.11808609962463379
influenceListGreedy,300,40,32,5231.18,0.11715817451477051
influenceListGreedy,300,40,33,5399.39,0.11855244636535645
influenceListGreedy,300,40,34,5483.11,0.11111068725585938
influenceListGreedy,300,40,35,5178.27,0.10726404190063477
influenceListGreedy,300,40,36,5364.42,0.11390471458435059
influenceListGreedy,300,40,37,5404.03,0.11019730567932129
influenceListGreedy,300,40,38,5279.27,0.10973310470581055
influenceListGreedy,300,40,39,5534.18,0.11121582984924316
influenceListGreedy,300,40,40,5132.84,0.11274933815002441
influenceListGreedy,300,40,41,5288.79,0.10883021354675293
influenceListGreedy,300,40,42,5594.81,0.11448073387145996
influenceListGreedy,300,40,43,5326.4,0.10921716690063477
influenceListGreedy,300,40,44,5295.3,0.11061692237854004
influenceListGreedy,300,40,45,5254.26,0.11022830009460449
influenceListGreedy,300,40,46,5295.14,0.11303877830505371
influenceListGreedy,300,40,47,5262.55,0.10943245887756348
influenceListGreedy,300,40,48,5214.23,0.11088728904724121
influenceListGreedy,300,40,49,5218.13,0.1128227710723877
influenceListGreedy,300,40,50,5586.77,0.1117703914642334
influenceListGreedy,300,40,51,5475.97,0.11298394203186035
influenceListGreedy,300,40,52,5163.44,0.12067937850952148
influenceListGreedy,300,40,53,5104.2,0.11587643623352051
influenceListGreedy,300,40,54,5356.04,0.11202049255371094
influenceListGreedy,300,40,55,5274.42,0.11116600036621094
influenceListGreedy,300,40,56,5422.49,0.11377859115600586
influenceListGreedy,300,40,57,5397.46,0.11148285865783691
influenceListGreedy,300,40,58,5370.65,0.1200413703918457
influenceListGreedy,300,40,59,5279.2,0.11662817001342773
influenceListGreedy,300,40,60,5387.79,0.11094212532043457
influenceListGreedy,300,40,61,5588.87,0.11983108520507812
influenceListGreedy,300,40,62,5252.6,0.10878419876098633
influenceListGreedy,300,40,63,5385.53,0.10953354835510254
influenceListGreedy,300,40,64,5460.38,0.11234784126281738
influenceListGreedy,300,40,65,5321.45,0.11513638496398926
influenceListGreedy,300,40,66,5224.91,0.11968207359313965
influenceListGreedy,300,40,67,5108.43,0.11306881904602051
influenceListGreedy,300,40,68,5535.03,0.1152651309967041
influenceListGreedy,300,40,69,5506.95,0.11807966232299805
influenceListGreedy,300,40,70,5256.2,0.1112813949584961
influenceListGreedy,300,40,71,5273.25,0.1179952621459961
influenceListGreedy,300,40,72,5335.38,0.10904335975646973
influenceListGreedy,300,40,73,5367.2,0.11258816719055176
influenceListGreedy,300,40,74,5172.44,0.10983562469482422
influenceListGreedy,300,40,75,5162.41,0.10888957977294922
influenceListGreedy,300,40,76,5061.26,0.11756277084350586
influenceListGreedy,300,40,77,5136.19,0.11120176315307617
influenceListGreedy,300,40,78,5459.45,0.11168527603149414
influenceListGreedy,300,40,79,5386.1,0.12012100219726562
influenceListGreedy,300,40,80,5370.39,0.11254119873046875
influenceListGreedy,300,40,81,5383.66,0.11366915702819824
influenceListGreedy,300,40,82,5279.42,0.11864304542541504
influenceListGreedy,300,40,83,5246.9,0.10876107215881348
influenceListGreedy,300,40,84,5462.61,0.11257696151733398
influenceListGreedy,300,40,85,5250.09,0.11078333854675293
influenceListGreedy,300,40,86,5250.02,0.11703991889953613
influenceListGreedy,300,40,87,5391.07,0.11103677749633789
influenceListGreedy,300,40,88,5317.49,0.11279749870300293
influenceListGreedy,300,40,89,5309.59,0.10965943336486816
influenceListGreedy,300,40,90,5280.8,0.10872697830200195
influenceListGreedy,300,40,91,5577.91,0.11734151840209961
influenceListGreedy,300,40,92,5508.49,0.11494183540344238
influenceListGreedy,300,40,93,5199.92,0.11294436454772949
influenceListGreedy,300,40,94,5385.37,0.10796260833740234
influenceListGreedy,300,40,95,5433.21,0.10989928245544434
influenceListGreedy,300,40,96,5126.5,0.11224627494812012
influenceListGreedy,300,40,97,5476.54,0.10976266860961914
influenceListGreedy,300,40,98,5280.84,0.1114652156829834
influenceListGreedy,300,40,99,5341.92,0.10885024070739746
influenceListGreedy,300,50,0,5197.71,0.11284279823303223
influenceListGreedy,300,50,1,5185.99,0.1096348762512207
influenceListGreedy,300,50,2,5081.1,0.11322569847106934
influenceListGreedy,300,50,3,5189.15,0.11298322677612305
influenceListGreedy,300,50,4,5340.01,0.10838770866394043
influenceListGreedy,300,50,5,5357.24,0.10917949676513672
influenceListGreedy,300,50,6,5222.59,0.10785627365112305
influenceListGreedy,300,50,7,5085.05,0.1088416576385498
influenceListGreedy,300,50,8,5254.82,0.11377954483032227
influenceListGreedy,300,50,9,5187.58,0.12077045440673828
influenceListGreedy,300,50,10,5480.65,0.10888028144836426
influenceListGreedy,300,50,11,5200.22,0.11473488807678223
influenceListGreedy,300,50,12,5206.93,0.11510825157165527
influenceListGreedy,300,50,13,5439.75,0.12041640281677246
influenceListGreedy,300,50,14,5313.3,0.11139726638793945
influenceListGreedy,300,50,15,5152.86,0.10914087295532227
influenceListGreedy,300,50,16,5237.71,0.11119198799133301
influenceListGreedy,300,50,17,5174.43,0.11131501197814941
influenceListGreedy,300,50,18,5091.19,0.11168479919433594
influenceListGreedy,300,50,19,5310.19,0.11660981178283691
influenceListGreedy,300,50,20,5438.65,0.11067914962768555
influenceListGreedy,300,50,21,5548.53,0.11771583557128906
influenceListGreedy,300,50,22,5330.58,0.11853718757629395
influenceListGreedy,300,50,23,5298.2,0.10879158973693848
influenceListGreedy,300,50,24,5181.19,0.10811257362365723
influenceListGreedy,300,50,25,5380.89,0.11581826210021973
influenceListGreedy,300,50,26,5504.13,0.10944342613220215
influenceListGreedy,300,50,27,5241.87,0.11542820930480957
influenceListGreedy,300,50,28,5211.91,0.1152048110961914
influenceListGreedy,300,50,29,5320.36,0.1288297176361084
influenceListGreedy,300,50,30,5390.39,0.10911703109741211
influenceListGreedy,300,50,31,5335.81,0.10976028442382812
influenceListGreedy,300,50,32,5258.97,0.10855913162231445
influenceListGreedy,300,50,33,5217.56,0.11702489852905273
influenceListGreedy,300,50,34,5331.63,0.10994791984558105
influenceListGreedy,300,50,35,5415.78,0.11034440994262695
influenceListGreedy,300,50,36,5513.54,0.11049151420593262
influenceListGreedy,300,50,37,5478.02,0.1079256534576416
influenceListGreedy,300,50,38,5398.65,0.11741137504577637
influenceListGreedy,300,50,39,5510.81,0.10893750190734863
influenceListGreedy,300,50,40,5276.55,0.11847233772277832
influenceListGreedy,300,50,41,5446.8,0.11720585823059082
influenceListGreedy,300,50,42,5538.06,0.11473464965820312
influenceListGreedy,300,50,43,5386.47,0.1171104907989502
influenceListGreedy,300,50,44,5299.55,0.11018610000610352
influenceListGreedy,300,50,45,5477.09,0.11021041870117188
influenceListGreedy,300,50,46,5300.63,0.11639738082885742
influenceListGreedy,300,50,47,5382.26,0.10801315307617188
influenceListGreedy,300,50,48,5078.08,0.11007308959960938
influenceListGreedy,300,50,49,5485.16,0.10817766189575195
influenceListGreedy,300,50,50,5508.39,0.10866427421569824
influenceListGreedy,300,50,51,5471.19,0.11609411239624023
influenceListGreedy,300,50,52,5221.21,0.11149215698242188
influenceListGreedy,300,50,53,5291.37,0.1201636791229248
influenceListGreedy,300,50,54,5388.83,0.11504459381103516
influenceListGreedy,300,50,55,5243.28,0.11752438545227051
influenceListGreedy,300,50,56,5385.61,0.10997533798217773
influenceListGreedy,300,50,57,5379.28,0.10985088348388672
influenceListGreedy,300,50,58,5218.91,0.11115574836730957
influenceListGreedy,300,50,59,5446.49,0.1114051342010498
influenceListGreedy,300,50,60,5356.01,0.11305713653564453
influenceListGreedy,300,50,61,5329.93,0.11156558990478516
influenceListGreedy,300,50,62,5200.0,0.11333060264587402
influenceListGreedy,300,50,63,5356.54,0.11993932723999023
influenceListGreedy,300,50,64,5409.86,0.11926794052124023
influenceListGreedy,300,50,65,5312.44,0.1102292537689209
influenceListGreedy,300,50,66,5256.2,0.11061549186706543
influenceListGreedy,300,50,67,5269.95,0.11247754096984863
influenceListGreedy,300,50,68,5617.49,0.1111598014831543
influenceListGreedy,300,50,69,5442.53,0.11450886726379395
influenceListGreedy,300,50,70,5356.33,0.11726737022399902
influenceListGreedy,300,50,71,5187.29,0.1147165298461914
influenceListGreedy,300,50,72,5321.22,0.11626338958740234
influenceListGreedy,300,50,73,5276.37,0.11007142066955566
influenceListGreedy,300,50,74,5542.19,0.1106266975402832
influenceListGreedy,300,50,75,5203.24,0.10987591743469238
influenceListGreedy,300,50,76,5149.03,0.10634660720825195
influenceListGreedy,300,50,77,5159.72,0.11070108413696289
influenceListGreedy,300,50,78,5339.52,0.12035822868347168
influenceListGreedy,300,50,79,5321.86,0.10916280746459961
influenceListGreedy,300,50,80,5429.53,0.11133742332458496
influenceListGreedy,300,50,81,5300.65,0.1121821403503418
influenceListGreedy,300,50,82,5316.68,0.11091160774230957
influenceListGreedy,300,50,83,5317.93,0.11843347549438477
influenceListGreedy,300,50,84,5256.91,0.11010384559631348
influenceListGreedy,300,50,85,5265.05,0.10903120040893555
influenceListGreedy,300,50,86,5120.1,0.11429476737976074
influenceListGreedy,300,50,87,5399.56,0.10943388938903809
influenceListGreedy,300,50,88,5376.65,0.1106564998626709
influenceListGreedy,300,50,89,5227.52,0.11192631721496582
influenceListGreedy,300,50,90,5183.97,0.11607122421264648
influenceListGreedy,300,50,91,5423.9,0.11047768592834473
influenceListGreedy,300,50,92,5423.91,0.1133260726928711
influenceListGreedy,300,50,93,5174.67,0.11136698722839355
influenceListGreedy,300,50,94,5324.59,0.1174626350402832
influenceListGreedy,300,50,95,5516.86,0.11107301712036133
influenceListGreedy,300,50,96,5034.1,0.11500167846679688
influenceListGreedy,300,50,97,5388.8,0.10854649543762207
influenceListGreedy,300,50,98,5218.83,0.1177828311920166
influenceListGreedy,300,50,99,5467.04,0.11447310447692871
influenceListGreedy,300,60,0,5318.16,0.11954402923583984
influenceListGreedy,300,60,1,5274.77,0.11742877960205078
influenceListGreedy,300,60,2,5194.62,0.11082983016967773
influenceListGreedy,300,60,3,5326.65,0.1075601577758789
influenceListGreedy,300,60,4,5448.38,0.10868668556213379
influenceListGreedy,300,60,5,5445.39,0.11465716361999512
influenceListGreedy,300,60,6,5277.9,0.11325788497924805
influenceListGreedy,300,60,7,5300.22,0.11313629150390625
influenceListGreedy,300,60,8,5265.33,0.11127471923828125
influenceListGreedy,300,60,9,5296.43,0.11804032325744629
influenceListGreedy,300,60,10,5512.72,0.11501860618591309
influenceListGreedy,300,60,11,5353.73,0.11255645751953125
influenceListGreedy,300,60,12,5370.05,0.11194443702697754
influenceListGreedy,300,60,13,5331.08,0.11028599739074707
influenceListGreedy,300,60,14,5512.5,0.11035752296447754
influenceListGreedy,300,60,15,5261.66,0.1157064437866211
influenceListGreedy,300,60,16,5191.27,0.10988759994506836
influenceListGreedy,300,60,17,5304.49,0.10780644416809082
influenceListGreedy,300,60,18,5299.54,0.11201333999633789
influenceListGreedy,300,60,19,5405.09,0.11612343788146973
influenceListGreedy,300,60,20,5479.91,0.1119542121887207
influenceListGreedy,300,60,21,5574.65,0.11063480377197266
influenceListGreedy,300,60,22,5300.76,0.11174321174621582
influenceListGreedy,300,60,23,5326.99,0.10993528366088867
influenceListGreedy,300,60,24,5280.11,0.11693406105041504
influenceListGreedy,300,60,25,5323.22,0.11111879348754883
influenceListGreedy,300,60,26,5461.9,0.10825276374816895
influenceListGreedy,300,60,27,5279.64,0.11037516593933105
influenceListGreedy,300,60,28,5224.38,0.10946464538574219
influenceListGreedy,300,60,29,5352.51,0.11009645462036133
influenceListGreedy,300,60,30,5504.42,0.1111910343170166
influenceListGreedy,300,60,31,5507.3,0.11195540428161621
influenceListGreedy,300,60,32,5326.73,0.11035680770874023
influenceListGreedy,300,60,33,5341.48,0.1165165901184082
influenceListGreedy,300,60,34,5409.55,0.11163330078125
influenceListGreedy,300,60,35,5181.04,0.10767674446105957
influenceListGreedy,300,60,36,5308.45,0.10676789283752441
influenceListGreedy,300,60,37,5601.15,0.11112213134765625
influenceListGreedy,300,60,38,5357.92,0.10832500457763672
influenceListGreedy,300,60,39,5395.85,0.11086630821228027
influenceListGreedy,300,60,40,5182.89,0.11272835731506348
influenceListGreedy,300,60,41,5463.44,0.11653494834899902
influenceListGreedy,300,60,42,5403.9,0.10979509353637695
influenceListGreedy,300,60,43,5335.62,0.10833883285522461
influenceListGreedy,300,60,44,5341.76,0.11327266693115234
influenceListGreedy,300,60,45,5334.62,0.1121833324432373
influenceListGreedy,300,60,46,5204.73,0.11138272285461426
influenceListGreedy,300,60,47,5473.77,0.10803723335266113
influenceListGreedy,300,60,48,5103.14,0.11049914360046387
influenceListGreedy,300,60,49,5377.05,0.11423182487487793
influenceListGreedy,300,60,50,5744.32,0.11364483833312988
influenceListGreedy,300,60,51,5365.2,0.10942769050598145
influenceListGreedy,300,60,52,5264.14,0.10910415649414062
influenceListGreedy,300,60,53,5322.0,0.1089179515838623
influenceListGreedy,300,60,54,5253.92,0.11105656623840332
influenceListGreedy,300,60,55,5314.69,0.11017751693725586
influenceListGreedy,300,60,56,5562.82,0.11348223686218262
influenceListGreedy,300,60,57,5439.85,0.10907387733459473
influenceListGreedy,300,60,58,5282.58,0.11021113395690918
influenceListGreedy,300,60,59,5337.26,0.11441206932067871
influenceListGreedy,300,60,60,5354.46,0.10786128044128418
influenceListGreedy,300,60,61,5267.05,0.11565566062927246
influenceListGreedy,300,60,62,5275.21,0.11559486389160156
influenceListGreedy,300,60,63,5371.0,0.110626220703125
influenceListGreedy,300,60,64,5404.37,0.11339831352233887
influenceListGreedy,300,60,65,5287.8,0.11223268508911133
influenceListGreedy,300,60,66,5358.32,0.11061573028564453
influenceListGreedy,300,60,67,5228.41,0.12144899368286133
influenceListGreedy,300,60,68,5703.66,0.11084938049316406
influenceListGreedy,300,60,69,5364.09,0.10951542854309082
influenceListGreedy,300,60,70,5319.37,0.10904574394226074
influenceListGreedy,300,60,71,5308.05,0.1195211410522461
influenceListGreedy,300,60,72,5426.79,0.11297225952148438
influenceListGreedy,300,60,73,5219.0,0.11227583885192871
influenceListGreedy,300,60,74,5341.45,0.11585855484008789
influenceListGreedy,300,60,75,5222.18,0.10979247093200684
influenceListGreedy,300,60,76,5394.94,0.11236286163330078
influenceListGreedy,300,60,77,5043.24,0.11420011520385742
influenceListGreedy,300,60,78,5321.59,0.11738801002502441
influenceListGreedy,300,60,79,5332.51,0.11620402336120605
influenceListGreedy,300,60,80,5317.62,0.11669540405273438
influenceListGreedy,300,60,81,5284.69,0.11669588088989258
influenceListGreedy,300,60,82,5194.7,0.11800432205200195
influenceListGreedy,300,60,83,5351.67,0.11512517929077148
influenceListGreedy,300,60,84,5215.34,0.10787630081176758
influenceListGreedy,300,60,85,5244.17,0.11003613471984863
influenceListGreedy,300,60,86,5283.58,0.11134004592895508
influenceListGreedy,300,60,87,5180.56,0.10836100578308105
influenceListGreedy,300,60,88,5337.09,0.11299538612365723
influenceListGreedy,300,60,89,5449.92,0.11140990257263184
influenceListGreedy,300,60,90,5278.91,0.10783886909484863
influenceListGreedy,300,60,91,5464.92,0.1118931770324707
influenceListGreedy,300,60,92,5442.83,0.11853814125061035
influenceListGreedy,300,60,93,5251.22,0.11184883117675781
influenceListGreedy,300,60,94,5341.98,0.11101436614990234
influenceListGreedy,300,60,95,5451.23,0.11377239227294922
influenceListGreedy,300,60,96,5064.13,0.10594463348388672
influenceListGreedy,300,60,97,5444.16,0.10770702362060547
influenceListGreedy,300,60,98,5244.08,0.11470842361450195
influenceListGreedy,300,60,99,5522.0,0.11542749404907227
influenceListGreedy,300,70,0,5052.77,0.10801911354064941
influenceListGreedy,300,70,1,5165.85,0.11683797836303711
influenceListGreedy,300,70,2,5275.57,0.11772394180297852
influenceListGreedy,300,70,3,5338.49,0.11193513870239258
influenceListGreedy,300,70,4,5409.62,0.11067986488342285
influenceListGreedy,300,70,5,5440.06,0.10832357406616211
influenceListGreedy,300,70,6,5321.31,0.11054205894470215
influenceListGreedy,300,70,7,5288.47,0.11426830291748047
influenceListGreedy,300,70,8,5270.85,0.11481761932373047
influenceListGreedy,300,70,9,5309.97,0.10963320732116699
influenceListGreedy,300,70,10,5477.1,0.11076021194458008
influenceListGreedy,300,70,11,5331.2,0.10932493209838867
influenceListGreedy,300,70,12,5380.73,0.11230993270874023
influenceListGreedy,300,70,13,5492.33,0.11253881454467773
influenceListGreedy,300,70,14,5443.15,0.12005734443664551
influenceListGreedy,300,70,15,5199.01,0.11063957214355469
influenceListGreedy,300,70,16,5196.88,0.1090850830078125
influenceListGreedy,300,70,17,5339.08,0.1132814884185791
influenceListGreedy,300,70,18,5294.32,0.11215925216674805
influenceListGreedy,300,70,19,5352.79,0.12023377418518066
influenceListGreedy,300,70,20,5453.54,0.11716675758361816
influenceListGreedy,300,70,21,5466.06,0.10677671432495117
influenceListGreedy,300,70,22,5306.89,0.1130375862121582
influenceListGreedy,300,70,23,5206.73,0.10794734954833984
influenceListGreedy,300,70,24,5261.73,0.10909056663513184
influenceListGreedy,300,70,25,5409.7,0.10820508003234863
influenceListGreedy,300,70,26,5409.77,0.11171388626098633
influenceListGreedy,300,70,27,5227.65,0.11032652854919434
influenceListGreedy,300,70,28,5064.84,0.11698746681213379
influenceListGreedy,300,70,29,5310.2,0.11023640632629395
influenceListGreedy,300,70,30,5220.19,0.11022162437438965
influenceListGreedy,300,70,31,5434.92,0.11011242866516113
influenceListGreedy,300,70,32,5335.27,0.11105036735534668
influenceListGreedy,300,70,33,5354.03,0.11005496978759766
influenceListGreedy,300,70,34,5315.71,0.10833978652954102
influenceListGreedy,300,70,35,5260.84,0.1099390983581543
influenceListGreedy,300,70,36,5341.92,0.10893797874450684
influenceListGreedy,300,70,37,5565.03,0.10766243934631348
influenceListGreedy,300,70,38,5318.96,0.11772322654724121
influenceListGreedy,300,70,39,5504.62,0.11932134628295898
influenceListGreedy,300,70,40,5220.94,0.11208248138427734
influenceListGreedy,300,70,41,5430.86,0.11148977279663086
influenceListGreedy,300,70,42,5304.95,0.10971951484680176
influenceListGreedy,300,70,43,5279.69,0.10933756828308105
influenceListGreedy,300,70,44,5488.95,0.11632037162780762
influenceListGreedy,300,70,45,5311.85,0.1136317253112793
influenceListGreedy,300,70,46,5155.48,0.10871481895446777
influenceListGreedy,300,70,47,5429.45,0.1083524227142334
influenceListGreedy,300,70,48,5097.52,0.11165642738342285
influenceListGreedy,300,70,49,5284.56,0.11183691024780273
influenceListGreedy,300,70,50,5538.18,0.11635994911193848
influenceListGreedy,300,70,51,5298.13,0.11186099052429199
influenceListGreedy,300,70,52,5396.88,0.10972452163696289
influenceListGreedy,300,70,53,5255.93,0.11005139350891113
influenceListGreedy,300,70,54,5446.85,0.11610555648803711
influenceListGreedy,300,70,55,5411.97,0.11255478858947754
influenceListGreedy,300,70,56,5400.9,0.10929536819458008
influenceListGreedy,300,70,57,5435.86,0.10931539535522461
influenceListGreedy,300,70,58,5088.91,0.11281323432922363
influenceListGreedy,300,70,59,5304.7,0.11690998077392578
influenceListGreedy,300,70,60,5254.9,0.11782670021057129
influenceListGreedy,300,70,61,5309.38,0.11002302169799805
influenceListGreedy,300,70,62,5205.85,0.1180734634399414
influenceListGreedy,300,70,63,5412.82,0.11060047149658203
influenceListGreedy,300,70,64,5418.85,0.11862039566040039
influenceListGreedy,300,70,65,5366.04,0.11451840400695801
influenceListGreedy,300,70,66,5228.64,0.11532735824584961
influenceListGreedy,300,70,67,5293.48,0.11936473846435547
influenceListGreedy,300,70,68,5542.91,0.1117854118347168
influenceListGreedy,300,70,69,5371.17,0.11173629760742188
influenceListGreedy,300,70,70,5220.4,0.12113070487976074
influenceListGreedy,300,70,71,5259.71,0.12253475189208984
influenceListGreedy,300,70,72,5272.03,0.10830163955688477
influenceListGreedy,300,70,73,5343.03,0.11030960083007812
influenceListGreedy,300,70,74,5347.53,0.11504125595092773
influenceListGreedy,300,70,75,5167.62,0.1121063232421875
influenceListGreedy,300,70,76,5361.61,0.11315083503723145
influenceListGreedy,300,70,77,5117.3,0.11176538467407227
influenceListGreedy,300,70,78,5519.97,0.11369442939758301
influenceListGreedy,300,70,79,5228.09,0.11037087440490723
influenceListGreedy,300,70,80,5227.98,0.11389303207397461
influenceListGreedy,300,70,81,5278.7,0.11765408515930176
influenceListGreedy,300,70,82,5319.4,0.11978960037231445
influenceListGreedy,300,70,83,5352.2,0.11459040641784668
influenceListGreedy,300,70,84,5305.17,0.11424493789672852
influenceListGreedy,300,70,85,5409.78,0.11153602600097656
influenceListGreedy,300,70,86,5127.47,0.11376571655273438
influenceListGreedy,300,70,87,5315.52,0.10820722579956055
influenceListGreedy,300,70,88,5299.2,0.11138129234313965
influenceListGreedy,300,70,89,5274.07,0.11199498176574707
influenceListGreedy,300,70,90,5374.4,0.10811424255371094
influenceListGreedy,300,70,91,5464.59,0.1094355583190918
influenceListGreedy,300,70,92,5424.47,0.11003398895263672
influenceListGreedy,300,70,93,5282.57,0.11532998085021973
influenceListGreedy,300,70,94,5349.55,0.11671185493469238
influenceListGreedy,300,70,95,5378.27,0.11150360107421875
influenceListGreedy,300,70,96,5059.92,0.10867667198181152
influenceListGreedy,300,70,97,5529.64,0.11454343795776367
influenceListGreedy,300,70,98,5092.82,0.10968708992004395
influenceListGreedy,300,70,99,5513.24,0.10943102836608887
influenceListGreedy,300,80,0,5143.46,0.10882902145385742
influenceListGreedy,300,80,1,5268.82,0.10954785346984863
influenceListGreedy,300,80,2,5453.73,0.11611723899841309
influenceListGreedy,300,80,3,5307.21,0.12096023559570312
influenceListGreedy,300,80,4,5342.74,0.10811376571655273
influenceListGreedy,300,80,5,5288.78,0.10799217224121094
influenceListGreedy,300,80,6,5342.1,0.10673928260803223
influenceListGreedy,300,80,7,5195.98,0.11454105377197266
influenceListGreedy,300,80,8,5192.21,0.10853815078735352
influenceListGreedy,300,80,9,5348.83,0.11497902870178223
influenceListGreedy,300,80,10,5557.51,0.10853338241577148
influenceListGreedy,300,80,11,5313.82,0.10602331161499023
influenceListGreedy,300,80,12,5365.66,0.10972380638122559
influenceListGreedy,300,80,13,5545.7,0.11947274208068848
influenceListGreedy,300,80,14,5435.73,0.11224627494812012
influenceListGreedy,300,80,15,5271.92,0.12077760696411133
influenceListGreedy,300,80,16,5191.34,0.11309027671813965
influenceListGreedy,300,80,17,5227.02,0.11028814315795898
influenceListGreedy,300,80,18,5341.35,0.1107792854309082
influenceListGreedy,300,80,19,5209.49,0.11243152618408203
influenceListGreedy,300,80,20,5390.91,0.10912322998046875
influenceListGreedy,300,80,21,5490.02,0.1114954948425293
influenceListGreedy,300,80,22,5194.94,0.11593270301818848
influenceListGreedy,300,80,23,5272.56,0.1127161979675293
influenceListGreedy,300,80,24,5171.78,0.11429476737976074
influenceListGreedy,300,80,25,5344.79,0.11490559577941895
influenceListGreedy,300,80,26,5423.42,0.11476874351501465
influenceListGreedy,300,80,27,5296.0,0.11037540435791016
influenceListGreedy,300,80,28,5240.12,0.11323714256286621
influenceListGreedy,300,80,29,5375.09,0.1107172966003418
influenceListGreedy,300,80,30,5362.86,0.11582303047180176
influenceListGreedy,300,80,31,5419.7,0.11150836944580078
influenceListGreedy,300,80,32,5137.06,0.1085364818572998
influenceListGreedy,300,80,33,5211.21,0.11480855941772461
influenceListGreedy,300,80,34,5341.97,0.11381673812866211
influenceListGreedy,300,80,35,5426.64,0.10849905014038086
influenceListGreedy,300,80,36,5362.26,0.1125800609588623
influenceListGreedy,300,80,37,5421.06,0.10827350616455078
influenceListGreedy,300,80,38,5222.06,0.11651110649108887
influenceListGreedy,300,80,39,5428.37,0.10913348197937012
influenceListGreedy,300,80,40,5172.45,0.11515164375305176
influenceListGreedy,300,80,41,5487.75,0.11151814460754395
influenceListGreedy,300,80,42,5375.13,0.11957502365112305
influenceListGreedy,300,80,43,5272.52,0.11274194717407227
influenceListGreedy,300,80,44,5469.03,0.11835479736328125
influenceListGreedy,300,80,45,5373.55,0.11069583892822266
influenceListGreedy,300,80,46,5239.16,0.10882854461669922
influenceListGreedy,300,80,47,5575.71,0.1119225025177002
influenceListGreedy,300,80,48,5209.1,0.11455059051513672
influenceListGreedy,300,80,49,5216.64,0.11179471015930176
influenceListGreedy,300,80,50,5523.71,0.11045145988464355
influenceListGreedy,300,80,51,5331.08,0.11009979248046875
influenceListGreedy,300,80,52,5395.47,0.11338639259338379
influenceListGreedy,300,80,53,5179.31,0.11147475242614746
influenceListGreedy,300,80,54,5449.32,0.11249947547912598
influenceListGreedy,300,80,55,5382.96,0.11763763427734375
influenceListGreedy,300,80,56,5437.26,0.10878968238830566
influenceListGreedy,300,80,57,5401.24,0.11037755012512207
influenceListGreedy,300,80,58,5190.2,0.1087338924407959
influenceListGreedy,300,80,59,5544.27,0.11856365203857422
influenceListGreedy,300,80,60,5417.48,0.10878705978393555
influenceListGreedy,300,80,61,5403.45,0.11916661262512207
influenceListGreedy,300,80,62,5226.03,0.10996317863464355
influenceListGreedy,300,80,63,5339.67,0.11314702033996582
influenceListGreedy,300,80,64,5427.42,0.11562967300415039
influenceListGreedy,300,80,65,5354.68,0.11148595809936523
influenceListGreedy,300,80,66,5281.43,0.11030435562133789
influenceListGreedy,300,80,67,5166.89,0.1151270866394043
influenceListGreedy,300,80,68,5521.27,0.11418986320495605
influenceListGreedy,300,80,69,5336.66,0.10920166969299316
influenceListGreedy,300,80,70,5167.38,0.11126708984375
influenceListGreedy,300,80,71,5336.58,0.12288522720336914
influenceListGreedy,300,80,72,5345.87,0.10680317878723145
influenceListGreedy,300,80,73,5399.81,0.11330056190490723
influenceListGreedy,300,80,74,5392.67,0.11761474609375
influenceListGreedy,300,80,75,5079.21,0.11363458633422852
influenceListGreedy,300,80,76,5401.05,0.1141974925994873
influenceListGreedy,300,80,77,5136.03,0.11133480072021484
influenceListGreedy,300,80,78,5532.18,0.11236572265625
influenceListGreedy,300,80,79,5405.39,0.11748862266540527
influenceListGreedy,300,80,80,5289.57,0.1082303524017334
influenceListGreedy,300,80,81,5439.79,0.11865997314453125
influenceListGreedy,300,80,82,5338.24,0.11112737655639648
influenceListGreedy,300,80,83,5131.55,0.11300945281982422
influenceListGreedy,300,80,84,5231.93,0.10849428176879883
influenceListGreedy,300,80,85,5320.37,0.11062908172607422
influenceListGreedy,300,80,86,5094.99,0.11780357360839844
influenceListGreedy,300,80,87,5313.25,0.10912466049194336
influenceListGreedy,300,80,88,5300.88,0.11321020126342773
influenceListGreedy,300,80,89,5254.59,0.11006855964660645
influenceListGreedy,300,80,90,5223.26,0.11567115783691406
influenceListGreedy,300,80,91,5408.24,0.11284780502319336
influenceListGreedy,300,80,92,5396.43,0.11623001098632812
influenceListGreedy,300,80,93,5165.6,0.11002659797668457
influenceListGreedy,300,80,94,5431.84,0.10899901390075684
influenceListGreedy,300,80,95,5346.09,0.11463141441345215
influenceListGreedy,300,80,96,5110.13,0.10860013961791992
influenceListGreedy,300,80,97,5684.95,0.11290335655212402
influenceListGreedy,300,80,98,5298.08,0.10956239700317383
influenceListGreedy,300,80,99,5367.62,0.10872888565063477
influenceListGreedy,300,90,0,5143.46,0.1063838005065918
influenceListGreedy,300,90,1,5241.68,0.11081600189208984
influenceListGreedy,300,90,2,5341.42,0.11199259757995605
influenceListGreedy,300,90,3,5350.88,0.11414361000061035
influenceListGreedy,300,90,4,5491.36,0.10885763168334961
influenceListGreedy,300,90,5,5286.27,0.1088101863861084
influenceListGreedy,300,90,6,5355.48,0.1140604019165039
influenceListGreedy,300,90,7,5124.64,0.1099092960357666
influenceListGreedy,300,90,8,5245.17,0.11640214920043945
influenceListGreedy,300,90,9,5356.29,0.11979460716247559
influenceListGreedy,300,90,10,5434.46,0.10959005355834961
influenceListGreedy,300,90,11,5427.07,0.10810303688049316
influenceListGreedy,300,90,12,5358.24,0.11078453063964844
influenceListGreedy,300,90,13,5409.79,0.10967183113098145
influenceListGreedy,300,90,14,5410.77,0.10938096046447754
influenceListGreedy,300,90,15,5237.63,0.11152839660644531
influenceListGreedy,300,90,16,5037.64,0.10967564582824707
influenceListGreedy,300,90,17,5208.65,0.11009430885314941
influenceListGreedy,300,90,18,5376.71,0.11763453483581543
influenceListGreedy,300,90,19,5204.59,0.11091923713684082
influenceListGreedy,300,90,20,5390.91,0.10858845710754395
influenceListGreedy,300,90,21,5465.57,0.11067581176757812
influenceListGreedy,300,90,22,5226.95,0.11501550674438477
influenceListGreedy,300,90,23,5248.39,0.10942602157592773
influenceListGreedy,300,90,24,5187.37,0.11288142204284668
influenceListGreedy,300,90,25,5134.58,0.11345529556274414
influenceListGreedy,300,90,26,5361.45,0.11723113059997559
influenceListGreedy,300,90,27,5296.0,0.11059069633483887
influenceListGreedy,300,90,28,5202.99,0.10901093482971191
influenceListGreedy,300,90,29,5276.33,0.1123342514038086
influenceListGreedy,300,90,30,5340.13,0.11020851135253906
influenceListGreedy,300,90,31,5556.83,0.11443734169006348
influenceListGreedy,300,90,32,5137.06,0.10814213752746582
influenceListGreedy,300,90,33,5480.05,0.11679935455322266
influenceListGreedy,300,90,34,5347.38,0.1095738410949707
influenceListGreedy,300,90,35,5373.91,0.11581563949584961
influenceListGreedy,300,90,36,5380.67,0.11202836036682129
influenceListGreedy,300,90,37,5452.66,0.11175322532653809
influenceListGreedy,300,90,38,5379.18,0.11239099502563477
influenceListGreedy,300,90,39,5293.71,0.1085209846496582
influenceListGreedy,300,90,40,5201.48,0.11791753768920898
influenceListGreedy,300,90,41,5401.88,0.10993766784667969
influenceListGreedy,300,90,42,5359.31,0.11322665214538574
influenceListGreedy,300,90,43,5251.04,0.10792207717895508
influenceListGreedy,300,90,44,5361.86,0.11112594604492188
influenceListGreedy,300,90,45,5373.55,0.11777210235595703
influenceListGreedy,300,90,46,5239.16,0.10933256149291992
influenceListGreedy,300,90,47,5647.45,0.10927200317382812
influenceListGreedy,300,90,48,5386.05,0.11248922348022461
influenceListGreedy,300,90,49,5208.6,0.11001706123352051
influenceListGreedy,300,90,50,5538.15,0.1082451343536377
influenceListGreedy,300,90,51,5404.46,0.11056399345397949
influenceListGreedy,300,90,52,5211.85,0.11759662628173828
influenceListGreedy,300,90,53,5203.44,0.1111907958984375
influenceListGreedy,300,90,54,5449.32,0.11273431777954102
influenceListGreedy,300,90,55,5138.69,0.10976910591125488
influenceListGreedy,300,90,56,5437.26,0.10824155807495117
influenceListGreedy,300,90,57,5335.73,0.10970139503479004
influenceListGreedy,300,90,58,5176.54,0.11768913269042969
influenceListGreedy,300,90,59,5306.95,0.11741757392883301
influenceListGreedy,300,90,60,5309.48,0.10806655883789062
influenceListGreedy,300,90,61,5378.48,0.10990142822265625
influenceListGreedy,300,90,62,5382.27,0.10985875129699707
influenceListGreedy,300,90,63,5384.75,0.11071991920471191
influenceListGreedy,300,90,64,5541.91,0.1175544261932373
influenceListGreedy,300,90,65,5316.87,0.1104269027709961
influenceListGreedy,300,90,66,5363.84,0.10986614227294922
influenceListGreedy,300,90,67,5192.52,0.11991763114929199
influenceListGreedy,300,90,68,5509.68,0.11479544639587402
influenceListGreedy,300,90,69,5330.87,0.11022257804870605
influenceListGreedy,300,90,70,5256.64,0.1045534610748291
influenceListGreedy,300,90,71,5071.65,0.11386537551879883
influenceListGreedy,300,90,72,5379.28,0.11116337776184082
influenceListGreedy,300,90,73,5372.4,0.1161811351776123
influenceListGreedy,300,90,74,5408.36,0.11431694030761719
influenceListGreedy,300,90,75,5173.85,0.11423730850219727
influenceListGreedy,300,90,76,5401.05,0.10933589935302734
influenceListGreedy,300,90,77,4967.5,0.1096038818359375
influenceListGreedy,300,90,78,5457.05,0.1168065071105957
influenceListGreedy,300,90,79,5444.8,0.1265871524810791
influenceListGreedy,300,90,80,5289.57,0.11825776100158691
influenceListGreedy,300,90,81,5391.08,0.11860084533691406
influenceListGreedy,300,90,82,5279.02,0.11006379127502441
influenceListGreedy,300,90,83,5131.55,0.10869288444519043
influenceListGreedy,300,90,84,5231.93,0.10790300369262695
influenceListGreedy,300,90,85,5298.18,0.12294697761535645
influenceListGreedy,300,90,86,5294.38,0.1091623306274414
influenceListGreedy,300,90,87,5272.83,0.11806964874267578
influenceListGreedy,300,90,88,5301.12,0.1123816967010498
influenceListGreedy,300,90,89,5254.59,0.11026668548583984
influenceListGreedy,300,90,90,5150.09,0.1136481761932373
influenceListGreedy,300,90,91,5396.07,0.1129460334777832
influenceListGreedy,300,90,92,5370.11,0.11530375480651855
influenceListGreedy,300,90,93,5346.14,0.11324596405029297
influenceListGreedy,300,90,94,5429.67,0.1141808032989502
influenceListGreedy,300,90,95,5499.0,0.11259984970092773
influenceListGreedy,300,90,96,5107.99,0.11051297187805176
influenceListGreedy,300,90,97,5521.68,0.10983824729919434
influenceListGreedy,300,90,98,5350.81,0.1128542423248291
influenceListGreedy,300,90,99,5411.83,0.11049222946166992
influenceListGreedy,300,100,0,5143.46,0.11101675033569336
influenceListGreedy,300,100,1,5273.46,0.10871028900146484
influenceListGreedy,300,100,2,5341.42,0.11460256576538086
influenceListGreedy,300,100,3,5350.88,0.11124348640441895
influenceListGreedy,300,100,4,5491.36,0.10962891578674316
influenceListGreedy,300,100,5,5286.27,0.10953664779663086
influenceListGreedy,300,100,6,5355.48,0.12123322486877441
influenceListGreedy,300,100,7,5124.64,0.10905861854553223
influenceListGreedy,300,100,8,5224.73,0.11954927444458008
influenceListGreedy,300,100,9,5356.29,0.11333084106445312
influenceListGreedy,300,100,10,5439.5,0.10879635810852051
influenceListGreedy,300,100,11,5458.09,0.1144864559173584
influenceListGreedy,300,100,12,5404.75,0.11479663848876953
influenceListGreedy,300,100,13,5427.83,0.10874080657958984
influenceListGreedy,300,100,14,5410.77,0.10949826240539551
influenceListGreedy,300,100,15,5163.25,0.11720490455627441
influenceListGreedy,300,100,16,5155.88,0.1086721420288086
influenceListGreedy,300,100,17,5302.55,0.10978555679321289
influenceListGreedy,300,100,18,5376.71,0.11320734024047852
influenceListGreedy,300,100,19,5204.59,0.11046981811523438
influenceListGreedy,300,100,20,5390.91,0.10865259170532227
influenceListGreedy,300,100,21,5465.57,0.11409401893615723
influenceListGreedy,300,100,22,5226.95,0.11476373672485352
influenceListGreedy,300,100,23,5363.82,0.11522221565246582
influenceListGreedy,300,100,24,5187.37,0.11676168441772461
influenceListGreedy,300,100,25,5284.55,0.11342144012451172
influenceListGreedy,300,100,26,5361.45,0.1172029972076416
influenceListGreedy,300,100,27,5296.0,0.11559867858886719
influenceListGreedy,300,100,28,5202.99,0.1168222427368164
influenceListGreedy,300,100,29,5364.9,0.11818194389343262
influenceListGreedy,300,100,30,5329.08,0.11177873611450195
influenceListGreedy,300,100,31,5556.83,0.11486101150512695
influenceListGreedy,300,100,32,5137.06,0.10812568664550781
influenceListGreedy,300,100,33,5393.25,0.1209859848022461
influenceListGreedy,300,100,34,5318.09,0.10868716239929199
influenceListGreedy,300,100,35,5373.91,0.12369227409362793
influenceListGreedy,300,100,36,5380.67,0.1111457347869873
influenceListGreedy,300,100,37,5440.2,0.11209511756896973
influenceListGreedy,300,100,38,5379.18,0.11307406425476074
influenceListGreedy,300,100,39,5335.77,0.10883712768554688
influenceListGreedy,300,100,40,5201.48,0.11662721633911133
influenceListGreedy,300,100,41,5401.88,0.1100459098815918
influenceListGreedy,300,100,42,5240.13,0.11194944381713867
influenceListGreedy,300,100,43,5268.84,0.10847306251525879
influenceListGreedy,300,100,44,5292.52,0.11236286163330078
influenceListGreedy,300,100,45,5373.55,0.12080764770507812
influenceListGreedy,300,100,46,5239.16,0.10793685913085938
influenceListGreedy,300,100,47,5647.45,0.10991811752319336
influenceListGreedy,300,100,48,5192.01,0.12239813804626465
influenceListGreedy,300,100,49,5208.6,0.10891032218933105
influenceListGreedy,300,100,50,5612.2,0.11591935157775879
influenceListGreedy,300,100,51,5387.75,0.11252117156982422
influenceListGreedy,300,100,52,5153.95,0.10985612869262695
influenceListGreedy,300,100,53,5203.44,0.1125192642211914
influenceListGreedy,300,100,54,5449.32,0.11475348472595215
influenceListGreedy,300,100,55,5148.74,0.10826373100280762
influenceListGreedy,300,100,56,5437.26,0.11017370223999023
influenceListGreedy,300,100,57,5318.95,0.10973167419433594
influenceListGreedy,300,100,58,5176.54,0.11713027954101562
influenceListGreedy,300,100,59,5306.95,0.11750030517578125
influenceListGreedy,300,100,60,5309.48,0.1082601547241211
influenceListGreedy,300,100,61,5454.12,0.10977792739868164
influenceListGreedy,300,100,62,5209.57,0.11317873001098633
influenceListGreedy,300,100,63,5305.46,0.11091303825378418
influenceListGreedy,300,100,64,5541.91,0.11736178398132324
influenceListGreedy,300,100,65,5316.87,0.10994100570678711
influenceListGreedy,300,100,66,5363.84,0.10953807830810547
influenceListGreedy,300,100,67,5192.52,0.11962389945983887
influenceListGreedy,300,100,68,5505.33,0.1137998104095459
influenceListGreedy,300,100,69,5248.18,0.11208081245422363
influenceListGreedy,300,100,70,5365.19,0.11281657218933105
influenceListGreedy,300,100,71,5071.65,0.11467432975769043
influenceListGreedy,300,100,72,5185.23,0.10795402526855469
influenceListGreedy,300,100,73,5349.11,0.11644697189331055
influenceListGreedy,300,100,74,5413.46,0.11418652534484863
influenceListGreedy,300,100,75,5173.85,0.11378169059753418
influenceListGreedy,300,100,76,5401.05,0.11188316345214844
influenceListGreedy,300,100,77,4967.5,0.11057281494140625
influenceListGreedy,300,100,78,5468.86,0.11589789390563965
influenceListGreedy,300,100,79,5401.92,0.11230802536010742
influenceListGreedy,300,100,80,5221.15,0.11553645133972168
influenceListGreedy,300,100,81,5401.01,0.11746072769165039
influenceListGreedy,300,100,82,5288.24,0.10938358306884766
influenceListGreedy,300,100,83,5131.55,0.10942864418029785
influenceListGreedy,300,100,84,5231.93,0.10682320594787598
influenceListGreedy,300,100,85,5298.18,0.12045574188232422
influenceListGreedy,300,100,86,5294.38,0.1109163761138916
influenceListGreedy,300,100,87,5272.83,0.11692333221435547
influenceListGreedy,300,100,88,5331.88,0.10979485511779785
influenceListGreedy,300,100,89,5254.59,0.11061501502990723
influenceListGreedy,300,100,90,5323.91,0.10842084884643555
influenceListGreedy,300,100,91,5420.83,0.11142420768737793
influenceListGreedy,300,100,92,5370.11,0.11434245109558105
influenceListGreedy,300,100,93,5346.14,0.11248254776000977
influenceListGreedy,300,100,94,5429.67,0.11185359954833984
influenceListGreedy,300,100,95,5339.21,0.10899686813354492
influenceListGreedy,300,100,96,5046.48,0.10876822471618652
influenceListGreedy,300,100,97,5521.68,0.11042094230651855
influenceListGreedy,300,100,98,5186.38,0.10978031158447266
influenceListGreedy,300,100,99,5411.83,0.10892772674560547
randomGreedy,8,0,0,564.47,0.0224764347076416
randomGreedy,8,0,1,254.19,0.02207159996032715
randomGreedy,8,0,2,399.57,0.02143383026123047
randomGreedy,8,0,3,303.71,0.01999640464782715
randomGreedy,8,0,4,386.15,0.020136356353759766
randomGreedy,8,0,5,479.25,0.020246028900146484
randomGreedy,8,0,6,330.99,0.02115464210510254
randomGreedy,8,0,7,416.91,0.02079153060913086
randomGreedy,8,0,8,356.77,0.020189285278320312
randomGreedy,8,0,9,338.52,0.020164012908935547
randomGreedy,8,0,10,364.87,0.02017951011657715
randomGreedy,8,0,11,383.48,0.020241498947143555
randomGreedy,8,0,12,498.47,0.021343469619750977
randomGreedy,8,0,13,372.69,0.020439863204956055
randomGreedy,8,0,14,497.63,0.020105361938476562
randomGreedy,8,0,15,381.9,0.02041149139404297
randomGreedy,8,0,16,252.13,0.021105051040649414
randomGreedy,8,0,17,277.82,0.021508455276489258
randomGreedy,8,0,18,363.52,0.021791696548461914
randomGreedy,8,0,19,334.61,0.020969867706298828
randomGreedy,8,0,20,385.52,0.02014756202697754
randomGreedy,8,0,21,322.55,0.019741535186767578
randomGreedy,8,0,22,404.06,0.020200252532958984
randomGreedy,8,0,23,402.96,0.021403789520263672
randomGreedy,8,0,24,395.78,0.020154714584350586
randomGreedy,8,0,25,382.1,0.020287275314331055
randomGreedy,8,0,26,305.05,0.02016425132751465
randomGreedy,8,0,27,334.68,0.020194530487060547
randomGreedy,8,0,28,417.33,0.020485401153564453
randomGreedy,8,0,29,334.94,0.020544767379760742
randomGreedy,8,0,30,376.48,0.02031707763671875
randomGreedy,8,0,31,490.03,0.021135568618774414
randomGreedy,8,0,32,309.53,0.02029109001159668
randomGreedy,8,0,33,366.88,0.02122330665588379
randomGreedy,8,0,34,402.03,0.021743059158325195
randomGreedy,8,0,35,290.79,0.021532058715820312
randomGreedy,8,0,36,493.04,0.02026057243347168
randomGreedy,8,0,37,452.63,0.020109891891479492
randomGreedy,8,0,38,394.97,0.020072221755981445
randomGreedy,8,0,39,391.33,0.021427392959594727
randomGreedy,8,0,40,430.29,0.02045416831970215
randomGreedy,8,0,41,430.17,0.020277023315429688
randomGreedy,8,0,42,506.83,0.020146608352661133
randomGreedy,8,0,43,486.72,0.020400285720825195
randomGreedy,8,0,44,417.01,0.02010488510131836
randomGreedy,8,0,45,369.57,0.02156376838684082
randomGreedy,8,0,46,540.3,0.020258188247680664
randomGreedy,8,0,47,536.77,0.020226001739501953
randomGreedy,8,0,48,405.19,0.020133256912231445
randomGreedy,8,0,49,371.07,0.021203041076660156
randomGreedy,8,0,50,383.77,0.020913362503051758
randomGreedy,8,0,51,412.13,0.022199630737304688
randomGreedy,8,0,52,456.21,0.02083587646484375
randomGreedy,8,0,53,348.17,0.020836591720581055
randomGreedy,8,0,54,438.31,0.02007269859313965
randomGreedy,8,0,55,455.89,0.020545005798339844
randomGreedy,8,0,56,261.73,0.02099156379699707
randomGreedy,8,0,57,400.81,0.019968032836914062
randomGreedy,8,0,58,468.06,0.020040035247802734
randomGreedy,8,0,59,423.81,0.02018451690673828
randomGreedy,8,0,60,399.7,0.02011251449584961
randomGreedy,8,0,61,420.09,0.020333290100097656
randomGreedy,8,0,62,261.36,0.020407915115356445
randomGreedy,8,0,63,396.49,0.020457983016967773
randomGreedy,8,0,64,390.04,0.0203244686126709
randomGreedy,8,0,65,410.06,0.020499229431152344
randomGreedy,8,0,66,360.63,0.02062511444091797
randomGreedy,8,0,67,269.87,0.021934032440185547
randomGreedy,8,0,68,516.31,0.018659114837646484
randomGreedy,8,0,69,398.21,0.0216367244720459
randomGreedy,8,0,70,292.82,0.020126819610595703
randomGreedy,8,0,71,375.33,0.019931554794311523
randomGreedy,8,0,72,498.76,0.020838499069213867
randomGreedy,8,0,73,353.83,0.02096700668334961
randomGreedy,8,0,74,327.18,0.020193099975585938
randomGreedy,8,0,75,317.43,0.019913673400878906
randomGreedy,8,0,76,319.62,0.019755840301513672
randomGreedy,8,0,77,346.35,0.020282506942749023
randomGreedy,8,0,78,336.96,0.021396160125732422
randomGreedy,8,0,79,384.68,0.020456552505493164
randomGreedy,8,0,80,340.82,0.019901752471923828
randomGreedy,8,0,81,359.38,0.021431922912597656
randomGreedy,8,0,82,537.87,0.020643949508666992
randomGreedy,8,0,83,490.23,0.02157306671142578
randomGreedy,8,0,84,338.17,0.02109527587890625
randomGreedy,8,0,85,323.69,0.021004915237426758
randomGreedy,8,0,86,474.8,0.020676851272583008
randomGreedy,8,0,87,455.93,0.020216941833496094
randomGreedy,8,0,88,491.04,0.021174907684326172
randomGreedy,8,0,89,399.02,0.021290063858032227
randomGreedy,8,0,90,371.46,0.020919322967529297
randomGreedy,8,0,91,289.38,0.020212173461914062
randomGreedy,8,0,92,407.1,0.02062201499938965
randomGreedy,8,0,93,291.23,0.02030801773071289
randomGreedy,8,0,94,294.93,0.019862890243530273
randomGreedy,8,0,95,354.82,0.02131938934326172
randomGreedy,8,0,96,397.11,0.02033829689025879
randomGreedy,8,0,97,267.7,0.019880056381225586
randomGreedy,8,0,98,438.18,0.020051956176757812
randomGreedy,8,0,99,379.43,0.021453142166137695
randomGreedy,8,10,0,552.4,0.021452665328979492
randomGreedy,8,10,1,314.5,0.022174596786499023
randomGreedy,8,10,2,358.29,0.020768165588378906
randomGreedy,8,10,3,286.5,0.020514249801635742
randomGreedy,8,10,4,377.78,0.020066022872924805
randomGreedy,8,10,5,490.74,0.020559072494506836
randomGreedy,8,10,6,299.33,0.020880699157714844
randomGreedy,8,10,7,367.49,0.020236730575561523
randomGreedy,8,10,8,362.29,0.02006697654724121
randomGreedy,8,10,9,336.68,0.020182132720947266
randomGreedy,8,10,10,384.95,0.020252466201782227
randomGreedy,8,10,11,438.52,0.020405292510986328
randomGreedy,8,10,12,484.98,0.020407915115356445
randomGreedy,8,10,13,368.92,0.02044057846069336
randomGreedy,8,10,14,534.59,0.02027606964111328
randomGreedy,8,10,15,397.54,0.020612478256225586
randomGreedy,8,10,16,248.56,0.020685434341430664
randomGreedy,8,10,17,276.46,0.02195572853088379
randomGreedy,8,10,18,394.97,0.020888805389404297
randomGreedy,8,10,19,331.39,0.021073579788208008
randomGreedy,8,10,20,421.66,0.02007913589477539
randomGreedy,8,10,21,312.18,0.01965475082397461
randomGreedy,8,10,22,381.77,0.02066326141357422
randomGreedy,8,10,23,381.24,0.02095818519592285
randomGreedy,8,10,24,353.6,0.0202329158782959
randomGreedy,8,10,25,365.25,0.020214080810546875
randomGreedy,8,10,26,330.22,0.020071029663085938
randomGreedy,8,10,27,371.09,0.020150184631347656
randomGreedy,8,10,28,371.59,0.021545886993408203
randomGreedy,8,10,29,326.68,0.020467281341552734
randomGreedy,8,10,30,380.21,0.020046710968017578
randomGreedy,8,10,31,523.94,0.020211219787597656
randomGreedy,8,10,32,298.85,0.02014446258544922
randomGreedy,8,10,33,360.87,0.022057294845581055
randomGreedy,8,10,34,396.57,0.02165961265563965
randomGreedy,8,10,35,294.54,0.021227359771728516
randomGreedy,8,10,36,476.29,0.02138495445251465
randomGreedy,8,10,37,453.57,0.0200808048248291
randomGreedy,8,10,38,393.39,0.021381616592407227
randomGreedy,8,10,39,406.49,0.02134990692138672
randomGreedy,8,10,40,400.02,0.0210421085357666
randomGreedy,8,10,41,395.27,0.020218372344970703
randomGreedy,8,10,42,491.41,0.020095109939575195
randomGreedy,8,10,43,473.41,0.020116329193115234
randomGreedy,8,10,44,415.66,0.02007913589477539
randomGreedy,8,10,45,404.62,0.021183252334594727
randomGreedy,8,10,46,556.75,0.020168066024780273
randomGreedy,8,10,47,536.44,0.01993417739868164
randomGreedy,8,10,48,419.24,0.02002263069152832
randomGreedy,8,10,49,389.69,0.02115154266357422
randomGreedy,8,10,50,398.61,0.021329879760742188
randomGreedy,8,10,51,450.29,0.021858692169189453
randomGreedy,8,10,52,440.91,0.02093338966369629
randomGreedy,8,10,53,358.34,0.020162582397460938
randomGreedy,8,10,54,428.43,0.02003765106201172
randomGreedy,8,10,55,425.33,0.02015399932861328
randomGreedy,8,10,56,258.74,0.021572589874267578
randomGreedy,8,10,57,459.01,0.02022552490234375
randomGreedy,8,10,58,505.28,0.020112037658691406
randomGreedy,8,10,59,355.89,0.020304203033447266
randomGreedy,8,10,60,401.68,0.019995450973510742
randomGreedy,8,10,61,418.91,0.020645618438720703
randomGreedy,8,10,62,247.16,0.02043461799621582
randomGreedy,8,10,63,423.42,0.02045297622680664
randomGreedy,8,10,64,413.11,0.02044677734375
randomGreedy,8,10,65,423.76,0.020537137985229492
randomGreedy,8,10,66,342.26,0.020833492279052734
randomGreedy,8,10,67,321.58,0.021793365478515625
randomGreedy,8,10,68,499.97,0.02199411392211914
randomGreedy,8,10,69,400.84,0.020731449127197266
randomGreedy,8,10,70,255.59,0.020002365112304688
randomGreedy,8,10,71,417.22,0.020891904830932617
randomGreedy,8,10,72,481.75,0.02110147476196289
randomGreedy,8,10,73,297.36,0.02103400230407715
randomGreedy,8,10,74,300.42,0.020064353942871094
randomGreedy,8,10,75,336.15,0.019882917404174805
randomGreedy,8,10,76,331.37,0.0200803279876709
randomGreedy,8,10,77,343.42,0.0202634334564209
randomGreedy,8,10,78,325.4,0.021555423736572266
randomGreedy,8,10,79,365.9,0.020484447479248047
randomGreedy,8,10,80,355.71,0.019805192947387695
randomGreedy,8,10,81,373.03,0.020173311233520508
randomGreedy,8,10,82,543.88,0.020091772079467773
randomGreedy,8,10,83,465.88,0.021692514419555664
randomGreedy,8,10,84,312.2,0.021019697189331055
randomGreedy,8,10,85,322.31,0.020686626434326172
randomGreedy,8,10,86,475.41,0.021119117736816406
randomGreedy,8,10,87,431.88,0.020241260528564453
randomGreedy,8,10,88,483.31,0.020528316497802734
randomGreedy,8,10,89,389.55,0.021155357360839844
randomGreedy,8,10,90,402.24,0.02025747299194336
randomGreedy,8,10,91,309.37,0.02016282081604004
randomGreedy,8,10,92,381.99,0.020138978958129883
randomGreedy,8,10,93,274.71,0.020234107971191406
randomGreedy,8,10,94,341.12,0.019910812377929688
randomGreedy,8,10,95,338.85,0.020489215850830078
randomGreedy,8,10,96,338.23,0.020383119583129883
randomGreedy,8,10,97,280.51,0.020154714584350586
randomGreedy,8,10,98,456.29,0.02026224136352539
randomGreedy,8,10,99,370.41,0.021871089935302734
randomGreedy,8,20,0,598.56,0.020943641662597656
randomGreedy,8,20,1,248.04,0.021782398223876953
randomGreedy,8,20,2,328.3,0.021295547485351562
randomGreedy,8,20,3,310.62,0.01990222930908203
randomGreedy,8,20,4,369.3,0.02003955841064453
randomGreedy,8,20,5,450.41,0.021245718002319336
randomGreedy,8,20,6,355.86,0.021112918853759766
randomGreedy,8,20,7,407.61,0.02028656005859375
randomGreedy,8,20,8,308.87,0.01994776725769043
randomGreedy,8,20,9,340.7,0.02010941505432129
randomGreedy,8,20,10,393.36,0.02025437355041504
randomGreedy,8,20,11,416.97,0.02154541015625
randomGreedy,8,20,12,475.78,0.020381689071655273
randomGreedy,8,20,13,379.19,0.0200955867767334
randomGreedy,8,20,14,515.0,0.020064115524291992
randomGreedy,8,20,15,385.61,0.02023601531982422
randomGreedy,8,20,16,277.9,0.021901607513427734
randomGreedy,8,20,17,283.78,0.021483421325683594
randomGreedy,8,20,18,386.79,0.021465778350830078
randomGreedy,8,20,19,309.68,0.020212650299072266
randomGreedy,8,20,20,399.15,0.020175457000732422
randomGreedy,8,20,21,330.78,0.020205974578857422
randomGreedy,8,20,22,405.33,0.021439075469970703
randomGreedy,8,20,23,392.71,0.020311594009399414
randomGreedy,8,20,24,343.03,0.020071029663085938
randomGreedy,8,20,25,410.47,0.02039194107055664
randomGreedy,8,20,26,359.96,0.0200960636138916
randomGreedy,8,20,27,345.78,0.020403385162353516
randomGreedy,8,20,28,405.82,0.020660877227783203
randomGreedy,8,20,29,319.24,0.021399974822998047
randomGreedy,8,20,30,319.67,0.020298480987548828
randomGreedy,8,20,31,505.82,0.020535707473754883
randomGreedy,8,20,32,274.62,0.0211336612701416
randomGreedy,8,20,33,411.57,0.02177906036376953
randomGreedy,8,20,34,389.25,0.021542072296142578
randomGreedy,8,20,35,276.85,0.021381139755249023
randomGreedy,8,20,36,475.23,0.020169496536254883
randomGreedy,8,20,37,460.42,0.020071029663085938
randomGreedy,8,20,38,370.82,0.02093029022216797
randomGreedy,8,20,39,377.43,0.020902395248413086
randomGreedy,8,20,40,400.64,0.02011418342590332
randomGreedy,8,20,41,384.22,0.02010178565979004
randomGreedy,8,20,42,499.91,0.020509719848632812
randomGreedy,8,20,43,426.13,0.020255088806152344
randomGreedy,8,20,44,408.53,0.021255016326904297
randomGreedy,8,20,45,389.07,0.021276473999023438
randomGreedy,8,20,46,542.59,0.019919157028198242
randomGreedy,8,20,47,554.36,0.01987934112548828
randomGreedy,8,20,48,415.02,0.02012944221496582
randomGreedy,8,20,49,376.4,0.021834135055541992
randomGreedy,8,20,50,354.09,0.021170616149902344
randomGreedy,8,20,51,402.95,0.0209503173828125
randomGreedy,8,20,52,365.56,0.02090287208557129
randomGreedy,8,20,53,337.93,0.020189523696899414
randomGreedy,8,20,54,403.44,0.021041393280029297
randomGreedy,8,20,55,487.01,0.02135467529296875
randomGreedy,8,20,56,298.37,0.020965099334716797
randomGreedy,8,20,57,422.41,0.020099878311157227
randomGreedy,8,20,58,517.67,0.020141124725341797
randomGreedy,8,20,59,391.5,0.020257234573364258
randomGreedy,8,20,60,417.29,0.020025253295898438
randomGreedy,8,20,61,458.38,0.021198272705078125
randomGreedy,8,20,62,306.82,0.02145242691040039
randomGreedy,8,20,63,408.17,0.020852327346801758
randomGreedy,8,20,64,407.17,0.020145416259765625
randomGreedy,8,20,65,442.47,0.021238327026367188
randomGreedy,8,20,66,365.6,0.021502971649169922
randomGreedy,8,20,67,313.27,0.021613121032714844
randomGreedy,8,20,68,519.81,0.020210981369018555
randomGreedy,8,20,69,395.27,0.02081131935119629
randomGreedy,8,20,70,306.65,0.020099401473999023
randomGreedy,8,20,71,389.05,0.020493268966674805
randomGreedy,8,20,72,516.11,0.020907878875732422
randomGreedy,8,20,73,344.86,0.020142793655395508
randomGreedy,8,20,74,330.18,0.02006387710571289
randomGreedy,8,20,75,320.29,0.019889116287231445
randomGreedy,8,20,76,328.72,0.01974010467529297
randomGreedy,8,20,77,359.53,0.020458221435546875
randomGreedy,8,20,78,357.1,0.020302772521972656
randomGreedy,8,20,79,407.98,0.020493507385253906
randomGreedy,8,20,80,349.0,0.020017147064208984
randomGreedy,8,20,81,358.88,0.020661115646362305
randomGreedy,8,20,82,548.61,0.020479202270507812
randomGreedy,8,20,83,488.72,0.022001266479492188
randomGreedy,8,20,84,314.94,0.021327733993530273
randomGreedy,8,20,85,333.61,0.020292043685913086
randomGreedy,8,20,86,439.57,0.02017521858215332
randomGreedy,8,20,87,436.99,0.020209789276123047
randomGreedy,8,20,88,505.37,0.021063566207885742
randomGreedy,8,20,89,353.42,0.02066183090209961
randomGreedy,8,20,90,384.23,0.020147085189819336
randomGreedy,8,20,91,292.24,0.020325899124145508
randomGreedy,8,20,92,419.22,0.020188093185424805
randomGreedy,8,20,93,285.92,0.020155906677246094
randomGreedy,8,20,94,340.32,0.021274328231811523
randomGreedy,8,20,95,387.71,0.020641565322875977
randomGreedy,8,20,96,402.55,0.02150130271911621
randomGreedy,8,20,97,259.33,0.02056145668029785
randomGreedy,8,20,98,377.44,0.021174907684326172
randomGreedy,8,20,99,379.55,0.0215914249420166
randomGreedy,8,30,0,571.57,0.021225929260253906
randomGreedy,8,30,1,307.93,0.021260738372802734
randomGreedy,8,30,2,413.19,0.020140409469604492
randomGreedy,8,30,3,314.43,0.01975083351135254
randomGreedy,8,30,4,407.08,0.020418643951416016
randomGreedy,8,30,5,426.14,0.02094292640686035
randomGreedy,8,30,6,324.27,0.02020716667175293
randomGreedy,8,30,7,423.99,0.02025151252746582
randomGreedy,8,30,8,342.81,0.02011275291442871
randomGreedy,8,30,9,379.99,0.020170211791992188
randomGreedy,8,30,10,430.43,0.02035999298095703
randomGreedy,8,30,11,439.38,0.020381450653076172
randomGreedy,8,30,12,497.45,0.02032160758972168
randomGreedy,8,30,13,391.87,0.020353078842163086
randomGreedy,8,30,14,479.52,0.020437240600585938
randomGreedy,8,30,15,409.99,0.021749019622802734
randomGreedy,8,30,16,264.52,0.021762847900390625
randomGreedy,8,30,17,339.24,0.021441221237182617
randomGreedy,8,30,18,411.58,0.0209500789642334
randomGreedy,8,30,19,352.29,0.020493507385253906
randomGreedy,8,30,20,398.32,0.020394563674926758
randomGreedy,8,30,21,287.23,0.02115941047668457
randomGreedy,8,30,22,405.74,0.02083611488342285
randomGreedy,8,30,23,386.75,0.020339488983154297
randomGreedy,8,30,24,349.03,0.020064115524291992
randomGreedy,8,30,25,394.59,0.020156145095825195
randomGreedy,8,30,26,278.62,0.020140409469604492
randomGreedy,8,30,27,380.34,0.02138805389404297
randomGreedy,8,30,28,397.55,0.020424842834472656
randomGreedy,8,30,29,346.12,0.02024102210998535
randomGreedy,8,30,30,385.68,0.020114660263061523
randomGreedy,8,30,31,517.09,0.020223140716552734
randomGreedy,8,30,32,281.96,0.0218050479888916
randomGreedy,8,30,33,365.37,0.02178025245666504
randomGreedy,8,30,34,403.02,0.021215200424194336
randomGreedy,8,30,35,332.2,0.020061492919921875
randomGreedy,8,30,36,474.48,0.020068645477294922
randomGreedy,8,30,37,456.86,0.020146608352661133
randomGreedy,8,30,38,390.28,0.02134108543395996
randomGreedy,8,30,39,383.68,0.020311594009399414
randomGreedy,8,30,40,418.6,0.020115375518798828
randomGreedy,8,30,41,430.13,0.0202791690826416
randomGreedy,8,30,42,492.19,0.020209074020385742
randomGreedy,8,30,43,417.4,0.02074146270751953
randomGreedy,8,30,44,365.81,0.020453453063964844
randomGreedy,8,30,45,370.88,0.02046799659729004
randomGreedy,8,30,46,550.46,0.020240068435668945
randomGreedy,8,30,47,523.68,0.02039337158203125
randomGreedy,8,30,48,417.04,0.0205991268157959
randomGreedy,8,30,49,386.05,0.02222442626953125
randomGreedy,8,30,50,377.54,0.021840572357177734
randomGreedy,8,30,51,438.29,0.020370960235595703
randomGreedy,8,30,52,455.91,0.020064830780029297
randomGreedy,8,30,53,361.07,0.020097017288208008
randomGreedy,8,30,54,425.17,0.020643949508666992
randomGreedy,8,30,55,509.78,0.021141767501831055
randomGreedy,8,30,56,298.66,0.02020406723022461
randomGreedy,8,30,57,454.24,0.0199892520904541
randomGreedy,8,30,58,472.16,0.02035045623779297
randomGreedy,8,30,59,380.84,0.02031683921813965
randomGreedy,8,30,60,392.6,0.021382570266723633
randomGreedy,8,30,61,422.66,0.020502805709838867
randomGreedy,8,30,62,258.42,0.02010035514831543
randomGreedy,8,30,63,413.27,0.020327091217041016
randomGreedy,8,30,64,415.19,0.02123284339904785
randomGreedy,8,30,65,433.05,0.021441936492919922
randomGreedy,8,30,66,356.21,0.021447420120239258
randomGreedy,8,30,67,339.73,0.020469188690185547
randomGreedy,8,30,68,511.57,0.020795583724975586
randomGreedy,8,30,69,417.84,0.020098447799682617
randomGreedy,8,30,70,216.23,0.020664215087890625
randomGreedy,8,30,71,344.33,0.021466970443725586
randomGreedy,8,30,72,499.24,0.020127296447753906
randomGreedy,8,30,73,367.19,0.02027297019958496
randomGreedy,8,30,74,347.79,0.02014446258544922
randomGreedy,8,30,75,358.35,0.019918203353881836
randomGreedy,8,30,76,329.12,0.019917726516723633
randomGreedy,8,30,77,365.72,0.020476818084716797
randomGreedy,8,30,78,335.42,0.020395755767822266
randomGreedy,8,30,79,415.67,0.020406484603881836
randomGreedy,8,30,80,353.19,0.020061731338500977
randomGreedy,8,30,81,357.32,0.02150750160217285
randomGreedy,8,30,82,532.13,0.020736217498779297
randomGreedy,8,30,83,461.47,0.021072864532470703
randomGreedy,8,30,84,310.12,0.020778417587280273
randomGreedy,8,30,85,324.79,0.020091533660888672
randomGreedy,8,30,86,495.07,0.02000880241394043
randomGreedy,8,30,87,414.53,0.020421981811523438
randomGreedy,8,30,88,519.05,0.02091670036315918
randomGreedy,8,30,89,381.53,0.02022266387939453
randomGreedy,8,30,90,393.18,0.020092010498046875
randomGreedy,8,30,91,302.13,0.020282268524169922
randomGreedy,8,30,92,412.47,0.020293474197387695
randomGreedy,8,30,93,352.37,0.021854639053344727
randomGreedy,8,30,94,328.06,0.02038264274597168
randomGreedy,8,30,95,355.26,0.0219724178314209
randomGreedy,8,30,96,352.62,0.020727157592773438
randomGreedy,8,30,97,283.64,0.019928693771362305
randomGreedy,8,30,98,432.03,0.021924257278442383
randomGreedy,8,30,99,379.75,0.02138805389404297
randomGreedy,8,40,0,588.83,0.021615266799926758
randomGreedy,8,40,1,311.09,0.020793914794921875
randomGreedy,8,40,2,362.75,0.02009415626525879
randomGreedy,8,40,3,306.09,0.020673513412475586
randomGreedy,8,40,4,386.89,0.021579504013061523
randomGreedy,8,40,5,476.01,0.021078824996948242
randomGreedy,8,40,6,337.64,0.020166635513305664
randomGreedy,8,40,7,432.89,0.02018594741821289
randomGreedy,8,40,8,318.14,0.019876480102539062
randomGreedy,8,40,9,325.47,0.020239591598510742
randomGreedy,8,40,10,325.85,0.021332740783691406
randomGreedy,8,40,11,442.5,0.02040410041809082
randomGreedy,8,40,12,464.65,0.02010035514831543
randomGreedy,8,40,13,387.6,0.020093441009521484
randomGreedy,8,40,14,486.97,0.020111799240112305
randomGreedy,8,40,15,406.35,0.022228479385375977
randomGreedy,8,40,16,211.72,0.02187347412109375
randomGreedy,8,40,17,320.14,0.02086019515991211
randomGreedy,8,40,18,376.39,0.020920753479003906
randomGreedy,8,40,19,350.9,0.02019214630126953
randomGreedy,8,40,20,407.97,0.020560026168823242
randomGreedy,8,40,21,287.42,0.020680665969848633
randomGreedy,8,40,22,393.22,0.020141124725341797
randomGreedy,8,40,23,396.54,0.020672082901000977
randomGreedy,8,40,24,374.03,0.02012324333190918
randomGreedy,8,40,25,376.31,0.020228147506713867
randomGreedy,8,40,26,322.99,0.020290851593017578
randomGreedy,8,40,27,312.43,0.02037811279296875
randomGreedy,8,40,28,391.22,0.020341873168945312
randomGreedy,8,40,29,370.33,0.02137303352355957
randomGreedy,8,40,30,377.99,0.0207517147064209
randomGreedy,8,40,31,525.88,0.020825624465942383
randomGreedy,8,40,32,295.39,0.021953582763671875
randomGreedy,8,40,33,432.87,0.021793365478515625
randomGreedy,8,40,34,401.68,0.02009439468383789
randomGreedy,8,40,35,337.21,0.020046472549438477
randomGreedy,8,40,36,476.68,0.020108699798583984
randomGreedy,8,40,37,452.78,0.021636486053466797
randomGreedy,8,40,38,394.97,0.02043747901916504
randomGreedy,8,40,39,410.65,0.020250320434570312
randomGreedy,8,40,40,387.75,0.02019786834716797
randomGreedy,8,40,41,381.05,0.0203094482421875
randomGreedy,8,40,42,492.78,0.02015089988708496
randomGreedy,8,40,43,461.04,0.02164745330810547
randomGreedy,8,40,44,422.23,0.021681785583496094
randomGreedy,8,40,45,400.09,0.02111649513244629
randomGreedy,8,40,46,535.33,0.02004218101501465
randomGreedy,8,40,47,557.33,0.021080732345581055
randomGreedy,8,40,48,386.72,0.02135944366455078
randomGreedy,8,40,49,378.1,0.02158808708190918
randomGreedy,8,40,50,376.17,0.02083873748779297
randomGreedy,8,40,51,394.41,0.020178556442260742
randomGreedy,8,40,52,411.08,0.020089387893676758
randomGreedy,8,40,53,343.59,0.020198345184326172
randomGreedy,8,40,54,420.39,0.021285533905029297
randomGreedy,8,40,55,488.13,0.02045154571533203
randomGreedy,8,40,56,267.97,0.020296573638916016
randomGreedy,8,40,57,426.44,0.019997835159301758
randomGreedy,8,40,58,471.13,0.0201876163482666
randomGreedy,8,40,59,409.31,0.021754026412963867
randomGreedy,8,40,60,402.18,0.020641803741455078
randomGreedy,8,40,61,422.66,0.020520687103271484
randomGreedy,8,40,62,266.56,0.020430326461791992
randomGreedy,8,40,63,394.75,0.020587921142578125
randomGreedy,8,40,64,397.56,0.02134847640991211
randomGreedy,8,40,65,399.01,0.022071361541748047
randomGreedy,8,40,66,336.98,0.021485328674316406
randomGreedy,8,40,67,311.55,0.020894289016723633
randomGreedy,8,40,68,515.12,0.019926071166992188
randomGreedy,8,40,69,393.11,0.021583080291748047
randomGreedy,8,40,70,315.52,0.021715879440307617
randomGreedy,8,40,71,413.47,0.021193981170654297
randomGreedy,8,40,72,488.66,0.02024531364440918
randomGreedy,8,40,73,331.82,0.020175933837890625
randomGreedy,8,40,74,360.92,0.020083189010620117
randomGreedy,8,40,75,347.76,0.02002263069152832
randomGreedy,8,40,76,333.9,0.020174503326416016
randomGreedy,8,40,77,372.29,0.02048802375793457
randomGreedy,8,40,78,366.93,0.020357847213745117
randomGreedy,8,40,79,380.02,0.020429611206054688
randomGreedy,8,40,80,346.92,0.02100515365600586
randomGreedy,8,40,81,371.56,0.021929264068603516
randomGreedy,8,40,82,570.09,0.02126336097717285
randomGreedy,8,40,83,479.36,0.021057605743408203
randomGreedy,8,40,84,339.65,0.019765853881835938
randomGreedy,8,40,85,322.2,0.020097970962524414
randomGreedy,8,40,86,478.78,0.020099401473999023
randomGreedy,8,40,87,431.69,0.021486520767211914
randomGreedy,8,40,88,486.67,0.020146608352661133
randomGreedy,8,40,89,397.48,0.02028346061706543
randomGreedy,8,40,90,397.31,0.02016925811767578
randomGreedy,8,40,91,297.65,0.020590543746948242
randomGreedy,8,40,92,431.29,0.020502805709838867
randomGreedy,8,40,93,312.76,0.02050924301147461
randomGreedy,8,40,94,307.64,0.02041029930114746
randomGreedy,8,40,95,386.84,0.02031683921813965
randomGreedy,8,40,96,350.97,0.020403385162353516
randomGreedy,8,40,97,283.06,0.02085089683532715
randomGreedy,8,40,98,395.31,0.02208113670349121
randomGreedy,8,40,99,347.92,0.02109217643737793
randomGreedy,8,50,0,551.72,0.020710229873657227
randomGreedy,8,50,1,287.93,0.020020723342895508
randomGreedy,8,50,2,361.92,0.02052783966064453
randomGreedy,8,50,3,308.95,0.02072000503540039
randomGreedy,8,50,4,366.35,0.02130722999572754
randomGreedy,8,50,5,442.95,0.020264387130737305
randomGreedy,8,50,6,295.0,0.02014923095703125
randomGreedy,8,50,7,437.51,0.02020716667175293
randomGreedy,8,50,8,360.14,0.019842863082885742
randomGreedy,8,50,9,401.38,0.020536184310913086
randomGreedy,8,50,10,386.34,0.020546913146972656
randomGreedy,8,50,11,430.84,0.020349502563476562
randomGreedy,8,50,12,467.74,0.02035212516784668
randomGreedy,8,50,13,359.4,0.0214540958404541
randomGreedy,8,50,14,499.39,0.021817445755004883
randomGreedy,8,50,15,402.34,0.02139878273010254
randomGreedy,8,50,16,247.2,0.0213620662689209
randomGreedy,8,50,17,291.76,0.02022409439086914
randomGreedy,8,50,18,363.08,0.0199892520904541
randomGreedy,8,50,19,309.88,0.02017354965209961
randomGreedy,8,50,20,417.71,0.0213470458984375
randomGreedy,8,50,21,313.43,0.019960641860961914
randomGreedy,8,50,22,402.57,0.02018284797668457
randomGreedy,8,50,23,410.59,0.02026820182800293
randomGreedy,8,50,24,371.9,0.020091772079467773
randomGreedy,8,50,25,409.44,0.020292997360229492
randomGreedy,8,50,26,353.27,0.020552635192871094
randomGreedy,8,50,27,344.05,0.020494937896728516
randomGreedy,8,50,28,441.16,0.020272016525268555
randomGreedy,8,50,29,337.44,0.020397424697875977
randomGreedy,8,50,30,375.57,0.021463871002197266
randomGreedy,8,50,31,501.05,0.02095174789428711
randomGreedy,8,50,32,286.12,0.0216827392578125
randomGreedy,8,50,33,416.74,0.020772218704223633
randomGreedy,8,50,34,382.16,0.020006179809570312
randomGreedy,8,50,35,284.79,0.02005290985107422
randomGreedy,8,50,36,469.8,0.020580291748046875
randomGreedy,8,50,37,459.56,0.02111649513244629
randomGreedy,8,50,38,383.93,0.020200729370117188
randomGreedy,8,50,39,385.88,0.02025437355041504
randomGreedy,8,50,40,411.4,0.02018451690673828
randomGreedy,8,50,41,409.31,0.020339250564575195
randomGreedy,8,50,42,507.61,0.021570444107055664
randomGreedy,8,50,43,426.83,0.02055525779724121
randomGreedy,8,50,44,397.73,0.020128488540649414
randomGreedy,8,50,45,400.2,0.02048945426940918
randomGreedy,8,50,46,573.0,0.02007269859313965
randomGreedy,8,50,47,527.44,0.02060222625732422
randomGreedy,8,50,48,387.28,0.02235126495361328
randomGreedy,8,50,49,420.12,0.021330833435058594
randomGreedy,8,50,50,401.25,0.019809961318969727
randomGreedy,8,50,51,393.14,0.020098209381103516
randomGreedy,8,50,52,412.53,0.02020883560180664
randomGreedy,8,50,53,357.6,0.021506309509277344
randomGreedy,8,50,54,442.1,0.020144224166870117
randomGreedy,8,50,55,487.06,0.02025914192199707
randomGreedy,8,50,56,287.75,0.0201566219329834
randomGreedy,8,50,57,421.61,0.02004098892211914
randomGreedy,8,50,58,470.27,0.020233631134033203
randomGreedy,8,50,59,375.77,0.020667076110839844
randomGreedy,8,50,60,409.93,0.02042865753173828
randomGreedy,8,50,61,411.26,0.020366668701171875
randomGreedy,8,50,62,297.49,0.020305871963500977
randomGreedy,8,50,63,401.86,0.021776676177978516
randomGreedy,8,50,64,410.65,0.020950794219970703
randomGreedy,8,50,65,412.64,0.0217587947845459
randomGreedy,8,50,66,341.96,0.020692825317382812
randomGreedy,8,50,67,342.5,0.0201416015625
randomGreedy,8,50,68,493.63,0.01983785629272461
randomGreedy,8,50,69,390.28,0.020554780960083008
randomGreedy,8,50,70,273.64,0.021038055419921875
randomGreedy,8,50,71,377.17,0.019891977310180664
randomGreedy,8,50,72,481.64,0.020125150680541992
randomGreedy,8,50,73,332.25,0.020258426666259766
randomGreedy,8,50,74,279.73,0.02020883560180664
randomGreedy,8,50,75,359.95,0.021362781524658203
randomGreedy,8,50,76,342.8,0.020116090774536133
randomGreedy,8,50,77,371.42,0.01993703842163086
randomGreedy,8,50,78,308.55,0.020312786102294922
randomGreedy,8,50,79,414.02,0.020560741424560547
randomGreedy,8,50,80,322.49,0.021848678588867188
randomGreedy,8,50,81,361.1,0.021457195281982422
randomGreedy,8,50,82,539.77,0.020717859268188477
randomGreedy,8,50,83,494.36,0.021637439727783203
randomGreedy,8,50,84,300.68,0.019931316375732422
randomGreedy,8,50,85,317.16,0.021311521530151367
randomGreedy,8,50,86,444.04,0.021363496780395508
randomGreedy,8,50,87,417.11,0.021091938018798828
randomGreedy,8,50,88,462.89,0.020055294036865234
randomGreedy,8,50,89,374.1,0.02014946937561035
randomGreedy,8,50,90,377.06,0.020055055618286133
randomGreedy,8,50,91,345.19,0.022053956985473633
randomGreedy,8,50,92,415.0,0.020357847213745117
randomGreedy,8,50,93,335.96,0.020457029342651367
randomGreedy,8,50,94,308.26,0.019775390625
randomGreedy,8,50,95,376.24,0.020133256912231445
randomGreedy,8,50,96,333.51,0.02177119255065918
randomGreedy,8,50,97,234.29,0.021123886108398438
randomGreedy,8,50,98,468.09,0.021813392639160156
randomGreedy,8,50,99,386.45,0.021101713180541992
randomGreedy,8,60,0,598.76,0.020013093948364258
randomGreedy,8,60,1,262.19,0.020162105560302734
randomGreedy,8,60,2,401.46,0.020235061645507812
randomGreedy,8,60,3,304.19,0.021180391311645508
randomGreedy,8,60,4,362.85,0.020282268524169922
randomGreedy,8,60,5,437.96,0.020383358001708984
randomGreedy,8,60,6,271.55,0.020214557647705078
randomGreedy,8,60,7,396.33,0.02037334442138672
randomGreedy,8,60,8,344.94,0.021466732025146484
randomGreedy,8,60,9,340.25,0.020400047302246094
randomGreedy,8,60,10,371.45,0.02024984359741211
randomGreedy,8,60,11,419.27,0.0202791690826416
randomGreedy,8,60,12,474.41,0.020201683044433594
randomGreedy,8,60,13,358.12,0.021761417388916016
randomGreedy,8,60,14,471.06,0.021865129470825195
randomGreedy,8,60,15,362.36,0.02138543128967285
randomGreedy,8,60,16,243.98,0.020198822021484375
randomGreedy,8,60,17,303.66,0.020110130310058594
randomGreedy,8,60,18,398.43,0.02004075050354004
randomGreedy,8,60,19,287.86,0.021780967712402344
randomGreedy,8,60,20,396.94,0.02068924903869629
randomGreedy,8,60,21,296.65,0.019900083541870117
randomGreedy,8,60,22,399.19,0.020215272903442383
randomGreedy,8,60,23,362.34,0.020250320434570312
randomGreedy,8,60,24,366.22,0.02033066749572754
randomGreedy,8,60,25,361.0,0.020717620849609375
randomGreedy,8,60,26,315.31,0.020594120025634766
randomGreedy,8,60,27,355.21,0.02041029930114746
randomGreedy,8,60,28,413.4,0.02035975456237793
randomGreedy,8,60,29,326.78,0.021393775939941406
randomGreedy,8,60,30,369.07,0.021724462509155273
randomGreedy,8,60,31,524.03,0.02148151397705078
randomGreedy,8,60,32,306.28,0.02068781852722168
randomGreedy,8,60,33,369.88,0.020168781280517578
randomGreedy,8,60,34,428.08,0.020021677017211914
randomGreedy,8,60,35,334.57,0.02029585838317871
randomGreedy,8,60,36,479.2,0.021435022354125977
randomGreedy,8,60,37,460.65,0.020303010940551758
randomGreedy,8,60,38,376.78,0.02018141746520996
randomGreedy,8,60,39,382.96,0.020181655883789062
randomGreedy,8,60,40,417.49,0.0203249454498291
randomGreedy,8,60,41,367.36,0.020641803741455078
randomGreedy,8,60,42,506.92,0.02058267593383789
randomGreedy,8,60,43,431.15,0.020424842834472656
randomGreedy,8,60,44,399.18,0.020264625549316406
randomGreedy,8,60,45,421.81,0.020528078079223633
randomGreedy,8,60,46,525.33,0.021353960037231445
randomGreedy,8,60,47,552.49,0.02179884910583496
randomGreedy,8,60,48,397.37,0.02125382423400879
randomGreedy,8,60,49,407.21,0.020826101303100586
randomGreedy,8,60,50,392.68,0.019758224487304688
randomGreedy,8,60,51,424.39,0.02026534080505371
randomGreedy,8,60,52,414.07,0.02097797393798828
randomGreedy,8,60,53,302.65,0.021064281463623047
randomGreedy,8,60,54,428.73,0.020213603973388672
randomGreedy,8,60,55,491.27,0.02022719383239746
randomGreedy,8,60,56,212.21,0.020134449005126953
randomGreedy,8,60,57,437.46,0.02008223533630371
randomGreedy,8,60,58,520.84,0.021671056747436523
randomGreedy,8,60,59,406.87,0.020414113998413086
randomGreedy,8,60,60,390.69,0.021224260330200195
randomGreedy,8,60,61,408.21,0.020674943923950195
randomGreedy,8,60,62,284.7,0.02020120620727539
randomGreedy,8,60,63,416.0,0.021027803421020508
randomGreedy,8,60,64,409.51,0.02215743064880371
randomGreedy,8,60,65,432.46,0.021123647689819336
randomGreedy,8,60,66,377.34,0.020708084106445312
randomGreedy,8,60,67,342.35,0.020093679428100586
randomGreedy,8,60,68,527.8,0.01986241340637207
randomGreedy,8,60,69,410.05,0.021503448486328125
randomGreedy,8,60,70,312.49,0.020249366760253906
randomGreedy,8,60,71,412.59,0.020221948623657227
randomGreedy,8,60,72,511.63,0.020139217376708984
randomGreedy,8,60,73,371.01,0.020272493362426758
randomGreedy,8,60,74,284.98,0.020363569259643555
randomGreedy,8,60,75,326.75,0.020340919494628906
randomGreedy,8,60,76,306.61,0.02007150650024414
randomGreedy,8,60,77,362.63,0.020351886749267578
randomGreedy,8,60,78,338.2,0.020256757736206055
randomGreedy,8,60,79,415.44,0.021619081497192383
randomGreedy,8,60,80,347.2,0.02061748504638672
randomGreedy,8,60,81,348.66,0.021901845932006836
randomGreedy,8,60,82,547.94,0.020424842834472656
randomGreedy,8,60,83,450.37,0.02084207534790039
randomGreedy,8,60,84,329.53,0.01980733871459961
randomGreedy,8,60,85,331.9,0.02016305923461914
randomGreedy,8,60,86,462.24,0.02089238166809082
randomGreedy,8,60,87,456.71,0.02028203010559082
randomGreedy,8,60,88,473.18,0.019977092742919922
randomGreedy,8,60,89,375.44,0.02026081085205078
randomGreedy,8,60,90,391.61,0.020045995712280273
randomGreedy,8,60,91,356.07,0.02054572105407715
randomGreedy,8,60,92,405.92,0.020418882369995117
randomGreedy,8,60,93,280.05,0.021251201629638672
randomGreedy,8,60,94,312.51,0.020100116729736328
randomGreedy,8,60,95,372.57,0.020475149154663086
randomGreedy,8,60,96,365.3,0.021797895431518555
randomGreedy,8,60,97,297.5,0.021368026733398438
randomGreedy,8,60,98,442.41,0.021572351455688477
randomGreedy,8,60,99,392.91,0.02020096778869629
randomGreedy,8,70,0,565.63,0.019940614700317383
randomGreedy,8,70,1,322.16,0.02015972137451172
randomGreedy,8,70,2,374.0,0.021479368209838867
randomGreedy,8,70,3,308.31,0.020021438598632812
randomGreedy,8,70,4,387.78,0.020221471786499023
randomGreedy,8,70,5,449.83,0.02025604248046875
randomGreedy,8,70,6,332.24,0.020272016525268555
randomGreedy,8,70,7,377.78,0.02037644386291504
randomGreedy,8,70,8,333.9,0.02031707763671875
randomGreedy,8,70,9,311.34,0.02042865753173828
randomGreedy,8,70,10,376.27,0.02042412757873535
randomGreedy,8,70,11,459.68,0.020400047302246094
randomGreedy,8,70,12,499.1,0.021481990814208984
randomGreedy,8,70,13,370.22,0.021849393844604492
randomGreedy,8,70,14,477.65,0.0214383602142334
randomGreedy,8,70,15,383.5,0.020212888717651367
randomGreedy,8,70,16,229.22,0.021300554275512695
randomGreedy,8,70,17,299.26,0.020212650299072266
randomGreedy,8,70,18,414.84,0.020342588424682617
randomGreedy,8,70,19,312.03,0.020951509475708008
randomGreedy,8,70,20,394.4,0.020139217376708984
randomGreedy,8,70,21,289.93,0.020241737365722656
randomGreedy,8,70,22,407.54,0.020121097564697266
randomGreedy,8,70,23,384.99,0.02026510238647461
randomGreedy,8,70,24,373.79,0.020390987396240234
randomGreedy,8,70,25,340.26,0.020640134811401367
randomGreedy,8,70,26,336.14,0.02034783363342285
randomGreedy,8,70,27,375.37,0.020455598831176758
randomGreedy,8,70,28,411.12,0.020476579666137695
randomGreedy,8,70,29,336.69,0.021159887313842773
randomGreedy,8,70,30,354.94,0.021646976470947266
randomGreedy,8,70,31,533.84,0.020739078521728516
randomGreedy,8,70,32,299.6,0.02132248878479004
randomGreedy,8,70,33,393.57,0.020129919052124023
randomGreedy,8,70,34,424.11,0.021006107330322266
randomGreedy,8,70,35,291.73,0.021143674850463867
randomGreedy,8,70,36,479.88,0.02101445198059082
randomGreedy,8,70,37,460.08,0.020241260528564453
randomGreedy,8,70,38,393.04,0.020244121551513672
randomGreedy,8,70,39,409.25,0.020231962203979492
randomGreedy,8,70,40,420.57,0.020151376724243164
randomGreedy,8,70,41,388.62,0.02147054672241211
randomGreedy,8,70,42,488.87,0.02037644386291504
randomGreedy,8,70,43,457.21,0.020097017288208008
randomGreedy,8,70,44,395.92,0.02131485939025879
randomGreedy,8,70,45,370.82,0.021099090576171875
randomGreedy,8,70,46,532.78,0.02167820930480957
randomGreedy,8,70,47,532.51,0.02144169807434082
randomGreedy,8,70,48,379.3,0.02091193199157715
randomGreedy,8,70,49,360.73,0.02004218101501465
randomGreedy,8,70,50,384.96,0.02008342742919922
randomGreedy,8,70,51,398.34,0.02022266387939453
randomGreedy,8,70,52,409.42,0.021364450454711914
randomGreedy,8,70,53,342.6,0.020288944244384766
randomGreedy,8,70,54,449.1,0.02011728286743164
randomGreedy,8,70,55,467.67,0.020326852798461914
randomGreedy,8,70,56,227.23,0.02014780044555664
randomGreedy,8,70,57,434.93,0.02026677131652832
randomGreedy,8,70,58,461.66,0.020443201065063477
randomGreedy,8,70,59,419.51,0.020420312881469727
randomGreedy,8,70,60,423.85,0.020333051681518555
randomGreedy,8,70,61,386.74,0.020554780960083008
randomGreedy,8,70,62,313.9,0.020306110382080078
randomGreedy,8,70,63,416.93,0.021904468536376953
randomGreedy,8,70,64,386.93,0.021570682525634766
randomGreedy,8,70,65,434.74,0.020148754119873047
randomGreedy,8,70,66,334.16,0.020038366317749023
randomGreedy,8,70,67,328.27,0.020195722579956055
randomGreedy,8,70,68,501.83,0.02136707305908203
randomGreedy,8,70,69,417.42,0.020409822463989258
randomGreedy,8,70,70,287.56,0.020147323608398438
randomGreedy,8,70,71,397.26,0.019829988479614258
randomGreedy,8,70,72,501.18,0.020141124725341797
randomGreedy,8,70,73,307.1,0.020176410675048828
randomGreedy,8,70,74,313.16,0.0215914249420166
randomGreedy,8,70,75,292.03,0.0202329158782959
randomGreedy,8,70,76,341.88,0.019820690155029297
randomGreedy,8,70,77,372.69,0.021537065505981445
randomGreedy,8,70,78,366.6,0.021061182022094727
randomGreedy,8,70,79,408.69,0.0218353271484375
randomGreedy,8,70,80,340.05,0.021420001983642578
randomGreedy,8,70,81,386.55,0.02113962173461914
randomGreedy,8,70,82,508.75,0.019974708557128906
randomGreedy,8,70,83,445.33,0.02013993263244629
randomGreedy,8,70,84,322.94,0.0198361873626709
randomGreedy,8,70,85,354.76,0.02139449119567871
randomGreedy,8,70,86,436.55,0.020724058151245117
randomGreedy,8,70,87,447.44,0.020262718200683594
randomGreedy,8,70,88,502.27,0.020088911056518555
randomGreedy,8,70,89,375.85,0.020255565643310547
randomGreedy,8,70,90,408.18,0.02063608169555664
randomGreedy,8,70,91,303.09,0.02059650421142578
randomGreedy,8,70,92,430.28,0.020356416702270508
randomGreedy,8,70,93,341.5,0.020395517349243164
randomGreedy,8,70,94,325.21,0.020103931427001953
randomGreedy,8,70,95,361.77,0.020850419998168945
randomGreedy,8,70,96,398.71,0.02205348014831543
randomGreedy,8,70,97,267.7,0.02176642417907715
randomGreedy,8,70,98,419.89,0.02095818519592285
randomGreedy,8,70,99,362.6,0.020172834396362305
randomGreedy,8,80,0,588.11,0.0202178955078125
randomGreedy,8,80,1,304.7,0.0210874080657959
randomGreedy,8,80,2,362.45,0.0208892822265625
randomGreedy,8,80,3,305.33,0.019931793212890625
randomGreedy,8,80,4,371.2,0.02012801170349121
randomGreedy,8,80,5,418.53,0.020188570022583008
randomGreedy,8,80,6,329.93,0.020184755325317383
randomGreedy,8,80,7,412.32,0.021395444869995117
randomGreedy,8,80,8,351.41,0.02027273178100586
randomGreedy,8,80,9,342.07,0.020192861557006836
randomGreedy,8,80,10,366.75,0.020031213760375977
randomGreedy,8,80,11,440.37,0.02046346664428711
randomGreedy,8,80,12,464.91,0.020910024642944336
randomGreedy,8,80,13,354.33,0.022437095642089844
randomGreedy,8,80,14,518.16,0.02119302749633789
randomGreedy,8,80,15,386.77,0.020884275436401367
randomGreedy,8,80,16,265.56,0.020123004913330078
randomGreedy,8,80,17,278.64,0.02019786834716797
randomGreedy,8,80,18,397.45,0.021312952041625977
randomGreedy,8,80,19,347.37,0.020314931869506836
randomGreedy,8,80,20,372.86,0.0201416015625
randomGreedy,8,80,21,267.27,0.019779443740844727
randomGreedy,8,80,22,424.99,0.020180225372314453
randomGreedy,8,80,23,381.27,0.02048492431640625
randomGreedy,8,80,24,336.07,0.020427942276000977
randomGreedy,8,80,25,374.77,0.020456790924072266
randomGreedy,8,80,26,309.54,0.020351171493530273
randomGreedy,8,80,27,390.28,0.020304441452026367
randomGreedy,8,80,28,366.52,0.021338462829589844
randomGreedy,8,80,29,357.32,0.02099776268005371
randomGreedy,8,80,30,369.29,0.021926164627075195
randomGreedy,8,80,31,542.2,0.020227909088134766
randomGreedy,8,80,32,277.2,0.019747257232666016
randomGreedy,8,80,33,406.81,0.020044803619384766
randomGreedy,8,80,34,421.87,0.02053356170654297
randomGreedy,8,80,35,278.39,0.021218538284301758
randomGreedy,8,80,36,480.19,0.020250797271728516
randomGreedy,8,80,37,463.5,0.020212888717651367
randomGreedy,8,80,38,380.21,0.020102262496948242
randomGreedy,8,80,39,406.82,0.020190715789794922
randomGreedy,8,80,40,374.92,0.021230459213256836
randomGreedy,8,80,41,378.65,0.02055048942565918
randomGreedy,8,80,42,520.78,0.02010512351989746
randomGreedy,8,80,43,427.15,0.02036452293395996
randomGreedy,8,80,44,402.12,0.02050948143005371
randomGreedy,8,80,45,409.15,0.020842313766479492
randomGreedy,8,80,46,532.41,0.022006750106811523
randomGreedy,8,80,47,549.62,0.021452903747558594
randomGreedy,8,80,48,390.83,0.020093202590942383
randomGreedy,8,80,49,362.14,0.020024776458740234
randomGreedy,8,80,50,368.27,0.020481586456298828
randomGreedy,8,80,51,448.14,0.021398544311523438
randomGreedy,8,80,52,396.5,0.02026224136352539
randomGreedy,8,80,53,358.34,0.02032327651977539
randomGreedy,8,80,54,401.69,0.020160436630249023
randomGreedy,8,80,55,438.66,0.020312786102294922
randomGreedy,8,80,56,257.78,0.020213603973388672
randomGreedy,8,80,57,446.32,0.020486831665039062
randomGreedy,8,80,58,468.02,0.020435094833374023
randomGreedy,8,80,59,413.27,0.020437002182006836
randomGreedy,8,80,60,410.16,0.020389318466186523
randomGreedy,8,80,61,447.06,0.021615028381347656
randomGreedy,8,80,62,260.01,0.020970821380615234
randomGreedy,8,80,63,383.41,0.021948814392089844
randomGreedy,8,80,64,392.85,0.021143674850463867
randomGreedy,8,80,65,439.03,0.0201568603515625
randomGreedy,8,80,66,336.59,0.020032644271850586
randomGreedy,8,80,67,319.16,0.020834922790527344
randomGreedy,8,80,68,487.36,0.018767833709716797
randomGreedy,8,80,69,393.76,0.020230531692504883
randomGreedy,8,80,70,301.64,0.02013993263244629
randomGreedy,8,80,71,390.36,0.01987457275390625
randomGreedy,8,80,72,486.54,0.020089149475097656
randomGreedy,8,80,73,386.84,0.02126288414001465
randomGreedy,8,80,74,341.76,0.021458148956298828
randomGreedy,8,80,75,328.94,0.02108168601989746
randomGreedy,8,80,76,337.8,0.02045583724975586
randomGreedy,8,80,77,358.23,0.020177125930786133
randomGreedy,8,80,78,337.9,0.021447420120239258
randomGreedy,8,80,79,407.01,0.02177906036376953
randomGreedy,8,80,80,370.76,0.021273136138916016
randomGreedy,8,80,81,358.83,0.02016282081604004
randomGreedy,8,80,82,579.17,0.01996135711669922
randomGreedy,8,80,83,457.67,0.02015995979309082
randomGreedy,8,80,84,335.77,0.021138906478881836
randomGreedy,8,80,85,333.1,0.020327329635620117
randomGreedy,8,80,86,468.72,0.020316123962402344
randomGreedy,8,80,87,446.43,0.020264387130737305
randomGreedy,8,80,88,514.14,0.02012324333190918
randomGreedy,8,80,89,377.62,0.020319223403930664
randomGreedy,8,80,90,341.96,0.020793676376342773
randomGreedy,8,80,91,337.79,0.0206451416015625
randomGreedy,8,80,92,373.5,0.02039194107055664
randomGreedy,8,80,93,312.76,0.020437955856323242
randomGreedy,8,80,94,310.73,0.02122974395751953
randomGreedy,8,80,95,365.22,0.021129131317138672
randomGreedy,8,80,96,408.04,0.021657705307006836
randomGreedy,8,80,97,281.24,0.020583629608154297
randomGreedy,8,80,98,446.97,0.020128726959228516
randomGreedy,8,80,99,391.51,0.020049571990966797
randomGreedy,8,90,0,611.82,0.020037412643432617
randomGreedy,8,90,1,328.58,0.021448373794555664
randomGreedy,8,90,2,396.35,0.020205020904541016
randomGreedy,8,90,3,280.64,0.019861459732055664
randomGreedy,8,90,4,369.56,0.020136117935180664
randomGreedy,8,90,5,434.62,0.02025604248046875
randomGreedy,8,90,6,330.25,0.02050018310546875
randomGreedy,8,90,7,409.01,0.020535945892333984
randomGreedy,8,90,8,340.42,0.020072460174560547
randomGreedy,8,90,9,359.27,0.020367860794067383
randomGreedy,8,90,10,372.86,0.0204160213470459
randomGreedy,8,90,11,414.51,0.02087092399597168
randomGreedy,8,90,12,489.77,0.021690845489501953
randomGreedy,8,90,13,356.47,0.021848678588867188
randomGreedy,8,90,14,498.64,0.020960569381713867
randomGreedy,8,90,15,405.35,0.020151853561401367
randomGreedy,8,90,16,261.58,0.02007126808166504
randomGreedy,8,90,17,329.25,0.02124619483947754
randomGreedy,8,90,18,361.61,0.02065110206604004
randomGreedy,8,90,19,331.25,0.020278453826904297
randomGreedy,8,90,20,402.36,0.020155906677246094
randomGreedy,8,90,21,266.42,0.019925355911254883
randomGreedy,8,90,22,365.03,0.02030801773071289
randomGreedy,8,90,23,403.7,0.021495580673217773
randomGreedy,8,90,24,379.99,0.021590471267700195
randomGreedy,8,90,25,390.28,0.02094292640686035
randomGreedy,8,90,26,377.33,0.020226478576660156
randomGreedy,8,90,27,351.66,0.021281719207763672
randomGreedy,8,90,28,396.94,0.021866559982299805
randomGreedy,8,90,29,376.96,0.021660566329956055
randomGreedy,8,90,30,388.97,0.021596670150756836
randomGreedy,8,90,31,512.4,0.02028203010559082
randomGreedy,8,90,32,301.98,0.020008563995361328
randomGreedy,8,90,33,377.88,0.020210981369018555
randomGreedy,8,90,34,389.46,0.021355390548706055
randomGreedy,8,90,35,340.67,0.020461082458496094
randomGreedy,8,90,36,473.04,0.020266294479370117
randomGreedy,8,90,37,465.09,0.020207881927490234
randomGreedy,8,90,38,379.79,0.020209789276123047
randomGreedy,8,90,39,402.98,0.020597219467163086
randomGreedy,8,90,40,371.86,0.02052617073059082
randomGreedy,8,90,41,459.68,0.020500659942626953
randomGreedy,8,90,42,500.8,0.020355224609375
randomGreedy,8,90,43,445.01,0.020437955856323242
randomGreedy,8,90,44,397.89,0.020821094512939453
randomGreedy,8,90,45,378.92,0.022171974182128906
randomGreedy,8,90,46,533.25,0.020914554595947266
randomGreedy,8,90,47,548.08,0.020728349685668945
randomGreedy,8,90,48,378.39,0.019981861114501953
randomGreedy,8,90,49,367.88,0.021054506301879883
randomGreedy,8,90,50,381.39,0.020969390869140625
randomGreedy,8,90,51,412.2,0.02097940444946289
randomGreedy,8,90,52,420.28,0.02007269859313965
randomGreedy,8,90,53,356.19,0.020172595977783203
randomGreedy,8,90,54,427.85,0.020011186599731445
randomGreedy,8,90,55,484.12,0.02027726173400879
randomGreedy,8,90,56,269.13,0.020948410034179688
randomGreedy,8,90,57,419.1,0.020093679428100586
randomGreedy,8,90,58,474.66,0.020030975341796875
randomGreedy,8,90,59,399.27,0.02003312110900879
randomGreedy,8,90,60,387.67,0.021115779876708984
randomGreedy,8,90,61,440.72,0.021584749221801758
randomGreedy,8,90,62,263.14,0.02186441421508789
randomGreedy,8,90,63,402.03,0.021128416061401367
randomGreedy,8,90,64,423.22,0.020039081573486328
randomGreedy,8,90,65,402.24,0.020058155059814453
randomGreedy,8,90,66,385.14,0.020061016082763672
randomGreedy,8,90,67,335.64,0.02146601676940918
randomGreedy,8,90,68,532.99,0.020029544830322266
randomGreedy,8,90,69,414.93,0.020348548889160156
randomGreedy,8,90,70,262.5,0.02011585235595703
randomGreedy,8,90,71,403.54,0.01996445655822754
randomGreedy,8,90,72,497.13,0.020360231399536133
randomGreedy,8,90,73,316.65,0.020554780960083008
randomGreedy,8,90,74,331.52,0.020420074462890625
randomGreedy,8,90,75,318.46,0.02004861831665039
randomGreedy,8,90,76,335.54,0.020034313201904297
randomGreedy,8,90,77,382.51,0.02075505256652832
randomGreedy,8,90,78,334.5,0.022319555282592773
randomGreedy,8,90,79,392.97,0.02115035057067871
randomGreedy,8,90,80,355.42,0.020610809326171875
randomGreedy,8,90,81,367.54,0.020157814025878906
randomGreedy,8,90,82,525.83,0.019957304000854492
randomGreedy,8,90,83,461.92,0.02111053466796875
randomGreedy,8,90,84,345.36,0.0205690860748291
randomGreedy,8,90,85,340.2,0.020033597946166992
randomGreedy,8,90,86,463.72,0.020269155502319336
randomGreedy,8,90,87,459.85,0.02035212516784668
randomGreedy,8,90,88,496.73,0.020025968551635742
randomGreedy,8,90,89,373.51,0.021381855010986328
randomGreedy,8,90,90,379.33,0.020344018936157227
randomGreedy,8,90,91,345.19,0.0202791690826416
randomGreedy,8,90,92,420.7,0.020183563232421875
randomGreedy,8,90,93,324.08,0.021549701690673828
randomGreedy,8,90,94,315.21,0.021374940872192383
randomGreedy,8,90,95,346.25,0.021772384643554688
randomGreedy,8,90,96,373.37,0.020826339721679688
randomGreedy,8,90,97,254.49,0.020548582077026367
randomGreedy,8,90,98,449.34,0.020030975341796875
randomGreedy,8,90,99,367.71,0.02042078971862793
randomGreedy,8,100,0,554.82,0.020812511444091797
randomGreedy,8,100,1,289.18,0.02023172378540039
randomGreedy,8,100,2,384.9,0.020170211791992188
randomGreedy,8,100,3,289.93,0.019791364669799805
randomGreedy,8,100,4,376.11,0.02013397216796875
randomGreedy,8,100,5,427.16,0.020578861236572266
randomGreedy,8,100,6,292.34,0.020432233810424805
randomGreedy,8,100,7,419.31,0.020381927490234375
randomGreedy,8,100,8,349.52,0.020275592803955078
randomGreedy,8,100,9,401.38,0.02069377899169922
randomGreedy,8,100,10,348.31,0.021607160568237305
randomGreedy,8,100,11,460.14,0.021108150482177734
randomGreedy,8,100,12,525.61,0.0216217041015625
randomGreedy,8,100,13,347.02,0.020273208618164062
randomGreedy,8,100,14,473.48,0.0200498104095459
randomGreedy,8,100,15,349.25,0.020134925842285156
randomGreedy,8,100,16,266.16,0.021002531051635742
randomGreedy,8,100,17,340.23,0.020842790603637695
randomGreedy,8,100,18,425.13,0.02154088020324707
randomGreedy,8,100,19,317.2,0.020488262176513672
randomGreedy,8,100,20,377.08,0.020146608352661133
randomGreedy,8,100,21,298.92,0.019883394241333008
randomGreedy,8,100,22,431.54,0.021205663681030273
randomGreedy,8,100,23,401.07,0.020527124404907227
randomGreedy,8,100,24,368.49,0.020035266876220703
randomGreedy,8,100,25,352.92,0.020226716995239258
randomGreedy,8,100,26,333.91,0.021143198013305664
randomGreedy,8,100,27,362.31,0.021659135818481445
randomGreedy,8,100,28,393.04,0.021497726440429688
randomGreedy,8,100,29,341.59,0.02128744125366211
randomGreedy,8,100,30,365.12,0.0201263427734375
randomGreedy,8,100,31,487.49,0.0200808048248291
randomGreedy,8,100,32,301.7,0.01978898048400879
randomGreedy,8,100,33,402.56,0.02153158187866211
randomGreedy,8,100,34,381.0,0.020190715789794922
randomGreedy,8,100,35,306.31,0.020281314849853516
randomGreedy,8,100,36,443.7,0.020415306091308594
randomGreedy,8,100,37,433.09,0.020238637924194336
randomGreedy,8,100,38,398.9,0.02060699462890625
randomGreedy,8,100,39,409.54,0.020671367645263672
randomGreedy,8,100,40,377.62,0.020423173904418945
randomGreedy,8,100,41,406.34,0.020452022552490234
randomGreedy,8,100,42,509.12,0.020464181900024414
randomGreedy,8,100,43,464.5,0.020946502685546875
randomGreedy,8,100,44,394.07,0.022022485733032227
randomGreedy,8,100,45,390.28,0.021799087524414062
randomGreedy,8,100,46,523.55,0.02060222625732422
randomGreedy,8,100,47,520.18,0.019971132278442383
randomGreedy,8,100,48,403.26,0.02013087272644043
randomGreedy,8,100,49,388.22,0.021335601806640625
randomGreedy,8,100,50,390.29,0.020470857620239258
randomGreedy,8,100,51,416.94,0.02041339874267578
randomGreedy,8,100,52,406.61,0.020194292068481445
randomGreedy,8,100,53,361.42,0.020264148712158203
randomGreedy,8,100,54,475.59,0.020227670669555664
randomGreedy,8,100,55,456.81,0.021523237228393555
randomGreedy,8,100,56,299.22,0.020559072494506836
randomGreedy,8,100,57,445.72,0.020075559616088867
randomGreedy,8,100,58,459.04,0.020210981369018555
randomGreedy,8,100,59,398.85,0.021204233169555664
randomGreedy,8,100,60,393.34,0.02178502082824707
randomGreedy,8,100,61,428.69,0.021620512008666992
randomGreedy,8,100,62,287.88,0.020694494247436523
randomGreedy,8,100,63,395.21,0.020151376724243164
randomGreedy,8,100,64,365.32,0.020056724548339844
randomGreedy,8,100,65,431.13,0.020435810089111328
randomGreedy,8,100,66,344.88,0.02129960060119629
randomGreedy,8,100,67,316.95,0.020305395126342773
randomGreedy,8,100,68,509.79,0.0201876163482666
randomGreedy,8,100,69,376.43,0.02030014991760254
randomGreedy,8,100,70,308.36,0.020247459411621094
randomGreedy,8,100,71,387.86,0.020168304443359375
randomGreedy,8,100,72,482.15,0.020346641540527344
randomGreedy,8,100,73,351.05,0.02052164077758789
randomGreedy,8,100,74,344.49,0.021208524703979492
randomGreedy,8,100,75,315.43,0.020950794219970703
randomGreedy,8,100,76,328.08,0.021287918090820312
randomGreedy,8,100,77,370.26,0.021784305572509766
randomGreedy,8,100,78,323.08,0.02144646644592285
randomGreedy,8,100,79,407.9,0.020303964614868164
randomGreedy,8,100,80,351.99,0.019741058349609375
randomGreedy,8,100,81,370.38,0.02014017105102539
randomGreedy,8,100,82,525.26,0.021294355392456055
randomGreedy,8,100,83,447.67,0.020559310913085938
randomGreedy,8,100,84,317.87,0.019916534423828125
randomGreedy,8,100,85,362.48,0.02029561996459961
randomGreedy,8,100,86,450.56,0.020181894302368164
randomGreedy,8,100,87,464.32,0.02030658721923828
randomGreedy,8,100,88,523.31,0.020447731018066406
randomGreedy,8,100,89,393.49,0.020514965057373047
randomGreedy,8,100,90,379.59,0.020282745361328125
randomGreedy,8,100,91,317.45,0.020391464233398438
randomGreedy,8,100,92,404.21,0.021269559860229492
randomGreedy,8,100,93,356.7,0.021220922470092773
randomGreedy,8,100,94,319.55,0.020725488662719727
randomGreedy,8,100,95,370.63,0.020522117614746094
randomGreedy,8,100,96,342.97,0.020963430404663086
randomGreedy,8,100,97,294.4,0.019791364669799805
randomGreedy,8,100,98,479.43,0.020707368850708008
randomGreedy,8,100,99,392.73,0.02110147476196289
randomGreedy,30,0,0,799.75,0.04583621025085449
randomGreedy,30,0,1,700.18,0.045350074768066406
randomGreedy,30,0,2,621.2,0.04553031921386719
randomGreedy,30,0,3,729.48,0.04651474952697754
randomGreedy,30,0,4,693.37,0.045189619064331055
randomGreedy,30,0,5,668.01,0.045196533203125
randomGreedy,30,0,6,654.71,0.05008840560913086
randomGreedy,30,0,7,684.03,0.04472470283508301
randomGreedy,30,0,8,768.0,0.046547651290893555
randomGreedy,30,0,9,684.09,0.04621744155883789
randomGreedy,30,0,10,729.98,0.05128598213195801
randomGreedy,30,0,11,670.46,0.04640555381774902
randomGreedy,30,0,12,691.04,0.04685831069946289
randomGreedy,30,0,13,792.36,0.044895172119140625
randomGreedy,30,0,14,814.29,0.05153656005859375
randomGreedy,30,0,15,765.45,0.047297000885009766
randomGreedy,30,0,16,706.53,0.04716157913208008
randomGreedy,30,0,17,666.56,0.045031070709228516
randomGreedy,30,0,18,811.45,0.05157065391540527
randomGreedy,30,0,19,767.28,0.04648327827453613
randomGreedy,30,0,20,775.78,0.04515719413757324
randomGreedy,30,0,21,690.36,0.046671152114868164
randomGreedy,30,0,22,904.22,0.0456395149230957
randomGreedy,30,0,23,649.18,0.04554629325866699
randomGreedy,30,0,24,740.24,0.046884775161743164
randomGreedy,30,0,25,677.06,0.04708266258239746
randomGreedy,30,0,26,825.99,0.0466306209564209
randomGreedy,30,0,27,882.0,0.046208858489990234
randomGreedy,30,0,28,616.96,0.05006766319274902
randomGreedy,30,0,29,870.24,0.047377824783325195
randomGreedy,30,0,30,654.47,0.045452117919921875
randomGreedy,30,0,31,784.8,0.0456545352935791
randomGreedy,30,0,32,708.6,0.04427337646484375
randomGreedy,30,0,33,716.96,0.04571819305419922
randomGreedy,30,0,34,762.49,0.04772186279296875
randomGreedy,30,0,35,791.68,0.044756174087524414
randomGreedy,30,0,36,663.13,0.05114269256591797
randomGreedy,30,0,37,768.1,0.05138254165649414
randomGreedy,30,0,38,769.52,0.04446244239807129
randomGreedy,30,0,39,668.92,0.045761823654174805
randomGreedy,30,0,40,725.9,0.04573702812194824
randomGreedy,30,0,41,743.79,0.045473575592041016
randomGreedy,30,0,42,684.52,0.044921159744262695
randomGreedy,30,0,43,770.5,0.04496955871582031
randomGreedy,30,0,44,817.9,0.04606366157531738
randomGreedy,30,0,45,655.63,0.04613137245178223
randomGreedy,30,0,46,812.97,0.04980611801147461
randomGreedy,30,0,47,891.69,0.044486045837402344
randomGreedy,30,0,48,791.36,0.045540571212768555
randomGreedy,30,0,49,650.65,0.045052289962768555
randomGreedy,30,0,50,811.95,0.045957088470458984
randomGreedy,30,0,51,837.81,0.04543328285217285
randomGreedy,30,0,52,716.61,0.04529380798339844
randomGreedy,30,0,53,891.2,0.048130035400390625
randomGreedy,30,0,54,787.22,0.04468846321105957
randomGreedy,30,0,55,754.7,0.046837806701660156
randomGreedy,30,0,56,812.46,0.04650759696960449
randomGreedy,30,0,57,889.61,0.046384334564208984
randomGreedy,30,0,58,760.88,0.04472970962524414
randomGreedy,30,0,59,751.21,0.049629926681518555
randomGreedy,30,0,60,718.23,0.04543185234069824
randomGreedy,30,0,61,688.04,0.04595685005187988
randomGreedy,30,0,62,643.63,0.04764962196350098
randomGreedy,30,0,63,718.9,0.04782700538635254
randomGreedy,30,0,64,833.22,0.045755624771118164
randomGreedy,30,0,65,780.67,0.046207427978515625
randomGreedy,30,0,66,700.64,0.04581880569458008
randomGreedy,30,0,67,676.62,0.044915199279785156
randomGreedy,30,0,68,695.89,0.04793357849121094
randomGreedy,30,0,69,820.71,0.046172380447387695
randomGreedy,30,0,70,743.99,0.04516959190368652
randomGreedy,30,0,71,589.67,0.04666733741760254
randomGreedy,30,0,72,696.16,0.04514670372009277
randomGreedy,30,0,73,725.11,0.045145511627197266
randomGreedy,30,0,74,600.54,0.04609799385070801
randomGreedy,30,0,75,735.96,0.04538607597351074
randomGreedy,30,0,76,780.57,0.04580521583557129
randomGreedy,30,0,77,718.8,0.04720592498779297
randomGreedy,30,0,78,779.48,0.04552316665649414
randomGreedy,30,0,79,767.13,0.04603123664855957
randomGreedy,30,0,80,638.44,0.04577207565307617
randomGreedy,30,0,81,732.08,0.04541826248168945
randomGreedy,30,0,82,764.69,0.04780983924865723
randomGreedy,30,0,83,709.11,0.044326066970825195
randomGreedy,30,0,84,908.52,0.0481722354888916
randomGreedy,30,0,85,673.38,0.0463869571685791
randomGreedy,30,0,86,674.33,0.04800724983215332
randomGreedy,30,0,87,773.86,0.04525303840637207
randomGreedy,30,0,88,742.89,0.04552102088928223
randomGreedy,30,0,89,719.8,0.04544520378112793
randomGreedy,30,0,90,726.02,0.04574394226074219
randomGreedy,30,0,91,731.39,0.049011945724487305
randomGreedy,30,0,92,800.76,0.04550886154174805
randomGreedy,30,0,93,714.57,0.04539012908935547
randomGreedy,30,0,94,838.75,0.04552602767944336
randomGreedy,30,0,95,829.82,0.050173282623291016
randomGreedy,30,0,96,714.73,0.04422450065612793
randomGreedy,30,0,97,723.82,0.04776573181152344
randomGreedy,30,0,98,719.8,0.044255733489990234
randomGreedy,30,0,99,804.98,0.04430413246154785
randomGreedy,30,10,0,776.81,0.04626941680908203
randomGreedy,30,10,1,839.53,0.04969930648803711
randomGreedy,30,10,2,602.84,0.04563474655151367
randomGreedy,30,10,3,631.79,0.04535079002380371
randomGreedy,30,10,4,782.61,0.04648232460021973
randomGreedy,30,10,5,712.15,0.0464017391204834
randomGreedy,30,10,6,699.01,0.04443836212158203
randomGreedy,30,10,7,708.81,0.04637289047241211
randomGreedy,30,10,8,739.1,0.04326438903808594
randomGreedy,30,10,9,654.45,0.04767036437988281
randomGreedy,30,10,10,779.62,0.047579288482666016
randomGreedy,30,10,11,763.32,0.04535794258117676
randomGreedy,30,10,12,708.99,0.04597043991088867
randomGreedy,30,10,13,824.47,0.050850868225097656
randomGreedy,30,10,14,771.13,0.0444638729095459
randomGreedy,30,10,15,875.87,0.045777320861816406
randomGreedy,30,10,16,833.64,0.04774785041809082
randomGreedy,30,10,17,826.92,0.04490327835083008
randomGreedy,30,10,18,794.17,0.04545783996582031
randomGreedy,30,10,19,879.77,0.05554795265197754
randomGreedy,30,10,20,783.07,0.046712636947631836
randomGreedy,30,10,21,688.93,0.0452418327331543
randomGreedy,30,10,22,733.96,0.045735836029052734
randomGreedy,30,10,23,709.82,0.04686164855957031
randomGreedy,30,10,24,697.52,0.04424643516540527
randomGreedy,30,10,25,722.83,0.0455021858215332
randomGreedy,30,10,26,817.81,0.04623126983642578
randomGreedy,30,10,27,810.98,0.04510974884033203
randomGreedy,30,10,28,699.1,0.04679703712463379
randomGreedy,30,10,29,699.85,0.04623103141784668
randomGreedy,30,10,30,738.29,0.04512739181518555
randomGreedy,30,10,31,736.29,0.04878497123718262
randomGreedy,30,10,32,646.65,0.044670820236206055
randomGreedy,30,10,33,761.97,0.04578661918640137
randomGreedy,30,10,34,734.75,0.04442286491394043
randomGreedy,30,10,35,690.7,0.04645395278930664
randomGreedy,30,10,36,778.18,0.04630541801452637
randomGreedy,30,10,37,744.89,0.04542398452758789
randomGreedy,30,10,38,810.12,0.04988241195678711
randomGreedy,30,10,39,689.02,0.04580402374267578
randomGreedy,30,10,40,710.26,0.04609823226928711
randomGreedy,30,10,41,705.23,0.04537630081176758
randomGreedy,30,10,42,753.25,0.046216726303100586
randomGreedy,30,10,43,685.2,0.045278310775756836
randomGreedy,30,10,44,724.97,0.045250654220581055
randomGreedy,30,10,45,707.66,0.04977154731750488
randomGreedy,30,10,46,652.59,0.04742932319641113
randomGreedy,30,10,47,787.05,0.04522395133972168
randomGreedy,30,10,48,831.8,0.05019426345825195
randomGreedy,30,10,49,667.43,0.045389413833618164
randomGreedy,30,10,50,722.66,0.04482460021972656
randomGreedy,30,10,51,613.02,0.04722905158996582
randomGreedy,30,10,52,696.63,0.04564499855041504
randomGreedy,30,10,53,873.46,0.04668688774108887
randomGreedy,30,10,54,768.84,0.04512906074523926
randomGreedy,30,10,55,767.3,0.04861927032470703
randomGreedy,30,10,56,943.56,0.05168437957763672
randomGreedy,30,10,57,805.46,0.04691815376281738
randomGreedy,30,10,58,719.27,0.045175790786743164
randomGreedy,30,10,59,709.9,0.04694533348083496
randomGreedy,30,10,60,794.08,0.04854321479797363
randomGreedy,30,10,61,730.43,0.045845746994018555
randomGreedy,30,10,62,701.43,0.04497027397155762
randomGreedy,30,10,63,661.72,0.04592442512512207
randomGreedy,30,10,64,817.42,0.04694175720214844
randomGreedy,30,10,65,753.89,0.045316219329833984
randomGreedy,30,10,66,732.81,0.04761838912963867
randomGreedy,30,10,67,705.05,0.04663586616516113
randomGreedy,30,10,68,633.22,0.04451751708984375
randomGreedy,30,10,69,818.35,0.04618072509765625
randomGreedy,30,10,70,668.51,0.04721522331237793
randomGreedy,30,10,71,663.97,0.04473686218261719
randomGreedy,30,10,72,913.97,0.04569697380065918
randomGreedy,30,10,73,805.85,0.0454564094543457
randomGreedy,30,10,74,697.25,0.04727029800415039
randomGreedy,30,10,75,634.75,0.053763628005981445
randomGreedy,30,10,76,702.05,0.04751086235046387
randomGreedy,30,10,77,710.04,0.047237396240234375
randomGreedy,30,10,78,742.87,0.04486823081970215
randomGreedy,30,10,79,714.75,0.05028510093688965
randomGreedy,30,10,80,697.07,0.04599308967590332
randomGreedy,30,10,81,754.95,0.04532432556152344
randomGreedy,30,10,82,712.98,0.046113014221191406
randomGreedy,30,10,83,808.26,0.044492244720458984
randomGreedy,30,10,84,748.92,0.04859614372253418
randomGreedy,30,10,85,680.97,0.04615664482116699
randomGreedy,30,10,86,642.25,0.0447087287902832
randomGreedy,30,10,87,679.29,0.04959225654602051
randomGreedy,30,10,88,912.3,0.04505634307861328
randomGreedy,30,10,89,738.94,0.04609060287475586
randomGreedy,30,10,90,793.2,0.0443875789642334
randomGreedy,30,10,91,728.71,0.04560256004333496
randomGreedy,30,10,92,708.32,0.046324729919433594
randomGreedy,30,10,93,805.41,0.045861005783081055
randomGreedy,30,10,94,821.88,0.04626655578613281
randomGreedy,30,10,95,790.14,0.047043800354003906
randomGreedy,30,10,96,581.78,0.04512143135070801
randomGreedy,30,10,97,667.43,0.044408559799194336
randomGreedy,30,10,98,706.58,0.04750537872314453
randomGreedy,30,10,99,843.59,0.04456949234008789
randomGreedy,30,20,0,779.98,0.04433917999267578
randomGreedy,30,20,1,806.12,0.04956364631652832
randomGreedy,30,20,2,785.47,0.046503543853759766
randomGreedy,30,20,3,621.32,0.04640841484069824
randomGreedy,30,20,4,685.31,0.04620981216430664
randomGreedy,30,20,5,689.2,0.04725074768066406
randomGreedy,30,20,6,704.88,0.04516482353210449
randomGreedy,30,20,7,776.44,0.046698570251464844
randomGreedy,30,20,8,711.73,0.046005964279174805
randomGreedy,30,20,9,660.27,0.04413008689880371
randomGreedy,30,20,10,691.72,0.04645085334777832
randomGreedy,30,20,11,714.87,0.04627490043640137
randomGreedy,30,20,12,703.25,0.04473471641540527
randomGreedy,30,20,13,765.68,0.046247005462646484
randomGreedy,30,20,14,802.1,0.04657340049743652
randomGreedy,30,20,15,772.73,0.045986175537109375
randomGreedy,30,20,16,769.32,0.04439949989318848
randomGreedy,30,20,17,660.94,0.04718327522277832
randomGreedy,30,20,18,795.03,0.05303668975830078
randomGreedy,30,20,19,738.09,0.04419279098510742
randomGreedy,30,20,20,682.88,0.04608035087585449
randomGreedy,30,20,21,799.96,0.04534602165222168
randomGreedy,30,20,22,855.18,0.04453706741333008
randomGreedy,30,20,23,755.88,0.046233177185058594
randomGreedy,30,20,24,798.22,0.04799962043762207
randomGreedy,30,20,25,708.83,0.04630398750305176
randomGreedy,30,20,26,704.31,0.04541635513305664
randomGreedy,30,20,27,786.07,0.046300649642944336
randomGreedy,30,20,28,752.1,0.04415726661682129
randomGreedy,30,20,29,797.97,0.04444169998168945
randomGreedy,30,20,30,702.65,0.045749664306640625
randomGreedy,30,20,31,723.28,0.04645967483520508
randomGreedy,30,20,32,713.06,0.04713940620422363
randomGreedy,30,20,33,879.41,0.04656624794006348
randomGreedy,30,20,34,896.3,0.04530525207519531
randomGreedy,30,20,35,686.48,0.04651832580566406
randomGreedy,30,20,36,744.5,0.0472409725189209
randomGreedy,30,20,37,797.97,0.04494142532348633
randomGreedy,30,20,38,746.01,0.0449063777923584
randomGreedy,30,20,39,730.61,0.04435229301452637
randomGreedy,30,20,40,848.6,0.045561790466308594
randomGreedy,30,20,41,633.97,0.045632123947143555
randomGreedy,30,20,42,710.18,0.04786515235900879
randomGreedy,30,20,43,704.27,0.046999454498291016
randomGreedy,30,20,44,960.75,0.04667806625366211
randomGreedy,30,20,45,601.82,0.04565930366516113
randomGreedy,30,20,46,803.93,0.04502987861633301
randomGreedy,30,20,47,721.83,0.04541182518005371
randomGreedy,30,20,48,883.83,0.046030521392822266
randomGreedy,30,20,49,753.05,0.047188758850097656
randomGreedy,30,20,50,796.44,0.05095863342285156
randomGreedy,30,20,51,804.9,0.0471951961517334
randomGreedy,30,20,52,780.05,0.04703640937805176
randomGreedy,30,20,53,832.13,0.04784846305847168
randomGreedy,30,20,54,673.6,0.04498791694641113
randomGreedy,30,20,55,743.44,0.04521656036376953
randomGreedy,30,20,56,780.84,0.045630693435668945
randomGreedy,30,20,57,745.68,0.045444488525390625
randomGreedy,30,20,58,743.86,0.04633188247680664
randomGreedy,30,20,59,760.99,0.04486489295959473
randomGreedy,30,20,60,757.65,0.050856828689575195
randomGreedy,30,20,61,774.01,0.04651308059692383
randomGreedy,30,20,62,612.78,0.04705643653869629
randomGreedy,30,20,63,765.28,0.044771671295166016
randomGreedy,30,20,64,916.64,0.04840517044067383
randomGreedy,30,20,65,665.92,0.04592728614807129
randomGreedy,30,20,66,719.97,0.04437685012817383
randomGreedy,30,20,67,619.32,0.045731544494628906
randomGreedy,30,20,68,867.38,0.046328067779541016
randomGreedy,30,20,69,854.98,0.04441952705383301
randomGreedy,30,20,70,624.08,0.046889305114746094
randomGreedy,30,20,71,618.7,0.04671192169189453
randomGreedy,30,20,72,742.06,0.045850276947021484
randomGreedy,30,20,73,746.99,0.04462099075317383
randomGreedy,30,20,74,717.25,0.047092437744140625
randomGreedy,30,20,75,703.0,0.04523420333862305
randomGreedy,30,20,76,730.42,0.044704437255859375
randomGreedy,30,20,77,717.81,0.045215606689453125
randomGreedy,30,20,78,809.39,0.04918789863586426
randomGreedy,30,20,79,827.24,0.045702219009399414
randomGreedy,30,20,80,630.69,0.047022342681884766
randomGreedy,30,20,81,714.9,0.04661846160888672
randomGreedy,30,20,82,806.06,0.04826927185058594
randomGreedy,30,20,83,678.58,0.05495953559875488
randomGreedy,30,20,84,811.92,0.04533815383911133
randomGreedy,30,20,85,711.5,0.04515671730041504
randomGreedy,30,20,86,743.0,0.04572939872741699
randomGreedy,30,20,87,730.63,0.046382904052734375
randomGreedy,30,20,88,707.96,0.04848480224609375
randomGreedy,30,20,89,730.44,0.04684925079345703
randomGreedy,30,20,90,695.03,0.04603743553161621
randomGreedy,30,20,91,724.45,0.04571843147277832
randomGreedy,30,20,92,749.32,0.047365427017211914
randomGreedy,30,20,93,665.42,0.04587507247924805
randomGreedy,30,20,94,780.18,0.04658031463623047
randomGreedy,30,20,95,900.07,0.04539060592651367
randomGreedy,30,20,96,639.65,0.0451657772064209
randomGreedy,30,20,97,794.91,0.046285152435302734
randomGreedy,30,20,98,837.25,0.04477190971374512
randomGreedy,30,20,99,801.72,0.04709124565124512
randomGreedy,30,30,0,847.83,0.04791688919067383
randomGreedy,30,30,1,568.27,0.0482022762298584
randomGreedy,30,30,2,614.72,0.0465850830078125
randomGreedy,30,30,3,665.88,0.045470476150512695
randomGreedy,30,30,4,747.48,0.044101715087890625
randomGreedy,30,30,5,801.88,0.04891037940979004
randomGreedy,30,30,6,732.8,0.04442477226257324
randomGreedy,30,30,7,695.48,0.04560232162475586
randomGreedy,30,30,8,709.69,0.046190738677978516
randomGreedy,30,30,9,645.46,0.04766702651977539
randomGreedy,30,30,10,749.71,0.04546642303466797
randomGreedy,30,30,11,698.36,0.04537701606750488
randomGreedy,30,30,12,755.63,0.05153369903564453
randomGreedy,30,30,13,864.67,0.047532081604003906
randomGreedy,30,30,14,845.42,0.04356050491333008
randomGreedy,30,30,15,758.58,0.04642772674560547
randomGreedy,30,30,16,697.62,0.04579448699951172
randomGreedy,30,30,17,856.8,0.04564261436462402
randomGreedy,30,30,18,830.76,0.0464785099029541
randomGreedy,30,30,19,696.22,0.0458066463470459
randomGreedy,30,30,20,812.17,0.046319007873535156
randomGreedy,30,30,21,726.99,0.04681587219238281
randomGreedy,30,30,22,691.57,0.04513978958129883
randomGreedy,30,30,23,700.24,0.04529905319213867
randomGreedy,30,30,24,709.39,0.045162200927734375
randomGreedy,30,30,25,716.86,0.04498696327209473
randomGreedy,30,30,26,872.79,0.04445052146911621
randomGreedy,30,30,27,759.64,0.046692609786987305
randomGreedy,30,30,28,721.35,0.04726457595825195
randomGreedy,30,30,29,809.16,0.0455174446105957
randomGreedy,30,30,30,728.66,0.045824289321899414
randomGreedy,30,30,31,797.21,0.046431541442871094
randomGreedy,30,30,32,747.42,0.04541659355163574
randomGreedy,30,30,33,752.79,0.04695558547973633
randomGreedy,30,30,34,854.82,0.04531049728393555
randomGreedy,30,30,35,691.12,0.04409503936767578
randomGreedy,30,30,36,708.04,0.04563331604003906
randomGreedy,30,30,37,854.12,0.04658985137939453
randomGreedy,30,30,38,814.13,0.045972585678100586
randomGreedy,30,30,39,741.53,0.04558110237121582
randomGreedy,30,30,40,777.91,0.045584678649902344
randomGreedy,30,30,41,726.65,0.04926443099975586
randomGreedy,30,30,42,808.35,0.04510021209716797
randomGreedy,30,30,43,799.37,0.04590344429016113
randomGreedy,30,30,44,760.44,0.0464630126953125
randomGreedy,30,30,45,668.31,0.045499324798583984
randomGreedy,30,30,46,726.67,0.0469975471496582
randomGreedy,30,30,47,817.84,0.04564046859741211
randomGreedy,30,30,48,741.48,0.04575824737548828
randomGreedy,30,30,49,726.88,0.045812129974365234
randomGreedy,30,30,50,736.06,0.04514312744140625
randomGreedy,30,30,51,776.49,0.04598093032836914
randomGreedy,30,30,52,742.49,0.04507303237915039
randomGreedy,30,30,53,811.56,0.045844316482543945
randomGreedy,30,30,54,771.99,0.04587697982788086
randomGreedy,30,30,55,717.8,0.04591989517211914
randomGreedy,30,30,56,814.27,0.04799604415893555
randomGreedy,30,30,57,1021.39,0.05121350288391113
randomGreedy,30,30,58,764.68,0.04543471336364746
randomGreedy,30,30,59,731.7,0.04773998260498047
randomGreedy,30,30,60,730.05,0.04633831977844238
randomGreedy,30,30,61,777.0,0.04866909980773926
randomGreedy,30,30,62,817.29,0.05439019203186035
randomGreedy,30,30,63,715.94,0.05083298683166504
randomGreedy,30,30,64,792.86,0.04427981376647949
randomGreedy,30,30,65,725.74,0.04643821716308594
randomGreedy,30,30,66,797.57,0.04778146743774414
randomGreedy,30,30,67,590.01,0.04508638381958008
randomGreedy,30,30,68,725.3,0.04601740837097168
randomGreedy,30,30,69,783.6,0.046797752380371094
randomGreedy,30,30,70,662.29,0.04477286338806152
randomGreedy,30,30,71,573.92,0.04593157768249512
randomGreedy,30,30,72,779.88,0.04573774337768555
randomGreedy,30,30,73,587.6,0.04477858543395996
randomGreedy,30,30,74,664.39,0.04604792594909668
randomGreedy,30,30,75,704.47,0.04488205909729004
randomGreedy,30,30,76,683.15,0.04546856880187988
randomGreedy,30,30,77,757.3,0.04594278335571289
randomGreedy,30,30,78,830.98,0.04718160629272461
randomGreedy,30,30,79,854.12,0.0443730354309082
randomGreedy,30,30,80,607.39,0.045586585998535156
randomGreedy,30,30,81,879.08,0.04798698425292969
randomGreedy,30,30,82,694.02,0.0463099479675293
randomGreedy,30,30,83,746.69,0.04634284973144531
randomGreedy,30,30,84,752.59,0.047806501388549805
randomGreedy,30,30,85,684.87,0.04441046714782715
randomGreedy,30,30,86,715.92,0.04610109329223633
randomGreedy,30,30,87,752.66,0.04447317123413086
randomGreedy,30,30,88,839.47,0.0451352596282959
randomGreedy,30,30,89,731.2,0.04440474510192871
randomGreedy,30,30,90,736.6,0.046761512756347656
randomGreedy,30,30,91,802.59,0.04522061347961426
randomGreedy,30,30,92,696.85,0.04531097412109375
randomGreedy,30,30,93,695.69,0.04606318473815918
randomGreedy,30,30,94,890.1,0.046596527099609375
randomGreedy,30,30,95,930.68,0.04588937759399414
randomGreedy,30,30,96,685.46,0.044367313385009766
randomGreedy,30,30,97,786.92,0.04716968536376953
randomGreedy,30,30,98,683.99,0.044447898864746094
randomGreedy,30,30,99,781.43,0.04409027099609375
randomGreedy,30,40,0,744.72,0.04595613479614258
randomGreedy,30,40,1,763.98,0.0488128662109375
randomGreedy,30,40,2,715.55,0.04457402229309082
randomGreedy,30,40,3,618.06,0.04703640937805176
randomGreedy,30,40,4,692.04,0.04839134216308594
randomGreedy,30,40,5,790.0,0.045073509216308594
randomGreedy,30,40,6,703.48,0.04616189002990723
randomGreedy,30,40,7,580.84,0.045903921127319336
randomGreedy,30,40,8,727.33,0.043890953063964844
randomGreedy,30,40,9,868.42,0.04675793647766113
randomGreedy,30,40,10,728.22,0.04567766189575195
randomGreedy,30,40,11,726.03,0.04635024070739746
randomGreedy,30,40,12,763.19,0.04666876792907715
randomGreedy,30,40,13,760.41,0.04607844352722168
randomGreedy,30,40,14,840.2,0.04655337333679199
randomGreedy,30,40,15,741.11,0.04418373107910156
randomGreedy,30,40,16,738.87,0.046495914459228516
randomGreedy,30,40,17,832.51,0.048410654067993164
randomGreedy,30,40,18,839.23,0.04552149772644043
randomGreedy,30,40,19,713.42,0.0478823184967041
randomGreedy,30,40,20,857.84,0.044798851013183594
randomGreedy,30,40,21,743.41,0.0514986515045166
randomGreedy,30,40,22,821.89,0.04585433006286621
randomGreedy,30,40,23,667.22,0.0455319881439209
randomGreedy,30,40,24,673.02,0.04636955261230469
randomGreedy,30,40,25,714.33,0.04561948776245117
randomGreedy,30,40,26,690.17,0.04552912712097168
randomGreedy,30,40,27,761.59,0.044992685317993164
randomGreedy,30,40,28,708.07,0.04599714279174805
randomGreedy,30,40,29,893.25,0.05004453659057617
randomGreedy,30,40,30,653.03,0.04699897766113281
randomGreedy,30,40,31,879.4,0.0456385612487793
randomGreedy,30,40,32,682.66,0.04666495323181152
randomGreedy,30,40,33,722.59,0.04548978805541992
randomGreedy,30,40,34,849.18,0.04562783241271973
randomGreedy,30,40,35,764.68,0.04822230339050293
randomGreedy,30,40,36,618.8,0.0448911190032959
randomGreedy,30,40,37,871.37,0.04703950881958008
randomGreedy,30,40,38,706.74,0.045891523361206055
randomGreedy,30,40,39,717.21,0.046224355697631836
randomGreedy,30,40,40,622.1,0.04533267021179199
randomGreedy,30,40,41,827.36,0.0463104248046875
randomGreedy,30,40,42,748.96,0.04647517204284668
randomGreedy,30,40,43,715.83,0.04507040977478027
randomGreedy,30,40,44,813.67,0.045641183853149414
randomGreedy,30,40,45,680.31,0.046169281005859375
randomGreedy,30,40,46,723.03,0.04543304443359375
randomGreedy,30,40,47,774.08,0.04411029815673828
randomGreedy,30,40,48,700.22,0.04543185234069824
randomGreedy,30,40,49,666.67,0.045508623123168945
randomGreedy,30,40,50,776.99,0.04656243324279785
randomGreedy,30,40,51,659.37,0.04578661918640137
randomGreedy,30,40,52,803.14,0.04681706428527832
randomGreedy,30,40,53,793.89,0.04409909248352051
randomGreedy,30,40,54,803.41,0.045503854751586914
randomGreedy,30,40,55,848.82,0.04587984085083008
randomGreedy,30,40,56,809.96,0.04529428482055664
randomGreedy,30,40,57,851.38,0.04791259765625
randomGreedy,30,40,58,638.82,0.04555940628051758
randomGreedy,30,40,59,777.8,0.04517507553100586
randomGreedy,30,40,60,853.51,0.05146956443786621
randomGreedy,30,40,61,637.81,0.04670000076293945
randomGreedy,30,40,62,746.19,0.04559803009033203
randomGreedy,30,40,63,772.5,0.045813560485839844
randomGreedy,30,40,64,916.22,0.04834580421447754
randomGreedy,30,40,65,681.78,0.044551849365234375
randomGreedy,30,40,66,714.09,0.0454256534576416
randomGreedy,30,40,67,718.96,0.045302629470825195
randomGreedy,30,40,68,619.52,0.045150041580200195
randomGreedy,30,40,69,802.27,0.046860456466674805
randomGreedy,30,40,70,667.08,0.04710698127746582
randomGreedy,30,40,71,640.44,0.04732561111450195
randomGreedy,30,40,72,819.22,0.04840874671936035
randomGreedy,30,40,73,806.56,0.04552888870239258
randomGreedy,30,40,74,813.49,0.04571676254272461
randomGreedy,30,40,75,838.06,0.05041813850402832
randomGreedy,30,40,76,744.52,0.047217369079589844
randomGreedy,30,40,77,632.71,0.04491567611694336
randomGreedy,30,40,78,646.16,0.04576253890991211
randomGreedy,30,40,79,741.82,0.046323299407958984
randomGreedy,30,40,80,674.69,0.04973912239074707
randomGreedy,30,40,81,790.34,0.047621726989746094
randomGreedy,30,40,82,792.73,0.04847097396850586
randomGreedy,30,40,83,758.4,0.04692530632019043
randomGreedy,30,40,84,703.51,0.04411816596984863
randomGreedy,30,40,85,706.19,0.04793286323547363
randomGreedy,30,40,86,680.67,0.045232295989990234
randomGreedy,30,40,87,812.56,0.04623842239379883
randomGreedy,30,40,88,833.83,0.04642367362976074
randomGreedy,30,40,89,690.16,0.04928755760192871
randomGreedy,30,40,90,687.03,0.046840667724609375
randomGreedy,30,40,91,734.45,0.04594755172729492
randomGreedy,30,40,92,624.13,0.04571866989135742
randomGreedy,30,40,93,792.49,0.04501628875732422
randomGreedy,30,40,94,835.47,0.045868873596191406
randomGreedy,30,40,95,697.65,0.04586529731750488
randomGreedy,30,40,96,599.24,0.04706764221191406
randomGreedy,30,40,97,764.46,0.04575300216674805
randomGreedy,30,40,98,798.69,0.04882478713989258
randomGreedy,30,40,99,768.77,0.04728293418884277
randomGreedy,30,50,0,700.7,0.045464515686035156
randomGreedy,30,50,1,719.76,0.050705909729003906
randomGreedy,30,50,2,678.49,0.046181678771972656
randomGreedy,30,50,3,702.12,0.045835256576538086
randomGreedy,30,50,4,715.32,0.046642303466796875
randomGreedy,30,50,5,634.08,0.04529595375061035
randomGreedy,30,50,6,642.06,0.045122623443603516
randomGreedy,30,50,7,669.06,0.04639840126037598
randomGreedy,30,50,8,649.09,0.04561185836791992
randomGreedy,30,50,9,626.67,0.046166181564331055
randomGreedy,30,50,10,720.56,0.04832029342651367
randomGreedy,30,50,11,691.96,0.044098854064941406
randomGreedy,30,50,12,590.33,0.044713735580444336
randomGreedy,30,50,13,660.72,0.046005964279174805
randomGreedy,30,50,14,841.01,0.04607105255126953
randomGreedy,30,50,15,847.86,0.04760432243347168
randomGreedy,30,50,16,626.79,0.04493856430053711
randomGreedy,30,50,17,613.19,0.047014474868774414
randomGreedy,30,50,18,760.99,0.045104026794433594
randomGreedy,30,50,19,864.31,0.04902362823486328
randomGreedy,30,50,20,685.83,0.0478975772857666
randomGreedy,30,50,21,895.0,0.04918313026428223
randomGreedy,30,50,22,658.85,0.04508781433105469
randomGreedy,30,50,23,720.1,0.04615378379821777
randomGreedy,30,50,24,660.34,0.04550957679748535
randomGreedy,30,50,25,719.57,0.04452681541442871
randomGreedy,30,50,26,845.53,0.04728555679321289
randomGreedy,30,50,27,646.85,0.04708576202392578
randomGreedy,30,50,28,681.59,0.04412484169006348
randomGreedy,30,50,29,830.34,0.04460477828979492
randomGreedy,30,50,30,701.95,0.04638051986694336
randomGreedy,30,50,31,724.96,0.04531216621398926
randomGreedy,30,50,32,709.24,0.04925203323364258
randomGreedy,30,50,33,745.84,0.04757189750671387
randomGreedy,30,50,34,784.54,0.04561042785644531
randomGreedy,30,50,35,779.19,0.04743170738220215
randomGreedy,30,50,36,719.86,0.05194997787475586
randomGreedy,30,50,37,638.08,0.044129371643066406
randomGreedy,30,50,38,770.97,0.044934749603271484
randomGreedy,30,50,39,703.17,0.04782915115356445
randomGreedy,30,50,40,696.07,0.043984174728393555
randomGreedy,30,50,41,755.07,0.045282840728759766
randomGreedy,30,50,42,789.6,0.04520702362060547
randomGreedy,30,50,43,652.71,0.0459752082824707
randomGreedy,30,50,44,784.71,0.04659605026245117
randomGreedy,30,50,45,721.27,0.05034136772155762
randomGreedy,30,50,46,704.21,0.0473780632019043
randomGreedy,30,50,47,763.11,0.044859886169433594
randomGreedy,30,50,48,766.73,0.0484316349029541
randomGreedy,30,50,49,665.86,0.046230316162109375
randomGreedy,30,50,50,670.94,0.04452252388000488
randomGreedy,30,50,51,764.98,0.04538989067077637
randomGreedy,30,50,52,724.05,0.044785261154174805
randomGreedy,30,50,53,792.52,0.04458045959472656
randomGreedy,30,50,54,756.39,0.046247005462646484
randomGreedy,30,50,55,814.02,0.051891326904296875
randomGreedy,30,50,56,817.94,0.046617984771728516
randomGreedy,30,50,57,812.49,0.04731154441833496
randomGreedy,30,50,58,634.71,0.04579305648803711
randomGreedy,30,50,59,793.45,0.04518485069274902
randomGreedy,30,50,60,832.23,0.04700016975402832
randomGreedy,30,50,61,714.57,0.046304941177368164
randomGreedy,30,50,62,708.75,0.046611785888671875
randomGreedy,30,50,63,755.66,0.04668927192687988
randomGreedy,30,50,64,880.65,0.0488591194152832
randomGreedy,30,50,65,713.93,0.050553083419799805
randomGreedy,30,50,66,701.03,0.04591941833496094
randomGreedy,30,50,67,782.1,0.04584479331970215
randomGreedy,30,50,68,712.67,0.045645952224731445
randomGreedy,30,50,69,801.59,0.04399681091308594
randomGreedy,30,50,70,812.6,0.04755592346191406
randomGreedy,30,50,71,659.24,0.04916262626647949
randomGreedy,30,50,72,795.3,0.0467524528503418
randomGreedy,30,50,73,703.34,0.04679417610168457
randomGreedy,30,50,74,648.01,0.04944586753845215
randomGreedy,30,50,75,747.32,0.04656624794006348
randomGreedy,30,50,76,643.43,0.04611921310424805
randomGreedy,30,50,77,621.61,0.04581332206726074
randomGreedy,30,50,78,723.33,0.043994903564453125
randomGreedy,30,50,79,816.18,0.04632925987243652
randomGreedy,30,50,80,779.61,0.044722795486450195
randomGreedy,30,50,81,889.9,0.04735064506530762
randomGreedy,30,50,82,748.41,0.04682517051696777
randomGreedy,30,50,83,712.55,0.04802227020263672
randomGreedy,30,50,84,774.6,0.04640626907348633
randomGreedy,30,50,85,762.22,0.045728445053100586
randomGreedy,30,50,86,676.64,0.04985189437866211
randomGreedy,30,50,87,753.76,0.045104026794433594
randomGreedy,30,50,88,785.64,0.044901371002197266
randomGreedy,30,50,89,796.2,0.04614901542663574
randomGreedy,30,50,90,800.86,0.0444486141204834
randomGreedy,30,50,91,645.33,0.045178890228271484
randomGreedy,30,50,92,681.7,0.04535174369812012
randomGreedy,30,50,93,753.46,0.04656338691711426
randomGreedy,30,50,94,737.2,0.045360565185546875
randomGreedy,30,50,95,912.99,0.04869341850280762
randomGreedy,30,50,96,723.22,0.04546666145324707
randomGreedy,30,50,97,723.29,0.04649949073791504
randomGreedy,30,50,98,707.76,0.04541182518005371
randomGreedy,30,50,99,915.21,0.04603910446166992
randomGreedy,30,60,0,753.27,0.044826507568359375
randomGreedy,30,60,1,845.77,0.04614591598510742
randomGreedy,30,60,2,725.88,0.048374176025390625
randomGreedy,30,60,3,613.87,0.044638633728027344
randomGreedy,30,60,4,817.59,0.044808387756347656
randomGreedy,30,60,5,679.1,0.04622340202331543
randomGreedy,30,60,6,850.6,0.04584932327270508
randomGreedy,30,60,7,639.63,0.04623866081237793
randomGreedy,30,60,8,720.63,0.045269012451171875
randomGreedy,30,60,9,634.35,0.04564499855041504
randomGreedy,30,60,10,753.47,0.04615902900695801
randomGreedy,30,60,11,742.52,0.0470433235168457
randomGreedy,30,60,12,834.32,0.0455174446105957
randomGreedy,30,60,13,819.25,0.045033931732177734
randomGreedy,30,60,14,870.81,0.044866085052490234
randomGreedy,30,60,15,851.64,0.0522763729095459
randomGreedy,30,60,16,806.51,0.04408836364746094
randomGreedy,30,60,17,702.13,0.04460740089416504
randomGreedy,30,60,18,738.66,0.04573774337768555
randomGreedy,30,60,19,761.2,0.045159339904785156
randomGreedy,30,60,20,670.05,0.04671978950500488
randomGreedy,30,60,21,732.25,0.04691338539123535
randomGreedy,30,60,22,846.01,0.045188188552856445
randomGreedy,30,60,23,862.52,0.04553079605102539
randomGreedy,30,60,24,793.87,0.04922604560852051
randomGreedy,30,60,25,819.82,0.04490399360656738
randomGreedy,30,60,26,778.13,0.04582023620605469
randomGreedy,30,60,27,738.46,0.04583930969238281
randomGreedy,30,60,28,667.05,0.04425644874572754
randomGreedy,30,60,29,758.55,0.0461885929107666
randomGreedy,30,60,30,686.95,0.04632854461669922
randomGreedy,30,60,31,808.29,0.0466763973236084
randomGreedy,30,60,32,667.61,0.045371055603027344
randomGreedy,30,60,33,782.7,0.0457003116607666
randomGreedy,30,60,34,791.81,0.04755425453186035
randomGreedy,30,60,35,816.92,0.04824566841125488
randomGreedy,30,60,36,625.79,0.046366214752197266
randomGreedy,30,60,37,834.36,0.04346275329589844
randomGreedy,30,60,38,724.13,0.04511380195617676
randomGreedy,30,60,39,773.61,0.04662322998046875
randomGreedy,30,60,40,757.38,0.04880213737487793
randomGreedy,30,60,41,661.05,0.0455782413482666
randomGreedy,30,60,42,651.01,0.043901681900024414
randomGreedy,30,60,43,613.09,0.04689455032348633
randomGreedy,30,60,44,824.19,0.04552054405212402
randomGreedy,30,60,45,677.48,0.04564809799194336
randomGreedy,30,60,46,744.55,0.045813798904418945
randomGreedy,30,60,47,837.84,0.045542001724243164
randomGreedy,30,60,48,744.33,0.0452733039855957
randomGreedy,30,60,49,696.29,0.04815936088562012
randomGreedy,30,60,50,766.75,0.04688405990600586
randomGreedy,30,60,51,894.63,0.049002647399902344
randomGreedy,30,60,52,714.02,0.04628729820251465
randomGreedy,30,60,53,803.9,0.04613947868347168
randomGreedy,30,60,54,771.22,0.04492664337158203
randomGreedy,30,60,55,717.87,0.045607566833496094
randomGreedy,30,60,56,750.49,0.047020673751831055
randomGreedy,30,60,57,643.25,0.04624223709106445
randomGreedy,30,60,58,862.75,0.04796409606933594
randomGreedy,30,60,59,712.99,0.04779553413391113
randomGreedy,30,60,60,739.15,0.04573845863342285
randomGreedy,30,60,61,735.36,0.04731893539428711
randomGreedy,30,60,62,659.52,0.044921875
randomGreedy,30,60,63,639.63,0.0454564094543457
randomGreedy,30,60,64,799.98,0.04374408721923828
randomGreedy,30,60,65,643.27,0.04557156562805176
randomGreedy,30,60,66,813.01,0.04883074760437012
randomGreedy,30,60,67,680.97,0.048845767974853516
randomGreedy,30,60,68,657.48,0.0479130744934082
randomGreedy,30,60,69,757.78,0.04484844207763672
randomGreedy,30,60,70,802.92,0.04596519470214844
randomGreedy,30,60,71,705.29,0.046500444412231445
randomGreedy,30,60,72,845.94,0.04647111892700195
randomGreedy,30,60,73,775.72,0.044767141342163086
randomGreedy,30,60,74,731.1,0.046981096267700195
randomGreedy,30,60,75,695.12,0.04689526557922363
randomGreedy,30,60,76,698.8,0.04768800735473633
randomGreedy,30,60,77,730.19,0.04702401161193848
randomGreedy,30,60,78,718.95,0.04732823371887207
randomGreedy,30,60,79,876.13,0.0474395751953125
randomGreedy,30,60,80,860.15,0.04488325119018555
randomGreedy,30,60,81,834.76,0.04659461975097656
randomGreedy,30,60,82,681.17,0.05062150955200195
randomGreedy,30,60,83,660.24,0.04691123962402344
randomGreedy,30,60,84,601.49,0.04548001289367676
randomGreedy,30,60,85,781.3,0.045626163482666016
randomGreedy,30,60,86,774.8,0.04772591590881348
randomGreedy,30,60,87,709.15,0.0462336540222168
randomGreedy,30,60,88,791.23,0.04573178291320801
randomGreedy,30,60,89,699.15,0.04558110237121582
randomGreedy,30,60,90,773.75,0.04560375213623047
randomGreedy,30,60,91,823.24,0.04456329345703125
randomGreedy,30,60,92,748.15,0.04798460006713867
randomGreedy,30,60,93,740.16,0.04440665245056152
randomGreedy,30,60,94,756.73,0.04628610610961914
randomGreedy,30,60,95,924.79,0.04828834533691406
randomGreedy,30,60,96,618.79,0.04553627967834473
randomGreedy,30,60,97,754.09,0.04702281951904297
randomGreedy,30,60,98,635.9,0.04506731033325195
randomGreedy,30,60,99,727.42,0.04821014404296875
randomGreedy,30,70,0,806.74,0.044356584548950195
randomGreedy,30,70,1,820.9,0.04896044731140137
randomGreedy,30,70,2,668.08,0.0454864501953125
randomGreedy,30,70,3,552.38,0.04692697525024414
randomGreedy,30,70,4,747.28,0.04539227485656738
randomGreedy,30,70,5,745.27,0.04836630821228027
randomGreedy,30,70,6,799.73,0.04673027992248535
randomGreedy,30,70,7,624.88,0.04674577713012695
randomGreedy,30,70,8,653.13,0.045057058334350586
randomGreedy,30,70,9,672.31,0.04684877395629883
randomGreedy,30,70,10,817.22,0.04814004898071289
randomGreedy,30,70,11,650.24,0.04526472091674805
randomGreedy,30,70,12,760.95,0.0465397834777832
randomGreedy,30,70,13,767.16,0.046886444091796875
randomGreedy,30,70,14,811.79,0.0457763671875
randomGreedy,30,70,15,857.75,0.04765629768371582
randomGreedy,30,70,16,799.99,0.054949045181274414
randomGreedy,30,70,17,768.44,0.04457354545593262
randomGreedy,30,70,18,787.13,0.04696178436279297
randomGreedy,30,70,19,686.27,0.04536271095275879
randomGreedy,30,70,20,902.54,0.04887127876281738
randomGreedy,30,70,21,721.24,0.04535365104675293
randomGreedy,30,70,22,865.46,0.046151161193847656
randomGreedy,30,70,23,719.77,0.046443939208984375
randomGreedy,30,70,24,634.87,0.046480417251586914
randomGreedy,30,70,25,771.04,0.04743528366088867
randomGreedy,30,70,26,799.81,0.0455474853515625
randomGreedy,30,70,27,827.99,0.04649043083190918
randomGreedy,30,70,28,658.94,0.0468294620513916
randomGreedy,30,70,29,779.42,0.047127723693847656
randomGreedy,30,70,30,788.51,0.04591965675354004
randomGreedy,30,70,31,752.43,0.04594159126281738
randomGreedy,30,70,32,649.84,0.0442502498626709
randomGreedy,30,70,33,618.05,0.046720266342163086
randomGreedy,30,70,34,804.83,0.04723238945007324
randomGreedy,30,70,35,682.03,0.0450286865234375
randomGreedy,30,70,36,663.52,0.0468447208404541
randomGreedy,30,70,37,806.99,0.04790639877319336
randomGreedy,30,70,38,761.76,0.04599642753601074
randomGreedy,30,70,39,647.46,0.04510927200317383
randomGreedy,30,70,40,697.07,0.04952239990234375
randomGreedy,30,70,41,669.13,0.04714202880859375
randomGreedy,30,70,42,759.23,0.04797530174255371
randomGreedy,30,70,43,621.69,0.045815229415893555
randomGreedy,30,70,44,855.46,0.04567551612854004
randomGreedy,30,70,45,679.17,0.04688549041748047
randomGreedy,30,70,46,701.26,0.04642009735107422
randomGreedy,30,70,47,882.91,0.044994354248046875
randomGreedy,30,70,48,833.52,0.04675030708312988
randomGreedy,30,70,49,668.99,0.048467397689819336
randomGreedy,30,70,50,739.91,0.046318769454956055
randomGreedy,30,70,51,837.16,0.0445857048034668
randomGreedy,30,70,52,768.93,0.0460810661315918
randomGreedy,30,70,53,755.03,0.04682612419128418
randomGreedy,30,70,54,766.84,0.047811269760131836
randomGreedy,30,70,55,715.71,0.04720187187194824
randomGreedy,30,70,56,742.8,0.049588918685913086
randomGreedy,30,70,57,866.61,0.044836997985839844
randomGreedy,30,70,58,751.14,0.04492688179016113
randomGreedy,30,70,59,849.34,0.046479225158691406
randomGreedy,30,70,60,821.3,0.04482579231262207
randomGreedy,30,70,61,671.87,0.044844865798950195
randomGreedy,30,70,62,614.89,0.04689741134643555
randomGreedy,30,70,63,709.48,0.04756927490234375
randomGreedy,30,70,64,780.4,0.046273231506347656
randomGreedy,30,70,65,729.26,0.04604482650756836
randomGreedy,30,70,66,777.35,0.04908299446105957
randomGreedy,30,70,67,589.85,0.045751094818115234
randomGreedy,30,70,68,787.21,0.04553627967834473
randomGreedy,30,70,69,783.32,0.046334028244018555
randomGreedy,30,70,70,804.71,0.04675006866455078
randomGreedy,30,70,71,571.95,0.04623603820800781
randomGreedy,30,70,72,788.72,0.046726226806640625
randomGreedy,30,70,73,634.87,0.0458827018737793
randomGreedy,30,70,74,744.41,0.044345855712890625
randomGreedy,30,70,75,699.86,0.04546976089477539
randomGreedy,30,70,76,692.76,0.04491925239562988
randomGreedy,30,70,77,674.69,0.044080495834350586
randomGreedy,30,70,78,584.34,0.045476436614990234
randomGreedy,30,70,79,821.42,0.04647684097290039
randomGreedy,30,70,80,734.48,0.046324729919433594
randomGreedy,30,70,81,776.51,0.0451202392578125
randomGreedy,30,70,82,790.78,0.0468754768371582
randomGreedy,30,70,83,712.74,0.044621944427490234
randomGreedy,30,70,84,689.44,0.04605388641357422
randomGreedy,30,70,85,692.53,0.045644521713256836
randomGreedy,30,70,86,555.23,0.0450589656829834
randomGreedy,30,70,87,757.41,0.04666709899902344
randomGreedy,30,70,88,702.28,0.045500755310058594
randomGreedy,30,70,89,774.16,0.045314788818359375
randomGreedy,30,70,90,691.97,0.047289371490478516
randomGreedy,30,70,91,792.94,0.04704904556274414
randomGreedy,30,70,92,737.95,0.04606914520263672
randomGreedy,30,70,93,781.66,0.05143451690673828
randomGreedy,30,70,94,766.02,0.045853614807128906
randomGreedy,30,70,95,960.46,0.04570174217224121
randomGreedy,30,70,96,709.67,0.04605388641357422
randomGreedy,30,70,97,893.94,0.053829193115234375
randomGreedy,30,70,98,879.52,0.04559493064880371
randomGreedy,30,70,99,840.75,0.04894208908081055
randomGreedy,30,80,0,758.41,0.04548978805541992
randomGreedy,30,80,1,728.87,0.0469205379486084
randomGreedy,30,80,2,630.47,0.046790361404418945
randomGreedy,30,80,3,635.15,0.04593682289123535
randomGreedy,30,80,4,693.15,0.0513157844543457
randomGreedy,30,80,5,685.71,0.045221567153930664
randomGreedy,30,80,6,657.91,0.04634523391723633
randomGreedy,30,80,7,745.2,0.045015573501586914
randomGreedy,30,80,8,675.77,0.046205997467041016
randomGreedy,30,80,9,713.6,0.04760932922363281
randomGreedy,30,80,10,821.94,0.04772543907165527
randomGreedy,30,80,11,666.12,0.045430898666381836
randomGreedy,30,80,12,743.77,0.04300117492675781
randomGreedy,30,80,13,737.7,0.046962738037109375
randomGreedy,30,80,14,788.05,0.04516863822937012
randomGreedy,30,80,15,807.92,0.045629024505615234
randomGreedy,30,80,16,892.04,0.047966957092285156
randomGreedy,30,80,17,802.94,0.04657292366027832
randomGreedy,30,80,18,741.5,0.04541158676147461
randomGreedy,30,80,19,678.29,0.04655313491821289
randomGreedy,30,80,20,782.35,0.04655575752258301
randomGreedy,30,80,21,808.24,0.05161428451538086
randomGreedy,30,80,22,744.85,0.04833555221557617
randomGreedy,30,80,23,740.19,0.04568934440612793
randomGreedy,30,80,24,724.94,0.046105384826660156
randomGreedy,30,80,25,741.97,0.04586482048034668
randomGreedy,30,80,26,783.72,0.04892253875732422
randomGreedy,30,80,27,784.88,0.04589247703552246
randomGreedy,30,80,28,608.24,0.04674196243286133
randomGreedy,30,80,29,906.88,0.04597902297973633
randomGreedy,30,80,30,780.95,0.04627203941345215
randomGreedy,30,80,31,771.89,0.04686570167541504
randomGreedy,30,80,32,709.46,0.046277523040771484
randomGreedy,30,80,33,699.48,0.04476761817932129
randomGreedy,30,80,34,785.97,0.04561042785644531
randomGreedy,30,80,35,765.35,0.0444483757019043
randomGreedy,30,80,36,693.4,0.044477224349975586
randomGreedy,30,80,37,721.67,0.047663211822509766
randomGreedy,30,80,38,782.91,0.046657562255859375
randomGreedy,30,80,39,653.54,0.046980857849121094
randomGreedy,30,80,40,777.89,0.04576396942138672
randomGreedy,30,80,41,812.25,0.046575307846069336
randomGreedy,30,80,42,698.6,0.04527711868286133
randomGreedy,30,80,43,738.21,0.04399824142456055
randomGreedy,30,80,44,812.31,0.0455477237701416
randomGreedy,30,80,45,688.59,0.04555153846740723
randomGreedy,30,80,46,690.07,0.045226097106933594
randomGreedy,30,80,47,766.8,0.047136783599853516
randomGreedy,30,80,48,736.53,0.04807615280151367
randomGreedy,30,80,49,710.06,0.04405832290649414
randomGreedy,30,80,50,845.92,0.04746580123901367
randomGreedy,30,80,51,691.98,0.045461177825927734
randomGreedy,30,80,52,693.22,0.045862436294555664
randomGreedy,30,80,53,769.79,0.045847415924072266
randomGreedy,30,80,54,643.64,0.04616141319274902
randomGreedy,30,80,55,694.5,0.04420876502990723
randomGreedy,30,80,56,865.71,0.04570126533508301
randomGreedy,30,80,57,838.14,0.054558753967285156
randomGreedy,30,80,58,778.17,0.04651021957397461
randomGreedy,30,80,59,752.37,0.04476666450500488
randomGreedy,30,80,60,768.74,0.04541444778442383
randomGreedy,30,80,61,666.3,0.044103145599365234
randomGreedy,30,80,62,581.4,0.0441737174987793
randomGreedy,30,80,63,685.54,0.05305171012878418
randomGreedy,30,80,64,784.63,0.04575800895690918
randomGreedy,30,80,65,724.15,0.046424150466918945
randomGreedy,30,80,66,739.97,0.04840588569641113
randomGreedy,30,80,67,620.68,0.0476994514465332
randomGreedy,30,80,68,711.11,0.04469132423400879
randomGreedy,30,80,69,751.4,0.04757380485534668
randomGreedy,30,80,70,676.8,0.04741334915161133
randomGreedy,30,80,71,707.08,0.043985843658447266
randomGreedy,30,80,72,843.66,0.04760122299194336
randomGreedy,30,80,73,752.41,0.045999765396118164
randomGreedy,30,80,74,627.71,0.04445171356201172
randomGreedy,30,80,75,755.39,0.04402613639831543
randomGreedy,30,80,76,757.72,0.048708438873291016
randomGreedy,30,80,77,762.19,0.04541635513305664
randomGreedy,30,80,78,711.45,0.04493570327758789
randomGreedy,30,80,79,756.01,0.04492664337158203
randomGreedy,30,80,80,731.74,0.045830488204956055
randomGreedy,30,80,81,773.44,0.045693159103393555
randomGreedy,30,80,82,916.01,0.04688405990600586
randomGreedy,30,80,83,716.55,0.046048879623413086
randomGreedy,30,80,84,796.02,0.04705023765563965
randomGreedy,30,80,85,699.68,0.046996355056762695
randomGreedy,30,80,86,675.36,0.04710030555725098
randomGreedy,30,80,87,785.47,0.04435133934020996
randomGreedy,30,80,88,863.15,0.05328869819641113
randomGreedy,30,80,89,692.68,0.045989274978637695
randomGreedy,30,80,90,660.13,0.04517173767089844
randomGreedy,30,80,91,653.7,0.04538989067077637
randomGreedy,30,80,92,779.43,0.049887657165527344
randomGreedy,30,80,93,791.87,0.04460620880126953
randomGreedy,30,80,94,739.12,0.04518604278564453
randomGreedy,30,80,95,750.78,0.04617023468017578
randomGreedy,30,80,96,682.0,0.044600725173950195
randomGreedy,30,80,97,889.87,0.0468907356262207
randomGreedy,30,80,98,692.02,0.04636573791503906
randomGreedy,30,80,99,811.7,0.04602622985839844
randomGreedy,30,90,0,969.65,0.04778885841369629
randomGreedy,30,90,1,732.64,0.04573202133178711
randomGreedy,30,90,2,736.82,0.04557323455810547
randomGreedy,30,90,3,648.67,0.050885915756225586
randomGreedy,30,90,4,686.18,0.04671478271484375
randomGreedy,30,90,5,644.65,0.04596233367919922
randomGreedy,30,90,6,656.26,0.04610943794250488
randomGreedy,30,90,7,631.21,0.04540443420410156
randomGreedy,30,90,8,684.08,0.04625535011291504
randomGreedy,30,90,9,759.03,0.04472804069519043
randomGreedy,30,90,10,768.18,0.04520297050476074
randomGreedy,30,90,11,800.94,0.04567456245422363
randomGreedy,30,90,12,831.73,0.052246809005737305
randomGreedy,30,90,13,694.05,0.04668092727661133
randomGreedy,30,90,14,841.34,0.04711127281188965
randomGreedy,30,90,15,915.27,0.050876617431640625
randomGreedy,30,90,16,804.32,0.046053171157836914
randomGreedy,30,90,17,775.72,0.047360897064208984
randomGreedy,30,90,18,866.91,0.046390533447265625
randomGreedy,30,90,19,774.99,0.04536080360412598
randomGreedy,30,90,20,850.52,0.04782581329345703
randomGreedy,30,90,21,744.26,0.045584917068481445
randomGreedy,30,90,22,851.23,0.04575943946838379
randomGreedy,30,90,23,837.05,0.04625344276428223
randomGreedy,30,90,24,738.57,0.04633474349975586
randomGreedy,30,90,25,834.05,0.04586076736450195
randomGreedy,30,90,26,790.94,0.051930904388427734
randomGreedy,30,90,27,704.64,0.05166935920715332
randomGreedy,30,90,28,823.15,0.04532337188720703
randomGreedy,30,90,29,817.07,0.0453495979309082
randomGreedy,30,90,30,771.81,0.05112457275390625
randomGreedy,30,90,31,748.06,0.04832029342651367
randomGreedy,30,90,32,753.68,0.04936552047729492
randomGreedy,30,90,33,813.09,0.05383563041687012
randomGreedy,30,90,34,741.9,0.04621624946594238
randomGreedy,30,90,35,794.49,0.04754018783569336
randomGreedy,30,90,36,648.14,0.04605364799499512
randomGreedy,30,90,37,733.74,0.04574704170227051
randomGreedy,30,90,38,842.3,0.044777631759643555
randomGreedy,30,90,39,753.65,0.04712653160095215
randomGreedy,30,90,40,757.67,0.04536151885986328
randomGreedy,30,90,41,688.53,0.04596424102783203
randomGreedy,30,90,42,855.13,0.04806685447692871
randomGreedy,30,90,43,755.58,0.046914100646972656
randomGreedy,30,90,44,835.25,0.0445709228515625
randomGreedy,30,90,45,682.32,0.04575157165527344
randomGreedy,30,90,46,722.44,0.052051544189453125
randomGreedy,30,90,47,812.29,0.04614877700805664
randomGreedy,30,90,48,690.34,0.04678821563720703
randomGreedy,30,90,49,740.9,0.04567551612854004
randomGreedy,30,90,50,829.74,0.05159568786621094
randomGreedy,30,90,51,744.75,0.04669952392578125
randomGreedy,30,90,52,853.44,0.047980308532714844
randomGreedy,30,90,53,796.68,0.046483755111694336
randomGreedy,30,90,54,762.92,0.0450894832611084
randomGreedy,30,90,55,847.05,0.050425052642822266
randomGreedy,30,90,56,691.8,0.04503440856933594
randomGreedy,30,90,57,667.97,0.04577064514160156
randomGreedy,30,90,58,729.76,0.04613208770751953
randomGreedy,30,90,59,698.36,0.043834686279296875
randomGreedy,30,90,60,696.0,0.048055410385131836
randomGreedy,30,90,61,817.91,0.05489993095397949
randomGreedy,30,90,62,644.47,0.04473233222961426
randomGreedy,30,90,63,763.69,0.0484921932220459
randomGreedy,30,90,64,806.72,0.0482325553894043
randomGreedy,30,90,65,691.84,0.04669594764709473
randomGreedy,30,90,66,732.17,0.04498744010925293
randomGreedy,30,90,67,624.92,0.04410147666931152
randomGreedy,30,90,68,641.3,0.04639482498168945
randomGreedy,30,90,69,728.24,0.047412872314453125
randomGreedy,30,90,70,772.98,0.04834938049316406
randomGreedy,30,90,71,671.0,0.04664731025695801
randomGreedy,30,90,72,852.01,0.04709291458129883
randomGreedy,30,90,73,839.21,0.04349017143249512
randomGreedy,30,90,74,725.8,0.04729580879211426
randomGreedy,30,90,75,774.56,0.04562807083129883
randomGreedy,30,90,76,758.62,0.04753589630126953
randomGreedy,30,90,77,677.81,0.046160221099853516
randomGreedy,30,90,78,721.99,0.04492449760437012
randomGreedy,30,90,79,719.54,0.044348716735839844
randomGreedy,30,90,80,751.53,0.04614400863647461
randomGreedy,30,90,81,883.74,0.04923605918884277
randomGreedy,30,90,82,852.18,0.04626274108886719
randomGreedy,30,90,83,771.5,0.046155452728271484
randomGreedy,30,90,84,685.9,0.04454612731933594
randomGreedy,30,90,85,716.04,0.04440927505493164
randomGreedy,30,90,86,714.18,0.045427560806274414
randomGreedy,30,90,87,663.78,0.04441022872924805
randomGreedy,30,90,88,724.34,0.04541969299316406
randomGreedy,30,90,89,844.99,0.04778909683227539
randomGreedy,30,90,90,789.73,0.046935081481933594
randomGreedy,30,90,91,733.73,0.04343867301940918
randomGreedy,30,90,92,749.83,0.044249773025512695
randomGreedy,30,90,93,719.46,0.04703235626220703
randomGreedy,30,90,94,716.33,0.04529857635498047
randomGreedy,30,90,95,886.28,0.04459047317504883
randomGreedy,30,90,96,730.74,0.04912281036376953
randomGreedy,30,90,97,751.8,0.04482865333557129
randomGreedy,30,90,98,807.19,0.04407024383544922
randomGreedy,30,90,99,801.09,0.04577493667602539
randomGreedy,30,100,0,866.6,0.04399371147155762
randomGreedy,30,100,1,865.42,0.053220510482788086
randomGreedy,30,100,2,683.99,0.04608511924743652
randomGreedy,30,100,3,593.37,0.04574441909790039
randomGreedy,30,100,4,760.34,0.046421051025390625
randomGreedy,30,100,5,729.78,0.04649519920349121
randomGreedy,30,100,6,808.67,0.05147409439086914
randomGreedy,30,100,7,726.82,0.04581904411315918
randomGreedy,30,100,8,752.22,0.04744720458984375
randomGreedy,30,100,9,700.72,0.04651618003845215
randomGreedy,30,100,10,790.86,0.04623293876647949
randomGreedy,30,100,11,742.29,0.04573869705200195
randomGreedy,30,100,12,681.17,0.04578876495361328
randomGreedy,30,100,13,745.15,0.0443267822265625
randomGreedy,30,100,14,845.72,0.04473400115966797
randomGreedy,30,100,15,887.59,0.04689788818359375
randomGreedy,30,100,16,761.63,0.045386552810668945
randomGreedy,30,100,17,761.6,0.046669960021972656
randomGreedy,30,100,18,747.65,0.05387449264526367
randomGreedy,30,100,19,710.31,0.04611515998840332
randomGreedy,30,100,20,828.78,0.04876542091369629
randomGreedy,30,100,21,568.3,0.04675412178039551
randomGreedy,30,100,22,795.91,0.04507279396057129
randomGreedy,30,100,23,750.92,0.0507814884185791
randomGreedy,30,100,24,731.8,0.048928022384643555
randomGreedy,30,100,25,717.14,0.04508638381958008
randomGreedy,30,100,26,762.24,0.048253774642944336
randomGreedy,30,100,27,745.14,0.04570150375366211
randomGreedy,30,100,28,733.2,0.047388315200805664
randomGreedy,30,100,29,718.56,0.045777082443237305
randomGreedy,30,100,30,657.53,0.04692888259887695
randomGreedy,30,100,31,770.88,0.045705556869506836
randomGreedy,30,100,32,630.18,0.045847177505493164
randomGreedy,30,100,33,695.57,0.04513049125671387
randomGreedy,30,100,34,744.41,0.04545712471008301
randomGreedy,30,100,35,710.66,0.04408144950866699
randomGreedy,30,100,36,757.23,0.04792523384094238
randomGreedy,30,100,37,773.58,0.045925140380859375
randomGreedy,30,100,38,754.65,0.04605746269226074
randomGreedy,30,100,39,672.1,0.04787158966064453
randomGreedy,30,100,40,730.59,0.045479536056518555
randomGreedy,30,100,41,749.49,0.045230865478515625
randomGreedy,30,100,42,644.92,0.04487729072570801
randomGreedy,30,100,43,661.21,0.046872854232788086
randomGreedy,30,100,44,921.33,0.04556465148925781
randomGreedy,30,100,45,731.05,0.04507279396057129
randomGreedy,30,100,46,882.82,0.05003213882446289
randomGreedy,30,100,47,729.27,0.04742002487182617
randomGreedy,30,100,48,741.7,0.04533791542053223
randomGreedy,30,100,49,639.72,0.04483842849731445
randomGreedy,30,100,50,777.36,0.04582643508911133
randomGreedy,30,100,51,773.94,0.04698443412780762
randomGreedy,30,100,52,757.86,0.04561281204223633
randomGreedy,30,100,53,800.93,0.04665422439575195
randomGreedy,30,100,54,814.86,0.04558444023132324
randomGreedy,30,100,55,804.47,0.04677152633666992
randomGreedy,30,100,56,885.27,0.046376705169677734
randomGreedy,30,100,57,667.42,0.04492664337158203
randomGreedy,30,100,58,660.44,0.04471158981323242
randomGreedy,30,100,59,759.04,0.04772162437438965
randomGreedy,30,100,60,692.91,0.04494667053222656
randomGreedy,30,100,61,644.93,0.04500079154968262
randomGreedy,30,100,62,689.51,0.04815959930419922
randomGreedy,30,100,63,730.36,0.04459381103515625
randomGreedy,30,100,64,741.87,0.046538591384887695
randomGreedy,30,100,65,714.41,0.04597759246826172
randomGreedy,30,100,66,668.36,0.04493522644042969
randomGreedy,30,100,67,581.84,0.04498720169067383
randomGreedy,30,100,68,856.66,0.05565977096557617
randomGreedy,30,100,69,803.35,0.044417381286621094
randomGreedy,30,100,70,694.77,0.04510307312011719
randomGreedy,30,100,71,617.59,0.04523134231567383
randomGreedy,30,100,72,804.57,0.04407954216003418
randomGreedy,30,100,73,731.39,0.045684099197387695
randomGreedy,30,100,74,671.14,0.045622825622558594
randomGreedy,30,100,75,703.09,0.05004239082336426
randomGreedy,30,100,76,787.12,0.05151700973510742
randomGreedy,30,100,77,728.7,0.04595065116882324
randomGreedy,30,100,78,764.15,0.04667234420776367
randomGreedy,30,100,79,816.74,0.04621291160583496
randomGreedy,30,100,80,757.2,0.046230316162109375
randomGreedy,30,100,81,748.6,0.05477762222290039
randomGreedy,30,100,82,765.04,0.04515385627746582
randomGreedy,30,100,83,633.79,0.0448758602142334
randomGreedy,30,100,84,772.45,0.04606127738952637
randomGreedy,30,100,85,739.24,0.044142961502075195
randomGreedy,30,100,86,658.79,0.04563260078430176
randomGreedy,30,100,87,611.62,0.04637765884399414
randomGreedy,30,100,88,715.1,0.047325849533081055
randomGreedy,30,100,89,826.72,0.045577049255371094
randomGreedy,30,100,90,664.76,0.04468226432800293
randomGreedy,30,100,91,720.87,0.04588913917541504
randomGreedy,30,100,92,800.96,0.047295331954956055
randomGreedy,30,100,93,713.0,0.04815077781677246
randomGreedy,30,100,94,863.37,0.04510021209716797
randomGreedy,30,100,95,867.78,0.04552030563354492
randomGreedy,30,100,96,668.2,0.04511451721191406
randomGreedy,30,100,97,791.98,0.04664921760559082
randomGreedy,30,100,98,946.82,0.04767942428588867
randomGreedy,30,100,99,818.99,0.04867362976074219
randomGreedy,100,0,0,1837.57,0.09480595588684082
randomGreedy,100,0,1,1838.62,0.09367990493774414
randomGreedy,100,0,2,1941.18,0.09627413749694824
randomGreedy,100,0,3,1895.99,0.09936690330505371
randomGreedy,100,0,4,1874.23,0.09612178802490234
randomGreedy,100,0,5,2006.29,0.09321928024291992
randomGreedy,100,0,6,1827.28,0.09949016571044922
randomGreedy,100,0,7,1962.67,0.10969805717468262
randomGreedy,100,0,8,1899.21,0.0958547592163086
randomGreedy,100,0,9,1853.04,0.09722018241882324
randomGreedy,100,0,10,1937.52,0.09584927558898926
randomGreedy,100,0,11,1966.63,0.09605860710144043
randomGreedy,100,0,12,1817.06,0.0970914363861084
randomGreedy,100,0,13,2042.4,0.09717035293579102
randomGreedy,100,0,14,1997.71,0.10022664070129395
randomGreedy,100,0,15,1907.74,0.10726237297058105
randomGreedy,100,0,16,1839.96,0.09817266464233398
randomGreedy,100,0,17,1907.72,0.10637760162353516
randomGreedy,100,0,18,1815.41,0.09687471389770508
randomGreedy,100,0,19,1936.5,0.09561491012573242
randomGreedy,100,0,20,1880.26,0.10063290596008301
randomGreedy,100,0,21,1823.31,0.09600043296813965
randomGreedy,100,0,22,1975.06,0.09735894203186035
randomGreedy,100,0,23,1987.17,0.09828686714172363
randomGreedy,100,0,24,1935.14,0.09907650947570801
randomGreedy,100,0,25,1913.8,0.10200667381286621
randomGreedy,100,0,26,1972.49,0.09573745727539062
randomGreedy,100,0,27,1918.21,0.09655189514160156
randomGreedy,100,0,28,1717.62,0.09485101699829102
randomGreedy,100,0,29,2021.79,0.10052847862243652
randomGreedy,100,0,30,2022.24,0.10292959213256836
randomGreedy,100,0,31,1952.0,0.09482264518737793
randomGreedy,100,0,32,1901.09,0.10361909866333008
randomGreedy,100,0,33,1838.98,0.09925603866577148
randomGreedy,100,0,34,1803.74,0.09833860397338867
randomGreedy,100,0,35,2048.91,0.09258437156677246
randomGreedy,100,0,36,1752.73,0.09636545181274414
randomGreedy,100,0,37,1994.99,0.10690617561340332
randomGreedy,100,0,38,1933.71,0.0907430648803711
randomGreedy,100,0,39,1910.87,0.09376144409179688
randomGreedy,100,0,40,1910.31,0.0957489013671875
randomGreedy,100,0,41,1940.31,0.09560465812683105
randomGreedy,100,0,42,1845.51,0.09568667411804199
randomGreedy,100,0,43,1854.39,0.10229635238647461
randomGreedy,100,0,44,1769.0,0.10267210006713867
randomGreedy,100,0,45,1967.8,0.11016154289245605
randomGreedy,100,0,46,1843.6,0.09505414962768555
randomGreedy,100,0,47,1943.47,0.09464073181152344
randomGreedy,100,0,48,1838.01,0.09448814392089844
randomGreedy,100,0,49,1774.41,0.09455585479736328
randomGreedy,100,0,50,1896.23,0.09744644165039062
randomGreedy,100,0,51,1956.34,0.09899020195007324
randomGreedy,100,0,52,1796.43,0.10151124000549316
randomGreedy,100,0,53,1742.5,0.10100626945495605
randomGreedy,100,0,54,1982.96,0.0936591625213623
randomGreedy,100,0,55,1768.71,0.09605813026428223
randomGreedy,100,0,56,1943.2,0.09705471992492676
randomGreedy,100,0,57,1918.32,0.09464526176452637
randomGreedy,100,0,58,1830.99,0.09333348274230957
randomGreedy,100,0,59,1850.6,0.09556722640991211
randomGreedy,100,0,60,1837.56,0.10119962692260742
randomGreedy,100,0,61,1738.62,0.10147547721862793
randomGreedy,100,0,62,2039.15,0.09573626518249512
randomGreedy,100,0,63,1839.92,0.10263371467590332
randomGreedy,100,0,64,1840.6,0.09314227104187012
randomGreedy,100,0,65,1912.6,0.09856247901916504
randomGreedy,100,0,66,1931.21,0.09692049026489258
randomGreedy,100,0,67,1692.77,0.0985713005065918
randomGreedy,100,0,68,2080.41,0.09319925308227539
randomGreedy,100,0,69,2057.18,0.09801650047302246
randomGreedy,100,0,70,1805.52,0.09464216232299805
randomGreedy,100,0,71,2121.59,0.10159778594970703
randomGreedy,100,0,72,1913.02,0.09971809387207031
randomGreedy,100,0,73,1955.91,0.09579753875732422
randomGreedy,100,0,74,1849.04,0.09686946868896484
randomGreedy,100,0,75,1892.87,0.10025477409362793
randomGreedy,100,0,76,1823.7,0.0957038402557373
randomGreedy,100,0,77,1787.55,0.0952146053314209
randomGreedy,100,0,78,2035.24,0.09620952606201172
randomGreedy,100,0,79,2003.53,0.09235405921936035
randomGreedy,100,0,80,1807.77,0.09503626823425293
randomGreedy,100,0,81,1844.46,0.09926223754882812
randomGreedy,100,0,82,1890.83,0.09381341934204102
randomGreedy,100,0,83,1991.77,0.09541487693786621
randomGreedy,100,0,84,1902.32,0.10750746726989746
randomGreedy,100,0,85,1882.61,0.09396219253540039
randomGreedy,100,0,86,1917.86,0.09755110740661621
randomGreedy,100,0,87,1923.71,0.10926461219787598
randomGreedy,100,0,88,1867.28,0.09071540832519531
randomGreedy,100,0,89,1831.42,0.09589958190917969
randomGreedy,100,0,90,1924.42,0.09671664237976074
randomGreedy,100,0,91,1884.56,0.09685564041137695
randomGreedy,100,0,92,1867.24,0.09737896919250488
randomGreedy,100,0,93,1732.76,0.09794306755065918
randomGreedy,100,0,94,2066.2,0.10230731964111328
randomGreedy,100,0,95,2119.58,0.09475421905517578
randomGreedy,100,0,96,1938.29,0.09780097007751465
randomGreedy,100,0,97,1913.05,0.09973716735839844
randomGreedy,100,0,98,1725.6,0.0966799259185791
randomGreedy,100,0,99,2023.77,0.09589600563049316
randomGreedy,100,10,0,1856.35,0.09713244438171387
randomGreedy,100,10,1,1906.05,0.09701776504516602
randomGreedy,100,10,2,1788.86,0.09393644332885742
randomGreedy,100,10,3,1997.26,0.097412109375
randomGreedy,100,10,4,1938.59,0.0939943790435791
randomGreedy,100,10,5,1949.33,0.09279537200927734
randomGreedy,100,10,6,2067.46,0.1015932559967041
randomGreedy,100,10,7,1881.65,0.1021108627319336
randomGreedy,100,10,8,1933.25,0.09514093399047852
randomGreedy,100,10,9,1917.6,0.09807825088500977
randomGreedy,100,10,10,2076.92,0.10230445861816406
randomGreedy,100,10,11,1887.33,0.09615111351013184
randomGreedy,100,10,12,1834.81,0.0999605655670166
randomGreedy,100,10,13,2067.1,0.09512734413146973
randomGreedy,100,10,14,1938.02,0.11082148551940918
randomGreedy,100,10,15,1976.52,0.09871077537536621
randomGreedy,100,10,16,1953.48,0.10822033882141113
randomGreedy,100,10,17,1954.87,0.10057973861694336
randomGreedy,100,10,18,1827.29,0.09961080551147461
randomGreedy,100,10,19,2020.0,0.09947872161865234
randomGreedy,100,10,20,2030.82,0.09714174270629883
randomGreedy,100,10,21,1918.09,0.10423970222473145
randomGreedy,100,10,22,1888.0,0.09516477584838867
randomGreedy,100,10,23,1876.48,0.09759664535522461
randomGreedy,100,10,24,1805.46,0.09823346138000488
randomGreedy,100,10,25,1928.85,0.10033750534057617
randomGreedy,100,10,26,1940.72,0.09860730171203613
randomGreedy,100,10,27,1893.26,0.10309362411499023
randomGreedy,100,10,28,1819.45,0.09284830093383789
randomGreedy,100,10,29,1884.83,0.10078144073486328
randomGreedy,100,10,30,1867.96,0.09865999221801758
randomGreedy,100,10,31,1940.73,0.09611892700195312
randomGreedy,100,10,32,1962.48,0.09661006927490234
randomGreedy,100,10,33,1853.26,0.09491419792175293
randomGreedy,100,10,34,1881.9,0.10088872909545898
randomGreedy,100,10,35,2035.83,0.10163450241088867
randomGreedy,100,10,36,1794.67,0.10016536712646484
randomGreedy,100,10,37,2078.45,0.09702873229980469
randomGreedy,100,10,38,1938.57,0.09534025192260742
randomGreedy,100,10,39,1941.35,0.09987950325012207
randomGreedy,100,10,40,1824.77,0.09931492805480957
randomGreedy,100,10,41,2015.32,0.0959312915802002
randomGreedy,100,10,42,1881.73,0.09769678115844727
randomGreedy,100,10,43,1817.17,0.09796285629272461
randomGreedy,100,10,44,1786.46,0.09531712532043457
randomGreedy,100,10,45,1912.02,0.11145257949829102
randomGreedy,100,10,46,1928.52,0.09328651428222656
randomGreedy,100,10,47,1929.75,0.09469175338745117
randomGreedy,100,10,48,1982.49,0.09633064270019531
randomGreedy,100,10,49,1957.9,0.09495425224304199
randomGreedy,100,10,50,2035.6,0.10425639152526855
randomGreedy,100,10,51,2066.96,0.10055041313171387
randomGreedy,100,10,52,1873.7,0.09776592254638672
randomGreedy,100,10,53,1950.58,0.09679794311523438
randomGreedy,100,10,54,1979.09,0.10024023056030273
randomGreedy,100,10,55,1804.55,0.10505342483520508
randomGreedy,100,10,56,2046.78,0.1026010513305664
randomGreedy,100,10,57,1958.41,0.09391021728515625
randomGreedy,100,10,58,1953.04,0.10247230529785156
randomGreedy,100,10,59,1919.0,0.09527397155761719
randomGreedy,100,10,60,1801.81,0.09593963623046875
randomGreedy,100,10,61,1903.71,0.09393072128295898
randomGreedy,100,10,62,1880.29,0.0965583324432373
randomGreedy,100,10,63,1918.71,0.10049295425415039
randomGreedy,100,10,64,1825.04,0.09662866592407227
randomGreedy,100,10,65,1997.91,0.09812545776367188
randomGreedy,100,10,66,1848.83,0.09491229057312012
randomGreedy,100,10,67,1629.88,0.0945274829864502
randomGreedy,100,10,68,2031.29,0.09636950492858887
randomGreedy,100,10,69,1962.02,0.0977621078491211
randomGreedy,100,10,70,1812.33,0.09417438507080078
randomGreedy,100,10,71,1924.41,0.09918642044067383
randomGreedy,100,10,72,1844.25,0.09460830688476562
randomGreedy,100,10,73,1938.32,0.08942055702209473
randomGreedy,100,10,74,1872.11,0.09620428085327148
randomGreedy,100,10,75,1946.59,0.10209321975708008
randomGreedy,100,10,76,1928.12,0.10443425178527832
randomGreedy,100,10,77,1810.94,0.09164786338806152
randomGreedy,100,10,78,1957.82,0.09749984741210938
randomGreedy,100,10,79,1989.09,0.09720206260681152
randomGreedy,100,10,80,1779.2,0.09527373313903809
randomGreedy,100,10,81,1789.41,0.1035010814666748
randomGreedy,100,10,82,1907.17,0.09530019760131836
randomGreedy,100,10,83,1793.04,0.09492325782775879
randomGreedy,100,10,84,1862.89,0.0989997386932373
randomGreedy,100,10,85,1951.76,0.09926748275756836
randomGreedy,100,10,86,1869.81,0.09725427627563477
randomGreedy,100,10,87,2043.83,0.11595654487609863
randomGreedy,100,10,88,1786.31,0.09419846534729004
randomGreedy,100,10,89,2010.07,0.09624791145324707
randomGreedy,100,10,90,1786.22,0.09998583793640137
randomGreedy,100,10,91,1922.02,0.10327792167663574
randomGreedy,100,10,92,1857.37,0.10077619552612305
randomGreedy,100,10,93,2027.03,0.09848213195800781
randomGreedy,100,10,94,1900.56,0.0982048511505127
randomGreedy,100,10,95,2085.14,0.10009551048278809
randomGreedy,100,10,96,1953.87,0.09606051445007324
randomGreedy,100,10,97,2154.35,0.0926361083984375
randomGreedy,100,10,98,1798.81,0.09862232208251953
randomGreedy,100,10,99,2044.92,0.09505844116210938
randomGreedy,100,20,0,1754.21,0.09491634368896484
randomGreedy,100,20,1,1920.66,0.09500980377197266
randomGreedy,100,20,2,1793.03,0.09442830085754395
randomGreedy,100,20,3,1762.23,0.09635114669799805
randomGreedy,100,20,4,1865.28,0.09958124160766602
randomGreedy,100,20,5,1872.57,0.0937352180480957
randomGreedy,100,20,6,1962.02,0.10517144203186035
randomGreedy,100,20,7,2068.36,0.10019540786743164
randomGreedy,100,20,8,1875.11,0.09749794006347656
randomGreedy,100,20,9,1879.26,0.09985494613647461
randomGreedy,100,20,10,1995.12,0.09947896003723145
randomGreedy,100,20,11,1952.21,0.09830975532531738
randomGreedy,100,20,12,1761.42,0.0974280834197998
randomGreedy,100,20,13,1960.86,0.10072517395019531
randomGreedy,100,20,14,1950.54,0.09920382499694824
randomGreedy,100,20,15,1858.76,0.10679197311401367
randomGreedy,100,20,16,1815.22,0.09555387496948242
randomGreedy,100,20,17,1858.95,0.09744024276733398
randomGreedy,100,20,18,1823.32,0.09530520439147949
randomGreedy,100,20,19,1915.32,0.10006046295166016
randomGreedy,100,20,20,1861.18,0.09920930862426758
randomGreedy,100,20,21,1814.23,0.0947730541229248
randomGreedy,100,20,22,1874.24,0.09418487548828125
randomGreedy,100,20,23,1928.0,0.09846782684326172
randomGreedy,100,20,24,1940.97,0.10002803802490234
randomGreedy,100,20,25,1875.55,0.10396528244018555
randomGreedy,100,20,26,2049.82,0.09885215759277344
randomGreedy,100,20,27,1936.28,0.09724187850952148
randomGreedy,100,20,28,1848.75,0.10290265083312988
randomGreedy,100,20,29,1890.49,0.0970005989074707
randomGreedy,100,20,30,1980.19,0.09390854835510254
randomGreedy,100,20,31,1937.63,0.09503364562988281
randomGreedy,100,20,32,2029.32,0.10294985771179199
randomGreedy,100,20,33,1944.72,0.09819579124450684
randomGreedy,100,20,34,1877.31,0.11150479316711426
randomGreedy,100,20,35,1917.45,0.10146474838256836
randomGreedy,100,20,36,1691.1,0.09699463844299316
randomGreedy,100,20,37,2050.63,0.0958867073059082
randomGreedy,100,20,38,1883.78,0.10024142265319824
randomGreedy,100,20,39,1815.59,0.0968637466430664
randomGreedy,100,20,40,2154.96,0.10358524322509766
randomGreedy,100,20,41,2094.16,0.09968352317810059
randomGreedy,100,20,42,1864.86,0.10118913650512695
randomGreedy,100,20,43,1863.04,0.09988594055175781
randomGreedy,100,20,44,1767.2,0.095458984375
randomGreedy,100,20,45,1896.49,0.11065268516540527
randomGreedy,100,20,46,1827.1,0.0935056209564209
randomGreedy,100,20,47,1807.43,0.09291720390319824
randomGreedy,100,20,48,1971.09,0.09815692901611328
randomGreedy,100,20,49,1779.24,0.09183096885681152
randomGreedy,100,20,50,1888.66,0.10559773445129395
randomGreedy,100,20,51,2080.22,0.1011817455291748
randomGreedy,100,20,52,2040.72,0.10227632522583008
randomGreedy,100,20,53,1641.25,0.1111154556274414
randomGreedy,100,20,54,2116.54,0.09798502922058105
randomGreedy,100,20,55,1851.36,0.09719705581665039
randomGreedy,100,20,56,2002.76,0.0924527645111084
randomGreedy,100,20,57,1752.45,0.0946354866027832
randomGreedy,100,20,58,1908.09,0.09675335884094238
randomGreedy,100,20,59,1802.4,0.09278178215026855
randomGreedy,100,20,60,1985.58,0.10339784622192383
randomGreedy,100,20,61,1953.69,0.0947422981262207
randomGreedy,100,20,62,1851.11,0.09488153457641602
randomGreedy,100,20,63,1801.94,0.09507226943969727
randomGreedy,100,20,64,1849.84,0.093536376953125
randomGreedy,100,20,65,1911.01,0.10292291641235352
randomGreedy,100,20,66,1804.24,0.09348320960998535
randomGreedy,100,20,67,1893.25,0.09390377998352051
randomGreedy,100,20,68,1968.69,0.09513497352600098
randomGreedy,100,20,69,1905.17,0.09716105461120605
randomGreedy,100,20,70,1801.96,0.09406471252441406
randomGreedy,100,20,71,1945.78,0.10048389434814453
randomGreedy,100,20,72,1967.86,0.09737730026245117
randomGreedy,100,20,73,1830.19,0.09599876403808594
randomGreedy,100,20,74,1856.26,0.09750843048095703
randomGreedy,100,20,75,1938.08,0.10156846046447754
randomGreedy,100,20,76,1862.22,0.09601545333862305
randomGreedy,100,20,77,1684.83,0.1016688346862793
randomGreedy,100,20,78,1980.88,0.10180068016052246
randomGreedy,100,20,79,2007.79,0.09536361694335938
randomGreedy,100,20,80,1947.25,0.10314035415649414
randomGreedy,100,20,81,1831.36,0.09491610527038574
randomGreedy,100,20,82,1944.33,0.09354782104492188
randomGreedy,100,20,83,1881.62,0.0990288257598877
randomGreedy,100,20,84,1848.11,0.09756970405578613
randomGreedy,100,20,85,1797.11,0.09513974189758301
randomGreedy,100,20,86,1826.68,0.09565854072570801
randomGreedy,100,20,87,1992.25,0.10738444328308105
randomGreedy,100,20,88,1765.66,0.10388422012329102
randomGreedy,100,20,89,2100.11,0.09930992126464844
randomGreedy,100,20,90,1854.27,0.0955207347869873
randomGreedy,100,20,91,2006.18,0.0983576774597168
randomGreedy,100,20,92,1907.06,0.10086917877197266
randomGreedy,100,20,93,2017.83,0.0958247184753418
randomGreedy,100,20,94,1850.52,0.09729552268981934
randomGreedy,100,20,95,1912.85,0.10048866271972656
randomGreedy,100,20,96,1791.34,0.10329866409301758
randomGreedy,100,20,97,2042.6,0.0981760025024414
randomGreedy,100,20,98,1824.07,0.10148382186889648
randomGreedy,100,20,99,1966.75,0.09534692764282227
randomGreedy,100,30,0,1761.71,0.10526299476623535
randomGreedy,100,30,1,1912.48,0.09715056419372559
randomGreedy,100,30,2,2046.98,0.0984182357788086
randomGreedy,100,30,3,1873.47,0.09542512893676758
randomGreedy,100,30,4,1770.19,0.09383606910705566
randomGreedy,100,30,5,1981.14,0.09691619873046875
randomGreedy,100,30,6,2060.12,0.09639835357666016
randomGreedy,100,30,7,1916.69,0.10212206840515137
randomGreedy,100,30,8,1838.92,0.09828710556030273
randomGreedy,100,30,9,1793.28,0.09804701805114746
randomGreedy,100,30,10,2034.79,0.0943758487701416
randomGreedy,100,30,11,1891.32,0.09794282913208008
randomGreedy,100,30,12,1784.63,0.09192490577697754
randomGreedy,100,30,13,1898.77,0.10092735290527344
randomGreedy,100,30,14,1791.11,0.10495686531066895
randomGreedy,100,30,15,1834.08,0.10323858261108398
randomGreedy,100,30,16,2004.13,0.09156441688537598
randomGreedy,100,30,17,2008.7,0.10582566261291504
randomGreedy,100,30,18,1850.22,0.09750699996948242
randomGreedy,100,30,19,1933.95,0.09737277030944824
randomGreedy,100,30,20,2007.81,0.0970916748046875
randomGreedy,100,30,21,1813.08,0.09555339813232422
randomGreedy,100,30,22,1960.9,0.09475874900817871
randomGreedy,100,30,23,2091.84,0.09750485420227051
randomGreedy,100,30,24,1835.14,0.10198163986206055
randomGreedy,100,30,25,1830.68,0.09366035461425781
randomGreedy,100,30,26,1922.54,0.10079503059387207
randomGreedy,100,30,27,1939.6,0.09891748428344727
randomGreedy,100,30,28,1757.55,0.09913849830627441
randomGreedy,100,30,29,1926.71,0.10020828247070312
randomGreedy,100,30,30,1960.64,0.10532283782958984
randomGreedy,100,30,31,1939.3,0.09282803535461426
randomGreedy,100,30,32,1923.33,0.09731554985046387
randomGreedy,100,30,33,1803.89,0.09488654136657715
randomGreedy,100,30,34,1896.58,0.10989904403686523
randomGreedy,100,30,35,1965.33,0.09708476066589355
randomGreedy,100,30,36,1984.72,0.09845709800720215
randomGreedy,100,30,37,2013.13,0.09758210182189941
randomGreedy,100,30,38,1933.0,0.10277652740478516
randomGreedy,100,30,39,1898.22,0.09490203857421875
randomGreedy,100,30,40,2025.85,0.09571671485900879
randomGreedy,100,30,41,2092.63,0.09734940528869629
randomGreedy,100,30,42,1932.21,0.10050749778747559
randomGreedy,100,30,43,1909.75,0.0999443531036377
randomGreedy,100,30,44,1897.66,0.09376239776611328
randomGreedy,100,30,45,1919.28,0.11560654640197754
randomGreedy,100,30,46,1842.75,0.10035324096679688
randomGreedy,100,30,47,1950.64,0.0996861457824707
randomGreedy,100,30,48,1950.14,0.10046958923339844
randomGreedy,100,30,49,1727.46,0.0930185317993164
randomGreedy,100,30,50,1940.21,0.10158157348632812
randomGreedy,100,30,51,1999.53,0.09651422500610352
randomGreedy,100,30,52,1902.37,0.09588241577148438
randomGreedy,100,30,53,1771.48,0.10523176193237305
randomGreedy,100,30,54,1927.32,0.09589958190917969
randomGreedy,100,30,55,1779.19,0.10714173316955566
randomGreedy,100,30,56,1879.4,0.10233378410339355
randomGreedy,100,30,57,1953.47,0.09890985488891602
randomGreedy,100,30,58,2022.94,0.09518647193908691
randomGreedy,100,30,59,1890.31,0.09345626831054688
randomGreedy,100,30,60,1892.7,0.09938263893127441
randomGreedy,100,30,61,1832.15,0.0949561595916748
randomGreedy,100,30,62,1797.59,0.10360169410705566
randomGreedy,100,30,63,1985.73,0.10446786880493164
randomGreedy,100,30,64,1997.64,0.09427332878112793
randomGreedy,100,30,65,1853.24,0.0936594009399414
randomGreedy,100,30,66,1757.54,0.09163498878479004
randomGreedy,100,30,67,1690.37,0.09743714332580566
randomGreedy,100,30,68,1876.5,0.09573960304260254
randomGreedy,100,30,69,1940.08,0.09284496307373047
randomGreedy,100,30,70,1818.77,0.09310269355773926
randomGreedy,100,30,71,2019.29,0.09921026229858398
randomGreedy,100,30,72,1921.48,0.0948021411895752
randomGreedy,100,30,73,1927.64,0.09650945663452148
randomGreedy,100,30,74,1752.74,0.09635615348815918
randomGreedy,100,30,75,1859.28,0.0991828441619873
randomGreedy,100,30,76,1862.84,0.09584879875183105
randomGreedy,100,30,77,1731.0,0.09491348266601562
randomGreedy,100,30,78,1981.57,0.0953068733215332
randomGreedy,100,30,79,1959.21,0.09528279304504395
randomGreedy,100,30,80,1960.8,0.0939321517944336
randomGreedy,100,30,81,1875.54,0.09475970268249512
randomGreedy,100,30,82,1986.45,0.09897208213806152
randomGreedy,100,30,83,1911.17,0.09508466720581055
randomGreedy,100,30,84,1965.97,0.09599971771240234
randomGreedy,100,30,85,1849.53,0.09268593788146973
randomGreedy,100,30,86,1807.03,0.10437750816345215
randomGreedy,100,30,87,2083.21,0.0973060131072998
randomGreedy,100,30,88,1840.2,0.09904956817626953
randomGreedy,100,30,89,1913.91,0.0990440845489502
randomGreedy,100,30,90,1856.33,0.0937497615814209
randomGreedy,100,30,91,1950.64,0.09685826301574707
randomGreedy,100,30,92,1868.3,0.09610772132873535
randomGreedy,100,30,93,1947.49,0.10357904434204102
randomGreedy,100,30,94,1945.37,0.0940096378326416
randomGreedy,100,30,95,1856.45,0.10256600379943848
randomGreedy,100,30,96,1759.69,0.10298562049865723
randomGreedy,100,30,97,1996.45,0.10259103775024414
randomGreedy,100,30,98,1859.3,0.09592556953430176
randomGreedy,100,30,99,2015.06,0.09609651565551758
randomGreedy,100,40,0,1906.44,0.09513139724731445
randomGreedy,100,40,1,1948.44,0.097869873046875
randomGreedy,100,40,2,1901.81,0.09542441368103027
randomGreedy,100,40,3,1850.71,0.09369945526123047
randomGreedy,100,40,4,1883.41,0.10037040710449219
randomGreedy,100,40,5,2024.57,0.09540820121765137
randomGreedy,100,40,6,1924.02,0.09926867485046387
randomGreedy,100,40,7,1845.34,0.10000371932983398
randomGreedy,100,40,8,1916.28,0.10188150405883789
randomGreedy,100,40,9,1884.48,0.1035776138305664
randomGreedy,100,40,10,1937.86,0.09823131561279297
randomGreedy,100,40,11,1936.8,0.1008598804473877
randomGreedy,100,40,12,1778.34,0.09590411186218262
randomGreedy,100,40,13,1940.03,0.10099625587463379
randomGreedy,100,40,14,1877.47,0.09867048263549805
randomGreedy,100,40,15,2017.92,0.10814690589904785
randomGreedy,100,40,16,1886.47,0.09638714790344238
randomGreedy,100,40,17,1937.8,0.09853959083557129
randomGreedy,100,40,18,1858.76,0.1002511978149414
randomGreedy,100,40,19,1845.13,0.09833312034606934
randomGreedy,100,40,20,1949.21,0.09606146812438965
randomGreedy,100,40,21,1909.28,0.09488868713378906
randomGreedy,100,40,22,1844.24,0.10789132118225098
randomGreedy,100,40,23,1764.7,0.09660649299621582
randomGreedy,100,40,24,1841.44,0.0999901294708252
randomGreedy,100,40,25,1795.66,0.09269881248474121
randomGreedy,100,40,26,1894.71,0.09819412231445312
randomGreedy,100,40,27,1922.94,0.10126447677612305
randomGreedy,100,40,28,1840.18,0.0912775993347168
randomGreedy,100,40,29,1769.46,0.10121321678161621
randomGreedy,100,40,30,1782.58,0.09290742874145508
randomGreedy,100,40,31,1941.28,0.09534621238708496
randomGreedy,100,40,32,1885.57,0.0932765007019043
randomGreedy,100,40,33,1870.49,0.09397387504577637
randomGreedy,100,40,34,1849.92,0.09893202781677246
randomGreedy,100,40,35,1931.24,0.10222935676574707
randomGreedy,100,40,36,1814.89,0.09727668762207031
randomGreedy,100,40,37,2037.33,0.0991208553314209
randomGreedy,100,40,38,1840.12,0.09132862091064453
randomGreedy,100,40,39,2070.29,0.09978079795837402
randomGreedy,100,40,40,1858.26,0.09684157371520996
randomGreedy,100,40,41,2049.52,0.10019779205322266
randomGreedy,100,40,42,1917.1,0.10359072685241699
randomGreedy,100,40,43,1855.63,0.09495973587036133
randomGreedy,100,40,44,1846.85,0.0985708236694336
randomGreedy,100,40,45,2041.35,0.11597394943237305
randomGreedy,100,40,46,1792.68,0.09632635116577148
randomGreedy,100,40,47,1897.22,0.09516239166259766
randomGreedy,100,40,48,1899.51,0.09611630439758301
randomGreedy,100,40,49,1802.38,0.09560418128967285
randomGreedy,100,40,50,2042.85,0.09101700782775879
randomGreedy,100,40,51,1942.54,0.09964847564697266
randomGreedy,100,40,52,1870.32,0.10219812393188477
randomGreedy,100,40,53,1683.83,0.1056511402130127
randomGreedy,100,40,54,2036.33,0.09309220314025879
randomGreedy,100,40,55,1657.63,0.09957432746887207
randomGreedy,100,40,56,2111.84,0.09890365600585938
randomGreedy,100,40,57,1927.44,0.09565615653991699
randomGreedy,100,40,58,1907.82,0.0939943790435791
randomGreedy,100,40,59,1922.55,0.09048151969909668
randomGreedy,100,40,60,1924.08,0.10204219818115234
randomGreedy,100,40,61,1952.87,0.09981751441955566
randomGreedy,100,40,62,1775.05,0.09711623191833496
randomGreedy,100,40,63,1904.7,0.09888720512390137
randomGreedy,100,40,64,1858.02,0.09317493438720703
randomGreedy,100,40,65,1918.99,0.09473848342895508
randomGreedy,100,40,66,1845.4,0.09206819534301758
randomGreedy,100,40,67,1712.02,0.09439373016357422
randomGreedy,100,40,68,1976.12,0.09374332427978516
randomGreedy,100,40,69,1973.53,0.09333372116088867
randomGreedy,100,40,70,1808.01,0.09698605537414551
randomGreedy,100,40,71,2065.66,0.10245823860168457
randomGreedy,100,40,72,1883.61,0.09795427322387695
randomGreedy,100,40,73,1916.62,0.0976095199584961
randomGreedy,100,40,74,1899.21,0.09686613082885742
randomGreedy,100,40,75,1876.01,0.09725522994995117
randomGreedy,100,40,76,1767.79,0.09840559959411621
randomGreedy,100,40,77,1756.25,0.09521722793579102
randomGreedy,100,40,78,1932.8,0.1025691032409668
randomGreedy,100,40,79,1924.13,0.09418058395385742
randomGreedy,100,40,80,2003.51,0.09427666664123535
randomGreedy,100,40,81,1837.59,0.10109972953796387
randomGreedy,100,40,82,1882.61,0.09547233581542969
randomGreedy,100,40,83,2019.48,0.09583425521850586
randomGreedy,100,40,84,1918.98,0.1063072681427002
randomGreedy,100,40,85,1747.24,0.10172533988952637
randomGreedy,100,40,86,1925.67,0.09741687774658203
randomGreedy,100,40,87,2007.94,0.11641454696655273
randomGreedy,100,40,88,1916.19,0.09867334365844727
randomGreedy,100,40,89,1998.37,0.09698295593261719
randomGreedy,100,40,90,2015.58,0.09976935386657715
randomGreedy,100,40,91,2053.27,0.10252547264099121
randomGreedy,100,40,92,1949.79,0.09979462623596191
randomGreedy,100,40,93,1771.12,0.09985947608947754
randomGreedy,100,40,94,1931.92,0.09248542785644531
randomGreedy,100,40,95,1942.13,0.09929537773132324
randomGreedy,100,40,96,1862.61,0.095977783203125
randomGreedy,100,40,97,2088.61,0.10031437873840332
randomGreedy,100,40,98,1840.5,0.09915041923522949
randomGreedy,100,40,99,2101.49,0.09326028823852539
randomGreedy,100,50,0,1849.52,0.09426736831665039
randomGreedy,100,50,1,1889.62,0.10071015357971191
randomGreedy,100,50,2,1942.97,0.10304856300354004
randomGreedy,100,50,3,1810.56,0.09620141983032227
randomGreedy,100,50,4,1873.23,0.09412407875061035
randomGreedy,100,50,5,1933.25,0.09825396537780762
randomGreedy,100,50,6,1973.98,0.10543513298034668
randomGreedy,100,50,7,1922.0,0.10195326805114746
randomGreedy,100,50,8,1842.2,0.10161519050598145
randomGreedy,100,50,9,1807.5,0.09843111038208008
randomGreedy,100,50,10,2072.21,0.09807634353637695
randomGreedy,100,50,11,1933.4,0.09931540489196777
randomGreedy,100,50,12,1849.79,0.09722638130187988
randomGreedy,100,50,13,1937.54,0.10095071792602539
randomGreedy,100,50,14,1991.27,0.09742259979248047
randomGreedy,100,50,15,1893.22,0.10631656646728516
randomGreedy,100,50,16,1852.13,0.10566926002502441
randomGreedy,100,50,17,1890.89,0.09709334373474121
randomGreedy,100,50,18,1940.52,0.09946131706237793
randomGreedy,100,50,19,1970.47,0.10022521018981934
randomGreedy,100,50,20,2003.67,0.10062837600708008
randomGreedy,100,50,21,1831.68,0.09607243537902832
randomGreedy,100,50,22,2014.14,0.09391093254089355
randomGreedy,100,50,23,1941.26,0.0974280834197998
randomGreedy,100,50,24,2004.99,0.09971904754638672
randomGreedy,100,50,25,1809.67,0.09701824188232422
randomGreedy,100,50,26,1922.52,0.09984660148620605
randomGreedy,100,50,27,1825.7,0.09524273872375488
randomGreedy,100,50,28,1756.25,0.10304403305053711
randomGreedy,100,50,29,1824.02,0.10007882118225098
randomGreedy,100,50,30,1815.05,0.09665417671203613
randomGreedy,100,50,31,2096.82,0.09546017646789551
randomGreedy,100,50,32,1808.74,0.09236001968383789
randomGreedy,100,50,33,1923.04,0.0968177318572998
randomGreedy,100,50,34,1844.01,0.09988594055175781
randomGreedy,100,50,35,1985.37,0.09897232055664062
randomGreedy,100,50,36,1783.17,0.09084510803222656
randomGreedy,100,50,37,1934.23,0.09786272048950195
randomGreedy,100,50,38,1904.76,0.10150003433227539
randomGreedy,100,50,39,1908.6,0.09496283531188965
randomGreedy,100,50,40,1937.74,0.10219764709472656
randomGreedy,100,50,41,1966.8,0.09715461730957031
randomGreedy,100,50,42,1776.03,0.09914803504943848
randomGreedy,100,50,43,1864.82,0.09755992889404297
randomGreedy,100,50,44,1899.89,0.09439516067504883
randomGreedy,100,50,45,2044.94,0.11585116386413574
randomGreedy,100,50,46,1838.72,0.09319829940795898
randomGreedy,100,50,47,1869.18,0.094512939453125
randomGreedy,100,50,48,1880.29,0.09375190734863281
randomGreedy,100,50,49,1775.28,0.09635472297668457
randomGreedy,100,50,50,2019.21,0.10495615005493164
randomGreedy,100,50,51,1933.93,0.09858870506286621
randomGreedy,100,50,52,1744.08,0.10292983055114746
randomGreedy,100,50,53,1833.1,0.10189986228942871
randomGreedy,100,50,54,2041.5,0.09591007232666016
randomGreedy,100,50,55,1731.99,0.09997057914733887
randomGreedy,100,50,56,2028.97,0.09885191917419434
randomGreedy,100,50,57,1784.55,0.09529352188110352
randomGreedy,100,50,58,1814.11,0.0930335521697998
randomGreedy,100,50,59,1982.97,0.09570169448852539
randomGreedy,100,50,60,1915.62,0.10300230979919434
randomGreedy,100,50,61,1991.39,0.10471415519714355
randomGreedy,100,50,62,1925.07,0.10170221328735352
randomGreedy,100,50,63,1939.3,0.09243273735046387
randomGreedy,100,50,64,1881.54,0.09677386283874512
randomGreedy,100,50,65,1840.66,0.09808182716369629
randomGreedy,100,50,66,1973.63,0.08870768547058105
randomGreedy,100,50,67,1766.92,0.09671163558959961
randomGreedy,100,50,68,2060.09,0.09496116638183594
randomGreedy,100,50,69,1986.17,0.09328174591064453
randomGreedy,100,50,70,1978.04,0.09826135635375977
randomGreedy,100,50,71,1862.12,0.09940314292907715
randomGreedy,100,50,72,1894.49,0.10397076606750488
randomGreedy,100,50,73,1922.69,0.09380888938903809
randomGreedy,100,50,74,1916.03,0.09772682189941406
randomGreedy,100,50,75,1749.48,0.1036074161529541
randomGreedy,100,50,76,1860.68,0.0959329605102539
randomGreedy,100,50,77,1926.91,0.09826374053955078
randomGreedy,100,50,78,1858.71,0.09994316101074219
randomGreedy,100,50,79,2078.99,0.10003948211669922
randomGreedy,100,50,80,1812.2,0.09359240531921387
randomGreedy,100,50,81,1895.2,0.09849667549133301
randomGreedy,100,50,82,1924.92,0.09527969360351562
randomGreedy,100,50,83,1830.3,0.09243988990783691
randomGreedy,100,50,84,1940.91,0.10802245140075684
randomGreedy,100,50,85,1779.29,0.10024166107177734
randomGreedy,100,50,86,1761.09,0.1033785343170166
randomGreedy,100,50,87,1982.2,0.10743451118469238
randomGreedy,100,50,88,1752.29,0.10300040245056152
randomGreedy,100,50,89,1985.18,0.09726572036743164
randomGreedy,100,50,90,1948.73,0.09871721267700195
randomGreedy,100,50,91,2110.33,0.09980487823486328
randomGreedy,100,50,92,1903.91,0.09747719764709473
randomGreedy,100,50,93,1850.15,0.09823250770568848
randomGreedy,100,50,94,1905.19,0.09725141525268555
randomGreedy,100,50,95,1899.71,0.09961128234863281
randomGreedy,100,50,96,1826.19,0.09311175346374512
randomGreedy,100,50,97,2216.81,0.09617924690246582
randomGreedy,100,50,98,1748.86,0.09233307838439941
randomGreedy,100,50,99,1869.84,0.10503554344177246
randomGreedy,100,60,0,1792.2,0.10486578941345215
randomGreedy,100,60,1,1908.09,0.10210657119750977
randomGreedy,100,60,2,1925.27,0.09658265113830566
randomGreedy,100,60,3,1823.62,0.09430313110351562
randomGreedy,100,60,4,1892.58,0.09559273719787598
randomGreedy,100,60,5,1858.11,0.10271382331848145
randomGreedy,100,60,6,1987.54,0.10482263565063477
randomGreedy,100,60,7,1739.11,0.09865975379943848
randomGreedy,100,60,8,1813.62,0.09951281547546387
randomGreedy,100,60,9,1755.29,0.09862422943115234
randomGreedy,100,60,10,2108.08,0.09502959251403809
randomGreedy,100,60,11,1966.73,0.0984344482421875
randomGreedy,100,60,12,1808.15,0.09862852096557617
randomGreedy,100,60,13,1955.34,0.1057591438293457
randomGreedy,100,60,14,2133.43,0.10509967803955078
randomGreedy,100,60,15,1801.52,0.10538959503173828
randomGreedy,100,60,16,1942.79,0.09453153610229492
randomGreedy,100,60,17,1890.12,0.0985574722290039
randomGreedy,100,60,18,1774.53,0.09737682342529297
randomGreedy,100,60,19,1935.32,0.10061192512512207
randomGreedy,100,60,20,2056.56,0.09675788879394531
randomGreedy,100,60,21,1817.82,0.09584879875183105
randomGreedy,100,60,22,1933.7,0.095611572265625
randomGreedy,100,60,23,1954.06,0.10387778282165527
randomGreedy,100,60,24,2007.41,0.09781360626220703
randomGreedy,100,60,25,1886.5,0.10280585289001465
randomGreedy,100,60,26,1949.23,0.09890413284301758
randomGreedy,100,60,27,1935.74,0.09714770317077637
randomGreedy,100,60,28,1755.66,0.10149908065795898
randomGreedy,100,60,29,1791.97,0.08969688415527344
randomGreedy,100,60,30,1877.04,0.0931999683380127
randomGreedy,100,60,31,1877.04,0.09423279762268066
randomGreedy,100,60,32,1860.18,0.09456753730773926
randomGreedy,100,60,33,1908.07,0.0903010368347168
randomGreedy,100,60,34,1825.13,0.1041722297668457
randomGreedy,100,60,35,1933.02,0.09827637672424316
randomGreedy,100,60,36,1813.33,0.10065984725952148
randomGreedy,100,60,37,1943.2,0.09546923637390137
randomGreedy,100,60,38,1867.92,0.10251688957214355
randomGreedy,100,60,39,2079.64,0.0975949764251709
randomGreedy,100,60,40,1786.76,0.09862232208251953
randomGreedy,100,60,41,2018.78,0.09745454788208008
randomGreedy,100,60,42,1849.58,0.10174345970153809
randomGreedy,100,60,43,1857.23,0.09411501884460449
randomGreedy,100,60,44,1984.8,0.09630179405212402
randomGreedy,100,60,45,1803.54,0.11282873153686523
randomGreedy,100,60,46,1900.77,0.09295105934143066
randomGreedy,100,60,47,1936.2,0.10314774513244629
randomGreedy,100,60,48,1948.36,0.09847331047058105
randomGreedy,100,60,49,1708.88,0.09586215019226074
randomGreedy,100,60,50,1869.01,0.1013026237487793
randomGreedy,100,60,51,1975.53,0.10144209861755371
randomGreedy,100,60,52,1781.3,0.10190224647521973
randomGreedy,100,60,53,1843.97,0.10705804824829102
randomGreedy,100,60,54,2061.88,0.09546804428100586
randomGreedy,100,60,55,1734.88,0.09500813484191895
randomGreedy,100,60,56,2042.18,0.09953737258911133
randomGreedy,100,60,57,1753.37,0.0957636833190918
randomGreedy,100,60,58,1809.76,0.10241580009460449
randomGreedy,100,60,59,2081.68,0.09569048881530762
randomGreedy,100,60,60,1928.32,0.09369325637817383
randomGreedy,100,60,61,2003.08,0.09572315216064453
randomGreedy,100,60,62,1870.6,0.0946969985961914
randomGreedy,100,60,63,1973.34,0.09473443031311035
randomGreedy,100,60,64,1871.8,0.09270620346069336
randomGreedy,100,60,65,1999.87,0.10008716583251953
randomGreedy,100,60,66,1899.35,0.09858822822570801
randomGreedy,100,60,67,1685.98,0.09057092666625977
randomGreedy,100,60,68,1903.53,0.09575843811035156
randomGreedy,100,60,69,1900.26,0.09283804893493652
randomGreedy,100,60,70,1923.37,0.09270882606506348
randomGreedy,100,60,71,1961.7,0.10367822647094727
randomGreedy,100,60,72,1957.79,0.09407806396484375
randomGreedy,100,60,73,1974.25,0.09555530548095703
randomGreedy,100,60,74,1912.81,0.09752321243286133
randomGreedy,100,60,75,1861.44,0.09937095642089844
randomGreedy,100,60,76,1896.66,0.09526872634887695
randomGreedy,100,60,77,1791.41,0.09877872467041016
randomGreedy,100,60,78,2060.93,0.10252571105957031
randomGreedy,100,60,79,2158.1,0.0947117805480957
randomGreedy,100,60,80,1977.71,0.09404897689819336
randomGreedy,100,60,81,1887.2,0.09937620162963867
randomGreedy,100,60,82,1900.01,0.09354877471923828
randomGreedy,100,60,83,1911.82,0.09552311897277832
randomGreedy,100,60,84,1817.08,0.0925440788269043
randomGreedy,100,60,85,1759.6,0.09370779991149902
randomGreedy,100,60,86,1832.22,0.09580039978027344
randomGreedy,100,60,87,1958.0,0.10861420631408691
randomGreedy,100,60,88,1744.47,0.09968185424804688
randomGreedy,100,60,89,1928.24,0.09722352027893066
randomGreedy,100,60,90,1894.64,0.09773921966552734
randomGreedy,100,60,91,2015.62,0.09971785545349121
randomGreedy,100,60,92,1830.18,0.09887981414794922
randomGreedy,100,60,93,1799.14,0.10471415519714355
randomGreedy,100,60,94,1916.25,0.09596729278564453
randomGreedy,100,60,95,1947.64,0.10184025764465332
randomGreedy,100,60,96,1983.14,0.11153888702392578
randomGreedy,100,60,97,1951.86,0.1005704402923584
randomGreedy,100,60,98,1825.36,0.0972132682800293
randomGreedy,100,60,99,1997.33,0.09534311294555664
randomGreedy,100,70,0,1813.01,0.10735893249511719
randomGreedy,100,70,1,1962.03,0.098358154296875
randomGreedy,100,70,2,1869.28,0.10094833374023438
randomGreedy,100,70,3,1842.79,0.09487628936767578
randomGreedy,100,70,4,1865.4,0.09506964683532715
randomGreedy,100,70,5,1896.23,0.09521198272705078
randomGreedy,100,70,6,1956.84,0.10614728927612305
randomGreedy,100,70,7,1919.09,0.09953808784484863
randomGreedy,100,70,8,1870.54,0.10581779479980469
randomGreedy,100,70,9,1868.78,0.10032176971435547
randomGreedy,100,70,10,1945.41,0.09366607666015625
randomGreedy,100,70,11,1866.9,0.09796357154846191
randomGreedy,100,70,12,1769.57,0.0918569564819336
randomGreedy,100,70,13,2065.06,0.10072612762451172
randomGreedy,100,70,14,1846.62,0.09998083114624023
randomGreedy,100,70,15,1897.27,0.10755157470703125
randomGreedy,100,70,16,1932.64,0.09506702423095703
randomGreedy,100,70,17,1869.16,0.10551953315734863
randomGreedy,100,70,18,1904.57,0.090576171875
randomGreedy,100,70,19,1934.07,0.10523080825805664
randomGreedy,100,70,20,1972.07,0.09497880935668945
randomGreedy,100,70,21,1934.5,0.0976567268371582
randomGreedy,100,70,22,1912.61,0.09464073181152344
randomGreedy,100,70,23,1899.77,0.09807801246643066
randomGreedy,100,70,24,2042.66,0.10030722618103027
randomGreedy,100,70,25,1896.77,0.1009974479675293
randomGreedy,100,70,26,2089.41,0.10207772254943848
randomGreedy,100,70,27,1814.36,0.09640169143676758
randomGreedy,100,70,28,1865.92,0.0974435806274414
randomGreedy,100,70,29,1790.33,0.10156536102294922
randomGreedy,100,70,30,1792.47,0.10220551490783691
randomGreedy,100,70,31,1923.24,0.09623456001281738
randomGreedy,100,70,32,1945.97,0.09799361228942871
randomGreedy,100,70,33,1869.45,0.09539961814880371
randomGreedy,100,70,34,1791.81,0.10348963737487793
randomGreedy,100,70,35,1945.78,0.09927487373352051
randomGreedy,100,70,36,1750.33,0.09210586547851562
randomGreedy,100,70,37,1912.94,0.09558892250061035
randomGreedy,100,70,38,1780.34,0.10214519500732422
randomGreedy,100,70,39,1924.94,0.09435725212097168
randomGreedy,100,70,40,1887.91,0.10171699523925781
randomGreedy,100,70,41,2040.23,0.09827899932861328
randomGreedy,100,70,42,1881.38,0.10117483139038086
randomGreedy,100,70,43,1922.25,0.09871101379394531
randomGreedy,100,70,44,1812.31,0.09302163124084473
randomGreedy,100,70,45,1945.57,0.11575102806091309
randomGreedy,100,70,46,1830.49,0.09895920753479004
randomGreedy,100,70,47,1815.57,0.09857511520385742
randomGreedy,100,70,48,1974.58,0.0975039005279541
randomGreedy,100,70,49,1778.28,0.09410715103149414
randomGreedy,100,70,50,1934.5,0.10170459747314453
randomGreedy,100,70,51,2030.15,0.10194873809814453
randomGreedy,100,70,52,1671.31,0.0959482192993164
randomGreedy,100,70,53,1730.33,0.10183382034301758
randomGreedy,100,70,54,2003.76,0.09888172149658203
randomGreedy,100,70,55,1676.33,0.10462403297424316
randomGreedy,100,70,56,2043.48,0.0970461368560791
randomGreedy,100,70,57,1975.8,0.09470653533935547
randomGreedy,100,70,58,1931.32,0.09721636772155762
randomGreedy,100,70,59,1993.66,0.09560227394104004
randomGreedy,100,70,60,1997.07,0.10108351707458496
randomGreedy,100,70,61,1875.02,0.09503841400146484
randomGreedy,100,70,62,1851.67,0.09567904472351074
randomGreedy,100,70,63,1838.85,0.09297347068786621
randomGreedy,100,70,64,1909.35,0.09643840789794922
randomGreedy,100,70,65,1964.97,0.09168100357055664
randomGreedy,100,70,66,1995.63,0.0916285514831543
randomGreedy,100,70,67,1959.42,0.09470009803771973
randomGreedy,100,70,68,2109.05,0.09631919860839844
randomGreedy,100,70,69,2032.53,0.09736895561218262
randomGreedy,100,70,70,1910.61,0.0953218936920166
randomGreedy,100,70,71,1893.6,0.09643292427062988
randomGreedy,100,70,72,1942.35,0.09644317626953125
randomGreedy,100,70,73,1873.17,0.0932304859161377
randomGreedy,100,70,74,2082.34,0.09829473495483398
randomGreedy,100,70,75,1747.4,0.0961310863494873
randomGreedy,100,70,76,1858.02,0.09383583068847656
randomGreedy,100,70,77,1840.53,0.0939338207244873
randomGreedy,100,70,78,2043.34,0.1014549732208252
randomGreedy,100,70,79,1884.58,0.09521150588989258
randomGreedy,100,70,80,1735.5,0.09316682815551758
randomGreedy,100,70,81,1770.89,0.09661412239074707
randomGreedy,100,70,82,1872.95,0.09093594551086426
randomGreedy,100,70,83,1812.19,0.09476113319396973
randomGreedy,100,70,84,1910.81,0.09836673736572266
randomGreedy,100,70,85,1853.58,0.09327173233032227
randomGreedy,100,70,86,1903.97,0.09670305252075195
randomGreedy,100,70,87,2019.45,0.1066434383392334
randomGreedy,100,70,88,1878.67,0.10105776786804199
randomGreedy,100,70,89,2077.66,0.09485507011413574
randomGreedy,100,70,90,1862.19,0.09239816665649414
randomGreedy,100,70,91,1953.85,0.09894204139709473
randomGreedy,100,70,92,2036.95,0.10054755210876465
randomGreedy,100,70,93,1915.05,0.09595203399658203
randomGreedy,100,70,94,1888.27,0.09651851654052734
randomGreedy,100,70,95,2109.16,0.10016298294067383
randomGreedy,100,70,96,1809.16,0.10380792617797852
randomGreedy,100,70,97,2096.2,0.10302162170410156
randomGreedy,100,70,98,1775.14,0.09818053245544434
randomGreedy,100,70,99,2092.97,0.09587979316711426
randomGreedy,100,80,0,1901.14,0.10594701766967773
randomGreedy,100,80,1,1857.8,0.0971677303314209
randomGreedy,100,80,2,1880.97,0.09312295913696289
randomGreedy,100,80,3,1936.73,0.09617185592651367
randomGreedy,100,80,4,1911.77,0.10254359245300293
randomGreedy,100,80,5,1933.99,0.09887123107910156
randomGreedy,100,80,6,1983.9,0.09977054595947266
randomGreedy,100,80,7,2008.57,0.0988926887512207
randomGreedy,100,80,8,1832.43,0.1012873649597168
randomGreedy,100,80,9,1835.87,0.09930038452148438
randomGreedy,100,80,10,2082.35,0.09708070755004883
randomGreedy,100,80,11,1911.29,0.09606170654296875
randomGreedy,100,80,12,1762.6,0.09654808044433594
randomGreedy,100,80,13,1898.24,0.10020923614501953
randomGreedy,100,80,14,1843.06,0.10052371025085449
randomGreedy,100,80,15,1748.41,0.10837650299072266
randomGreedy,100,80,16,1907.14,0.09402680397033691
randomGreedy,100,80,17,1961.12,0.09867238998413086
randomGreedy,100,80,18,1857.18,0.10042858123779297
randomGreedy,100,80,19,1927.51,0.09511661529541016
randomGreedy,100,80,20,1902.39,0.09809041023254395
randomGreedy,100,80,21,1825.59,0.09557294845581055
randomGreedy,100,80,22,1976.88,0.09541869163513184
randomGreedy,100,80,23,1835.68,0.09175276756286621
randomGreedy,100,80,24,1903.89,0.0995631217956543
randomGreedy,100,80,25,1962.84,0.09584450721740723
randomGreedy,100,80,26,2008.1,0.09659194946289062
randomGreedy,100,80,27,1908.81,0.09837174415588379
randomGreedy,100,80,28,1928.53,0.09333539009094238
randomGreedy,100,80,29,1861.0,0.10176205635070801
randomGreedy,100,80,30,1937.75,0.09855771064758301
randomGreedy,100,80,31,1954.5,0.0946648120880127
randomGreedy,100,80,32,1938.42,0.09461426734924316
randomGreedy,100,80,33,1965.13,0.09667110443115234
randomGreedy,100,80,34,1827.91,0.11191058158874512
randomGreedy,100,80,35,1948.08,0.10386395454406738
randomGreedy,100,80,36,1758.46,0.0946965217590332
randomGreedy,100,80,37,1934.06,0.09454941749572754
randomGreedy,100,80,38,1846.36,0.09876847267150879
randomGreedy,100,80,39,1954.46,0.10063290596008301
randomGreedy,100,80,40,1969.8,0.09832167625427246
randomGreedy,100,80,41,1856.21,0.09501409530639648
randomGreedy,100,80,42,1868.69,0.09961056709289551
randomGreedy,100,80,43,1876.5,0.101531982421875
randomGreedy,100,80,44,1903.97,0.09454798698425293
randomGreedy,100,80,45,2030.23,0.11756396293640137
randomGreedy,100,80,46,1982.74,0.09864068031311035
randomGreedy,100,80,47,1868.87,0.09438014030456543
randomGreedy,100,80,48,1982.87,0.09484744071960449
randomGreedy,100,80,49,1759.67,0.0952906608581543
randomGreedy,100,80,50,1984.82,0.09486770629882812
randomGreedy,100,80,51,1981.71,0.0968477725982666
randomGreedy,100,80,52,1959.11,0.09905242919921875
randomGreedy,100,80,53,1814.63,0.1051034927368164
randomGreedy,100,80,54,2015.88,0.09599089622497559
randomGreedy,100,80,55,1897.91,0.10807466506958008
randomGreedy,100,80,56,1970.09,0.10426926612854004
randomGreedy,100,80,57,1950.49,0.0954444408416748
randomGreedy,100,80,58,1892.97,0.09613752365112305
randomGreedy,100,80,59,1794.9,0.10189485549926758
randomGreedy,100,80,60,1942.05,0.09995841979980469
randomGreedy,100,80,61,2042.16,0.11111330986022949
randomGreedy,100,80,62,1797.71,0.09546375274658203
randomGreedy,100,80,63,1903.81,0.09457206726074219
randomGreedy,100,80,64,1941.39,0.09613394737243652
randomGreedy,100,80,65,1949.2,0.09225058555603027
randomGreedy,100,80,66,1804.94,0.09202408790588379
randomGreedy,100,80,67,1767.67,0.10265135765075684
randomGreedy,100,80,68,2019.98,0.09601473808288574
randomGreedy,100,80,69,2046.54,0.09519124031066895
randomGreedy,100,80,70,1894.91,0.09438872337341309
randomGreedy,100,80,71,1898.53,0.1000206470489502
randomGreedy,100,80,72,1949.71,0.09901809692382812
randomGreedy,100,80,73,1974.19,0.09419703483581543
randomGreedy,100,80,74,2012.06,0.09907793998718262
randomGreedy,100,80,75,1835.81,0.09978342056274414
randomGreedy,100,80,76,1916.27,0.09907364845275879
randomGreedy,100,80,77,1811.46,0.0963597297668457
randomGreedy,100,80,78,1919.87,0.10067081451416016
randomGreedy,100,80,79,2032.01,0.09924650192260742
randomGreedy,100,80,80,1730.56,0.09641122817993164
randomGreedy,100,80,81,1871.4,0.0963282585144043
randomGreedy,100,80,82,1930.26,0.09622550010681152
randomGreedy,100,80,83,1887.64,0.10463619232177734
randomGreedy,100,80,84,1908.8,0.10686969757080078
randomGreedy,100,80,85,1828.78,0.09732460975646973
randomGreedy,100,80,86,1862.77,0.10030961036682129
randomGreedy,100,80,87,1965.66,0.11410355567932129
randomGreedy,100,80,88,1961.75,0.09972286224365234
randomGreedy,100,80,89,1889.06,0.09820032119750977
randomGreedy,100,80,90,1775.75,0.09331250190734863
randomGreedy,100,80,91,2035.62,0.10365772247314453
randomGreedy,100,80,92,1878.79,0.10192513465881348
randomGreedy,100,80,93,1902.78,0.10211372375488281
randomGreedy,100,80,94,1784.47,0.09228706359863281
randomGreedy,100,80,95,1980.21,0.09871029853820801
randomGreedy,100,80,96,1930.36,0.08988428115844727
randomGreedy,100,80,97,2078.88,0.1004037857055664
randomGreedy,100,80,98,1883.51,0.0999760627746582
randomGreedy,100,80,99,1812.16,0.09407949447631836
randomGreedy,100,90,0,1753.03,0.09343767166137695
randomGreedy,100,90,1,1906.02,0.09894156455993652
randomGreedy,100,90,2,1852.53,0.09883546829223633
randomGreedy,100,90,3,1926.22,0.09282374382019043
randomGreedy,100,90,4,1952.06,0.10143351554870605
randomGreedy,100,90,5,1979.35,0.0932769775390625
randomGreedy,100,90,6,1908.95,0.10575580596923828
randomGreedy,100,90,7,1957.67,0.09420561790466309
randomGreedy,100,90,8,1879.86,0.09797263145446777
randomGreedy,100,90,9,1746.83,0.1005089282989502
randomGreedy,100,90,10,2026.39,0.09643888473510742
randomGreedy,100,90,11,1809.26,0.09683060646057129
randomGreedy,100,90,12,1783.2,0.0962076187133789
randomGreedy,100,90,13,2063.64,0.10854768753051758
randomGreedy,100,90,14,1876.4,0.09968328475952148
randomGreedy,100,90,15,1918.86,0.11349821090698242
randomGreedy,100,90,16,1851.3,0.09620809555053711
randomGreedy,100,90,17,1915.11,0.09815573692321777
randomGreedy,100,90,18,1827.33,0.1086275577545166
randomGreedy,100,90,19,1895.41,0.09393692016601562
randomGreedy,100,90,20,2103.59,0.10751152038574219
randomGreedy,100,90,21,1885.05,0.09754133224487305
randomGreedy,100,90,22,1905.65,0.10104250907897949
randomGreedy,100,90,23,1880.01,0.0968024730682373
randomGreedy,100,90,24,1815.81,0.09897422790527344
randomGreedy,100,90,25,2017.85,0.0955352783203125
randomGreedy,100,90,26,1847.35,0.0988764762878418
randomGreedy,100,90,27,1873.64,0.09850645065307617
randomGreedy,100,90,28,1752.89,0.09151554107666016
randomGreedy,100,90,29,1880.07,0.0995187759399414
randomGreedy,100,90,30,1883.35,0.0978078842163086
randomGreedy,100,90,31,2030.25,0.10266399383544922
randomGreedy,100,90,32,1861.54,0.0924537181854248
randomGreedy,100,90,33,1880.77,0.08803629875183105
randomGreedy,100,90,34,1846.7,0.09886884689331055
randomGreedy,100,90,35,1894.44,0.09916973114013672
randomGreedy,100,90,36,1751.59,0.09474635124206543
randomGreedy,100,90,37,1821.23,0.09652376174926758
randomGreedy,100,90,38,1771.09,0.09395456314086914
randomGreedy,100,90,39,1910.4,0.10093426704406738
randomGreedy,100,90,40,1949.49,0.09847712516784668
randomGreedy,100,90,41,2028.73,0.09874391555786133
randomGreedy,100,90,42,1880.93,0.10130620002746582
randomGreedy,100,90,43,2028.47,0.09402704238891602
randomGreedy,100,90,44,2014.2,0.09500551223754883
randomGreedy,100,90,45,1879.05,0.11572647094726562
randomGreedy,100,90,46,1864.19,0.09299468994140625
randomGreedy,100,90,47,2054.43,0.09650874137878418
randomGreedy,100,90,48,2005.13,0.09498476982116699
randomGreedy,100,90,49,1775.63,0.09498906135559082
randomGreedy,100,90,50,1975.16,0.09494161605834961
randomGreedy,100,90,51,1979.74,0.09719061851501465
randomGreedy,100,90,52,1764.97,0.10120511054992676
randomGreedy,100,90,53,1872.26,0.09810638427734375
randomGreedy,100,90,54,1987.62,0.09454822540283203
randomGreedy,100,90,55,1810.34,0.09745144844055176
randomGreedy,100,90,56,2095.35,0.09961152076721191
randomGreedy,100,90,57,1897.21,0.10052657127380371
randomGreedy,100,90,58,1884.75,0.09428811073303223
randomGreedy,100,90,59,1865.75,0.09043550491333008
randomGreedy,100,90,60,1993.11,0.10094141960144043
randomGreedy,100,90,61,1790.34,0.10153675079345703
randomGreedy,100,90,62,1894.37,0.09460282325744629
randomGreedy,100,90,63,1877.62,0.09825372695922852
randomGreedy,100,90,64,1918.8,0.0960092544555664
randomGreedy,100,90,65,1880.49,0.10141849517822266
randomGreedy,100,90,66,1808.48,0.09533309936523438
randomGreedy,100,90,67,1631.05,0.09662413597106934
randomGreedy,100,90,68,1886.29,0.09531211853027344
randomGreedy,100,90,69,1975.47,0.09303617477416992
randomGreedy,100,90,70,1879.51,0.09387660026550293
randomGreedy,100,90,71,1955.45,0.09880661964416504
randomGreedy,100,90,72,1887.57,0.09822726249694824
randomGreedy,100,90,73,1864.51,0.09286999702453613
randomGreedy,100,90,74,1890.01,0.09634137153625488
randomGreedy,100,90,75,1778.79,0.09937691688537598
randomGreedy,100,90,76,1874.25,0.10083746910095215
randomGreedy,100,90,77,1780.93,0.09586977958679199
randomGreedy,100,90,78,1824.57,0.1008598804473877
randomGreedy,100,90,79,1959.92,0.09296202659606934
randomGreedy,100,90,80,1791.5,0.09385490417480469
randomGreedy,100,90,81,1889.28,0.09904265403747559
randomGreedy,100,90,82,1986.34,0.0949869155883789
randomGreedy,100,90,83,1926.47,0.09401416778564453
randomGreedy,100,90,84,1840.37,0.10629987716674805
randomGreedy,100,90,85,1972.55,0.09925174713134766
randomGreedy,100,90,86,2015.91,0.09861111640930176
randomGreedy,100,90,87,1823.87,0.1134641170501709
randomGreedy,100,90,88,1863.52,0.09754061698913574
randomGreedy,100,90,89,1909.74,0.09866762161254883
randomGreedy,100,90,90,1960.49,0.09703493118286133
randomGreedy,100,90,91,1853.29,0.09992837905883789
randomGreedy,100,90,92,1888.79,0.09733843803405762
randomGreedy,100,90,93,1713.17,0.09755444526672363
randomGreedy,100,90,94,1891.27,0.0969088077545166
randomGreedy,100,90,95,2073.07,0.09977960586547852
randomGreedy,100,90,96,1866.2,0.09371590614318848
randomGreedy,100,90,97,1849.26,0.09853720664978027
randomGreedy,100,90,98,1780.08,0.09964108467102051
randomGreedy,100,90,99,1955.14,0.10195279121398926
randomGreedy,100,100,0,1769.71,0.10772848129272461
randomGreedy,100,100,1,2009.69,0.10124349594116211
randomGreedy,100,100,2,1991.64,0.09565067291259766
randomGreedy,100,100,3,1802.9,0.0907735824584961
randomGreedy,100,100,4,1983.7,0.09803318977355957
randomGreedy,100,100,5,1964.77,0.10471916198730469
randomGreedy,100,100,6,1918.2,0.10645055770874023
randomGreedy,100,100,7,1914.77,0.09866213798522949
randomGreedy,100,100,8,1790.95,0.0972433090209961
randomGreedy,100,100,9,1918.84,0.10155391693115234
randomGreedy,100,100,10,2053.27,0.09714102745056152
randomGreedy,100,100,11,1907.09,0.09753012657165527
randomGreedy,100,100,12,1830.19,0.09699773788452148
randomGreedy,100,100,13,1987.61,0.10007739067077637
randomGreedy,100,100,14,1898.29,0.09762787818908691
randomGreedy,100,100,15,1795.02,0.10630011558532715
randomGreedy,100,100,16,1960.09,0.09066939353942871
randomGreedy,100,100,17,1914.65,0.10188531875610352
randomGreedy,100,100,18,1906.47,0.09435439109802246
randomGreedy,100,100,19,1854.75,0.09778380393981934
randomGreedy,100,100,20,2009.76,0.10071945190429688
randomGreedy,100,100,21,1763.96,0.09403443336486816
randomGreedy,100,100,22,2005.42,0.09759283065795898
randomGreedy,100,100,23,2091.71,0.1024925708770752
randomGreedy,100,100,24,1965.22,0.10238432884216309
randomGreedy,100,100,25,1882.49,0.10494637489318848
randomGreedy,100,100,26,2041.35,0.09814834594726562
randomGreedy,100,100,27,1879.44,0.09522700309753418
randomGreedy,100,100,28,1785.14,0.10325002670288086
randomGreedy,100,100,29,1810.92,0.09164619445800781
randomGreedy,100,100,30,1846.77,0.09488677978515625
randomGreedy,100,100,31,1926.8,0.09279251098632812
randomGreedy,100,100,32,1945.83,0.09192872047424316
randomGreedy,100,100,33,1860.01,0.09573888778686523
randomGreedy,100,100,34,1902.17,0.10058736801147461
randomGreedy,100,100,35,1974.16,0.09734797477722168
randomGreedy,100,100,36,1820.76,0.10572075843811035
randomGreedy,100,100,37,1803.14,0.0954751968383789
randomGreedy,100,100,38,1971.38,0.10262608528137207
randomGreedy,100,100,39,1900.62,0.09627461433410645
randomGreedy,100,100,40,1739.86,0.09965872764587402
randomGreedy,100,100,41,2079.77,0.09608221054077148
randomGreedy,100,100,42,1793.41,0.09913086891174316
randomGreedy,100,100,43,1825.06,0.09442615509033203
randomGreedy,100,100,44,1942.21,0.09508275985717773
randomGreedy,100,100,45,1996.09,0.11327719688415527
randomGreedy,100,100,46,1916.43,0.09243345260620117
randomGreedy,100,100,47,1886.22,0.09462475776672363
randomGreedy,100,100,48,1853.71,0.09679102897644043
randomGreedy,100,100,49,1698.92,0.09559917449951172
randomGreedy,100,100,50,1924.88,0.10415840148925781
randomGreedy,100,100,51,1959.25,0.09884381294250488
randomGreedy,100,100,52,1917.18,0.10083270072937012
randomGreedy,100,100,53,1760.87,0.10771703720092773
randomGreedy,100,100,54,2124.65,0.09540510177612305
randomGreedy,100,100,55,1859.87,0.09566092491149902
randomGreedy,100,100,56,1948.07,0.09926223754882812
randomGreedy,100,100,57,1848.96,0.09350943565368652
randomGreedy,100,100,58,1969.01,0.09401321411132812
randomGreedy,100,100,59,1937.89,0.09194421768188477
randomGreedy,100,100,60,1947.12,0.10392332077026367
randomGreedy,100,100,61,2033.44,0.0948493480682373
randomGreedy,100,100,62,1767.41,0.09213614463806152
randomGreedy,100,100,63,1891.22,0.09478449821472168
randomGreedy,100,100,64,1920.61,0.09792876243591309
randomGreedy,100,100,65,1922.21,0.10627484321594238
randomGreedy,100,100,66,1950.05,0.09344768524169922
randomGreedy,100,100,67,1692.26,0.09869098663330078
randomGreedy,100,100,68,1947.85,0.09871697425842285
randomGreedy,100,100,69,2027.04,0.09423828125
randomGreedy,100,100,70,1849.22,0.09852123260498047
randomGreedy,100,100,71,1847.05,0.09634923934936523
randomGreedy,100,100,72,1951.39,0.09449648857116699
randomGreedy,100,100,73,1777.01,0.11045002937316895
randomGreedy,100,100,74,1850.82,0.09734320640563965
randomGreedy,100,100,75,1744.4,0.09404158592224121
randomGreedy,100,100,76,1799.2,0.09465646743774414
randomGreedy,100,100,77,1678.65,0.09830451011657715
randomGreedy,100,100,78,1826.03,0.10248303413391113
randomGreedy,100,100,79,1936.53,0.09615182876586914
randomGreedy,100,100,80,1874.86,0.09488749504089355
randomGreedy,100,100,81,1908.46,0.10026240348815918
randomGreedy,100,100,82,1939.27,0.09392094612121582
randomGreedy,100,100,83,1899.16,0.09540319442749023
randomGreedy,100,100,84,1948.48,0.09742307662963867
randomGreedy,100,100,85,1996.05,0.09464597702026367
randomGreedy,100,100,86,1762.3,0.09692120552062988
randomGreedy,100,100,87,2016.25,0.10863804817199707
randomGreedy,100,100,88,1780.86,0.10044670104980469
randomGreedy,100,100,89,1841.87,0.09861016273498535
randomGreedy,100,100,90,1855.81,0.09604215621948242
randomGreedy,100,100,91,1888.73,0.09944605827331543
randomGreedy,100,100,92,1827.11,0.09930610656738281
randomGreedy,100,100,93,1729.92,0.09728622436523438
randomGreedy,100,100,94,1940.84,0.09566020965576172
randomGreedy,100,100,95,1899.05,0.10117316246032715
randomGreedy,100,100,96,1848.66,0.10755634307861328
randomGreedy,100,100,97,1991.33,0.10042119026184082
randomGreedy,100,100,98,1837.47,0.0995643138885498
randomGreedy,100,100,99,2086.06,0.09985589981079102
randomGreedy,300,0,0,4991.56,0.16399216651916504
randomGreedy,300,0,1,5257.88,0.16437363624572754
randomGreedy,300,0,2,5111.91,0.16014695167541504
randomGreedy,300,0,3,5185.03,0.16276335716247559
randomGreedy,300,0,4,5468.28,0.15553545951843262
randomGreedy,300,0,5,5344.58,0.16909313201904297
randomGreedy,300,0,6,5342.46,0.1632547378540039
randomGreedy,300,0,7,5232.54,0.1616053581237793
randomGreedy,300,0,8,5054.69,0.1653745174407959
randomGreedy,300,0,9,5245.76,0.15560650825500488
randomGreedy,300,0,10,5472.49,0.15894246101379395
randomGreedy,300,0,11,5164.12,0.15829849243164062
randomGreedy,300,0,12,5225.2,0.1581592559814453
randomGreedy,300,0,13,5333.73,0.16762733459472656
randomGreedy,300,0,14,5418.58,0.15804481506347656
randomGreedy,300,0,15,5073.17,0.1450667381286621
randomGreedy,300,0,16,5304.87,0.1520085334777832
randomGreedy,300,0,17,5257.93,0.14543366432189941
randomGreedy,300,0,18,5177.5,0.1503586769104004
randomGreedy,300,0,19,5190.58,0.1575462818145752
randomGreedy,300,0,20,5258.76,0.14496588706970215
randomGreedy,300,0,21,5510.72,0.16619610786437988
randomGreedy,300,0,22,5188.52,0.16384673118591309
randomGreedy,300,0,23,5177.53,0.16068649291992188
randomGreedy,300,0,24,5292.41,0.15952157974243164
randomGreedy,300,0,25,5418.57,0.17200684547424316
randomGreedy,300,0,26,5457.35,0.1583995819091797
randomGreedy,300,0,27,5352.54,0.14771413803100586
randomGreedy,300,0,28,5170.72,0.16762709617614746
randomGreedy,300,0,29,5213.83,0.1576240062713623
randomGreedy,300,0,30,5363.15,0.14470624923706055
randomGreedy,300,0,31,5353.89,0.1687479019165039
randomGreedy,300,0,32,5303.22,0.16463112831115723
randomGreedy,300,0,33,5127.74,0.1736619472503662
randomGreedy,300,0,34,5289.42,0.14488554000854492
randomGreedy,300,0,35,5195.82,0.14792132377624512
randomGreedy,300,0,36,5395.24,0.15372252464294434
randomGreedy,300,0,37,5289.77,0.16501212120056152
randomGreedy,300,0,38,5262.86,0.1557328701019287
randomGreedy,300,0,39,5431.07,0.15980315208435059
randomGreedy,300,0,40,5167.41,0.15878582000732422
randomGreedy,300,0,41,5446.97,0.1799178123474121
randomGreedy,300,0,42,5228.12,0.15195465087890625
randomGreedy,300,0,43,5420.17,0.1693716049194336
randomGreedy,300,0,44,5277.57,0.15909671783447266
randomGreedy,300,0,45,5204.16,0.16514301300048828
randomGreedy,300,0,46,5054.17,0.16225528717041016
randomGreedy,300,0,47,5438.44,0.16742634773254395
randomGreedy,300,0,48,5103.19,0.16821074485778809
randomGreedy,300,0,49,5201.2,0.16994976997375488
randomGreedy,300,0,50,5503.79,0.15993475914001465
randomGreedy,300,0,51,5479.54,0.16937923431396484
randomGreedy,300,0,52,5168.64,0.1636664867401123
randomGreedy,300,0,53,5283.49,0.15260815620422363
randomGreedy,300,0,54,5194.59,0.1638805866241455
randomGreedy,300,0,55,5223.18,0.16474103927612305
randomGreedy,300,0,56,5285.09,0.16310906410217285
randomGreedy,300,0,57,5326.92,0.16180658340454102
randomGreedy,300,0,58,5124.85,0.15970301628112793
randomGreedy,300,0,59,5357.56,0.1643373966217041
randomGreedy,300,0,60,5319.72,0.16155362129211426
randomGreedy,300,0,61,5294.01,0.16288065910339355
randomGreedy,300,0,62,5115.13,0.15684103965759277
randomGreedy,300,0,63,5298.01,0.16880536079406738
randomGreedy,300,0,64,5307.84,0.1639866828918457
randomGreedy,300,0,65,5286.55,0.16200733184814453
randomGreedy,300,0,66,5163.41,0.15727925300598145
randomGreedy,300,0,67,5017.21,0.1578810214996338
randomGreedy,300,0,68,5440.33,0.1589195728302002
randomGreedy,300,0,69,5397.39,0.15933728218078613
randomGreedy,300,0,70,5343.93,0.1724071502685547
randomGreedy,300,0,71,5038.94,0.14300966262817383
randomGreedy,300,0,72,5205.26,0.15575075149536133
randomGreedy,300,0,73,5233.56,0.16344308853149414
randomGreedy,300,0,74,5483.56,0.16330671310424805
randomGreedy,300,0,75,5212.03,0.1595020294189453
randomGreedy,300,0,76,5253.2,0.16715407371520996
randomGreedy,300,0,77,5055.11,0.16354751586914062
randomGreedy,300,0,78,5390.18,0.1589970588684082
randomGreedy,300,0,79,5558.45,0.1693408489227295
randomGreedy,300,0,80,5337.76,0.1595439910888672
randomGreedy,300,0,81,5359.52,0.15779638290405273
randomGreedy,300,0,82,5312.99,0.16620683670043945
randomGreedy,300,0,83,5138.62,0.16587305068969727
randomGreedy,300,0,84,5201.15,0.15863418579101562
randomGreedy,300,0,85,5156.27,0.14849185943603516
randomGreedy,300,0,86,5188.92,0.15241718292236328
randomGreedy,300,0,87,5258.94,0.1516098976135254
randomGreedy,300,0,88,5344.27,0.16262483596801758
randomGreedy,300,0,89,5345.21,0.16882658004760742
randomGreedy,300,0,90,5291.32,0.1703493595123291
randomGreedy,300,0,91,5467.96,0.16286325454711914
randomGreedy,300,0,92,5247.12,0.15865111351013184
randomGreedy,300,0,93,5329.3,0.17508912086486816
randomGreedy,300,0,94,5269.11,0.14904999732971191
randomGreedy,300,0,95,5227.79,0.16224002838134766
randomGreedy,300,0,96,5165.04,0.16250133514404297
randomGreedy,300,0,97,5388.4,0.15640020370483398
randomGreedy,300,0,98,5188.46,0.15405750274658203
randomGreedy,300,0,99,5363.95,0.14529204368591309
randomGreedy,300,10,0,5060.94,0.15695667266845703
randomGreedy,300,10,1,5124.19,0.14937400817871094
randomGreedy,300,10,2,5300.83,0.16591691970825195
randomGreedy,300,10,3,5270.66,0.17477750778198242
randomGreedy,300,10,4,5585.52,0.15311980247497559
randomGreedy,300,10,5,5463.79,0.17241287231445312
randomGreedy,300,10,6,5341.42,0.16536283493041992
randomGreedy,300,10,7,5149.9,0.1651597023010254
randomGreedy,300,10,8,5023.81,0.16423606872558594
randomGreedy,300,10,9,5190.8,0.1552903652191162
randomGreedy,300,10,10,5406.94,0.15453028678894043
randomGreedy,300,10,11,5295.42,0.15924286842346191
randomGreedy,300,10,12,5412.72,0.14578700065612793
randomGreedy,300,10,13,5332.91,0.15343213081359863
randomGreedy,300,10,14,5329.29,0.17341971397399902
randomGreedy,300,10,15,5217.05,0.14755654335021973
randomGreedy,300,10,16,5170.64,0.16919326782226562
randomGreedy,300,10,17,5242.76,0.1665511131286621
randomGreedy,300,10,18,5085.55,0.1670851707458496
randomGreedy,300,10,19,5319.4,0.1624138355255127
randomGreedy,300,10,20,5249.65,0.14698457717895508
randomGreedy,300,10,21,5403.71,0.16211771965026855
randomGreedy,300,10,22,5264.27,0.16618824005126953
randomGreedy,300,10,23,5132.06,0.1726675033569336
randomGreedy,300,10,24,5304.87,0.16079235076904297
randomGreedy,300,10,25,5188.87,0.17403912544250488
randomGreedy,300,10,26,5419.76,0.15977859497070312
randomGreedy,300,10,27,5329.79,0.15610885620117188
randomGreedy,300,10,28,5141.54,0.1667158603668213
randomGreedy,300,10,29,5306.44,0.16770577430725098
randomGreedy,300,10,30,5261.23,0.14586687088012695
randomGreedy,300,10,31,5365.33,0.16607666015625
randomGreedy,300,10,32,5276.49,0.16587162017822266
randomGreedy,300,10,33,5208.85,0.15797734260559082
randomGreedy,300,10,34,5342.93,0.15164875984191895
randomGreedy,300,10,35,5193.41,0.1709308624267578
randomGreedy,300,10,36,5381.49,0.15518689155578613
randomGreedy,300,10,37,5292.78,0.17122936248779297
randomGreedy,300,10,38,5276.74,0.1431739330291748
randomGreedy,300,10,39,5419.35,0.15870022773742676
randomGreedy,300,10,40,5166.49,0.16925454139709473
randomGreedy,300,10,41,5338.05,0.17171406745910645
randomGreedy,300,10,42,5315.48,0.1443779468536377
randomGreedy,300,10,43,5420.61,0.1599125862121582
randomGreedy,300,10,44,5242.04,0.16118097305297852
randomGreedy,300,10,45,5308.76,0.16216540336608887
randomGreedy,300,10,46,5242.26,0.16406774520874023
randomGreedy,300,10,47,5359.39,0.16785621643066406
randomGreedy,300,10,48,5015.66,0.16453075408935547
randomGreedy,300,10,49,5235.73,0.16904711723327637
randomGreedy,300,10,50,5457.11,0.16085433959960938
randomGreedy,300,10,51,5214.96,0.16761255264282227
randomGreedy,300,10,52,5097.77,0.16936874389648438
randomGreedy,300,10,53,5171.71,0.15328526496887207
randomGreedy,300,10,54,5255.63,0.16208839416503906
randomGreedy,300,10,55,5276.29,0.16410183906555176
randomGreedy,300,10,56,5451.59,0.17311859130859375
randomGreedy,300,10,57,5131.57,0.1614687442779541
randomGreedy,300,10,58,4982.14,0.15211749076843262
randomGreedy,300,10,59,5251.33,0.158613920211792
randomGreedy,300,10,60,5284.06,0.15834259986877441
randomGreedy,300,10,61,5358.41,0.16417813301086426
randomGreedy,300,10,62,5155.64,0.15740513801574707
randomGreedy,300,10,63,5189.24,0.16179394721984863
randomGreedy,300,10,64,5208.58,0.16468000411987305
randomGreedy,300,10,65,5411.53,0.16106057167053223
randomGreedy,300,10,66,5185.99,0.15644240379333496
randomGreedy,300,10,67,5011.1,0.1580028533935547
randomGreedy,300,10,68,5342.57,0.15735960006713867
randomGreedy,300,10,69,5443.45,0.16263318061828613
randomGreedy,300,10,70,5267.34,0.15630674362182617
randomGreedy,300,10,71,5153.06,0.14783120155334473
randomGreedy,300,10,72,5462.89,0.1634845733642578
randomGreedy,300,10,73,5209.1,0.15912151336669922
randomGreedy,300,10,74,5277.83,0.16042470932006836
randomGreedy,300,10,75,5194.61,0.1642601490020752
randomGreedy,300,10,76,5237.79,0.16312766075134277
randomGreedy,300,10,77,5169.99,0.15819644927978516
randomGreedy,300,10,78,5424.74,0.1687297821044922
randomGreedy,300,10,79,5336.52,0.16739416122436523
randomGreedy,300,10,80,5379.73,0.1615619659423828
randomGreedy,300,10,81,5323.89,0.15109562873840332
randomGreedy,300,10,82,5296.45,0.1676197052001953
randomGreedy,300,10,83,5281.04,0.15532350540161133
randomGreedy,300,10,84,5222.24,0.15766477584838867
randomGreedy,300,10,85,5191.16,0.1488022804260254
randomGreedy,300,10,86,5220.22,0.16153907775878906
randomGreedy,300,10,87,5365.07,0.15016603469848633
randomGreedy,300,10,88,5324.63,0.1570289134979248
randomGreedy,300,10,89,5421.88,0.167677640914917
randomGreedy,300,10,90,5213.2,0.16947221755981445
randomGreedy,300,10,91,5296.28,0.16690778732299805
randomGreedy,300,10,92,5472.18,0.16875195503234863
randomGreedy,300,10,93,5111.17,0.16538095474243164
randomGreedy,300,10,94,5147.02,0.14812517166137695
randomGreedy,300,10,95,5316.08,0.14521431922912598
randomGreedy,300,10,96,5181.96,0.15955638885498047
randomGreedy,300,10,97,5429.73,0.1578361988067627
randomGreedy,300,10,98,5065.77,0.15105128288269043
randomGreedy,300,10,99,5371.23,0.15510892868041992
randomGreedy,300,20,0,5034.54,0.15959692001342773
randomGreedy,300,20,1,5119.21,0.14930510520935059
randomGreedy,300,20,2,5095.61,0.16097331047058105
randomGreedy,300,20,3,5257.86,0.1616988182067871
randomGreedy,300,20,4,5656.97,0.15376853942871094
randomGreedy,300,20,5,5491.37,0.1635591983795166
randomGreedy,300,20,6,5212.42,0.1646714210510254
randomGreedy,300,20,7,5199.08,0.17351889610290527
randomGreedy,300,20,8,5004.97,0.1634807586669922
randomGreedy,300,20,9,5216.11,0.15158295631408691
randomGreedy,300,20,10,5423.96,0.1539006233215332
randomGreedy,300,20,11,5261.2,0.1600027084350586
randomGreedy,300,20,12,5249.44,0.14224886894226074
randomGreedy,300,20,13,5354.36,0.15266633033752441
randomGreedy,300,20,14,5362.06,0.16764235496520996
randomGreedy,300,20,15,5284.93,0.14843964576721191
randomGreedy,300,20,16,5198.24,0.16705799102783203
randomGreedy,300,20,17,5298.84,0.1653449535369873
randomGreedy,300,20,18,5179.49,0.17018866539001465
randomGreedy,300,20,19,5315.53,0.15660381317138672
randomGreedy,300,20,20,5386.61,0.14876103401184082
randomGreedy,300,20,21,5419.84,0.1583704948425293
randomGreedy,300,20,22,5190.2,0.16521525382995605
randomGreedy,300,20,23,5225.35,0.1793513298034668
randomGreedy,300,20,24,5106.59,0.16033363342285156
randomGreedy,300,20,25,5367.99,0.18337297439575195
randomGreedy,300,20,26,5285.8,0.15554428100585938
randomGreedy,300,20,27,5124.85,0.15731310844421387
randomGreedy,300,20,28,5086.03,0.1748647689819336
randomGreedy,300,20,29,5244.89,0.1639692783355713
randomGreedy,300,20,30,5358.0,0.14414691925048828
randomGreedy,300,20,31,5420.81,0.15988421440124512
randomGreedy,300,20,32,5260.2,0.16669154167175293
randomGreedy,300,20,33,5282.6,0.16533660888671875
randomGreedy,300,20,34,5252.19,0.15196585655212402
randomGreedy,300,20,35,5137.94,0.16363930702209473
randomGreedy,300,20,36,5301.94,0.1567671298980713
randomGreedy,300,20,37,5570.3,0.16975831985473633
randomGreedy,300,20,38,5085.49,0.1458740234375
randomGreedy,300,20,39,5501.28,0.1619875431060791
randomGreedy,300,20,40,5155.88,0.1595144271850586
randomGreedy,300,20,41,5369.1,0.17304015159606934
randomGreedy,300,20,42,5174.56,0.1514904499053955
randomGreedy,300,20,43,5244.13,0.15155959129333496
randomGreedy,300,20,44,5275.46,0.1595313549041748
randomGreedy,300,20,45,5369.82,0.15710067749023438
randomGreedy,300,20,46,5219.93,0.16181111335754395
randomGreedy,300,20,47,5320.56,0.1721959114074707
randomGreedy,300,20,48,5299.4,0.17171168327331543
randomGreedy,300,20,49,5220.01,0.16768670082092285
randomGreedy,300,20,50,5509.95,0.16430115699768066
randomGreedy,300,20,51,5458.88,0.16788744926452637
randomGreedy,300,20,52,4992.95,0.1647353172302246
randomGreedy,300,20,53,5091.06,0.15189051628112793
randomGreedy,300,20,54,5438.6,0.15802454948425293
randomGreedy,300,20,55,5175.21,0.16388726234436035
randomGreedy,300,20,56,5384.81,0.1597576141357422
randomGreedy,300,20,57,5343.28,0.15486860275268555
randomGreedy,300,20,58,5205.94,0.1605980396270752
randomGreedy,300,20,59,5193.39,0.1465466022491455
randomGreedy,300,20,60,5278.73,0.1587839126586914
randomGreedy,300,20,61,5356.1,0.16816306114196777
randomGreedy,300,20,62,5167.48,0.15730881690979004
randomGreedy,300,20,63,5261.24,0.16200971603393555
randomGreedy,300,20,64,5360.21,0.16092467308044434
randomGreedy,300,20,65,5177.14,0.1596231460571289
randomGreedy,300,20,66,5174.67,0.15917134284973145
randomGreedy,300,20,67,5094.48,0.15624070167541504
randomGreedy,300,20,68,5653.29,0.160003662109375
randomGreedy,300,20,69,5251.82,0.16098523139953613
randomGreedy,300,20,70,5241.76,0.15932917594909668
randomGreedy,300,20,71,4996.76,0.14862680435180664
randomGreedy,300,20,72,5246.96,0.160261869430542
randomGreedy,300,20,73,5290.36,0.16443753242492676
randomGreedy,300,20,74,5274.84,0.1587214469909668
randomGreedy,300,20,75,5210.94,0.16086840629577637
randomGreedy,300,20,76,5387.29,0.15849065780639648
randomGreedy,300,20,77,5097.07,0.15576553344726562
randomGreedy,300,20,78,5440.34,0.17161774635314941
randomGreedy,300,20,79,5355.34,0.16836190223693848
randomGreedy,300,20,80,5474.15,0.161834716796875
randomGreedy,300,20,81,5380.78,0.14630603790283203
randomGreedy,300,20,82,5181.01,0.16695451736450195
randomGreedy,300,20,83,5358.31,0.17283320426940918
randomGreedy,300,20,84,5211.08,0.16252875328063965
randomGreedy,300,20,85,5253.91,0.14958548545837402
randomGreedy,300,20,86,5048.13,0.152940034866333
randomGreedy,300,20,87,5231.57,0.1508641242980957
randomGreedy,300,20,88,5338.99,0.1814284324645996
randomGreedy,300,20,89,5302.33,0.16695308685302734
randomGreedy,300,20,90,5153.87,0.17033028602600098
randomGreedy,300,20,91,5387.62,0.16336274147033691
randomGreedy,300,20,92,5331.66,0.15958786010742188
randomGreedy,300,20,93,5243.99,0.16136622428894043
randomGreedy,300,20,94,5161.54,0.14998865127563477
randomGreedy,300,20,95,5229.51,0.14811253547668457
randomGreedy,300,20,96,5219.24,0.15917587280273438
randomGreedy,300,20,97,5435.65,0.16788840293884277
randomGreedy,300,20,98,5309.11,0.15962505340576172
randomGreedy,300,20,99,5332.05,0.14667081832885742
randomGreedy,300,30,0,5066.98,0.17460203170776367
randomGreedy,300,30,1,5142.01,0.14901328086853027
randomGreedy,300,30,2,4997.65,0.15691876411437988
randomGreedy,300,30,3,5170.19,0.16865110397338867
randomGreedy,300,30,4,5415.3,0.15360021591186523
randomGreedy,300,30,5,5310.74,0.15620136260986328
randomGreedy,300,30,6,5304.46,0.16291451454162598
randomGreedy,300,30,7,5163.52,0.16856765747070312
randomGreedy,300,30,8,5174.79,0.16106963157653809
randomGreedy,300,30,9,5180.97,0.15476083755493164
randomGreedy,300,30,10,5531.93,0.15578103065490723
randomGreedy,300,30,11,5347.22,0.15808415412902832
randomGreedy,300,30,12,5307.16,0.1542949676513672
randomGreedy,300,30,13,5409.66,0.15266919136047363
randomGreedy,300,30,14,5292.87,0.16469264030456543
randomGreedy,300,30,15,5113.26,0.15472674369812012
randomGreedy,300,30,16,5222.43,0.16680479049682617
randomGreedy,300,30,17,5249.41,0.1642913818359375
randomGreedy,300,30,18,5148.78,0.16224098205566406
randomGreedy,300,30,19,5312.37,0.1594240665435791
randomGreedy,300,30,20,5286.8,0.15923285484313965
randomGreedy,300,30,21,5388.73,0.15364456176757812
randomGreedy,300,30,22,5138.12,0.16631627082824707
randomGreedy,300,30,23,5140.3,0.16929149627685547
randomGreedy,300,30,24,5258.21,0.16456341743469238
randomGreedy,300,30,25,5109.91,0.16867709159851074
randomGreedy,300,30,26,5540.37,0.15931963920593262
randomGreedy,300,30,27,5160.73,0.15616559982299805
randomGreedy,300,30,28,5082.48,0.1640946865081787
randomGreedy,300,30,29,5356.55,0.16519808769226074
randomGreedy,300,30,30,5330.93,0.14384746551513672
randomGreedy,300,30,31,5386.72,0.16103172302246094
randomGreedy,300,30,32,5204.39,0.16689038276672363
randomGreedy,300,30,33,5165.03,0.16692733764648438
randomGreedy,300,30,34,5265.33,0.15378332138061523
randomGreedy,300,30,35,5278.85,0.16342592239379883
randomGreedy,300,30,36,5373.84,0.15793800354003906
randomGreedy,300,30,37,5421.29,0.16240334510803223
randomGreedy,300,30,38,5309.61,0.14388585090637207
randomGreedy,300,30,39,5325.8,0.16133546829223633
randomGreedy,300,30,40,5348.87,0.15728449821472168
randomGreedy,300,30,41,5439.4,0.18271541595458984
randomGreedy,300,30,42,5119.27,0.14395737648010254
randomGreedy,300,30,43,5321.73,0.15873122215270996
randomGreedy,300,30,44,5346.0,0.15757274627685547
randomGreedy,300,30,45,5401.46,0.16267871856689453
randomGreedy,300,30,46,5210.34,0.1653134822845459
randomGreedy,300,30,47,5432.64,0.16946148872375488
randomGreedy,300,30,48,5048.05,0.16511154174804688
randomGreedy,300,30,49,5194.3,0.17128992080688477
randomGreedy,300,30,50,5536.51,0.15961098670959473
randomGreedy,300,30,51,5346.31,0.17668557167053223
randomGreedy,300,30,52,5111.75,0.16365981101989746
randomGreedy,300,30,53,5024.9,0.15938854217529297
randomGreedy,300,30,54,5444.41,0.15630531311035156
randomGreedy,300,30,55,5261.86,0.16210293769836426
randomGreedy,300,30,56,5320.3,0.155256986618042
randomGreedy,300,30,57,5281.26,0.16126227378845215
randomGreedy,300,30,58,5286.35,0.14670968055725098
randomGreedy,300,30,59,5302.04,0.16001176834106445
randomGreedy,300,30,60,5370.3,0.15895724296569824
randomGreedy,300,30,61,5279.28,0.14772748947143555
randomGreedy,300,30,62,5106.43,0.1566939353942871
randomGreedy,300,30,63,5392.89,0.16209793090820312
randomGreedy,300,30,64,5399.36,0.16284704208374023
randomGreedy,300,30,65,5420.14,0.16077017784118652
randomGreedy,300,30,66,5173.21,0.1569831371307373
randomGreedy,300,30,67,5063.49,0.16525864601135254
randomGreedy,300,30,68,5402.74,0.15820956230163574
randomGreedy,300,30,69,5328.13,0.16000676155090332
randomGreedy,300,30,70,5319.29,0.16480040550231934
randomGreedy,300,30,71,5302.71,0.14923858642578125
randomGreedy,300,30,72,5549.36,0.16301250457763672
randomGreedy,300,30,73,5317.96,0.16136908531188965
randomGreedy,300,30,74,5195.65,0.15993165969848633
randomGreedy,300,30,75,5103.8,0.15926194190979004
randomGreedy,300,30,76,5215.25,0.16329169273376465
randomGreedy,300,30,77,5010.39,0.1627492904663086
randomGreedy,300,30,78,5370.24,0.1680290699005127
randomGreedy,300,30,79,5383.31,0.16642999649047852
randomGreedy,300,30,80,5294.19,0.16220498085021973
randomGreedy,300,30,81,5302.51,0.14714598655700684
randomGreedy,300,30,82,5220.2,0.17351055145263672
randomGreedy,300,30,83,5254.87,0.15975618362426758
randomGreedy,300,30,84,5276.94,0.15712523460388184
randomGreedy,300,30,85,5089.51,0.1490769386291504
randomGreedy,300,30,86,5329.57,0.1653144359588623
randomGreedy,300,30,87,5411.03,0.15154170989990234
randomGreedy,300,30,88,5255.26,0.1560049057006836
randomGreedy,300,30,89,5276.07,0.16529369354248047
randomGreedy,300,30,90,5210.63,0.17944812774658203
randomGreedy,300,30,91,5361.87,0.16255712509155273
randomGreedy,300,30,92,5395.0,0.16898536682128906
randomGreedy,300,30,93,5124.16,0.1595752239227295
randomGreedy,300,30,94,4941.73,0.1466059684753418
randomGreedy,300,30,95,5244.97,0.15129303932189941
randomGreedy,300,30,96,5318.42,0.15894818305969238
randomGreedy,300,30,97,5361.4,0.15506505966186523
randomGreedy,300,30,98,5205.39,0.15558075904846191
randomGreedy,300,30,99,5388.2,0.14882802963256836
randomGreedy,300,40,0,5200.47,0.14853835105895996
randomGreedy,300,40,1,5366.91,0.14961886405944824
randomGreedy,300,40,2,5073.92,0.16317081451416016
randomGreedy,300,40,3,5190.24,0.16302847862243652
randomGreedy,300,40,4,5479.07,0.15477252006530762
randomGreedy,300,40,5,5508.23,0.1651763916015625
randomGreedy,300,40,6,5292.45,0.16351675987243652
randomGreedy,300,40,7,5225.58,0.17028355598449707
randomGreedy,300,40,8,5205.11,0.16645336151123047
randomGreedy,300,40,9,5180.01,0.15132546424865723
randomGreedy,300,40,10,5524.97,0.1529521942138672
randomGreedy,300,40,11,5270.31,0.15952515602111816
randomGreedy,300,40,12,5245.87,0.14621686935424805
randomGreedy,300,40,13,5374.73,0.15309691429138184
randomGreedy,300,40,14,5240.15,0.16674423217773438
randomGreedy,300,40,15,5113.57,0.14522552490234375
randomGreedy,300,40,16,5183.83,0.16893219947814941
randomGreedy,300,40,17,5290.2,0.1719522476196289
randomGreedy,300,40,18,5115.24,0.16264915466308594
randomGreedy,300,40,19,5301.44,0.15904593467712402
randomGreedy,300,40,20,5394.7,0.14899253845214844
randomGreedy,300,40,21,5403.06,0.1553514003753662
randomGreedy,300,40,22,5126.98,0.15959954261779785
randomGreedy,300,40,23,5221.52,0.1714780330657959
randomGreedy,300,40,24,5212.58,0.16080570220947266
randomGreedy,300,40,25,5229.3,0.1693875789642334
randomGreedy,300,40,26,5326.74,0.1581284999847412
randomGreedy,300,40,27,5106.68,0.16951727867126465
randomGreedy,300,40,28,5198.63,0.16490864753723145
randomGreedy,300,40,29,5309.3,0.17308664321899414
randomGreedy,300,40,30,5386.48,0.144942045211792
randomGreedy,300,40,31,5285.57,0.1608128547668457
randomGreedy,300,40,32,5127.15,0.16384267807006836
randomGreedy,300,40,33,5174.33,0.16619157791137695
randomGreedy,300,40,34,5316.93,0.15174508094787598
randomGreedy,300,40,35,5209.26,0.1650984287261963
randomGreedy,300,40,36,5386.73,0.15749835968017578
randomGreedy,300,40,37,5260.78,0.16358113288879395
randomGreedy,300,40,38,5168.62,0.14265799522399902
randomGreedy,300,40,39,5342.47,0.16455364227294922
randomGreedy,300,40,40,5209.27,0.15923047065734863
randomGreedy,300,40,41,5412.77,0.17834067344665527
randomGreedy,300,40,42,5262.62,0.14522528648376465
randomGreedy,300,40,43,5345.8,0.1606309413909912
randomGreedy,300,40,44,5397.59,0.1562633514404297
randomGreedy,300,40,45,5462.61,0.16414713859558105
randomGreedy,300,40,46,5061.29,0.16984844207763672
randomGreedy,300,40,47,5308.88,0.16666507720947266
randomGreedy,300,40,48,5149.81,0.16629576683044434
randomGreedy,300,40,49,5311.49,0.1501142978668213
randomGreedy,300,40,50,5541.87,0.15926027297973633
randomGreedy,300,40,51,5250.94,0.15841960906982422
randomGreedy,300,40,52,5207.78,0.16263747215270996
randomGreedy,300,40,53,5156.86,0.15700864791870117
randomGreedy,300,40,54,5275.21,0.15354585647583008
randomGreedy,300,40,55,5216.6,0.1585559844970703
randomGreedy,300,40,56,5325.41,0.15700531005859375
randomGreedy,300,40,57,5331.59,0.16151928901672363
randomGreedy,300,40,58,5099.44,0.1591625213623047
randomGreedy,300,40,59,5322.13,0.15917444229125977
randomGreedy,300,40,60,5423.14,0.15910673141479492
randomGreedy,300,40,61,5246.8,0.1634359359741211
randomGreedy,300,40,62,5082.61,0.15683650970458984
randomGreedy,300,40,63,5225.11,0.15239620208740234
randomGreedy,300,40,64,5417.8,0.16502809524536133
randomGreedy,300,40,65,5292.86,0.15888500213623047
randomGreedy,300,40,66,5384.3,0.1603238582611084
randomGreedy,300,40,67,5044.36,0.15699195861816406
randomGreedy,300,40,68,5313.33,0.1544661521911621
randomGreedy,300,40,69,5411.89,0.16094589233398438
randomGreedy,300,40,70,5158.33,0.15660881996154785
randomGreedy,300,40,71,5046.87,0.1483144760131836
randomGreedy,300,40,72,5351.53,0.15905976295471191
randomGreedy,300,40,73,5245.36,0.16045808792114258
randomGreedy,300,40,74,5239.24,0.16176223754882812
randomGreedy,300,40,75,5148.89,0.15998315811157227
randomGreedy,300,40,76,5190.58,0.16738200187683105
randomGreedy,300,40,77,5112.56,0.15330862998962402
randomGreedy,300,40,78,5411.29,0.16306686401367188
randomGreedy,300,40,79,5429.58,0.16547226905822754
randomGreedy,300,40,80,5274.55,0.16169524192810059
randomGreedy,300,40,81,5250.54,0.14746713638305664
randomGreedy,300,40,82,5285.66,0.1666250228881836
randomGreedy,300,40,83,5309.32,0.16222882270812988
randomGreedy,300,40,84,5195.21,0.15708684921264648
randomGreedy,300,40,85,5171.06,0.1508471965789795
randomGreedy,300,40,86,5070.5,0.1509261131286621
randomGreedy,300,40,87,5246.74,0.15181207656860352
randomGreedy,300,40,88,5360.22,0.17252707481384277
randomGreedy,300,40,89,5430.89,0.16870498657226562
randomGreedy,300,40,90,5301.54,0.17637324333190918
randomGreedy,300,40,91,5319.88,0.1635279655456543
randomGreedy,300,40,92,5443.92,0.16498899459838867
randomGreedy,300,40,93,5118.85,0.17007923126220703
randomGreedy,300,40,94,5075.8,0.14815640449523926
randomGreedy,300,40,95,5222.4,0.14646387100219727
randomGreedy,300,40,96,5178.25,0.15946531295776367
randomGreedy,300,40,97,5368.64,0.15665173530578613
randomGreedy,300,40,98,5135.83,0.15414166450500488
randomGreedy,300,40,99,5321.86,0.1463603973388672
randomGreedy,300,50,0,5182.84,0.16333818435668945
randomGreedy,300,50,1,5323.15,0.15001392364501953
randomGreedy,300,50,2,5054.23,0.15465760231018066
randomGreedy,300,50,3,5219.64,0.1661205291748047
randomGreedy,300,50,4,5591.4,0.15314626693725586
randomGreedy,300,50,5,5386.32,0.15847229957580566
randomGreedy,300,50,6,5404.12,0.16263484954833984
randomGreedy,300,50,7,5231.45,0.17699360847473145
randomGreedy,300,50,8,5030.0,0.1658010482788086
randomGreedy,300,50,9,5375.53,0.1541121006011963
randomGreedy,300,50,10,5354.79,0.1599867343902588
randomGreedy,300,50,11,5087.16,0.15861916542053223
randomGreedy,300,50,12,5224.67,0.14741992950439453
randomGreedy,300,50,13,5317.28,0.1776113510131836
randomGreedy,300,50,14,5300.21,0.16238784790039062
randomGreedy,300,50,15,5016.16,0.14658761024475098
randomGreedy,300,50,16,5229.74,0.16841673851013184
randomGreedy,300,50,17,5295.32,0.16645550727844238
randomGreedy,300,50,18,5190.73,0.16362571716308594
randomGreedy,300,50,19,5356.62,0.1585073471069336
randomGreedy,300,50,20,5320.51,0.1480414867401123
randomGreedy,300,50,21,5365.59,0.15455102920532227
randomGreedy,300,50,22,5245.04,0.15813350677490234
randomGreedy,300,50,23,5385.0,0.17114949226379395
randomGreedy,300,50,24,5148.07,0.16461491584777832
randomGreedy,300,50,25,5282.31,0.17454886436462402
randomGreedy,300,50,26,5511.12,0.16073894500732422
randomGreedy,300,50,27,5155.74,0.15227007865905762
randomGreedy,300,50,28,5090.58,0.1659703254699707
randomGreedy,300,50,29,5207.4,0.1667187213897705
randomGreedy,300,50,30,5383.71,0.14446544647216797
randomGreedy,300,50,31,5304.67,0.1594247817993164
randomGreedy,300,50,32,5243.2,0.1630539894104004
randomGreedy,300,50,33,5232.7,0.16851258277893066
randomGreedy,300,50,34,5306.0,0.15187597274780273
randomGreedy,300,50,35,5250.65,0.1647815704345703
randomGreedy,300,50,36,5206.2,0.15751028060913086
randomGreedy,300,50,37,5358.26,0.16862225532531738
randomGreedy,300,50,38,5397.43,0.14385461807250977
randomGreedy,300,50,39,5440.34,0.15836358070373535
randomGreedy,300,50,40,5257.11,0.15903854370117188
randomGreedy,300,50,41,5531.82,0.17298173904418945
randomGreedy,300,50,42,5242.92,0.14710092544555664
randomGreedy,300,50,43,5449.63,0.15851187705993652
randomGreedy,300,50,44,5443.77,0.15561580657958984
randomGreedy,300,50,45,5355.75,0.16356229782104492
randomGreedy,300,50,46,5217.39,0.17041397094726562
randomGreedy,300,50,47,5361.27,0.18246841430664062
randomGreedy,300,50,48,5133.71,0.16758084297180176
randomGreedy,300,50,49,5300.88,0.16932249069213867
randomGreedy,300,50,50,5426.7,0.16066694259643555
randomGreedy,300,50,51,5479.18,0.17461490631103516
randomGreedy,300,50,52,5008.67,0.16461181640625
randomGreedy,300,50,53,5082.46,0.15195775032043457
randomGreedy,300,50,54,5412.97,0.15834760665893555
randomGreedy,300,50,55,5216.65,0.15866804122924805
randomGreedy,300,50,56,5563.32,0.16369080543518066
randomGreedy,300,50,57,5282.72,0.16285228729248047
randomGreedy,300,50,58,5186.95,0.16144227981567383
randomGreedy,300,50,59,5207.1,0.16144704818725586
randomGreedy,300,50,60,5234.39,0.1572115421295166
randomGreedy,300,50,61,5280.2,0.15988874435424805
randomGreedy,300,50,62,5072.82,0.15722322463989258
randomGreedy,300,50,63,5234.27,0.16059541702270508
randomGreedy,300,50,64,5243.41,0.16791033744812012
randomGreedy,300,50,65,5323.13,0.15827250480651855
randomGreedy,300,50,66,5139.57,0.15626072883605957
randomGreedy,300,50,67,5008.15,0.1569960117340088
randomGreedy,300,50,68,5395.32,0.16581439971923828
randomGreedy,300,50,69,5317.75,0.16647839546203613
randomGreedy,300,50,70,5318.23,0.15948009490966797
randomGreedy,300,50,71,5176.25,0.1580648422241211
randomGreedy,300,50,72,5419.34,0.16225385665893555
randomGreedy,300,50,73,5393.0,0.16439580917358398
randomGreedy,300,50,74,5296.85,0.1615009307861328
randomGreedy,300,50,75,5149.38,0.16661715507507324
randomGreedy,300,50,76,5165.52,0.16739892959594727
randomGreedy,300,50,77,5023.03,0.15494346618652344
randomGreedy,300,50,78,5440.85,0.16147708892822266
randomGreedy,300,50,79,5539.98,0.16758060455322266
randomGreedy,300,50,80,5356.44,0.15839195251464844
randomGreedy,300,50,81,5253.38,0.15018630027770996
randomGreedy,300,50,82,5223.58,0.16366982460021973
randomGreedy,300,50,83,5318.2,0.1726093292236328
randomGreedy,300,50,84,5241.45,0.15806794166564941
randomGreedy,300,50,85,5172.92,0.15218329429626465
randomGreedy,300,50,86,5265.4,0.15521693229675293
randomGreedy,300,50,87,5323.24,0.1497335433959961
randomGreedy,300,50,88,5288.62,0.16498899459838867
randomGreedy,300,50,89,5410.31,0.15552353858947754
randomGreedy,300,50,90,5358.22,0.1706221103668213
randomGreedy,300,50,91,5287.91,0.16200685501098633
randomGreedy,300,50,92,5308.87,0.16011738777160645
randomGreedy,300,50,93,5151.87,0.17231249809265137
randomGreedy,300,50,94,5081.84,0.14953207969665527
randomGreedy,300,50,95,5357.1,0.14806103706359863
randomGreedy,300,50,96,5018.93,0.15482831001281738
randomGreedy,300,50,97,5371.55,0.1570284366607666
randomGreedy,300,50,98,5036.53,0.1568129062652588
randomGreedy,300,50,99,5511.47,0.14755773544311523
randomGreedy,300,60,0,5074.84,0.16349482536315918
randomGreedy,300,60,1,5230.23,0.15947842597961426
randomGreedy,300,60,2,5090.17,0.15349745750427246
randomGreedy,300,60,3,5201.47,0.1702404022216797
randomGreedy,300,60,4,5375.9,0.16854476928710938
randomGreedy,300,60,5,5333.53,0.16192197799682617
randomGreedy,300,60,6,5291.49,0.17301583290100098
randomGreedy,300,60,7,5235.29,0.16330647468566895
randomGreedy,300,60,8,5064.42,0.17119050025939941
randomGreedy,300,60,9,5449.07,0.15596318244934082
randomGreedy,300,60,10,5476.85,0.15098977088928223
randomGreedy,300,60,11,5206.08,0.15945959091186523
randomGreedy,300,60,12,5253.08,0.15541291236877441
randomGreedy,300,60,13,5271.24,0.15350341796875
randomGreedy,300,60,14,5331.24,0.15967917442321777
randomGreedy,300,60,15,5062.75,0.14708495140075684
randomGreedy,300,60,16,5285.97,0.17000555992126465
randomGreedy,300,60,17,5213.2,0.16531062126159668
randomGreedy,300,60,18,5156.21,0.16463136672973633
randomGreedy,300,60,19,5292.56,0.16164684295654297
randomGreedy,300,60,20,5274.29,0.1473071575164795
randomGreedy,300,60,21,5419.29,0.15923452377319336
randomGreedy,300,60,22,5281.89,0.164811372756958
randomGreedy,300,60,23,5246.86,0.1712043285369873
randomGreedy,300,60,24,5296.79,0.1604914665222168
randomGreedy,300,60,25,5110.55,0.1683812141418457
randomGreedy,300,60,26,5401.39,0.15928268432617188
randomGreedy,300,60,27,5137.74,0.15720891952514648
randomGreedy,300,60,28,5101.22,0.17302751541137695
randomGreedy,300,60,29,5374.33,0.15933895111083984
randomGreedy,300,60,30,5411.29,0.1439650058746338
randomGreedy,300,60,31,5399.24,0.162522554397583
randomGreedy,300,60,32,5187.44,0.16715383529663086
randomGreedy,300,60,33,5153.96,0.171677827835083
randomGreedy,300,60,34,5283.68,0.15067243576049805
randomGreedy,300,60,35,5264.55,0.1738293170928955
randomGreedy,300,60,36,5269.96,0.1556088924407959
randomGreedy,300,60,37,5451.22,0.1715388298034668
randomGreedy,300,60,38,5300.16,0.15142440795898438
randomGreedy,300,60,39,5350.17,0.16909432411193848
randomGreedy,300,60,40,5150.62,0.16509747505187988
randomGreedy,300,60,41,5394.07,0.17194104194641113
randomGreedy,300,60,42,5287.8,0.14914321899414062
randomGreedy,300,60,43,5390.46,0.15880036354064941
randomGreedy,300,60,44,5392.83,0.16308093070983887
randomGreedy,300,60,45,5378.23,0.16602540016174316
randomGreedy,300,60,46,5028.75,0.16117167472839355
randomGreedy,300,60,47,5295.95,0.16768479347229004
randomGreedy,300,60,48,4978.76,0.16672325134277344
randomGreedy,300,60,49,5198.91,0.1645054817199707
randomGreedy,300,60,50,5507.58,0.16051054000854492
randomGreedy,300,60,51,5320.85,0.152496337890625
randomGreedy,300,60,52,5090.69,0.16464972496032715
randomGreedy,300,60,53,5246.35,0.15891742706298828
randomGreedy,300,60,54,5313.76,0.1510453224182129
randomGreedy,300,60,55,5337.37,0.1651897430419922
randomGreedy,300,60,56,5446.37,0.16200876235961914
randomGreedy,300,60,57,5361.31,0.17272424697875977
randomGreedy,300,60,58,5095.04,0.15644407272338867
randomGreedy,300,60,59,5339.07,0.15645313262939453
randomGreedy,300,60,60,5358.7,0.15968751907348633
randomGreedy,300,60,61,5256.85,0.1642742156982422
randomGreedy,300,60,62,5210.25,0.15692830085754395
randomGreedy,300,60,63,5337.67,0.15668630599975586
randomGreedy,300,60,64,5332.98,0.1636192798614502
randomGreedy,300,60,65,5333.79,0.1629626750946045
randomGreedy,300,60,66,5354.86,0.1532585620880127
randomGreedy,300,60,67,5035.1,0.15844035148620605
randomGreedy,300,60,68,5441.72,0.1644604206085205
randomGreedy,300,60,69,5434.51,0.1616225242614746
randomGreedy,300,60,70,5284.71,0.16522955894470215
randomGreedy,300,60,71,5240.16,0.1466538906097412
randomGreedy,300,60,72,5414.87,0.16797924041748047
randomGreedy,300,60,73,5390.03,0.1532292366027832
randomGreedy,300,60,74,5154.26,0.16200709342956543
randomGreedy,300,60,75,5124.2,0.15820765495300293
randomGreedy,300,60,76,5167.41,0.1664719581604004
randomGreedy,300,60,77,4984.13,0.1551966667175293
randomGreedy,300,60,78,5407.59,0.16162395477294922
randomGreedy,300,60,79,5298.58,0.16704130172729492
randomGreedy,300,60,80,5213.72,0.15920472145080566
randomGreedy,300,60,81,5215.99,0.15688872337341309
randomGreedy,300,60,82,5180.73,0.1663649082183838
randomGreedy,300,60,83,5258.73,0.16613221168518066
randomGreedy,300,60,84,5265.92,0.1544349193572998
randomGreedy,300,60,85,5275.19,0.14867925643920898
randomGreedy,300,60,86,5085.03,0.15037083625793457
randomGreedy,300,60,87,5326.52,0.15046262741088867
randomGreedy,300,60,88,5255.61,0.15820932388305664
randomGreedy,300,60,89,5385.63,0.16675186157226562
randomGreedy,300,60,90,5248.64,0.17154598236083984
randomGreedy,300,60,91,5312.65,0.1530447006225586
randomGreedy,300,60,92,5501.06,0.15877223014831543
randomGreedy,300,60,93,5227.01,0.1655426025390625
randomGreedy,300,60,94,5158.28,0.14900994300842285
randomGreedy,300,60,95,5289.39,0.1549396514892578
randomGreedy,300,60,96,5169.83,0.16591811180114746
randomGreedy,300,60,97,5340.43,0.15727806091308594
randomGreedy,300,60,98,5298.32,0.15750408172607422
randomGreedy,300,60,99,5209.89,0.14662408828735352
randomGreedy,300,70,0,5185.0,0.16489911079406738
randomGreedy,300,70,1,5223.5,0.14893579483032227
randomGreedy,300,70,2,5052.54,0.15154218673706055
randomGreedy,300,70,3,5157.59,0.16710424423217773
randomGreedy,300,70,4,5349.4,0.15406346321105957
randomGreedy,300,70,5,5285.76,0.1658625602722168
randomGreedy,300,70,6,5245.53,0.16748261451721191
randomGreedy,300,70,7,5245.83,0.1647930145263672
randomGreedy,300,70,8,4989.68,0.1655280590057373
randomGreedy,300,70,9,5266.14,0.16471266746520996
randomGreedy,300,70,10,5377.54,0.15155291557312012
randomGreedy,300,70,11,5147.37,0.15830516815185547
randomGreedy,300,70,12,5297.92,0.14307856559753418
randomGreedy,300,70,13,5522.98,0.15313029289245605
randomGreedy,300,70,14,5327.9,0.16416430473327637
randomGreedy,300,70,15,5097.99,0.15355515480041504
randomGreedy,300,70,16,5176.18,0.15981197357177734
randomGreedy,300,70,17,5169.0,0.16493749618530273
randomGreedy,300,70,18,5176.02,0.16311120986938477
randomGreedy,300,70,19,5353.81,0.15833663940429688
randomGreedy,300,70,20,5368.99,0.1477196216583252
randomGreedy,300,70,21,5318.67,0.1639420986175537
randomGreedy,300,70,22,5047.58,0.16414999961853027
randomGreedy,300,70,23,5209.49,0.16309905052185059
randomGreedy,300,70,24,5205.83,0.16031599044799805
randomGreedy,300,70,25,5348.3,0.16906118392944336
randomGreedy,300,70,26,5370.15,0.15929746627807617
randomGreedy,300,70,27,5101.93,0.15838289260864258
randomGreedy,300,70,28,5225.0,0.16280674934387207
randomGreedy,300,70,29,5242.13,0.1654067039489746
randomGreedy,300,70,30,5433.26,0.14202666282653809
randomGreedy,300,70,31,5386.28,0.16592097282409668
randomGreedy,300,70,32,5242.27,0.1665194034576416
randomGreedy,300,70,33,5198.66,0.15873408317565918
randomGreedy,300,70,34,5423.7,0.14976954460144043
randomGreedy,300,70,35,5155.52,0.1683213710784912
randomGreedy,300,70,36,5294.74,0.15587496757507324
randomGreedy,300,70,37,5315.2,0.17093229293823242
randomGreedy,300,70,38,5223.99,0.14711499214172363
randomGreedy,300,70,39,5351.64,0.1602010726928711
randomGreedy,300,70,40,5290.46,0.16008853912353516
randomGreedy,300,70,41,5453.94,0.17194366455078125
randomGreedy,300,70,42,5242.22,0.14679813385009766
randomGreedy,300,70,43,5309.34,0.1631307601928711
randomGreedy,300,70,44,5361.47,0.1608736515045166
randomGreedy,300,70,45,5313.67,0.16017627716064453
randomGreedy,300,70,46,5162.69,0.1623854637145996
randomGreedy,300,70,47,5264.8,0.16488385200500488
randomGreedy,300,70,48,5109.12,0.1637892723083496
randomGreedy,300,70,49,5199.34,0.16330528259277344
randomGreedy,300,70,50,5554.0,0.16228795051574707
randomGreedy,300,70,51,5422.89,0.16653084754943848
randomGreedy,300,70,52,5136.89,0.1749427318572998
randomGreedy,300,70,53,5117.95,0.15091681480407715
randomGreedy,300,70,54,5257.89,0.1489582061767578
randomGreedy,300,70,55,5238.44,0.16590309143066406
randomGreedy,300,70,56,5326.42,0.16009187698364258
randomGreedy,300,70,57,5345.95,0.16390728950500488
randomGreedy,300,70,58,5085.69,0.1576988697052002
randomGreedy,300,70,59,5187.37,0.16722869873046875
randomGreedy,300,70,60,5293.7,0.15818119049072266
randomGreedy,300,70,61,5192.15,0.16403555870056152
randomGreedy,300,70,62,5134.19,0.16604852676391602
randomGreedy,300,70,63,5298.84,0.1610550880432129
randomGreedy,300,70,64,5400.58,0.1670207977294922
randomGreedy,300,70,65,5270.75,0.16053247451782227
randomGreedy,300,70,66,5186.41,0.1583247184753418
randomGreedy,300,70,67,5100.12,0.15928173065185547
randomGreedy,300,70,68,5448.81,0.1592578887939453
randomGreedy,300,70,69,5409.67,0.1604902744293213
randomGreedy,300,70,70,5193.79,0.17068862915039062
randomGreedy,300,70,71,5107.07,0.1479482650756836
randomGreedy,300,70,72,5276.23,0.16630101203918457
randomGreedy,300,70,73,5240.68,0.1622934341430664
randomGreedy,300,70,74,5338.84,0.1731119155883789
randomGreedy,300,70,75,5124.0,0.16101861000061035
randomGreedy,300,70,76,5204.7,0.1658320426940918
randomGreedy,300,70,77,5156.98,0.15831589698791504
randomGreedy,300,70,78,5411.45,0.16325163841247559
randomGreedy,300,70,79,5292.19,0.165421724319458
randomGreedy,300,70,80,5330.84,0.16650819778442383
randomGreedy,300,70,81,5478.37,0.1492292881011963
randomGreedy,300,70,82,5221.93,0.16965436935424805
randomGreedy,300,70,83,5175.86,0.1608431339263916
randomGreedy,300,70,84,5306.89,0.1592106819152832
randomGreedy,300,70,85,5158.69,0.14822769165039062
randomGreedy,300,70,86,5116.64,0.1532139778137207
randomGreedy,300,70,87,5190.25,0.15044069290161133
randomGreedy,300,70,88,5455.41,0.16344118118286133
randomGreedy,300,70,89,5196.06,0.16566920280456543
randomGreedy,300,70,90,5192.72,0.1674501895904541
randomGreedy,300,70,91,5373.59,0.16123342514038086
randomGreedy,300,70,92,5292.01,0.16065764427185059
randomGreedy,300,70,93,5236.45,0.16765999794006348
randomGreedy,300,70,94,5180.71,0.15121078491210938
randomGreedy,300,70,95,5183.36,0.1582810878753662
randomGreedy,300,70,96,5024.35,0.16221833229064941
randomGreedy,300,70,97,5411.59,0.1603717803955078
randomGreedy,300,70,98,5277.38,0.15241098403930664
randomGreedy,300,70,99,5256.61,0.14699840545654297
randomGreedy,300,80,0,5233.38,0.16077637672424316
randomGreedy,300,80,1,5183.4,0.1517481803894043
randomGreedy,300,80,2,5188.47,0.15151119232177734
randomGreedy,300,80,3,5197.4,0.16474270820617676
randomGreedy,300,80,4,5462.87,0.15418028831481934
randomGreedy,300,80,5,5308.05,0.16240668296813965
randomGreedy,300,80,6,5332.47,0.16330313682556152
randomGreedy,300,80,7,5215.63,0.1656951904296875
randomGreedy,300,80,8,5106.18,0.16143250465393066
randomGreedy,300,80,9,5269.83,0.15603041648864746
randomGreedy,300,80,10,5549.25,0.15167665481567383
randomGreedy,300,80,11,5307.16,0.15173077583312988
randomGreedy,300,80,12,5190.59,0.14911556243896484
randomGreedy,300,80,13,5358.92,0.164015531539917
randomGreedy,300,80,14,5347.27,0.16355156898498535
randomGreedy,300,80,15,5131.48,0.14583420753479004
randomGreedy,300,80,16,5305.7,0.16791915893554688
randomGreedy,300,80,17,5264.34,0.17178964614868164
randomGreedy,300,80,18,5171.25,0.1505725383758545
randomGreedy,300,80,19,5300.31,0.15810775756835938
randomGreedy,300,80,20,5297.99,0.14960694313049316
randomGreedy,300,80,21,5231.45,0.15729737281799316
randomGreedy,300,80,22,5222.21,0.1629035472869873
randomGreedy,300,80,23,5272.07,0.16422128677368164
randomGreedy,300,80,24,5203.71,0.16031813621520996
randomGreedy,300,80,25,5149.6,0.15745806694030762
randomGreedy,300,80,26,5412.78,0.15999794006347656
randomGreedy,300,80,27,5125.06,0.16574788093566895
randomGreedy,300,80,28,5058.43,0.15467286109924316
randomGreedy,300,80,29,5383.43,0.16541576385498047
randomGreedy,300,80,30,5227.58,0.14540839195251465
randomGreedy,300,80,31,5347.71,0.16165590286254883
randomGreedy,300,80,32,5328.95,0.16630339622497559
randomGreedy,300,80,33,5172.56,0.16032099723815918
randomGreedy,300,80,34,5457.39,0.15187811851501465
randomGreedy,300,80,35,5176.87,0.16342949867248535
randomGreedy,300,80,36,5293.12,0.15488100051879883
randomGreedy,300,80,37,5381.37,0.17142510414123535
randomGreedy,300,80,38,5238.3,0.15401554107666016
randomGreedy,300,80,39,5352.94,0.16266512870788574
randomGreedy,300,80,40,5170.58,0.15234684944152832
randomGreedy,300,80,41,5564.41,0.17167377471923828
randomGreedy,300,80,42,5308.42,0.14629888534545898
randomGreedy,300,80,43,5270.95,0.15882349014282227
randomGreedy,300,80,44,5229.81,0.16848087310791016
randomGreedy,300,80,45,5329.74,0.15868496894836426
randomGreedy,300,80,46,5147.93,0.16289877891540527
randomGreedy,300,80,47,5378.95,0.16949892044067383
randomGreedy,300,80,48,5060.2,0.15814900398254395
randomGreedy,300,80,49,5155.32,0.160414457321167
randomGreedy,300,80,50,5626.79,0.16251254081726074
randomGreedy,300,80,51,5399.9,0.16597771644592285
randomGreedy,300,80,52,5085.34,0.16921710968017578
randomGreedy,300,80,53,5268.77,0.15169072151184082
randomGreedy,300,80,54,5304.17,0.15012550354003906
randomGreedy,300,80,55,5230.29,0.15873026847839355
randomGreedy,300,80,56,5566.07,0.16770529747009277
randomGreedy,300,80,57,5381.27,0.15527963638305664
randomGreedy,300,80,58,5275.52,0.15679240226745605
randomGreedy,300,80,59,5394.4,0.16159701347351074
randomGreedy,300,80,60,5325.94,0.15883636474609375
randomGreedy,300,80,61,5389.45,0.16351652145385742
randomGreedy,300,80,62,5170.71,0.16051888465881348
randomGreedy,300,80,63,5284.66,0.16188454627990723
randomGreedy,300,80,64,5243.0,0.16376352310180664
randomGreedy,300,80,65,5339.31,0.1612379550933838
randomGreedy,300,80,66,5361.42,0.16323161125183105
randomGreedy,300,80,67,4991.92,0.15968823432922363
randomGreedy,300,80,68,5408.69,0.15793323516845703
randomGreedy,300,80,69,5275.51,0.16105437278747559
randomGreedy,300,80,70,5241.3,0.16830015182495117
randomGreedy,300,80,71,5150.41,0.14410805702209473
randomGreedy,300,80,72,5398.53,0.16563940048217773
randomGreedy,300,80,73,5194.46,0.16134333610534668
randomGreedy,300,80,74,5196.86,0.15702056884765625
randomGreedy,300,80,75,5151.72,0.16061997413635254
randomGreedy,300,80,76,5304.28,0.16549921035766602
randomGreedy,300,80,77,4902.81,0.1604325771331787
randomGreedy,300,80,78,5343.92,0.1590437889099121
randomGreedy,300,80,79,5335.36,0.1694490909576416
randomGreedy,300,80,80,5382.43,0.16275501251220703
randomGreedy,300,80,81,5283.62,0.1460249423980713
randomGreedy,300,80,82,5348.75,0.1713099479675293
randomGreedy,300,80,83,5267.02,0.16070342063903809
randomGreedy,300,80,84,5224.51,0.15967941284179688
randomGreedy,300,80,85,5183.99,0.15484261512756348
randomGreedy,300,80,86,5187.98,0.1517932415008545
randomGreedy,300,80,87,5172.22,0.15128040313720703
randomGreedy,300,80,88,5377.29,0.15180730819702148
randomGreedy,300,80,89,5151.2,0.17168927192687988
randomGreedy,300,80,90,5240.54,0.17098331451416016
randomGreedy,300,80,91,5374.88,0.16344380378723145
randomGreedy,300,80,92,5410.06,0.1605360507965088
randomGreedy,300,80,93,5188.79,0.1646740436553955
randomGreedy,300,80,94,5152.25,0.14907550811767578
randomGreedy,300,80,95,5329.57,0.1482222080230713
randomGreedy,300,80,96,5250.21,0.15973162651062012
randomGreedy,300,80,97,5343.06,0.1625370979309082
randomGreedy,300,80,98,5145.63,0.15229058265686035
randomGreedy,300,80,99,5293.51,0.14869189262390137
randomGreedy,300,90,0,5141.35,0.16094136238098145
randomGreedy,300,90,1,5372.79,0.15142178535461426
randomGreedy,300,90,2,5252.97,0.15331244468688965
randomGreedy,300,90,3,5239.44,0.15278291702270508
randomGreedy,300,90,4,5518.59,0.15461468696594238
randomGreedy,300,90,5,5201.56,0.15865206718444824
randomGreedy,300,90,6,5385.14,0.16345715522766113
randomGreedy,300,90,7,5114.29,0.1668260097503662
randomGreedy,300,90,8,5075.54,0.1635456085205078
randomGreedy,300,90,9,5174.22,0.15614724159240723
randomGreedy,300,90,10,5461.32,0.1500251293182373
randomGreedy,300,90,11,5205.51,0.1595005989074707
randomGreedy,300,90,12,5347.64,0.14563202857971191
randomGreedy,300,90,13,5280.43,0.16347146034240723
randomGreedy,300,90,14,5287.78,0.16358304023742676
randomGreedy,300,90,15,5208.67,0.14610934257507324
randomGreedy,300,90,16,5137.7,0.16750240325927734
randomGreedy,300,90,17,5213.56,0.16302180290222168
randomGreedy,300,90,18,5116.14,0.16068363189697266
randomGreedy,300,90,19,5331.86,0.16012811660766602
randomGreedy,300,90,20,5432.1,0.1506960391998291
randomGreedy,300,90,21,5264.73,0.1560993194580078
randomGreedy,300,90,22,5281.83,0.16182494163513184
randomGreedy,300,90,23,5221.53,0.1450026035308838
randomGreedy,300,90,24,5128.08,0.16206145286560059
randomGreedy,300,90,25,5283.53,0.16280889511108398
randomGreedy,300,90,26,5361.13,0.1623063087463379
randomGreedy,300,90,27,5232.32,0.15697216987609863
randomGreedy,300,90,28,5103.83,0.17480707168579102
randomGreedy,300,90,29,5246.76,0.16559338569641113
randomGreedy,300,90,30,5353.47,0.14214205741882324
randomGreedy,300,90,31,5364.55,0.1617753505706787
randomGreedy,300,90,32,5269.07,0.1702098846435547
randomGreedy,300,90,33,5094.99,0.16852688789367676
randomGreedy,300,90,34,5227.08,0.14955997467041016
randomGreedy,300,90,35,5273.71,0.15640830993652344
randomGreedy,300,90,36,5251.85,0.16329741477966309
randomGreedy,300,90,37,5259.7,0.1681966781616211
randomGreedy,300,90,38,5219.31,0.14428067207336426
randomGreedy,300,90,39,5317.53,0.17048096656799316
randomGreedy,300,90,40,5213.87,0.15824437141418457
randomGreedy,300,90,41,5503.37,0.17587900161743164
randomGreedy,300,90,42,5148.18,0.14849543571472168
randomGreedy,300,90,43,5340.55,0.16159296035766602
randomGreedy,300,90,44,5365.7,0.16143250465393066
randomGreedy,300,90,45,5396.21,0.16671037673950195
randomGreedy,300,90,46,5138.37,0.16428709030151367
randomGreedy,300,90,47,5290.04,0.1667935848236084
randomGreedy,300,90,48,5080.1,0.1646134853363037
randomGreedy,300,90,49,5192.56,0.1643354892730713
randomGreedy,300,90,50,5443.73,0.15651607513427734
randomGreedy,300,90,51,5376.7,0.16655397415161133
randomGreedy,300,90,52,4958.34,0.16781234741210938
randomGreedy,300,90,53,5218.02,0.15314078330993652
randomGreedy,300,90,54,5373.2,0.16112947463989258
randomGreedy,300,90,55,5187.58,0.15918326377868652
randomGreedy,300,90,56,5330.29,0.16637825965881348
randomGreedy,300,90,57,5251.69,0.16165423393249512
randomGreedy,300,90,58,5236.61,0.15930962562561035
randomGreedy,300,90,59,5246.78,0.16715192794799805
randomGreedy,300,90,60,5385.27,0.15801429748535156
randomGreedy,300,90,61,5318.92,0.17211461067199707
randomGreedy,300,90,62,5000.99,0.16737842559814453
randomGreedy,300,90,63,5226.14,0.16134095191955566
randomGreedy,300,90,64,5297.82,0.16060662269592285
randomGreedy,300,90,65,5136.85,0.15967154502868652
randomGreedy,300,90,66,5387.05,0.15818309783935547
randomGreedy,300,90,67,5052.13,0.14801931381225586
randomGreedy,300,90,68,5366.13,0.15781521797180176
randomGreedy,300,90,69,5323.22,0.16050457954406738
randomGreedy,300,90,70,5208.46,0.1591939926147461
randomGreedy,300,90,71,5060.07,0.14711689949035645
randomGreedy,300,90,72,5456.24,0.1616501808166504
randomGreedy,300,90,73,5211.9,0.16110491752624512
randomGreedy,300,90,74,5218.1,0.16820335388183594
randomGreedy,300,90,75,5041.79,0.15928363800048828
randomGreedy,300,90,76,5269.5,0.17741799354553223
randomGreedy,300,90,77,4927.48,0.16230082511901855
randomGreedy,300,90,78,5529.45,0.1605062484741211
randomGreedy,300,90,79,5327.84,0.17685222625732422
randomGreedy,300,90,80,5299.11,0.16219234466552734
randomGreedy,300,90,81,5290.64,0.1461949348449707
randomGreedy,300,90,82,5192.45,0.16806983947753906
randomGreedy,300,90,83,5271.83,0.15996289253234863
randomGreedy,300,90,84,5078.36,0.15723323822021484
randomGreedy,300,90,85,5389.11,0.14692950248718262
randomGreedy,300,90,86,5174.39,0.15225982666015625
randomGreedy,300,90,87,5169.28,0.14865469932556152
randomGreedy,300,90,88,5271.46,0.1607959270477295
randomGreedy,300,90,89,5365.9,0.16852593421936035
randomGreedy,300,90,90,5135.27,0.16745638847351074
randomGreedy,300,90,91,5499.54,0.16320538520812988
randomGreedy,300,90,92,5385.87,0.15935587882995605
randomGreedy,300,90,93,5056.31,0.16296863555908203
randomGreedy,300,90,94,5162.7,0.15154790878295898
randomGreedy,300,90,95,5345.92,0.14626789093017578
randomGreedy,300,90,96,5131.76,0.15947389602661133
randomGreedy,300,90,97,5431.67,0.15252137184143066
randomGreedy,300,90,98,5186.29,0.15246248245239258
randomGreedy,300,90,99,5125.01,0.1475520133972168
randomGreedy,300,100,0,4979.03,0.15927934646606445
randomGreedy,300,100,1,5233.61,0.1483151912689209
randomGreedy,300,100,2,5061.66,0.1600496768951416
randomGreedy,300,100,3,5311.65,0.1638944149017334
randomGreedy,300,100,4,5549.25,0.1529529094696045
randomGreedy,300,100,5,5255.11,0.15956807136535645
randomGreedy,300,100,6,5310.43,0.1626596450805664
randomGreedy,300,100,7,5088.92,0.17493033409118652
randomGreedy,300,100,8,5153.01,0.14528703689575195
randomGreedy,300,100,9,5290.39,0.1575918197631836
randomGreedy,300,100,10,5492.98,0.14973068237304688
randomGreedy,300,100,11,5302.58,0.16562771797180176
randomGreedy,300,100,12,5313.16,0.14596009254455566
randomGreedy,300,100,13,5463.39,0.15879583358764648
randomGreedy,300,100,14,5340.82,0.16568470001220703
randomGreedy,300,100,15,5139.46,0.14653635025024414
randomGreedy,300,100,16,5145.39,0.17054510116577148
randomGreedy,300,100,17,5152.62,0.17334198951721191
randomGreedy,300,100,18,5136.63,0.16280865669250488
randomGreedy,300,100,19,5378.52,0.16243338584899902
randomGreedy,300,100,20,5339.64,0.1488358974456787
randomGreedy,300,100,21,5469.21,0.15582990646362305
randomGreedy,300,100,22,5253.3,0.16451621055603027
randomGreedy,300,100,23,5159.18,0.17098331451416016
randomGreedy,300,100,24,5181.1,0.16194605827331543
randomGreedy,300,100,25,5221.82,0.17099618911743164
randomGreedy,300,100,26,5367.38,0.15764880180358887
randomGreedy,300,100,27,5103.14,0.1514415740966797
randomGreedy,300,100,28,5147.55,0.16637778282165527
randomGreedy,300,100,29,5370.06,0.16774654388427734
randomGreedy,300,100,30,5453.21,0.14598441123962402
randomGreedy,300,100,31,5347.68,0.15961027145385742
randomGreedy,300,100,32,5145.12,0.16798686981201172
randomGreedy,300,100,33,5320.57,0.17070293426513672
randomGreedy,300,100,34,5367.04,0.15070176124572754
randomGreedy,300,100,35,5189.18,0.164137601852417
randomGreedy,300,100,36,5293.06,0.15451955795288086
randomGreedy,300,100,37,5357.87,0.16154718399047852
randomGreedy,300,100,38,5250.86,0.14697837829589844
randomGreedy,300,100,39,5339.3,0.15805721282958984
randomGreedy,300,100,40,5226.92,0.1581573486328125
randomGreedy,300,100,41,5469.27,0.18165206909179688
randomGreedy,300,100,42,5251.14,0.14401650428771973
randomGreedy,300,100,43,5337.84,0.16180992126464844
randomGreedy,300,100,44,5360.63,0.1536884307861328
randomGreedy,300,100,45,5353.14,0.16500616073608398
randomGreedy,300,100,46,5270.46,0.16234660148620605
randomGreedy,300,100,47,5473.83,0.16667628288269043
randomGreedy,300,100,48,5064.51,0.16831707954406738
randomGreedy,300,100,49,5130.13,0.17190003395080566
randomGreedy,300,100,50,5556.44,0.14641451835632324
randomGreedy,300,100,51,5249.83,0.16672134399414062
randomGreedy,300,100,52,5110.83,0.15997910499572754
randomGreedy,300,100,53,5092.91,0.15377521514892578
randomGreedy,300,100,54,5316.76,0.15198659896850586
randomGreedy,300,100,55,5427.64,0.1608588695526123
randomGreedy,300,100,56,5673.43,0.16790986061096191
randomGreedy,300,100,57,5195.62,0.16332221031188965
randomGreedy,300,100,58,5167.61,0.1597590446472168
randomGreedy,300,100,59,5277.59,0.16624832153320312
randomGreedy,300,100,60,5411.38,0.15886640548706055
randomGreedy,300,100,61,5403.28,0.17236924171447754
randomGreedy,300,100,62,5141.93,0.14877605438232422
randomGreedy,300,100,63,5295.01,0.1622164249420166
randomGreedy,300,100,64,5274.99,0.1578676700592041
randomGreedy,300,100,65,5142.05,0.15989041328430176
randomGreedy,300,100,66,5131.58,0.15911650657653809
randomGreedy,300,100,67,5190.45,0.14960002899169922
randomGreedy,300,100,68,5336.52,0.15883636474609375
randomGreedy,300,100,69,5345.69,0.1582794189453125
randomGreedy,300,100,70,5408.03,0.1588733196258545
randomGreedy,300,100,71,5232.48,0.14792323112487793
randomGreedy,300,100,72,5310.14,0.16250109672546387
randomGreedy,300,100,73,5380.89,0.16168665885925293
randomGreedy,300,100,74,5286.7,0.16923308372497559
randomGreedy,300,100,75,5197.64,0.16168999671936035
randomGreedy,300,100,76,5393.38,0.17720437049865723
randomGreedy,300,100,77,5001.31,0.16034293174743652
randomGreedy,300,100,78,5634.6,0.16170573234558105
randomGreedy,300,100,79,5449.71,0.1734166145324707
randomGreedy,300,100,80,5361.8,0.15979623794555664
randomGreedy,300,100,81,5387.3,0.14681386947631836
randomGreedy,300,100,82,5218.33,0.16861414909362793
randomGreedy,300,100,83,5307.64,0.16052865982055664
randomGreedy,300,100,84,5206.53,0.15857672691345215
randomGreedy,300,100,85,5144.17,0.14691805839538574
randomGreedy,300,100,86,5210.03,0.15055441856384277
randomGreedy,300,100,87,5310.82,0.14812493324279785
randomGreedy,300,100,88,5286.22,0.16123557090759277
randomGreedy,300,100,89,5331.27,0.16973543167114258
randomGreedy,300,100,90,5260.88,0.1546938419342041
randomGreedy,300,100,91,5463.88,0.161895751953125
randomGreedy,300,100,92,5362.12,0.15922045707702637
randomGreedy,300,100,93,5262.79,0.16348743438720703
randomGreedy,300,100,94,4998.94,0.1568603515625
randomGreedy,300,100,95,5287.15,0.1459062099456787
randomGreedy,300,100,96,5248.57,0.1591033935546875
randomGreedy,300,100,97,5486.03,0.1621990203857422
randomGreedy,300,100,98,5192.01,0.14981985092163086
randomGreedy,300,100,99,5370.16,0.1480545997619629
anealing,8,0,0,630.12,0.5633554458618164
anealing,8,0,1,348.63,0.5403447151184082
anealing,8,0,2,423.31,0.5853536128997803
anealing,8,0,3,337.62,0.6461691856384277
anealing,8,0,4,429.19,0.6363441944122314
anealing,8,0,5,502.91,0.6062912940979004
anealing,8,0,6,378.97,0.5599777698516846
anealing,8,0,7,455.08,0.6155190467834473
anealing,8,0,8,394.17,0.5928301811218262
anealing,8,0,9,407.71,0.5595619678497314
anealing,8,0,10,430.43,0.5948426723480225
anealing,8,0,11,484.05,0.5621726512908936
anealing,8,0,12,533.11,0.585625171661377
anealing,8,0,13,406.15,0.6659331321716309
anealing,8,0,14,568.63,0.5771269798278809
anealing,8,0,15,432.28,0.6076254844665527
anealing,8,0,16,292.67,0.5399160385131836
anealing,8,0,17,354.57,0.6093008518218994
anealing,8,0,18,465.08,0.5323700904846191
anealing,8,0,19,374.74,0.5761227607727051
anealing,8,0,20,453.04,0.5856990814208984
anealing,8,0,21,339.55,0.6008076667785645
anealing,8,0,22,434.97,0.6362366676330566
anealing,8,0,23,423.97,0.5978124141693115
anealing,8,0,24,414.46,0.5787804126739502
anealing,8,0,25,422.22,0.5992660522460938
anealing,8,0,26,387.67,0.5477707386016846
anealing,8,0,27,423.12,0.5507023334503174
anealing,8,0,28,455.03,0.5568671226501465
anealing,8,0,29,381.87,0.6000645160675049
anealing,8,0,30,412.29,0.5563600063323975
anealing,8,0,31,561.48,0.6034750938415527
anealing,8,0,32,335.6,0.6033179759979248
anealing,8,0,33,447.48,0.5824940204620361
anealing,8,0,34,458.34,0.587848424911499
anealing,8,0,35,364.96,0.5670361518859863
anealing,8,0,36,517.45,0.6137306690216064
anealing,8,0,37,496.62,0.625777006149292
anealing,8,0,38,430.3,0.6467304229736328
anealing,8,0,39,434.68,0.6146640777587891
anealing,8,0,40,449.59,0.5832834243774414
anealing,8,0,41,472.77,0.5542261600494385
anealing,8,0,42,548.48,0.611156702041626
anealing,8,0,43,504.15,0.5669989585876465
anealing,8,0,44,442.31,0.6318554878234863
anealing,8,0,45,435.43,0.589547872543335
anealing,8,0,46,573.33,0.6205642223358154
anealing,8,0,47,583.48,0.5997481346130371
anealing,8,0,48,442.67,0.5956087112426758
anealing,8,0,49,439.09,0.617805004119873
anealing,8,0,50,436.92,0.6076905727386475
anealing,8,0,51,468.53,0.6017653942108154
anealing,8,0,52,468.1,0.6213102340698242
anealing,8,0,53,380.77,0.5593984127044678
anealing,8,0,54,493.42,0.5551509857177734
anealing,8,0,55,513.68,0.6220638751983643
anealing,8,0,56,317.25,0.5616917610168457
anealing,8,0,57,483.48,0.5715374946594238
anealing,8,0,58,524.24,0.6171057224273682
anealing,8,0,59,441.13,0.5666084289550781
anealing,8,0,60,449.02,0.587172269821167
anealing,8,0,61,473.15,0.5795581340789795
anealing,8,0,62,333.33,0.5647900104522705
anealing,8,0,63,455.77,0.590721845626831
anealing,8,0,64,450.37,0.5470530986785889
anealing,8,0,65,464.25,0.6185052394866943
anealing,8,0,66,407.03,0.6001055240631104
anealing,8,0,67,385.33,0.5586240291595459
anealing,8,0,68,557.31,0.6369457244873047
anealing,8,0,69,434.92,0.6336712837219238
anealing,8,0,70,319.11,0.6376056671142578
anealing,8,0,71,444.51,0.5784726142883301
anealing,8,0,72,550.11,0.580798864364624
anealing,8,0,73,405.45,0.5859835147857666
anealing,8,0,74,372.66,0.559992790222168
anealing,8,0,75,385.56,0.564767599105835
anealing,8,0,76,364.76,0.6610300540924072
anealing,8,0,77,417.95,0.6014294624328613
anealing,8,0,78,388.4,0.5898430347442627
anealing,8,0,79,457.55,0.5629909038543701
anealing,8,0,80,390.56,0.5959634780883789
anealing,8,0,81,409.16,0.6426081657409668
anealing,8,0,82,590.9,0.5799825191497803
anealing,8,0,83,523.7,0.5820205211639404
anealing,8,0,84,375.07,0.5810363292694092
anealing,8,0,85,374.01,0.5680525302886963
anealing,8,0,86,521.3,0.5565626621246338
anealing,8,0,87,500.85,0.576732873916626
anealing,8,0,88,572.56,0.5627248287200928
anealing,8,0,89,410.12,0.6523427963256836
anealing,8,0,90,429.6,0.5968725681304932
anealing,8,0,91,371.57,0.558347225189209
anealing,8,0,92,459.99,0.5905869007110596
anealing,8,0,93,356.7,0.5720913410186768
anealing,8,0,94,346.73,0.6205511093139648
anealing,8,0,95,398.53,0.6609785556793213
anealing,8,0,96,424.32,0.5982482433319092
anealing,8,0,97,318.8,0.5961177349090576
anealing,8,0,98,492.17,0.5721166133880615
anealing,8,0,99,430.36,0.5657761096954346
anealing,8,10,0,631.44,0.5808408260345459
anealing,8,10,1,348.37,0.5572779178619385
anealing,8,10,2,420.78,0.6141254901885986
anealing,8,10,3,337.62,0.664135217666626
anealing,8,10,4,429.19,0.6298880577087402
anealing,8,10,5,504.38,0.5990619659423828
anealing,8,10,6,378.97,0.5647435188293457
anealing,8,10,7,452.07,0.613795280456543
anealing,8,10,8,394.17,0.5955862998962402
anealing,8,10,9,407.71,0.5607964992523193
anealing,8,10,10,426.15,0.5707778930664062
anealing,8,10,11,483.67,0.5499951839447021
anealing,8,10,12,533.9,0.584852933883667
anealing,8,10,13,406.69,0.6603343486785889
anealing,8,10,14,568.63,0.5650434494018555
anealing,8,10,15,432.28,0.6155998706817627
anealing,8,10,16,292.67,0.5663414001464844
anealing,8,10,17,352.99,0.6259217262268066
anealing,8,10,18,465.08,0.5436742305755615
anealing,8,10,19,373.12,0.5528852939605713
anealing,8,10,20,449.29,0.5910019874572754
anealing,8,10,21,338.24,0.5771224498748779
anealing,8,10,22,431.89,0.6193914413452148
anealing,8,10,23,424.6,0.5880303382873535
anealing,8,10,24,414.46,0.570375919342041
anealing,8,10,25,422.22,0.5989360809326172
anealing,8,10,26,387.67,0.5441985130310059
anealing,8,10,27,423.12,0.5446844100952148
anealing,8,10,28,455.03,0.5635414123535156
anealing,8,10,29,388.77,0.600938081741333
anealing,8,10,30,412.29,0.6006691455841064
anealing,8,10,31,560.11,0.6039121150970459
anealing,8,10,32,336.37,0.5921773910522461
anealing,8,10,33,447.2,0.5800223350524902
anealing,8,10,34,458.34,0.5852901935577393
anealing,8,10,35,364.96,0.5661587715148926
anealing,8,10,36,517.45,0.6241369247436523
anealing,8,10,37,497.13,0.6091139316558838
anealing,8,10,38,430.3,0.6426863670349121
anealing,8,10,39,436.13,0.6256365776062012
anealing,8,10,40,449.71,0.5749061107635498
anealing,8,10,41,474.8,0.549335241317749
anealing,8,10,42,543.43,0.6132266521453857
anealing,8,10,43,504.15,0.5446546077728271
anealing,8,10,44,442.31,0.6242244243621826
anealing,8,10,45,435.43,0.6121368408203125
anealing,8,10,46,576.18,0.6228799819946289
anealing,8,10,47,584.27,0.6162204742431641
anealing,8,10,48,439.49,0.5928504467010498
anealing,8,10,49,439.77,0.6128101348876953
anealing,8,10,50,442.11,0.5993025302886963
anealing,8,10,51,468.53,0.6099264621734619
anealing,8,10,52,467.31,0.6246678829193115
anealing,8,10,53,386.99,0.5838496685028076
anealing,8,10,54,493.42,0.5946140289306641
anealing,8,10,55,516.9,0.6240572929382324
anealing,8,10,56,317.25,0.5328001976013184
anealing,8,10,57,483.13,0.5677225589752197
anealing,8,10,58,524.48,0.6248548030853271
anealing,8,10,59,444.68,0.5945467948913574
anealing,8,10,60,452.21,0.598982572555542
anealing,8,10,61,472.88,0.5886781215667725
anealing,8,10,62,321.57,0.5597279071807861
anealing,8,10,63,455.77,0.601494550704956
anealing,8,10,64,450.37,0.5720961093902588
anealing,8,10,65,466.37,0.6111292839050293
anealing,8,10,66,406.6,0.5946362018585205
anealing,8,10,67,385.72,0.560025691986084
anealing,8,10,68,556.77,0.6019401550292969
anealing,8,10,69,434.13,0.629155158996582
anealing,8,10,70,319.7,0.6672301292419434
anealing,8,10,71,444.51,0.5763959884643555
anealing,8,10,72,550.11,0.5815472602844238
anealing,8,10,73,404.66,0.5544261932373047
anealing,8,10,74,366.64,0.5845327377319336
anealing,8,10,75,385.56,0.5813677310943604
anealing,8,10,76,366.7,0.6417515277862549
anealing,8,10,77,417.46,0.6099193096160889
anealing,8,10,78,388.4,0.5850107669830322
anealing,8,10,79,457.55,0.5690076351165771
anealing,8,10,80,390.56,0.5922176837921143
anealing,8,10,81,409.16,0.6403334140777588
anealing,8,10,82,593.14,0.610131025314331
anealing,8,10,83,523.7,0.5911471843719482
anealing,8,10,84,374.56,0.5786468982696533
anealing,8,10,85,379.63,0.6120936870574951
anealing,8,10,86,521.38,0.5440151691436768
anealing,8,10,87,499.54,0.5952825546264648
anealing,8,10,88,571.99,0.5885565280914307
anealing,8,10,89,409.06,0.6476287841796875
anealing,8,10,90,428.02,0.5816435813903809
anealing,8,10,91,371.57,0.541348934173584
anealing,8,10,92,459.99,0.6114256381988525
anealing,8,10,93,357.43,0.5837337970733643
anealing,8,10,94,346.73,0.6186525821685791
anealing,8,10,95,399.12,0.6510393619537354
anealing,8,10,96,427.22,0.5913491249084473
anealing,8,10,97,318.8,0.5868582725524902
anealing,8,10,98,492.17,0.5995886325836182
anealing,8,10,99,430.36,0.5667507648468018
anealing,8,20,0,631.44,0.5678324699401855
anealing,8,20,1,347.81,0.5636179447174072
anealing,8,20,2,423.31,0.5903918743133545
anealing,8,20,3,337.18,0.6475625038146973
anealing,8,20,4,425.59,0.6487033367156982
anealing,8,20,5,500.87,0.5754046440124512
anealing,8,20,6,373.41,0.5572242736816406
anealing,8,20,7,455.08,0.6140882968902588
anealing,8,20,8,394.17,0.5770890712738037
anealing,8,20,9,407.69,0.5479371547698975
anealing,8,20,10,432.15,0.5695087909698486
anealing,8,20,11,483.67,0.5708894729614258
anealing,8,20,12,532.98,0.5721333026885986
anealing,8,20,13,406.69,0.6528618335723877
anealing,8,20,14,568.63,0.576735258102417
anealing,8,20,15,432.28,0.6089146137237549
anealing,8,20,16,292.67,0.576568603515625
anealing,8,20,17,353.27,0.6265525817871094
anealing,8,20,18,460.69,0.5370581150054932
anealing,8,20,19,373.12,0.5986206531524658
anealing,8,20,20,449.29,0.591498851776123
anealing,8,20,21,339.55,0.6042654514312744
anealing,8,20,22,434.18,0.6106104850769043
anealing,8,20,23,424.6,0.6002068519592285
anealing,8,20,24,412.75,0.5873267650604248
anealing,8,20,25,425.31,0.586036205291748
anealing,8,20,26,387.67,0.5360636711120605
anealing,8,20,27,423.12,0.5818183422088623
anealing,8,20,28,455.03,0.5649418830871582
anealing,8,20,29,386.47,0.6021034717559814
anealing,8,20,30,412.29,0.5858933925628662
anealing,8,20,31,561.54,0.603447675704956
anealing,8,20,32,336.37,0.6145877838134766
anealing,8,20,33,446.1,0.5767850875854492
anealing,8,20,34,458.34,0.5951552391052246
anealing,8,20,35,364.96,0.5711731910705566
anealing,8,20,36,517.45,0.5892014503479004
anealing,8,20,37,496.62,0.6188673973083496
anealing,8,20,38,430.3,0.6837031841278076
anealing,8,20,39,436.92,0.6021056175231934
anealing,8,20,40,449.59,0.5708911418914795
anealing,8,20,41,474.8,0.5457887649536133
anealing,8,20,42,545.98,0.626673698425293
anealing,8,20,43,501.72,0.5596897602081299
anealing,8,20,44,440.81,0.6378250122070312
anealing,8,20,45,435.43,0.5907769203186035
anealing,8,20,46,571.79,0.623652458190918
anealing,8,20,47,582.69,0.6271286010742188
anealing,8,20,48,442.67,0.5812432765960693
anealing,8,20,49,439.09,0.6253335475921631
anealing,8,20,50,442.11,0.5878493785858154
anealing,8,20,51,468.53,0.6055526733398438
anealing,8,20,52,466.52,0.5952081680297852
anealing,8,20,53,386.99,0.57529616355896
anealing,8,20,54,493.42,0.5843100547790527
anealing,8,20,55,515.13,0.6134543418884277
anealing,8,20,56,317.25,0.570906400680542
anealing,8,20,57,483.13,0.5605099201202393
anealing,8,20,58,526.77,0.6138954162597656
anealing,8,20,59,443.63,0.6168599128723145
anealing,8,20,60,451.44,0.6021614074707031
anealing,8,20,61,473.15,0.5836987495422363
anealing,8,20,62,330.84,0.5629868507385254
anealing,8,20,63,455.77,0.5896415710449219
anealing,8,20,64,450.37,0.5622413158416748
anealing,8,20,65,462.51,0.6163313388824463
anealing,8,20,66,407.03,0.6251029968261719
anealing,8,20,67,385.33,0.5498056411743164
anealing,8,20,68,557.31,0.6304478645324707
anealing,8,20,69,434.92,0.6086606979370117
anealing,8,20,70,317.24,0.6395788192749023
anealing,8,20,71,444.51,0.5844588279724121
anealing,8,20,72,550.11,0.5948622226715088
anealing,8,20,73,404.66,0.5919544696807861
anealing,8,20,74,372.27,0.5832741260528564
anealing,8,20,75,385.56,0.5750625133514404
anealing,8,20,76,366.88,0.639967679977417
anealing,8,20,77,417.95,0.5964670181274414
anealing,8,20,78,388.4,0.5682873725891113
anealing,8,20,79,457.55,0.5866620540618896
anealing,8,20,80,390.56,0.61808180809021
anealing,8,20,81,409.16,0.6197705268859863
anealing,8,20,82,590.9,0.6265604496002197
anealing,8,20,83,520.63,0.5891926288604736
anealing,8,20,84,374.56,0.5642056465148926
anealing,8,20,85,378.84,0.610518217086792
anealing,8,20,86,521.3,0.5287773609161377
anealing,8,20,87,500.85,0.5895013809204102
anealing,8,20,88,571.99,0.5901026725769043
anealing,8,20,89,411.74,0.6330771446228027
anealing,8,20,90,429.6,0.5920464992523193
anealing,8,20,91,366.0,0.5334792137145996
anealing,8,20,92,459.99,0.581355094909668
anealing,8,20,93,357.43,0.5733160972595215
anealing,8,20,94,346.73,0.6333699226379395
anealing,8,20,95,399.12,0.6455192565917969
anealing,8,20,96,427.71,0.5898294448852539
anealing,8,20,97,314.4,0.5778851509094238
anealing,8,20,98,492.17,0.5665051937103271
anealing,8,20,99,430.36,0.5683364868164062
anealing,8,30,0,631.44,0.5556168556213379
anealing,8,30,1,348.37,0.5597214698791504
anealing,8,30,2,423.24,0.5968246459960938
anealing,8,30,3,334.66,0.6530284881591797
anealing,8,30,4,429.19,0.6390459537506104
anealing,8,30,5,504.38,0.607062816619873
anealing,8,30,6,378.97,0.556283712387085
anealing,8,30,7,452.07,0.6292624473571777
anealing,8,30,8,394.17,0.5989990234375
anealing,8,30,9,407.71,0.5520539283752441
anealing,8,30,10,432.15,0.5813379287719727
anealing,8,30,11,484.33,0.5867278575897217
anealing,8,30,12,533.11,0.5812520980834961
anealing,8,30,13,404.86,0.6664717197418213
anealing,8,30,14,568.63,0.5869174003601074
anealing,8,30,15,423.42,0.6080334186553955
anealing,8,30,16,292.67,0.5843067169189453
anealing,8,30,17,354.57,0.6204004287719727
anealing,8,30,18,465.08,0.5276947021484375
anealing,8,30,19,373.95,0.5832841396331787
anealing,8,30,20,449.2,0.595473051071167
anealing,8,30,21,338.24,0.6177122592926025
anealing,8,30,22,429.69,0.6213576793670654
anealing,8,30,23,424.6,0.591893196105957
anealing,8,30,24,415.25,0.6013028621673584
anealing,8,30,25,421.0,0.613610029220581
anealing,8,30,26,382.0,0.5415363311767578
anealing,8,30,27,423.12,0.5545535087585449
anealing,8,30,28,455.81,0.5820941925048828
anealing,8,30,29,390.07,0.596137285232544
anealing,8,30,30,412.29,0.5807816982269287
anealing,8,30,31,560.74,0.6207997798919678
anealing,8,30,32,336.37,0.5939209461212158
anealing,8,30,33,446.1,0.5983583927154541
anealing,8,30,34,458.1,0.5944547653198242
anealing,8,30,35,364.96,0.5673263072967529
anealing,8,30,36,513.3,0.6167342662811279
anealing,8,30,37,495.57,0.6079096794128418
anealing,8,30,38,430.3,0.6509623527526855
anealing,8,30,39,434.68,0.6061162948608398
anealing,8,30,40,449.59,0.5715489387512207
anealing,8,30,41,472.77,0.5424184799194336
anealing,8,30,42,545.71,0.6298251152038574
anealing,8,30,43,504.15,0.5738377571105957
anealing,8,30,44,442.31,0.6378030776977539
anealing,8,30,45,435.43,0.6009068489074707
anealing,8,30,46,573.0,0.6218390464782715
anealing,8,30,47,583.76,0.6196095943450928
anealing,8,30,48,444.07,0.5984971523284912
anealing,8,30,49,436.48,0.6096084117889404
anealing,8,30,50,442.83,0.5950884819030762
anealing,8,30,51,468.53,0.6181631088256836
anealing,8,30,52,469.99,0.5974740982055664
anealing,8,30,53,386.99,0.5919189453125
anealing,8,30,54,493.42,0.5911688804626465
anealing,8,30,55,519.71,0.6120133399963379
anealing,8,30,56,312.86,0.5527634620666504
anealing,8,30,57,483.13,0.5536098480224609
anealing,8,30,58,524.24,0.6317558288574219
anealing,8,30,59,441.93,0.5902442932128906
anealing,8,30,60,451.44,0.6115105152130127
anealing,8,30,61,472.88,0.6349315643310547
anealing,8,30,62,333.33,0.5490789413452148
anealing,8,30,63,452.72,0.5804619789123535
anealing,8,30,64,450.37,0.5479874610900879
anealing,8,30,65,466.37,0.609724760055542
anealing,8,30,66,406.6,0.603487491607666
anealing,8,30,67,385.33,0.5433917045593262
anealing,8,30,68,557.31,0.6305289268493652
anealing,8,30,69,434.92,0.6414058208465576
anealing,8,30,70,318.59,0.6686017513275146
anealing,8,30,71,444.55,0.5933070182800293
anealing,8,30,72,546.79,0.5848839282989502
anealing,8,30,73,401.48,0.5937793254852295
anealing,8,30,74,372.27,0.5906064510345459
anealing,8,30,75,388.15,0.5794887542724609
anealing,8,30,76,367.67,0.6542999744415283
anealing,8,30,77,417.2,0.6048920154571533
anealing,8,30,78,388.4,0.5702226161956787
anealing,8,30,79,457.55,0.576615571975708
anealing,8,30,80,390.56,0.6061184406280518
anealing,8,30,81,409.16,0.6449511051177979
anealing,8,30,82,593.14,0.6006295680999756
anealing,8,30,83,523.7,0.5661416053771973
anealing,8,30,84,375.07,0.5795660018920898
anealing,8,30,85,379.63,0.604480504989624
anealing,8,30,86,522.09,0.542304515838623
anealing,8,30,87,500.85,0.5816729068756104
anealing,8,30,88,570.18,0.5963582992553711
anealing,8,30,89,412.28,0.6508622169494629
anealing,8,30,90,427.98,0.6005563735961914
anealing,8,30,91,367.86,0.5509309768676758
anealing,8,30,92,461.58,0.6067886352539062
anealing,8,30,93,352.21,0.5905101299285889
anealing,8,30,94,348.21,0.6167004108428955
anealing,8,30,95,397.78,0.6330423355102539
anealing,8,30,96,424.42,0.5965585708618164
anealing,8,30,97,318.8,0.5851726531982422
anealing,8,30,98,490.71,0.5941643714904785
anealing,8,30,99,428.24,0.5639560222625732
anealing,8,40,0,630.65,0.5753424167633057
anealing,8,40,1,348.63,0.5530250072479248
anealing,8,40,2,423.31,0.6112909317016602
anealing,8,40,3,338.23,0.6432452201843262
anealing,8,40,4,429.99,0.6367659568786621
anealing,8,40,5,504.38,0.6066644191741943
anealing,8,40,6,378.97,0.5633935928344727
anealing,8,40,7,450.94,0.6407210826873779
anealing,8,40,8,394.17,0.5947678089141846
anealing,8,40,9,407.71,0.5190825462341309
anealing,8,40,10,430.75,0.5999495983123779
anealing,8,40,11,484.33,0.5809874534606934
anealing,8,40,12,532.98,0.5826008319854736
anealing,8,40,13,406.69,0.6612482070922852
anealing,8,40,14,567.83,0.5646660327911377
anealing,8,40,15,432.28,0.6046497821807861
anealing,8,40,16,292.67,0.5723280906677246
anealing,8,40,17,354.57,0.6233294010162354
anealing,8,40,18,465.08,0.5343120098114014
anealing,8,40,19,373.95,0.5960612297058105
anealing,8,40,20,453.04,0.5804653167724609
anealing,8,40,21,339.55,0.6092572212219238
anealing,8,40,22,432.36,0.6202991008758545
anealing,8,40,23,423.97,0.6123380661010742
anealing,8,40,24,415.25,0.6032047271728516
anealing,8,40,25,425.31,0.6260607242584229
anealing,8,40,26,384.1,0.5244359970092773
anealing,8,40,27,423.12,0.546905517578125
anealing,8,40,28,438.74,0.6041109561920166
anealing,8,40,29,390.07,0.5937626361846924
anealing,8,40,30,412.29,0.5830318927764893
anealing,8,40,31,561.79,0.6159043312072754
anealing,8,40,32,328.1,0.5951554775238037
anealing,8,40,33,447.2,0.5748307704925537
anealing,8,40,34,458.34,0.6005086898803711
anealing,8,40,35,364.96,0.5687401294708252
anealing,8,40,36,517.45,0.6008150577545166
anealing,8,40,37,497.13,0.6441676616668701
anealing,8,40,38,430.3,0.6322321891784668
anealing,8,40,39,435.43,0.6115539073944092
anealing,8,40,40,449.59,0.5913126468658447
anealing,8,40,41,472.77,0.5646378993988037
anealing,8,40,42,545.98,0.6252377033233643
anealing,8,40,43,504.15,0.5622496604919434
anealing,8,40,44,439.62,0.6232364177703857
anealing,8,40,45,428.54,0.6122043132781982
anealing,8,40,46,576.18,0.6289656162261963
anealing,8,40,47,583.76,0.6091129779815674
anealing,8,40,48,444.96,0.5727989673614502
anealing,8,40,49,439.09,0.6269760131835938
anealing,8,40,50,442.64,0.5851831436157227
anealing,8,40,51,462.79,0.6075139045715332
anealing,8,40,52,469.99,0.6142919063568115
anealing,8,40,53,386.99,0.5745880603790283
anealing,8,40,54,492.12,0.5885608196258545
anealing,8,40,55,519.71,0.6074914932250977
anealing,8,40,56,317.25,0.5528175830841064
anealing,8,40,57,483.13,0.5666227340698242
anealing,8,40,58,519.88,0.6363048553466797
anealing,8,40,59,441.93,0.5918684005737305
anealing,8,40,60,452.21,0.5820770263671875
anealing,8,40,61,473.15,0.5807502269744873
anealing,8,40,62,330.84,0.5626792907714844
anealing,8,40,63,452.64,0.6050064563751221
anealing,8,40,64,450.37,0.5851016044616699
anealing,8,40,65,462.51,0.6108057498931885
anealing,8,40,66,407.82,0.6165831089019775
anealing,8,40,67,385.33,0.5349514484405518
anealing,8,40,68,557.31,0.6259419918060303
anealing,8,40,69,433.34,0.6648814678192139
anealing,8,40,70,316.45,0.6509232521057129
anealing,8,40,71,444.55,0.5897915363311768
anealing,8,40,72,542.91,0.6011478900909424
anealing,8,40,73,405.45,0.5698752403259277
anealing,8,40,74,372.27,0.5995223522186279
anealing,8,40,75,388.15,0.5473065376281738
anealing,8,40,76,367.67,0.6618640422821045
anealing,8,40,77,417.95,0.6143097877502441
anealing,8,40,78,388.4,0.5751426219940186
anealing,8,40,79,457.55,0.5641293525695801
anealing,8,40,80,390.56,0.6269352436065674
anealing,8,40,81,405.98,0.6303913593292236
anealing,8,40,82,593.94,0.612116813659668
anealing,8,40,83,523.7,0.5781106948852539
anealing,8,40,84,374.56,0.5749554634094238
anealing,8,40,85,379.63,0.6087698936462402
anealing,8,40,86,522.09,0.5575389862060547
anealing,8,40,87,500.85,0.5784718990325928
anealing,8,40,88,571.99,0.5633206367492676
anealing,8,40,89,410.12,0.6279110908508301
anealing,8,40,90,429.6,0.5783576965332031
anealing,8,40,91,371.57,0.5459415912628174
anealing,8,40,92,461.58,0.6020176410675049
anealing,8,40,93,356.7,0.5975091457366943
anealing,8,40,94,348.21,0.6267235279083252
anealing,8,40,95,397.46,0.6407568454742432
anealing,8,40,96,427.22,0.5930051803588867
anealing,8,40,97,318.52,0.600893497467041
anealing,8,40,98,490.71,0.5853462219238281
anealing,8,40,99,430.36,0.5820217132568359
anealing,8,50,0,630.65,0.5747740268707275
anealing,8,50,1,348.37,0.5680427551269531
anealing,8,50,2,421.15,0.5708222389221191
anealing,8,50,3,333.84,0.6276657581329346
anealing,8,50,4,429.99,0.617011547088623
anealing,8,50,5,504.38,0.5866587162017822
anealing,8,50,6,378.97,0.5399518013000488
anealing,8,50,7,455.08,0.6027770042419434
anealing,8,50,8,394.17,0.602790355682373
anealing,8,50,9,407.69,0.5760133266448975
anealing,8,50,10,432.15,0.5897660255432129
anealing,8,50,11,484.33,0.574439525604248
anealing,8,50,12,532.98,0.5840189456939697
anealing,8,50,13,404.86,0.6850423812866211
anealing,8,50,14,567.83,0.5620131492614746
anealing,8,50,15,432.28,0.614607572555542
anealing,8,50,16,292.67,0.5546236038208008
anealing,8,50,17,354.57,0.6137280464172363
anealing,8,50,18,465.08,0.5374679565429688
anealing,8,50,19,373.12,0.5846736431121826
anealing,8,50,20,453.04,0.6037065982818604
anealing,8,50,21,339.55,0.5958242416381836
anealing,8,50,22,433.92,0.6317877769470215
anealing,8,50,23,423.97,0.622708797454834
anealing,8,50,24,415.25,0.579871654510498
anealing,8,50,25,425.31,0.5858025550842285
anealing,8,50,26,387.67,0.560279130935669
anealing,8,50,27,423.12,0.5627255439758301
anealing,8,50,28,455.03,0.583104133605957
anealing,8,50,29,388.77,0.5956289768218994
anealing,8,50,30,412.29,0.5813934803009033
anealing,8,50,31,561.79,0.6075832843780518
anealing,8,50,32,335.25,0.5874128341674805
anealing,8,50,33,447.48,0.5739665031433105
anealing,8,50,34,458.1,0.5941250324249268
anealing,8,50,35,357.58,0.5683255195617676
anealing,8,50,36,516.41,0.6244776248931885
anealing,8,50,37,496.62,0.6353719234466553
anealing,8,50,38,430.3,0.638777494430542
anealing,8,50,39,436.92,0.6167888641357422
anealing,8,50,40,449.59,0.5662078857421875
anealing,8,50,41,474.8,0.5443844795227051
anealing,8,50,42,545.98,0.6137654781341553
anealing,8,50,43,504.15,0.5507402420043945
anealing,8,50,44,442.31,0.6406192779541016
anealing,8,50,45,435.43,0.5901844501495361
anealing,8,50,46,573.33,0.634657621383667
anealing,8,50,47,583.76,0.5847494602203369
anealing,8,50,48,442.67,0.6029858589172363
anealing,8,50,49,439.09,0.6230270862579346
anealing,8,50,50,442.11,0.6178874969482422
anealing,8,50,51,468.53,0.5920464992523193
anealing,8,50,52,467.31,0.6069643497467041
anealing,8,50,53,386.99,0.5936429500579834
anealing,8,50,54,493.42,0.5625827312469482
anealing,8,50,55,519.71,0.6210794448852539
anealing,8,50,56,317.25,0.5604248046875
anealing,8,50,57,483.13,0.5613412857055664
anealing,8,50,58,524.24,0.6235413551330566
anealing,8,50,59,441.93,0.6023354530334473
anealing,8,50,60,447.05,0.5956504344940186
anealing,8,50,61,472.88,0.5862324237823486
anealing,8,50,62,333.33,0.5641746520996094
anealing,8,50,63,452.72,0.621068000793457
anealing,8,50,64,445.98,0.5681047439575195
anealing,8,50,65,465.94,0.5944850444793701
anealing,8,50,66,407.82,0.6013178825378418
anealing,8,50,67,385.33,0.559098482131958
anealing,8,50,68,556.77,0.6175508499145508
anealing,8,50,69,434.13,0.6420304775238037
anealing,8,50,70,319.7,0.6798586845397949
anealing,8,50,71,444.55,0.5742330551147461
anealing,8,50,72,550.11,0.6072664260864258
anealing,8,50,73,405.45,0.5891635417938232
anealing,8,50,74,372.66,0.5763347148895264
anealing,8,50,75,388.15,0.6025831699371338
anealing,8,50,76,366.16,0.6608872413635254
anealing,8,50,77,417.95,0.6062369346618652
anealing,8,50,78,388.4,0.5659182071685791
anealing,8,50,79,457.55,0.5898964405059814
anealing,8,50,80,390.56,0.6125004291534424
anealing,8,50,81,404.76,0.6150894165039062
anealing,8,50,82,590.92,0.6135735511779785
anealing,8,50,83,523.7,0.5682289600372314
anealing,8,50,84,375.07,0.5731048583984375
anealing,8,50,85,379.63,0.5927367210388184
anealing,8,50,86,521.3,0.5283691883087158
anealing,8,50,87,500.85,0.5819568634033203
anealing,8,50,88,571.99,0.578235387802124
anealing,8,50,89,409.06,0.6370792388916016
anealing,8,50,90,429.6,0.5905330181121826
anealing,8,50,91,371.57,0.5618548393249512
anealing,8,50,92,454.8,0.5841312408447266
anealing,8,50,93,357.43,0.571763277053833
anealing,8,50,94,348.21,0.619739294052124
anealing,8,50,95,396.08,0.6598207950592041
anealing,8,50,96,422.69,0.5945782661437988
anealing,8,50,97,315.41,0.5865006446838379
anealing,8,50,98,492.17,0.584935188293457
anealing,8,50,99,430.36,0.5687761306762695
anealing,8,60,0,630.65,0.5757489204406738
anealing,8,60,1,348.37,0.553438663482666
anealing,8,60,2,423.31,0.5914895534515381
anealing,8,60,3,337.62,0.615537166595459
anealing,8,60,4,426.88,0.6183996200561523
anealing,8,60,5,500.87,0.613440990447998
anealing,8,60,6,378.97,0.5757672786712646
anealing,8,60,7,453.68,0.6064538955688477
anealing,8,60,8,394.17,0.5833604335784912
anealing,8,60,9,407.69,0.5648863315582275
anealing,8,60,10,432.15,0.5445797443389893
anealing,8,60,11,484.05,0.5666978359222412
anealing,8,60,12,533.9,0.6038014888763428
anealing,8,60,13,406.69,0.6705307960510254
anealing,8,60,14,568.63,0.5582232475280762
anealing,8,60,15,432.28,0.5935451984405518
anealing,8,60,16,292.67,0.563610315322876
anealing,8,60,17,354.57,0.6146810054779053
anealing,8,60,18,465.08,0.5577945709228516
anealing,8,60,19,374.74,0.5797057151794434
anealing,8,60,20,446.22,0.5888626575469971
anealing,8,60,21,336.53,0.6017343997955322
anealing,8,60,22,434.97,0.6209609508514404
anealing,8,60,23,424.42,0.6008472442626953
anealing,8,60,24,415.25,0.5840866565704346
anealing,8,60,25,425.31,0.5968935489654541
anealing,8,60,26,387.67,0.5649628639221191
anealing,8,60,27,423.12,0.5562965869903564
anealing,8,60,28,455.03,0.5616521835327148
anealing,8,60,29,390.07,0.603074312210083
anealing,8,60,30,412.29,0.5887794494628906
anealing,8,60,31,561.48,0.5897796154022217
anealing,8,60,32,336.37,0.5913546085357666
anealing,8,60,33,447.2,0.6003758907318115
anealing,8,60,34,458.1,0.5920023918151855
anealing,8,60,35,364.96,0.5705170631408691
anealing,8,60,36,516.41,0.6153051853179932
anealing,8,60,37,495.13,0.6106867790222168
anealing,8,60,38,431.09,0.6266560554504395
anealing,8,60,39,435.43,0.6118619441986084
anealing,8,60,40,449.71,0.6003260612487793
anealing,8,60,41,475.19,0.552025318145752
anealing,8,60,42,544.26,0.609424352645874
anealing,8,60,43,504.15,0.569643497467041
anealing,8,60,44,442.31,0.6285860538482666
anealing,8,60,45,435.43,0.5912282466888428
anealing,8,60,46,575.39,0.602959156036377
anealing,8,60,47,583.76,0.6297006607055664
anealing,8,60,48,444.96,0.5957398414611816
anealing,8,60,49,439.77,0.5885708332061768
anealing,8,60,50,442.11,0.5984797477722168
anealing,8,60,51,468.53,0.6086525917053223
anealing,8,60,52,469.99,0.6102330684661865
anealing,8,60,53,386.99,0.5691049098968506
anealing,8,60,54,490.66,0.578716516494751
anealing,8,60,55,516.11,0.6391699314117432
anealing,8,60,56,312.86,0.5703999996185303
anealing,8,60,57,483.48,0.590599775314331
anealing,8,60,58,524.24,0.6324563026428223
anealing,8,60,59,443.63,0.5922081470489502
anealing,8,60,60,452.21,0.5838861465454102
anealing,8,60,61,473.15,0.5768637657165527
anealing,8,60,62,333.33,0.5941152572631836
anealing,8,60,63,455.77,0.6013119220733643
anealing,8,60,64,450.37,0.5873775482177734
anealing,8,60,65,462.51,0.6153638362884521
anealing,8,60,66,407.82,0.5896205902099609
anealing,8,60,67,380.8,0.5570559501647949
anealing,8,60,68,557.31,0.6149170398712158
anealing,8,60,69,429.74,0.6310453414916992
anealing,8,60,70,318.7,0.6507778167724609
anealing,8,60,71,444.51,0.5823724269866943
anealing,8,60,72,550.11,0.5771028995513916
anealing,8,60,73,405.45,0.5643496513366699
anealing,8,60,74,367.37,0.5972340106964111
anealing,8,60,75,388.15,0.5593101978302002
anealing,8,60,76,366.16,0.6424195766448975
anealing,8,60,77,417.95,0.5994043350219727
anealing,8,60,78,376.2,0.5792539119720459
anealing,8,60,79,457.55,0.5896306037902832
anealing,8,60,80,390.56,0.6184444427490234
anealing,8,60,81,409.16,0.6295070648193359
anealing,8,60,82,590.92,0.6053555011749268
anealing,8,60,83,523.7,0.5871620178222656
anealing,8,60,84,375.07,0.5856616497039795
anealing,8,60,85,378.84,0.6276166439056396
anealing,8,60,86,521.38,0.5609312057495117
anealing,8,60,87,500.85,0.5812544822692871
anealing,8,60,88,571.99,0.5894508361816406
anealing,8,60,89,411.74,0.6080358028411865
anealing,8,60,90,429.6,0.6057696342468262
anealing,8,60,91,371.57,0.536146879196167
anealing,8,60,92,456.93,0.5584280490875244
anealing,8,60,93,356.7,0.5716996192932129
anealing,8,60,94,342.33,0.6170003414154053
anealing,8,60,95,397.78,0.6484982967376709
anealing,8,60,96,427.71,0.6101500988006592
anealing,8,60,97,318.52,0.587122917175293
anealing,8,60,98,492.17,0.5702204704284668
anealing,8,60,99,430.36,0.5524051189422607
anealing,8,70,0,630.12,0.5755825042724609
anealing,8,70,1,348.63,0.5739572048187256
anealing,8,70,2,423.31,0.5765388011932373
anealing,8,70,3,337.62,0.6550943851470947
anealing,8,70,4,429.19,0.6439499855041504
anealing,8,70,5,504.38,0.5874917507171631
anealing,8,70,6,378.97,0.5516345500946045
anealing,8,70,7,455.08,0.6087265014648438
anealing,8,70,8,394.17,0.587507963180542
anealing,8,70,9,407.69,0.5659749507904053
anealing,8,70,10,432.15,0.5837934017181396
anealing,8,70,11,484.05,0.5820157527923584
anealing,8,70,12,533.9,0.6026217937469482
anealing,8,70,13,406.69,0.6893484592437744
anealing,8,70,14,567.83,0.5632679462432861
anealing,8,70,15,432.28,0.5972373485565186
anealing,8,70,16,292.67,0.5691614151000977
anealing,8,70,17,353.27,0.6213462352752686
anealing,8,70,18,465.08,0.5333340167999268
anealing,8,70,19,374.74,0.5843782424926758
anealing,8,70,20,453.04,0.5802984237670898
anealing,8,70,21,339.55,0.5846600532531738
anealing,8,70,22,434.18,0.6138820648193359
anealing,8,70,23,423.71,0.6017322540283203
anealing,8,70,24,415.25,0.5808746814727783
anealing,8,70,25,425.31,0.5927677154541016
anealing,8,70,26,387.67,0.5553750991821289
anealing,8,70,27,423.12,0.5513744354248047
anealing,8,70,28,455.81,0.5773358345031738
anealing,8,70,29,390.07,0.6151704788208008
anealing,8,70,30,405.18,0.5791406631469727
anealing,8,70,31,561.79,0.609827995300293
anealing,8,70,32,335.6,0.5809357166290283
anealing,8,70,33,447.4,0.5856239795684814
anealing,8,70,34,458.34,0.5872108936309814
anealing,8,70,35,364.96,0.5623712539672852
anealing,8,70,36,517.45,0.6027946472167969
anealing,8,70,37,496.36,0.6178562641143799
anealing,8,70,38,428.59,0.6455514430999756
anealing,8,70,39,434.68,0.6068227291107178
anealing,8,70,40,449.71,0.603205680847168
anealing,8,70,41,474.8,0.5387313365936279
anealing,8,70,42,545.98,0.6065430641174316
anealing,8,70,43,504.15,0.5581338405609131
anealing,8,70,44,442.31,0.5947513580322266
anealing,8,70,45,435.43,0.5875017642974854
anealing,8,70,46,564.78,0.6064848899841309
anealing,8,70,47,582.18,0.6149930953979492
anealing,8,70,48,444.07,0.5910160541534424
anealing,8,70,49,439.77,0.6023147106170654
anealing,8,70,50,442.11,0.5964879989624023
anealing,8,70,51,468.53,0.5937211513519287
anealing,8,70,52,469.99,0.5951533317565918
anealing,8,70,53,384.57,0.5848984718322754
anealing,8,70,54,493.42,0.5871710777282715
anealing,8,70,55,518.3,0.6435146331787109
anealing,8,70,56,317.25,0.5759036540985107
anealing,8,70,57,483.48,0.557053804397583
anealing,8,70,58,524.24,0.636951208114624
anealing,8,70,59,441.93,0.5831897258758545
anealing,8,70,60,450.32,0.6002802848815918
anealing,8,70,61,473.15,0.5954451560974121
anealing,8,70,62,332.24,0.5328688621520996
anealing,8,70,63,450.8,0.6143338680267334
anealing,8,70,64,450.37,0.5872125625610352
anealing,8,70,65,466.37,0.6206419467926025
anealing,8,70,66,407.55,0.5863001346588135
anealing,8,70,67,385.72,0.5662355422973633
anealing,8,70,68,557.31,0.6395590305328369
anealing,8,70,69,434.92,0.6254093647003174
anealing,8,70,70,317.31,0.6451103687286377
anealing,8,70,71,444.51,0.5910155773162842
anealing,8,70,72,550.11,0.6023104190826416
anealing,8,70,73,405.45,0.5914421081542969
anealing,8,70,74,372.66,0.575214147567749
anealing,8,70,75,385.56,0.5730485916137695
anealing,8,70,76,365.11,0.6422488689422607
anealing,8,70,77,417.95,0.6135122776031494
anealing,8,70,78,388.4,0.579646110534668
anealing,8,70,79,457.55,0.5923264026641846
anealing,8,70,80,390.56,0.6224315166473389
anealing,8,70,81,405.98,0.6462051868438721
anealing,8,70,82,590.92,0.6196537017822266
anealing,8,70,83,523.7,0.5867078304290771
anealing,8,70,84,375.07,0.6017370223999023
anealing,8,70,85,378.84,0.5946578979492188
anealing,8,70,86,522.09,0.5271296501159668
anealing,8,70,87,500.85,0.5780341625213623
anealing,8,70,88,571.99,0.5679581165313721
anealing,8,70,89,412.28,0.6278238296508789
anealing,8,70,90,429.6,0.5952861309051514
anealing,8,70,91,371.57,0.532505989074707
anealing,8,70,92,461.58,0.6328191757202148
anealing,8,70,93,357.43,0.5813913345336914
anealing,8,70,94,348.21,0.6053385734558105
anealing,8,70,95,397.46,0.6417779922485352
anealing,8,70,96,425.29,0.5997076034545898
anealing,8,70,97,318.52,0.5807797908782959
anealing,8,70,98,492.17,0.5796880722045898
anealing,8,70,99,430.36,0.5662224292755127
anealing,8,80,0,631.44,0.5787637233734131
anealing,8,80,1,348.37,0.5698089599609375
anealing,8,80,2,423.24,0.6049144268035889
anealing,8,80,3,338.23,0.6380500793457031
anealing,8,80,4,429.99,0.6477742195129395
anealing,8,80,5,500.87,0.5873293876647949
anealing,8,80,6,373.41,0.5675480365753174
anealing,8,80,7,449.89,0.6030843257904053
anealing,8,80,8,394.17,0.6019933223724365
anealing,8,80,9,407.69,0.5379598140716553
anealing,8,80,10,430.75,0.5963916778564453
anealing,8,80,11,484.05,0.5755093097686768
anealing,8,80,12,533.11,0.5813186168670654
anealing,8,80,13,406.69,0.6681616306304932
anealing,8,80,14,568.63,0.558171272277832
anealing,8,80,15,432.28,0.6243488788604736
anealing,8,80,16,292.67,0.5755448341369629
anealing,8,80,17,352.99,0.5860550403594971
anealing,8,80,18,465.08,0.5345296859741211
anealing,8,80,19,371.28,0.5770707130432129
anealing,8,80,20,453.04,0.5794036388397217
anealing,8,80,21,339.55,0.5770554542541504
anealing,8,80,22,434.97,0.5948820114135742
anealing,8,80,23,420.64,0.5958423614501953
anealing,8,80,24,415.25,0.58807373046875
anealing,8,80,25,425.31,0.5864193439483643
anealing,8,80,26,387.67,0.543079137802124
anealing,8,80,27,423.12,0.536123514175415
anealing,8,80,28,455.03,0.5678019523620605
anealing,8,80,29,386.75,0.596106767654419
anealing,8,80,30,412.29,0.5987045764923096
anealing,8,80,31,561.54,0.6039590835571289
anealing,8,80,32,329.79,0.6034393310546875
anealing,8,80,33,447.48,0.5836658477783203
anealing,8,80,34,458.34,0.6260981559753418
anealing,8,80,35,364.96,0.5716738700866699
anealing,8,80,36,516.41,0.5849041938781738
anealing,8,80,37,496.62,0.6310582160949707
anealing,8,80,38,430.3,0.6352634429931641
anealing,8,80,39,433.09,0.6246154308319092
anealing,8,80,40,449.71,0.5629758834838867
anealing,8,80,41,471.19,0.5642716884613037
anealing,8,80,42,545.98,0.5830790996551514
anealing,8,80,43,504.15,0.5598163604736328
anealing,8,80,44,442.31,0.6017060279846191
anealing,8,80,45,435.43,0.5844824314117432
anealing,8,80,46,573.0,0.6037094593048096
anealing,8,80,47,581.8,0.6213862895965576
anealing,8,80,48,441.96,0.5782139301300049
anealing,8,80,49,436.48,0.6188557147979736
anealing,8,80,50,440.22,0.5963358879089355
anealing,8,80,51,468.53,0.5955746173858643
anealing,8,80,52,467.31,0.6069815158843994
anealing,8,80,53,383.9,0.5867407321929932
anealing,8,80,54,493.42,0.5636115074157715
anealing,8,80,55,519.71,0.6130819320678711
anealing,8,80,56,317.25,0.571936845779419
anealing,8,80,57,483.13,0.564556360244751
anealing,8,80,58,526.0,0.6235344409942627
anealing,8,80,59,443.63,0.5757303237915039
anealing,8,80,60,447.05,0.6039395332336426
anealing,8,80,61,473.15,0.5641448497772217
anealing,8,80,62,332.24,0.5695664882659912
anealing,8,80,63,452.72,0.6076569557189941
anealing,8,80,64,450.37,0.5833930969238281
anealing,8,80,65,466.37,0.6143889427185059
anealing,8,80,66,405.99,0.5870308876037598
anealing,8,80,67,385.33,0.5665132999420166
anealing,8,80,68,556.77,0.6215393543243408
anealing,8,80,69,429.44,0.634141206741333
anealing,8,80,70,319.11,0.6505265235900879
anealing,8,80,71,440.15,0.5684208869934082
anealing,8,80,72,550.11,0.6112427711486816
anealing,8,80,73,404.66,0.5924491882324219
anealing,8,80,74,370.76,0.5638935565948486
anealing,8,80,75,388.15,0.5789477825164795
anealing,8,80,76,367.18,0.6572508811950684
anealing,8,80,77,417.95,0.5811634063720703
anealing,8,80,78,388.4,0.5673460960388184
anealing,8,80,79,457.55,0.5821089744567871
anealing,8,80,80,390.56,0.6196773052215576
anealing,8,80,81,409.16,0.6344223022460938
anealing,8,80,82,593.94,0.6080038547515869
anealing,8,80,83,520.63,0.5604305267333984
anealing,8,80,84,374.56,0.5649073123931885
anealing,8,80,85,374.01,0.6055560111999512
anealing,8,80,86,522.09,0.5550298690795898
anealing,8,80,87,500.85,0.562354564666748
anealing,8,80,88,571.99,0.5790269374847412
anealing,8,80,89,413.07,0.6485097408294678
anealing,8,80,90,425.4,0.5839009284973145
anealing,8,80,91,371.57,0.5530688762664795
anealing,8,80,92,461.58,0.5858521461486816
anealing,8,80,93,357.43,0.5702722072601318
anealing,8,80,94,348.21,0.6094911098480225
anealing,8,80,95,397.46,0.6272225379943848
anealing,8,80,96,427.52,0.6057569980621338
anealing,8,80,97,318.52,0.5670597553253174
anealing,8,80,98,489.88,0.590367317199707
anealing,8,80,99,430.36,0.559105634689331
anealing,8,90,0,630.65,0.5722742080688477
anealing,8,90,1,348.63,0.5420446395874023
anealing,8,90,2,423.24,0.5867114067077637
anealing,8,90,3,333.58,0.6432881355285645
anealing,8,90,4,426.88,0.6434402465820312
anealing,8,90,5,504.38,0.5985050201416016
anealing,8,90,6,378.97,0.57462477684021
anealing,8,90,7,455.08,0.6020965576171875
anealing,8,90,8,394.17,0.5586531162261963
anealing,8,90,9,407.71,0.5489840507507324
anealing,8,90,10,426.69,0.5691726207733154
anealing,8,90,11,484.05,0.5645427703857422
anealing,8,90,12,533.9,0.5817828178405762
anealing,8,90,13,404.86,0.6565811634063721
anealing,8,90,14,567.83,0.5659916400909424
anealing,8,90,15,432.28,0.6028833389282227
anealing,8,90,16,292.67,0.5546731948852539
anealing,8,90,17,352.99,0.5983715057373047
anealing,8,90,18,465.08,0.5362675189971924
anealing,8,90,19,373.12,0.5687062740325928
anealing,8,90,20,453.04,0.5884227752685547
anealing,8,90,21,339.55,0.6065328121185303
anealing,8,90,22,433.92,0.6227705478668213
anealing,8,90,23,423.17,0.5979340076446533
anealing,8,90,24,415.25,0.5685181617736816
anealing,8,90,25,425.31,0.5910747051239014
anealing,8,90,26,387.67,0.5550992488861084
anealing,8,90,27,423.12,0.5335619449615479
anealing,8,90,28,455.03,0.59934401512146
anealing,8,90,29,383.56,0.5896751880645752
anealing,8,90,30,411.24,0.5894532203674316
anealing,8,90,31,559.9,0.6064345836639404
anealing,8,90,32,335.6,0.5780973434448242
anealing,8,90,33,447.4,0.5841507911682129
anealing,8,90,34,458.1,0.6072773933410645
anealing,8,90,35,364.96,0.5642411708831787
anealing,8,90,36,517.45,0.6033790111541748
anealing,8,90,37,497.13,0.622474193572998
anealing,8,90,38,430.3,0.6452012062072754
anealing,8,90,39,434.68,0.6092410087585449
anealing,8,90,40,449.59,0.576077938079834
anealing,8,90,41,475.19,0.5446066856384277
anealing,8,90,42,548.48,0.6120705604553223
anealing,8,90,43,504.15,0.5511062145233154
anealing,8,90,44,442.31,0.625206708908081
anealing,8,90,45,435.43,0.5886640548706055
anealing,8,90,46,575.39,0.6220223903656006
anealing,8,90,47,582.97,0.612159252166748
anealing,8,90,48,440.21,0.5947573184967041
anealing,8,90,49,439.77,0.5884852409362793
anealing,8,90,50,442.11,0.6014394760131836
anealing,8,90,51,461.25,0.615764856338501
anealing,8,90,52,468.1,0.6640079021453857
anealing,8,90,53,386.99,0.556269645690918
anealing,8,90,54,490.41,0.5684514045715332
anealing,8,90,55,518.3,0.6042068004608154
anealing,8,90,56,317.25,0.5660915374755859
anealing,8,90,57,483.13,0.5726284980773926
anealing,8,90,58,526.0,0.6216731071472168
anealing,8,90,59,443.63,0.6090056896209717
anealing,8,90,60,452.21,0.5894796848297119
anealing,8,90,61,473.15,0.5890703201293945
anealing,8,90,62,332.24,0.5755906105041504
anealing,8,90,63,455.77,0.5978355407714844
anealing,8,90,64,445.98,0.5874307155609131
anealing,8,90,65,465.94,0.6083576679229736
anealing,8,90,66,407.03,0.6166961193084717
anealing,8,90,67,385.33,0.5539672374725342
anealing,8,90,68,557.31,0.6166670322418213
anealing,8,90,69,434.92,0.6024284362792969
anealing,8,90,70,316.45,0.6607489585876465
anealing,8,90,71,444.51,0.5785284042358398
anealing,8,90,72,546.79,0.5911920070648193
anealing,8,90,73,405.45,0.6007494926452637
anealing,8,90,74,371.61,0.5771334171295166
anealing,8,90,75,388.15,0.583444356918335
anealing,8,90,76,360.78,0.6464033126831055
anealing,8,90,77,417.95,0.603888750076294
anealing,8,90,78,385.77,0.5731821060180664
anealing,8,90,79,457.55,0.5823562145233154
anealing,8,90,80,390.56,0.6236662864685059
anealing,8,90,81,405.65,0.6424524784088135
anealing,8,90,82,593.94,0.6138191223144531
anealing,8,90,83,523.7,0.6181697845458984
anealing,8,90,84,375.07,0.5656638145446777
anealing,8,90,85,377.26,0.6167423725128174
anealing,8,90,86,521.38,0.5560910701751709
anealing,8,90,87,500.85,0.565007209777832
anealing,8,90,88,571.99,0.559420108795166
anealing,8,90,89,409.06,0.6177787780761719
anealing,8,90,90,427.98,0.5702838897705078
anealing,8,90,91,371.57,0.5288209915161133
anealing,8,90,92,461.58,0.5899415016174316
anealing,8,90,93,357.43,0.578606128692627
anealing,8,90,94,348.21,0.6091952323913574
anealing,8,90,95,395.58,0.6462769508361816
anealing,8,90,96,427.52,0.5986342430114746
anealing,8,90,97,318.8,0.5889346599578857
anealing,8,90,98,492.17,0.5715889930725098
anealing,8,90,99,430.36,0.5760383605957031
anealing,8,100,0,631.44,0.561007022857666
anealing,8,100,1,348.63,0.5541319847106934
anealing,8,100,2,423.24,0.5837142467498779
anealing,8,100,3,337.62,0.631072998046875
anealing,8,100,4,429.19,0.6256887912750244
anealing,8,100,5,500.87,0.6171257495880127
anealing,8,100,6,378.97,0.5749843120574951
anealing,8,100,7,455.08,0.6003844738006592
anealing,8,100,8,394.17,0.5983221530914307
anealing,8,100,9,407.71,0.5659668445587158
anealing,8,100,10,432.15,0.5798618793487549
anealing,8,100,11,484.05,0.556358814239502
anealing,8,100,12,529.08,0.5998749732971191
anealing,8,100,13,406.69,0.6603608131408691
anealing,8,100,14,567.83,0.5753464698791504
anealing,8,100,15,432.28,0.5920207500457764
anealing,8,100,16,292.67,0.5636661052703857
anealing,8,100,17,352.99,0.623981237411499
anealing,8,100,18,465.08,0.5365347862243652
anealing,8,100,19,374.74,0.5937521457672119
anealing,8,100,20,449.29,0.5992522239685059
anealing,8,100,21,336.53,0.5919721126556396
anealing,8,100,22,434.65,0.619920015335083
anealing,8,100,23,423.71,0.6158452033996582
anealing,8,100,24,414.46,0.5763819217681885
anealing,8,100,25,425.31,0.6014368534088135
anealing,8,100,26,387.67,0.5337784290313721
anealing,8,100,27,423.12,0.5601985454559326
anealing,8,100,28,455.03,0.5625653266906738
anealing,8,100,29,390.07,0.6011946201324463
anealing,8,100,30,412.29,0.5849208831787109
anealing,8,100,31,560.74,0.6041531562805176
anealing,8,100,32,336.37,0.6088593006134033
anealing,8,100,33,447.4,0.5775198936462402
anealing,8,100,34,458.34,0.5964381694793701
anealing,8,100,35,364.96,0.5572943687438965
anealing,8,100,36,517.45,0.6139938831329346
anealing,8,100,37,495.57,0.621049165725708
anealing,8,100,38,430.3,0.6348657608032227
anealing,8,100,39,434.68,0.6154532432556152
anealing,8,100,40,449.71,0.5829041004180908
anealing,8,100,41,474.8,0.5355081558227539
anealing,8,100,42,545.71,0.600205659866333
anealing,8,100,43,504.15,0.5664849281311035
anealing,8,100,44,442.31,0.6318085193634033
anealing,8,100,45,435.43,0.612870454788208
anealing,8,100,46,575.39,0.6098823547363281
anealing,8,100,47,581.8,0.6120214462280273
anealing,8,100,48,442.67,0.6006166934967041
anealing,8,100,49,439.09,0.6019484996795654
anealing,8,100,50,440.8,0.5849177837371826
anealing,8,100,51,468.53,0.5951025485992432
anealing,8,100,52,468.1,0.6102049350738525
anealing,8,100,53,386.99,0.5801281929016113
anealing,8,100,54,493.42,0.5921761989593506
anealing,8,100,55,519.71,0.61226487159729
anealing,8,100,56,317.25,0.5819854736328125
anealing,8,100,57,483.13,0.5543365478515625
anealing,8,100,58,526.0,0.6281800270080566
anealing,8,100,59,441.13,0.6038863658905029
anealing,8,100,60,452.21,0.5582602024078369
anealing,8,100,61,473.15,0.5856544971466064
anealing,8,100,62,331.17,0.5544910430908203
anealing,8,100,63,447.87,0.6007275581359863
anealing,8,100,64,450.37,0.5743019580841064
anealing,8,100,65,466.37,0.6199548244476318
anealing,8,100,66,406.32,0.6012725830078125
anealing,8,100,67,384.56,0.5683133602142334
anealing,8,100,68,552.91,0.623319149017334
anealing,8,100,69,433.34,0.6049947738647461
anealing,8,100,70,318.7,0.6615931987762451
anealing,8,100,71,444.51,0.5815722942352295
anealing,8,100,72,550.11,0.6037225723266602
anealing,8,100,73,405.45,0.5785086154937744
anealing,8,100,74,366.05,0.5811302661895752
anealing,8,100,75,388.15,0.5983791351318359
anealing,8,100,76,366.16,0.643831729888916
anealing,8,100,77,417.95,0.5932843685150146
anealing,8,100,78,388.4,0.5955464839935303
anealing,8,100,79,457.55,0.5933849811553955
anealing,8,100,80,390.56,0.6061420440673828
anealing,8,100,81,405.98,0.6274969577789307
anealing,8,100,82,593.14,0.6115720272064209
anealing,8,100,83,523.7,0.5874414443969727
anealing,8,100,84,375.07,0.5795466899871826
anealing,8,100,85,374.01,0.6040933132171631
anealing,8,100,86,521.3,0.550137996673584
anealing,8,100,87,500.85,0.5751585960388184
anealing,8,100,88,572.56,0.5574016571044922
anealing,8,100,89,404.22,0.6149511337280273
anealing,8,100,90,429.6,0.6121523380279541
anealing,8,100,91,371.57,0.5383634567260742
anealing,8,100,92,459.99,0.5916898250579834
anealing,8,100,93,356.7,0.577580451965332
anealing,8,100,94,348.21,0.6211597919464111
anealing,8,100,95,399.12,0.6303269863128662
anealing,8,100,96,424.32,0.6247494220733643
anealing,8,100,97,314.9,0.5714499950408936
anealing,8,100,98,492.17,0.5893535614013672
anealing,8,100,99,430.36,0.5557596683502197
anealing,30,0,0,1428.04,1.156036615371704
anealing,30,0,1,1276.04,1.2460384368896484
anealing,30,0,2,1178.23,1.2143421173095703
anealing,30,0,3,1275.68,1.1322021484375
anealing,30,0,4,1349.6,1.1737878322601318
anealing,30,0,5,1180.25,1.165978193283081
anealing,30,0,6,1320.56,1.153226375579834
anealing,30,0,7,1202.89,1.145514726638794
anealing,30,0,8,1310.69,1.1769170761108398
anealing,30,0,9,1215.99,1.1725201606750488
anealing,30,0,10,1329.93,1.2074496746063232
anealing,30,0,11,1349.32,1.1420361995697021
anealing,30,0,12,1304.84,1.1399600505828857
anealing,30,0,13,1353.93,1.1168489456176758
anealing,30,0,14,1382.48,1.153029441833496
anealing,30,0,15,1378.82,1.1715807914733887
anealing,30,0,16,1314.71,1.1670773029327393
anealing,30,0,17,1317.04,1.1606106758117676
anealing,30,0,18,1363.53,1.1689014434814453
anealing,30,0,19,1385.47,1.099501371383667
anealing,30,0,20,1345.82,1.1641418933868408
anealing,30,0,21,1258.67,1.209911584854126
anealing,30,0,22,1424.45,1.211695671081543
anealing,30,0,23,1322.46,1.1505777835845947
anealing,30,0,24,1418.68,1.179987907409668
anealing,30,0,25,1435.41,1.1791222095489502
anealing,30,0,26,1276.58,1.1647298336029053
anealing,30,0,27,1348.69,1.185380458831787
anealing,30,0,28,1316.91,1.1903574466705322
anealing,30,0,29,1406.47,1.1638092994689941
anealing,30,0,30,1202.81,1.18477463722229
anealing,30,0,31,1375.48,1.1554300785064697
anealing,30,0,32,1247.55,1.1781716346740723
anealing,30,0,33,1328.09,1.1516625881195068
anealing,30,0,34,1394.49,1.144805908203125
anealing,30,0,35,1294.16,1.190584421157837
anealing,30,0,36,1136.93,1.1726047992706299
anealing,30,0,37,1304.29,1.179419755935669
anealing,30,0,38,1339.56,1.0762226581573486
anealing,30,0,39,1236.88,1.1949729919433594
anealing,30,0,40,1427.77,1.1193444728851318
anealing,30,0,41,1241.62,1.215749740600586
anealing,30,0,42,1206.52,1.1908414363861084
anealing,30,0,43,1171.29,1.1665124893188477
anealing,30,0,44,1398.89,1.1424942016601562
anealing,30,0,45,1254.74,1.17512845993042
anealing,30,0,46,1368.36,1.1635868549346924
anealing,30,0,47,1406.22,1.1259524822235107
anealing,30,0,48,1332.92,1.1582720279693604
anealing,30,0,49,1272.71,1.1499097347259521
anealing,30,0,50,1442.63,1.0916721820831299
anealing,30,0,51,1321.33,1.183274269104004
anealing,30,0,52,1453.8,1.1156682968139648
anealing,30,0,53,1528.67,1.0991194248199463
anealing,30,0,54,1371.33,1.2376325130462646
anealing,30,0,55,1421.5,1.1266944408416748
anealing,30,0,56,1525.03,1.0689709186553955
anealing,30,0,57,1377.94,1.1203827857971191
anealing,30,0,58,1287.81,1.159977674484253
anealing,30,0,59,1384.24,1.111396312713623
anealing,30,0,60,1311.05,1.1615800857543945
anealing,30,0,61,1305.45,1.1952300071716309
anealing,30,0,62,1182.31,1.1752851009368896
anealing,30,0,63,1290.66,1.124239444732666
anealing,30,0,64,1440.2,1.1523182392120361
anealing,30,0,65,1314.44,1.1583168506622314
anealing,30,0,66,1287.65,1.1566405296325684
anealing,30,0,67,1174.41,1.1460676193237305
anealing,30,0,68,1287.78,1.1974842548370361
anealing,30,0,69,1344.79,1.142286777496338
anealing,30,0,70,1189.57,1.1748549938201904
anealing,30,0,71,1157.02,1.2049424648284912
anealing,30,0,72,1424.43,1.1466941833496094
anealing,30,0,73,1399.42,1.1299893856048584
anealing,30,0,74,1264.93,1.1580836772918701
anealing,30,0,75,1261.62,1.1551237106323242
anealing,30,0,76,1335.29,1.1967356204986572
anealing,30,0,77,1223.54,1.1685307025909424
anealing,30,0,78,1310.84,1.141397476196289
anealing,30,0,79,1375.72,1.1597352027893066
anealing,30,0,80,1259.29,1.1926507949829102
anealing,30,0,81,1388.19,1.1608047485351562
anealing,30,0,82,1417.86,1.1731157302856445
anealing,30,0,83,1304.58,1.1747283935546875
anealing,30,0,84,1395.37,1.129570722579956
anealing,30,0,85,1267.01,1.1651599407196045
anealing,30,0,86,1263.74,1.1671695709228516
anealing,30,0,87,1403.8,1.1965515613555908
anealing,30,0,88,1298.06,1.1009440422058105
anealing,30,0,89,1468.88,1.1701130867004395
anealing,30,0,90,1343.3,1.14971923828125
anealing,30,0,91,1146.96,1.2066705226898193
anealing,30,0,92,1322.0,1.1692006587982178
anealing,30,0,93,1199.06,1.1885626316070557
anealing,30,0,94,1343.13,1.0742528438568115
anealing,30,0,95,1413.42,1.1297540664672852
anealing,30,0,96,1183.35,1.1763794422149658
anealing,30,0,97,1344.08,1.1922118663787842
anealing,30,0,98,1382.46,1.109264612197876
anealing,30,0,99,1404.66,1.178786039352417
anealing,30,10,0,1431.44,1.12215256690979
anealing,30,10,1,1392.99,1.1199495792388916
anealing,30,10,2,1246.31,1.1421465873718262
anealing,30,10,3,1206.43,1.1528491973876953
anealing,30,10,4,1338.1,1.1494650840759277
anealing,30,10,5,1242.96,1.1413078308105469
anealing,30,10,6,1388.61,1.1232342720031738
anealing,30,10,7,1248.94,1.1884546279907227
anealing,30,10,8,1337.8,1.1576387882232666
anealing,30,10,9,1289.37,1.1671772003173828
anealing,30,10,10,1365.0,1.1603505611419678
anealing,30,10,11,1322.19,1.0710344314575195
anealing,30,10,12,1320.1,1.1486632823944092
anealing,30,10,13,1443.13,1.1682822704315186
anealing,30,10,14,1429.01,1.156811237335205
anealing,30,10,15,1381.04,1.149731159210205
anealing,30,10,16,1348.53,1.1683681011199951
anealing,30,10,17,1469.23,1.1030998229980469
anealing,30,10,18,1300.52,1.1501705646514893
anealing,30,10,19,1420.85,1.1369330883026123
anealing,30,10,20,1414.74,1.0708177089691162
anealing,30,10,21,1338.84,1.0882294178009033
anealing,30,10,22,1401.66,1.1875052452087402
anealing,30,10,23,1362.77,1.1664373874664307
anealing,30,10,24,1390.95,1.1158671379089355
anealing,30,10,25,1410.07,1.1148145198822021
anealing,30,10,26,1454.67,1.095592975616455
anealing,30,10,27,1340.78,1.1631476879119873
anealing,30,10,28,1335.28,1.1475496292114258
anealing,30,10,29,1431.36,1.1296803951263428
anealing,30,10,30,1251.05,1.1819593906402588
anealing,30,10,31,1443.12,1.1649339199066162
anealing,30,10,32,1353.95,1.1284375190734863
anealing,30,10,33,1309.45,1.1759469509124756
anealing,30,10,34,1517.51,1.1566951274871826
anealing,30,10,35,1285.61,1.1651546955108643
anealing,30,10,36,1204.38,1.1478092670440674
anealing,30,10,37,1338.68,1.1503582000732422
anealing,30,10,38,1353.91,1.1189355850219727
anealing,30,10,39,1304.6,1.0884830951690674
anealing,30,10,40,1333.06,1.1384634971618652
anealing,30,10,41,1209.54,1.1970653533935547
anealing,30,10,42,1350.38,1.215660572052002
anealing,30,10,43,1204.47,1.2187480926513672
anealing,30,10,44,1451.65,1.1190810203552246
anealing,30,10,45,1255.8,1.1121222972869873
anealing,30,10,46,1389.07,1.1611857414245605
anealing,30,10,47,1406.99,1.1767451763153076
anealing,30,10,48,1379.13,1.159721851348877
anealing,30,10,49,1222.34,1.2149560451507568
anealing,30,10,50,1415.22,1.120633840560913
anealing,30,10,51,1411.8,1.1545915603637695
anealing,30,10,52,1323.63,1.1504013538360596
anealing,30,10,53,1482.19,1.0745213031768799
anealing,30,10,54,1351.68,1.185675859451294
anealing,30,10,55,1436.97,1.154764175415039
anealing,30,10,56,1600.29,1.0936694145202637
anealing,30,10,57,1506.51,1.168527603149414
anealing,30,10,58,1296.73,1.1668193340301514
anealing,30,10,59,1461.41,1.1151602268218994
anealing,30,10,60,1345.83,1.1725618839263916
anealing,30,10,61,1273.49,1.1322124004364014
anealing,30,10,62,1266.07,1.1797733306884766
anealing,30,10,63,1357.4,1.1443073749542236
anealing,30,10,64,1410.76,1.1795718669891357
anealing,30,10,65,1302.64,1.1174230575561523
anealing,30,10,66,1338.17,1.153766393661499
anealing,30,10,67,1353.83,1.0873937606811523
anealing,30,10,68,1357.46,1.0462584495544434
anealing,30,10,69,1325.92,1.1564323902130127
anealing,30,10,70,1215.13,1.1383028030395508
anealing,30,10,71,1219.07,1.1348567008972168
anealing,30,10,72,1467.62,1.0746455192565918
anealing,30,10,73,1386.36,1.1266660690307617
anealing,30,10,74,1281.49,1.1491210460662842
anealing,30,10,75,1288.48,1.21401047706604
anealing,30,10,76,1271.74,1.2036359310150146
anealing,30,10,77,1230.6,1.2399215698242188
anealing,30,10,78,1366.49,1.121140718460083
anealing,30,10,79,1434.4,1.1309971809387207
anealing,30,10,80,1356.01,1.1967549324035645
anealing,30,10,81,1457.36,1.1558339595794678
anealing,30,10,82,1388.15,1.0989353656768799
anealing,30,10,83,1325.23,1.127385139465332
anealing,30,10,84,1365.12,1.172412633895874
anealing,30,10,85,1323.73,1.1908905506134033
anealing,30,10,86,1246.64,1.1632590293884277
anealing,30,10,87,1288.94,1.1536271572113037
anealing,30,10,88,1462.95,1.121321439743042
anealing,30,10,89,1482.14,1.1122939586639404
anealing,30,10,90,1342.0,1.1688611507415771
anealing,30,10,91,1240.67,1.1291558742523193
anealing,30,10,92,1352.64,1.1718053817749023
anealing,30,10,93,1316.56,1.1474733352661133
anealing,30,10,94,1490.33,1.1535158157348633
anealing,30,10,95,1470.43,1.1247022151947021
anealing,30,10,96,1195.02,1.1426727771759033
anealing,30,10,97,1433.19,1.102027177810669
anealing,30,10,98,1409.84,1.0885846614837646
anealing,30,10,99,1292.48,1.198054552078247
anealing,30,20,0,1493.22,1.202056884765625
anealing,30,20,1,1417.61,1.0980350971221924
anealing,30,20,2,1190.96,1.172555685043335
anealing,30,20,3,1337.69,1.1893081665039062
anealing,30,20,4,1335.1,1.1359515190124512
anealing,30,20,5,1369.54,1.1395699977874756
anealing,30,20,6,1269.72,1.1985368728637695
anealing,30,20,7,1349.05,1.1673731803894043
anealing,30,20,8,1358.98,1.0824708938598633
anealing,30,20,9,1402.03,1.1456079483032227
anealing,30,20,10,1343.03,1.1648852825164795
anealing,30,20,11,1445.5,1.096708059310913
anealing,30,20,12,1365.62,1.1235105991363525
anealing,30,20,13,1374.84,1.1410102844238281
anealing,30,20,14,1486.52,1.2101216316223145
anealing,30,20,15,1440.76,1.1805880069732666
anealing,30,20,16,1498.4,1.1647875308990479
anealing,30,20,17,1484.89,1.0875141620635986
anealing,30,20,18,1442.05,1.1748688220977783
anealing,30,20,19,1401.51,1.1182467937469482
anealing,30,20,20,1468.08,1.081479549407959
anealing,30,20,21,1483.63,1.1367013454437256
anealing,30,20,22,1490.95,1.196791648864746
anealing,30,20,23,1450.14,1.1467316150665283
anealing,30,20,24,1471.88,1.0746748447418213
anealing,30,20,25,1424.24,1.1784214973449707
anealing,30,20,26,1448.91,1.139624834060669
anealing,30,20,27,1456.79,1.1640949249267578
anealing,30,20,28,1454.31,1.0854363441467285
anealing,30,20,29,1485.03,1.127525806427002
anealing,30,20,30,1290.89,1.1688885688781738
anealing,30,20,31,1427.18,1.1299526691436768
anealing,30,20,32,1380.12,1.1556601524353027
anealing,30,20,33,1363.39,1.152331829071045
anealing,30,20,34,1536.03,1.1774165630340576
anealing,30,20,35,1346.88,1.1317541599273682
anealing,30,20,36,1249.74,1.14039945602417
anealing,30,20,37,1455.0,1.1108713150024414
anealing,30,20,38,1345.28,1.1689345836639404
anealing,30,20,39,1292.53,1.1881494522094727
anealing,30,20,40,1449.07,1.1326353549957275
anealing,30,20,41,1341.07,1.1315701007843018
anealing,30,20,42,1262.85,1.2075309753417969
anealing,30,20,43,1293.65,1.1795268058776855
anealing,30,20,44,1500.63,1.112227439880371
anealing,30,20,45,1319.42,1.1638059616088867
anealing,30,20,46,1450.35,1.1821184158325195
anealing,30,20,47,1467.29,1.2009031772613525
anealing,30,20,48,1405.23,1.124051570892334
anealing,30,20,49,1277.65,1.14888596534729
anealing,30,20,50,1492.45,1.11720609664917
anealing,30,20,51,1390.0,1.1172425746917725
anealing,30,20,52,1511.4,1.1609458923339844
anealing,30,20,53,1630.29,1.11893630027771
anealing,30,20,54,1335.77,1.1507411003112793
anealing,30,20,55,1560.07,1.1389508247375488
anealing,30,20,56,1466.12,1.1205549240112305
anealing,30,20,57,1604.5,1.1533055305480957
anealing,30,20,58,1353.41,1.116624355316162
anealing,30,20,59,1552.65,1.10502028465271
anealing,30,20,60,1320.24,1.2152197360992432
anealing,30,20,61,1296.83,1.1717448234558105
anealing,30,20,62,1239.57,1.1029326915740967
anealing,30,20,63,1365.32,1.1665849685668945
anealing,30,20,64,1560.77,1.0872957706451416
anealing,30,20,65,1357.9,1.1548738479614258
anealing,30,20,66,1277.75,1.224825143814087
anealing,30,20,67,1269.18,1.123124599456787
anealing,30,20,68,1406.38,1.179042100906372
anealing,30,20,69,1374.55,1.1771483421325684
anealing,30,20,70,1285.65,1.1146807670593262
anealing,30,20,71,1214.52,1.1562974452972412
anealing,30,20,72,1570.14,1.0748379230499268
anealing,30,20,73,1363.93,1.1386661529541016
anealing,30,20,74,1294.36,1.2001829147338867
anealing,30,20,75,1359.4,1.140817642211914
anealing,30,20,76,1320.24,1.146057367324829
anealing,30,20,77,1281.9,1.1518223285675049
anealing,30,20,78,1310.67,1.1639676094055176
anealing,30,20,79,1417.4,1.1952767372131348
anealing,30,20,80,1342.41,1.0651066303253174
anealing,30,20,81,1607.75,1.121706485748291
anealing,30,20,82,1524.69,1.168794870376587
anealing,30,20,83,1360.82,1.197603464126587
anealing,30,20,84,1420.61,1.1222023963928223
anealing,30,20,85,1305.95,1.1173462867736816
anealing,30,20,86,1239.75,1.1771562099456787
anealing,30,20,87,1487.77,1.126065731048584
anealing,30,20,88,1419.7,1.1416139602661133
anealing,30,20,89,1526.36,1.1168808937072754
anealing,30,20,90,1273.63,1.200834035873413
anealing,30,20,91,1311.77,1.1658952236175537
anealing,30,20,92,1509.67,1.1180624961853027
anealing,30,20,93,1312.69,1.1478428840637207
anealing,30,20,94,1419.0,1.2097179889678955
anealing,30,20,95,1633.53,1.1253254413604736
anealing,30,20,96,1328.56,1.155562162399292
anealing,30,20,97,1445.26,1.1585180759429932
anealing,30,20,98,1495.42,1.102118730545044
anealing,30,20,99,1480.1,1.0998551845550537
anealing,30,30,0,1520.03,1.2267429828643799
anealing,30,30,1,1412.69,1.1900033950805664
anealing,30,30,2,1277.27,1.0650067329406738
anealing,30,30,3,1348.22,1.1057076454162598
anealing,30,30,4,1411.44,1.1036193370819092
anealing,30,30,5,1383.73,1.1645386219024658
anealing,30,30,6,1381.26,1.0917596817016602
anealing,30,30,7,1337.39,1.144453763961792
anealing,30,30,8,1459.82,1.147829294204712
anealing,30,30,9,1318.62,1.1684770584106445
anealing,30,30,10,1420.45,1.22947359085083
anealing,30,30,11,1419.37,1.1143114566802979
anealing,30,30,12,1453.8,1.217900037765503
anealing,30,30,13,1527.83,1.0261459350585938
anealing,30,30,14,1512.55,1.147611379623413
anealing,30,30,15,1454.85,1.126847267150879
anealing,30,30,16,1474.28,1.183048963546753
anealing,30,30,17,1463.31,1.135056972503662
anealing,30,30,18,1429.17,1.1265511512756348
anealing,30,30,19,1522.36,1.146178960800171
anealing,30,30,20,1520.43,1.1056740283966064
anealing,30,30,21,1444.09,1.1272575855255127
anealing,30,30,22,1576.29,1.1508960723876953
anealing,30,30,23,1469.09,1.0968384742736816
anealing,30,30,24,1520.84,1.165203332901001
anealing,30,30,25,1516.52,1.1740498542785645
anealing,30,30,26,1395.08,1.1303377151489258
anealing,30,30,27,1658.72,1.1250452995300293
anealing,30,30,28,1448.94,1.1067750453948975
anealing,30,30,29,1545.77,1.0713002681732178
anealing,30,30,30,1349.26,1.1184468269348145
anealing,30,30,31,1506.7,1.1418325901031494
anealing,30,30,32,1438.67,1.0946545600891113
anealing,30,30,33,1397.45,1.1549952030181885
anealing,30,30,34,1617.14,1.1716785430908203
anealing,30,30,35,1426.91,1.1433711051940918
anealing,30,30,36,1334.56,1.2124269008636475
anealing,30,30,37,1434.22,1.161503553390503
anealing,30,30,38,1421.97,1.1804025173187256
anealing,30,30,39,1389.57,1.1230664253234863
anealing,30,30,40,1508.58,1.1604182720184326
anealing,30,30,41,1298.44,1.1239373683929443
anealing,30,30,42,1393.48,1.116203784942627
anealing,30,30,43,1303.09,1.1833531856536865
anealing,30,30,44,1619.01,1.1347243785858154
anealing,30,30,45,1366.55,1.1237373352050781
anealing,30,30,46,1431.72,1.1793644428253174
anealing,30,30,47,1543.48,1.1706833839416504
anealing,30,30,48,1493.3,1.1434526443481445
anealing,30,30,49,1416.29,1.0665943622589111
anealing,30,30,50,1573.99,1.1780290603637695
anealing,30,30,51,1439.45,1.1461215019226074
anealing,30,30,52,1625.01,1.1142957210540771
anealing,30,30,53,1695.39,1.1148865222930908
anealing,30,30,54,1454.06,1.1796181201934814
anealing,30,30,55,1611.94,1.172872543334961
anealing,30,30,56,1692.23,1.1729836463928223
anealing,30,30,57,1591.56,1.0810222625732422
anealing,30,30,58,1400.81,1.1744635105133057
anealing,30,30,59,1414.5,1.1467671394348145
anealing,30,30,60,1414.36,1.1764492988586426
anealing,30,30,61,1438.81,1.181788444519043
anealing,30,30,62,1288.78,1.196164608001709
anealing,30,30,63,1470.31,1.1420321464538574
anealing,30,30,64,1620.81,1.1228430271148682
anealing,30,30,65,1414.57,1.1421051025390625
anealing,30,30,66,1394.3,1.1587412357330322
anealing,30,30,67,1384.99,1.1653778553009033
anealing,30,30,68,1441.06,1.167820692062378
anealing,30,30,69,1464.99,1.1157853603363037
anealing,30,30,70,1308.04,1.2316865921020508
anealing,30,30,71,1257.06,1.215057373046875
anealing,30,30,72,1524.94,1.1450607776641846
anealing,30,30,73,1625.97,1.1475346088409424
anealing,30,30,74,1411.38,1.0904433727264404
anealing,30,30,75,1467.5,1.1570489406585693
anealing,30,30,76,1394.97,1.1089134216308594
anealing,30,30,77,1299.59,1.146160364151001
anealing,30,30,78,1381.06,1.1120693683624268
anealing,30,30,79,1547.37,1.1017208099365234
anealing,30,30,80,1335.65,1.1149139404296875
anealing,30,30,81,1530.1,1.160003900527954
anealing,30,30,82,1532.27,1.0848102569580078
anealing,30,30,83,1543.43,1.1079914569854736
anealing,30,30,84,1470.53,1.0953702926635742
anealing,30,30,85,1428.81,1.1913588047027588
anealing,30,30,86,1312.96,1.1629431247711182
anealing,30,30,87,1492.18,1.1723475456237793
anealing,30,30,88,1447.41,1.1622209548950195
anealing,30,30,89,1517.92,1.0615234375
anealing,30,30,90,1331.15,1.181276798248291
anealing,30,30,91,1306.29,1.2279560565948486
anealing,30,30,92,1486.45,1.1448144912719727
anealing,30,30,93,1295.05,1.166762351989746
anealing,30,30,94,1519.94,1.1196880340576172
anealing,30,30,95,1609.41,1.1299192905426025
anealing,30,30,96,1371.38,1.1697349548339844
anealing,30,30,97,1506.69,1.102262020111084
anealing,30,30,98,1457.65,1.1063106060028076
anealing,30,30,99,1428.83,1.122661828994751
anealing,30,40,0,1559.02,1.1045198440551758
anealing,30,40,1,1468.35,1.1245594024658203
anealing,30,40,2,1229.09,1.2076663970947266
anealing,30,40,3,1383.6,1.1512436866760254
anealing,30,40,4,1436.77,1.1524841785430908
anealing,30,40,5,1391.88,1.1337275505065918
anealing,30,40,6,1353.45,1.176687479019165
anealing,30,40,7,1429.83,1.1054434776306152
anealing,30,40,8,1361.81,1.1533756256103516
anealing,30,40,9,1326.22,1.194716215133667
anealing,30,40,10,1496.26,1.2291278839111328
anealing,30,40,11,1421.37,1.1494624614715576
anealing,30,40,12,1564.02,1.1286616325378418
anealing,30,40,13,1646.4,1.16432523727417
anealing,30,40,14,1599.34,1.1858479976654053
anealing,30,40,15,1534.73,1.1674411296844482
anealing,30,40,16,1495.19,1.106879711151123
anealing,30,40,17,1474.62,1.1017260551452637
anealing,30,40,18,1545.56,1.1719305515289307
anealing,30,40,19,1592.65,1.087709903717041
anealing,30,40,20,1393.28,1.1726913452148438
anealing,30,40,21,1457.68,1.1747467517852783
anealing,30,40,22,1510.07,1.188025951385498
anealing,30,40,23,1510.35,1.109513282775879
anealing,30,40,24,1592.14,1.1514933109283447
anealing,30,40,25,1521.14,1.1210784912109375
anealing,30,40,26,1522.78,1.1768012046813965
anealing,30,40,27,1670.81,1.1704010963439941
anealing,30,40,28,1472.69,1.1415352821350098
anealing,30,40,29,1586.74,1.1132903099060059
anealing,30,40,30,1313.15,1.19510817527771
anealing,30,40,31,1606.29,1.1638374328613281
anealing,30,40,32,1381.75,1.159149408340454
anealing,30,40,33,1337.61,1.2552464008331299
anealing,30,40,34,1602.94,1.1641345024108887
anealing,30,40,35,1373.42,1.2179677486419678
anealing,30,40,36,1335.13,1.1554937362670898
anealing,30,40,37,1420.07,1.1412243843078613
anealing,30,40,38,1469.05,1.1567611694335938
anealing,30,40,39,1535.43,1.0598561763763428
anealing,30,40,40,1587.04,1.169154405593872
anealing,30,40,41,1397.18,1.146012783050537
anealing,30,40,42,1411.52,1.2163112163543701
anealing,30,40,43,1365.07,1.1840918064117432
anealing,30,40,44,1717.56,1.1141064167022705
anealing,30,40,45,1314.33,1.1604576110839844
anealing,30,40,46,1413.39,1.173980951309204
anealing,30,40,47,1561.66,1.12394380569458
anealing,30,40,48,1469.55,1.1252944469451904
anealing,30,40,49,1335.57,1.133707046508789
anealing,30,40,50,1594.25,1.1377952098846436
anealing,30,40,51,1553.26,1.0951175689697266
anealing,30,40,52,1517.12,1.1059322357177734
anealing,30,40,53,1700.15,1.1412098407745361
anealing,30,40,54,1515.49,1.04172682762146
anealing,30,40,55,1596.77,1.1443681716918945
anealing,30,40,56,1742.19,1.138418197631836
anealing,30,40,57,1588.66,1.1184351444244385
anealing,30,40,58,1421.32,1.0991320610046387
anealing,30,40,59,1494.7,1.1375534534454346
anealing,30,40,60,1494.73,1.1052401065826416
anealing,30,40,61,1521.17,1.079606533050537
anealing,30,40,62,1292.87,1.1964895725250244
anealing,30,40,63,1385.88,1.1023128032684326
anealing,30,40,64,1711.13,1.1042201519012451
anealing,30,40,65,1446.01,1.1056265830993652
anealing,30,40,66,1448.47,1.177422046661377
anealing,30,40,67,1373.75,1.1888644695281982
anealing,30,40,68,1561.85,1.1117794513702393
anealing,30,40,69,1524.21,1.0793137550354004
anealing,30,40,70,1338.41,1.1205816268920898
anealing,30,40,71,1364.71,1.1823890209197998
anealing,30,40,72,1718.04,1.0165536403656006
anealing,30,40,73,1652.72,1.1140472888946533
anealing,30,40,74,1426.19,1.1212208271026611
anealing,30,40,75,1509.71,1.1550648212432861
anealing,30,40,76,1513.35,1.2322590351104736
anealing,30,40,77,1432.16,1.167978286743164
anealing,30,40,78,1424.78,1.1111717224121094
anealing,30,40,79,1596.21,1.0727005004882812
anealing,30,40,80,1438.67,1.1258795261383057
anealing,30,40,81,1613.63,1.1216824054718018
anealing,30,40,82,1556.72,1.195411205291748
anealing,30,40,83,1541.86,1.0998351573944092
anealing,30,40,84,1574.14,1.1372802257537842
anealing,30,40,85,1436.77,1.1406307220458984
anealing,30,40,86,1387.07,1.1146702766418457
anealing,30,40,87,1578.87,1.229557752609253
anealing,30,40,88,1436.04,1.161198377609253
anealing,30,40,89,1625.28,1.2277426719665527
anealing,30,40,90,1469.38,1.0904533863067627
anealing,30,40,91,1432.72,1.1103110313415527
anealing,30,40,92,1518.55,1.1704587936401367
anealing,30,40,93,1423.66,1.1415126323699951
anealing,30,40,94,1641.27,1.1495919227600098
anealing,30,40,95,1627.0,1.1461904048919678
anealing,30,40,96,1357.94,1.1314465999603271
anealing,30,40,97,1556.27,1.166250467300415
anealing,30,40,98,1577.98,1.152369737625122
anealing,30,40,99,1497.0,1.1435742378234863
anealing,30,50,0,1616.71,1.140995979309082
anealing,30,50,1,1570.65,1.1439282894134521
anealing,30,50,2,1329.12,1.1428883075714111
anealing,30,50,3,1413.91,1.143869161605835
anealing,30,50,4,1517.69,1.168154001235962
anealing,30,50,5,1502.83,1.0621893405914307
anealing,30,50,6,1447.31,1.0782444477081299
anealing,30,50,7,1409.89,1.1372838020324707
anealing,30,50,8,1457.27,1.138582468032837
anealing,30,50,9,1463.61,1.1616928577423096
anealing,30,50,10,1578.53,1.1232335567474365
anealing,30,50,11,1574.15,1.1247789859771729
anealing,30,50,12,1563.0,1.135711908340454
anealing,30,50,13,1650.93,1.1995596885681152
anealing,30,50,14,1549.99,1.2295897006988525
anealing,30,50,15,1654.26,1.0867295265197754
anealing,30,50,16,1603.29,1.150817632675171
anealing,30,50,17,1580.12,1.116882085800171
anealing,30,50,18,1436.25,1.1311922073364258
anealing,30,50,19,1613.72,1.0731086730957031
anealing,30,50,20,1567.39,1.1401104927062988
anealing,30,50,21,1503.97,1.1437392234802246
anealing,30,50,22,1616.73,1.1483783721923828
anealing,30,50,23,1620.06,1.1189594268798828
anealing,30,50,24,1544.64,1.112786054611206
anealing,30,50,25,1630.1,1.1845977306365967
anealing,30,50,26,1510.99,1.1769142150878906
anealing,30,50,27,1713.41,1.1289098262786865
anealing,30,50,28,1627.07,1.086824655532837
anealing,30,50,29,1573.86,1.1337461471557617
anealing,30,50,30,1465.57,1.059133768081665
anealing,30,50,31,1553.31,1.132683277130127
anealing,30,50,32,1429.3,1.1390941143035889
anealing,30,50,33,1455.77,1.146097183227539
anealing,30,50,34,1661.87,1.1511149406433105
anealing,30,50,35,1509.81,1.1678998470306396
anealing,30,50,36,1341.43,1.154106855392456
anealing,30,50,37,1458.28,1.165628433227539
anealing,30,50,38,1479.0,1.168921709060669
anealing,30,50,39,1524.35,1.148350477218628
anealing,30,50,40,1614.34,1.1365582942962646
anealing,30,50,41,1358.61,1.1120550632476807
anealing,30,50,42,1540.87,1.107267141342163
anealing,30,50,43,1469.03,1.1804296970367432
anealing,30,50,44,1658.78,1.2027430534362793
anealing,30,50,45,1386.24,1.1044988632202148
anealing,30,50,46,1481.84,1.1290526390075684
anealing,30,50,47,1658.6,1.1522798538208008
anealing,30,50,48,1508.65,1.1446855068206787
anealing,30,50,49,1445.05,1.1440048217773438
anealing,30,50,50,1653.2,1.132758617401123
anealing,30,50,51,1491.31,1.1324326992034912
anealing,30,50,52,1695.59,1.1160860061645508
anealing,30,50,53,1763.6,1.0958123207092285
anealing,30,50,54,1575.46,1.1770203113555908
anealing,30,50,55,1767.97,1.2064323425292969
anealing,30,50,56,1738.01,1.1492502689361572
anealing,30,50,57,1648.96,1.0913689136505127
anealing,30,50,58,1535.94,1.1851797103881836
anealing,30,50,59,1564.19,1.0783116817474365
anealing,30,50,60,1558.74,1.1666021347045898
anealing,30,50,61,1471.67,1.0962328910827637
anealing,30,50,62,1253.12,1.1977717876434326
anealing,30,50,63,1566.46,1.2282686233520508
anealing,30,50,64,1810.6,1.1356990337371826
anealing,30,50,65,1438.89,1.137108564376831
anealing,30,50,66,1483.52,1.1696712970733643
anealing,30,50,67,1395.31,1.1265921592712402
anealing,30,50,68,1710.22,1.071929931640625
anealing,30,50,69,1538.9,1.1623167991638184
anealing,30,50,70,1388.33,1.162811517715454
anealing,30,50,71,1367.65,1.1155624389648438
anealing,30,50,72,1686.35,1.1569445133209229
anealing,30,50,73,1620.58,1.1372828483581543
anealing,30,50,74,1504.59,1.2084765434265137
anealing,30,50,75,1543.7,1.128603219985962
anealing,30,50,76,1557.49,1.1409430503845215
anealing,30,50,77,1415.34,1.1334097385406494
anealing,30,50,78,1542.61,1.1599712371826172
anealing,30,50,79,1627.76,1.1137526035308838
anealing,30,50,80,1476.42,1.1765120029449463
anealing,30,50,81,1657.24,1.1598453521728516
anealing,30,50,82,1670.8,1.0928635597229004
anealing,30,50,83,1522.87,1.1544551849365234
anealing,30,50,84,1548.82,1.1285779476165771
anealing,30,50,85,1462.9,1.2121975421905518
anealing,30,50,86,1402.37,1.1318445205688477
anealing,30,50,87,1481.86,1.183114767074585
anealing,30,50,88,1563.11,1.124645709991455
anealing,30,50,89,1678.54,1.1276092529296875
anealing,30,50,90,1463.89,1.1084346771240234
anealing,30,50,91,1449.69,1.1296138763427734
anealing,30,50,92,1526.82,1.1339049339294434
anealing,30,50,93,1491.6,1.2181916236877441
anealing,30,50,94,1630.37,1.1299676895141602
anealing,30,50,95,1724.77,1.164799690246582
anealing,30,50,96,1351.13,1.185560703277588
anealing,30,50,97,1558.78,1.1385841369628906
anealing,30,50,98,1594.39,1.197479248046875
anealing,30,50,99,1572.42,1.105698823928833
anealing,30,60,0,1751.06,1.0719892978668213
anealing,30,60,1,1537.54,1.1827189922332764
anealing,30,60,2,1399.11,1.1821234226226807
anealing,30,60,3,1436.45,1.2240715026855469
anealing,30,60,4,1468.55,1.1949636936187744
anealing,30,60,5,1567.52,1.1284828186035156
anealing,30,60,6,1460.39,1.1385681629180908
anealing,30,60,7,1357.28,1.146111011505127
anealing,30,60,8,1512.78,1.0966544151306152
anealing,30,60,9,1492.77,1.1619837284088135
anealing,30,60,10,1592.21,1.044734239578247
anealing,30,60,11,1498.81,1.1163465976715088
anealing,30,60,12,1594.32,1.113196611404419
anealing,30,60,13,1755.05,1.2194173336029053
anealing,30,60,14,1659.54,1.15576171875
anealing,30,60,15,1676.73,1.1424789428710938
anealing,30,60,16,1555.42,1.1863200664520264
anealing,30,60,17,1714.74,1.2031810283660889
anealing,30,60,18,1472.48,1.1498122215270996
anealing,30,60,19,1540.46,1.106539011001587
anealing,30,60,20,1516.47,1.1696856021881104
anealing,30,60,21,1542.01,1.1186003684997559
anealing,30,60,22,1594.62,1.1289472579956055
anealing,30,60,23,1543.85,1.1704490184783936
anealing,30,60,24,1635.29,1.2195062637329102
anealing,30,60,25,1555.76,1.1680221557617188
anealing,30,60,26,1575.23,1.139329433441162
anealing,30,60,27,1748.3,1.1359007358551025
anealing,30,60,28,1625.33,1.1529488563537598
anealing,30,60,29,1626.46,1.138420820236206
anealing,30,60,30,1475.57,1.112119436264038
anealing,30,60,31,1563.65,1.1721577644348145
anealing,30,60,32,1461.01,1.2476980686187744
anealing,30,60,33,1520.53,1.1907353401184082
anealing,30,60,34,1667.39,1.1287431716918945
anealing,30,60,35,1559.6,1.1024837493896484
anealing,30,60,36,1327.42,1.136758804321289
anealing,30,60,37,1400.13,1.1482691764831543
anealing,30,60,38,1538.61,1.117551565170288
anealing,30,60,39,1535.25,1.124687910079956
anealing,30,60,40,1739.86,1.1347203254699707
anealing,30,60,41,1464.29,1.191840648651123
anealing,30,60,42,1592.68,1.1979093551635742
anealing,30,60,43,1380.42,1.1737546920776367
anealing,30,60,44,1686.88,1.1906025409698486
anealing,30,60,45,1468.25,1.1972551345825195
anealing,30,60,46,1564.28,1.1196837425231934
anealing,30,60,47,1800.71,1.1519908905029297
anealing,30,60,48,1618.94,1.1807875633239746
anealing,30,60,49,1530.57,1.1665606498718262
anealing,30,60,50,1733.51,1.180490493774414
anealing,30,60,51,1615.44,1.128514289855957
anealing,30,60,52,1731.26,1.1157383918762207
anealing,30,60,53,1762.44,1.1322391033172607
anealing,30,60,54,1570.35,1.1727302074432373
anealing,30,60,55,1777.96,1.1388061046600342
anealing,30,60,56,1731.76,1.1180851459503174
anealing,30,60,57,1769.42,1.1287317276000977
anealing,30,60,58,1550.37,1.1467554569244385
anealing,30,60,59,1596.71,1.0786144733428955
anealing,30,60,60,1495.51,1.17329740524292
anealing,30,60,61,1503.2,1.082629680633545
anealing,30,60,62,1486.12,1.1573946475982666
anealing,30,60,63,1527.61,1.127211570739746
anealing,30,60,64,1686.04,1.1478958129882812
anealing,30,60,65,1480.1,1.1093976497650146
anealing,30,60,66,1432.44,1.1634490489959717
anealing,30,60,67,1459.73,1.2200379371643066
anealing,30,60,68,1724.01,1.1448180675506592
anealing,30,60,69,1629.73,1.148841142654419
anealing,30,60,70,1383.17,1.1575016975402832
anealing,30,60,71,1444.81,1.130664348602295
anealing,30,60,72,1750.34,1.1029250621795654
anealing,30,60,73,1707.54,1.1516880989074707
anealing,30,60,74,1491.57,1.1724114418029785
anealing,30,60,75,1655.31,1.0981199741363525
anealing,30,60,76,1528.65,1.160351276397705
anealing,30,60,77,1417.59,1.1712315082550049
anealing,30,60,78,1476.87,1.1709175109863281
anealing,30,60,79,1674.6,1.0952107906341553
anealing,30,60,80,1577.84,1.1929867267608643
anealing,30,60,81,1628.6,1.2153651714324951
anealing,30,60,82,1636.28,1.173586368560791
anealing,30,60,83,1670.69,1.1410114765167236
anealing,30,60,84,1573.27,1.1880872249603271
anealing,30,60,85,1514.95,1.1271398067474365
anealing,30,60,86,1402.26,1.189277172088623
anealing,30,60,87,1556.31,1.1764583587646484
anealing,30,60,88,1653.56,1.1364014148712158
anealing,30,60,89,1667.76,1.1505541801452637
anealing,30,60,90,1584.67,1.1914572715759277
anealing,30,60,91,1484.4,1.1334121227264404
anealing,30,60,92,1527.34,1.1777524948120117
anealing,30,60,93,1515.83,1.1746509075164795
anealing,30,60,94,1762.69,1.0844409465789795
anealing,30,60,95,1688.07,1.123347520828247
anealing,30,60,96,1370.4,1.131415605545044
anealing,30,60,97,1576.45,1.1463770866394043
anealing,30,60,98,1651.02,1.1533305644989014
anealing,30,60,99,1636.47,1.163313627243042
anealing,30,70,0,1711.89,1.1959171295166016
anealing,30,70,1,1558.94,1.1628594398498535
anealing,30,70,2,1399.95,1.1403393745422363
anealing,30,70,3,1438.28,1.1395814418792725
anealing,30,70,4,1535.42,1.2190124988555908
anealing,30,70,5,1571.78,1.119497299194336
anealing,30,70,6,1485.53,1.1090521812438965
anealing,30,70,7,1377.61,1.1490650177001953
anealing,30,70,8,1490.89,1.1843376159667969
anealing,30,70,9,1493.0,1.1465938091278076
anealing,30,70,10,1628.67,1.0965094566345215
anealing,30,70,11,1489.12,1.138286828994751
anealing,30,70,12,1572.06,1.1647827625274658
anealing,30,70,13,1720.4,1.1862173080444336
anealing,30,70,14,1565.24,1.1905853748321533
anealing,30,70,15,1789.39,1.1133818626403809
anealing,30,70,16,1611.18,1.1190221309661865
anealing,30,70,17,1691.94,1.163783311843872
anealing,30,70,18,1536.35,1.13508939743042
anealing,30,70,19,1582.7,1.039191722869873
anealing,30,70,20,1584.35,1.1607038974761963
anealing,30,70,21,1597.73,1.165637493133545
anealing,30,70,22,1679.83,1.1262800693511963
anealing,30,70,23,1603.86,1.1789259910583496
anealing,30,70,24,1643.36,1.1229536533355713
anealing,30,70,25,1473.41,1.1761789321899414
anealing,30,70,26,1573.17,1.1849968433380127
anealing,30,70,27,1721.17,1.140437364578247
anealing,30,70,28,1629.59,1.1461069583892822
anealing,30,70,29,1654.7,1.1243877410888672
anealing,30,70,30,1466.67,1.1486425399780273
anealing,30,70,31,1592.87,1.1769850254058838
anealing,30,70,32,1510.95,1.1117408275604248
anealing,30,70,33,1511.13,1.1861209869384766
anealing,30,70,34,1683.87,1.1772522926330566
anealing,30,70,35,1524.33,1.1233978271484375
anealing,30,70,36,1331.86,1.192068338394165
anealing,30,70,37,1416.13,1.2045161724090576
anealing,30,70,38,1521.95,1.2017490863800049
anealing,30,70,39,1591.95,1.0674066543579102
anealing,30,70,40,1762.36,1.1340913772583008
anealing,30,70,41,1469.5,1.1115269660949707
anealing,30,70,42,1612.87,1.1974868774414062
anealing,30,70,43,1371.64,1.1777865886688232
anealing,30,70,44,1732.73,1.1900687217712402
anealing,30,70,45,1467.49,1.1977124214172363
anealing,30,70,46,1578.53,1.1649627685546875
anealing,30,70,47,1798.72,1.1574428081512451
anealing,30,70,48,1664.49,1.1728482246398926
anealing,30,70,49,1546.96,1.1909403800964355
anealing,30,70,50,1692.45,1.1355795860290527
anealing,30,70,51,1652.98,1.0653390884399414
anealing,30,70,52,1792.23,1.1135199069976807
anealing,30,70,53,1800.52,1.0312891006469727
anealing,30,70,54,1524.17,1.140453577041626
anealing,30,70,55,1784.5,1.1735644340515137
anealing,30,70,56,1732.74,1.1128008365631104
anealing,30,70,57,1814.95,1.1026499271392822
anealing,30,70,58,1532.79,1.1114614009857178
anealing,30,70,59,1604.31,1.0748560428619385
anealing,30,70,60,1492.14,1.1034421920776367
anealing,30,70,61,1528.31,1.158381700515747
anealing,30,70,62,1480.3,1.152482271194458
anealing,30,70,63,1532.77,1.1202030181884766
anealing,30,70,64,1789.89,1.1734943389892578
anealing,30,70,65,1488.25,1.1368327140808105
anealing,30,70,66,1485.75,1.1712582111358643
anealing,30,70,67,1499.04,1.15909743309021
anealing,30,70,68,1740.65,1.0699703693389893
anealing,30,70,69,1629.18,1.137977123260498
anealing,30,70,70,1458.26,1.1634128093719482
anealing,30,70,71,1413.96,1.160494327545166
anealing,30,70,72,1762.36,1.1244168281555176
anealing,30,70,73,1756.26,1.0599884986877441
anealing,30,70,74,1474.85,1.1231122016906738
anealing,30,70,75,1568.43,1.1954662799835205
anealing,30,70,76,1563.54,1.1802937984466553
anealing,30,70,77,1434.55,1.1714205741882324
anealing,30,70,78,1525.43,1.1074345111846924
anealing,30,70,79,1714.69,1.1395089626312256
anealing,30,70,80,1583.82,1.104172945022583
anealing,30,70,81,1623.99,1.1462061405181885
anealing,30,70,82,1630.48,1.1239209175109863
anealing,30,70,83,1668.66,1.1450273990631104
anealing,30,70,84,1558.35,1.1727142333984375
anealing,30,70,85,1490.61,1.1337323188781738
anealing,30,70,86,1526.01,1.1160340309143066
anealing,30,70,87,1622.24,1.1579744815826416
anealing,30,70,88,1597.24,1.1473102569580078
anealing,30,70,89,1608.41,1.1175007820129395
anealing,30,70,90,1657.74,1.1334879398345947
anealing,30,70,91,1477.91,1.1785576343536377
anealing,30,70,92,1542.03,1.1444451808929443
anealing,30,70,93,1538.43,1.1811375617980957
anealing,30,70,94,1767.12,1.105924129486084
anealing,30,70,95,1668.83,1.1023595333099365
anealing,30,70,96,1387.23,1.1329774856567383
anealing,30,70,97,1585.34,1.1406385898590088
anealing,30,70,98,1657.51,1.1387255191802979
anealing,30,70,99,1691.53,1.071800947189331
anealing,30,80,0,1801.79,1.1190540790557861
anealing,30,80,1,1533.19,1.188929557800293
anealing,30,80,2,1344.22,1.143723726272583
anealing,30,80,3,1432.07,1.1412596702575684
anealing,30,80,4,1515.91,1.1432089805603027
anealing,30,80,5,1575.79,1.1006019115447998
anealing,30,80,6,1489.28,1.1020228862762451
anealing,30,80,7,1353.98,1.1597890853881836
anealing,30,80,8,1524.79,1.1280298233032227
anealing,30,80,9,1494.99,1.1787755489349365
anealing,30,80,10,1628.84,1.1594042778015137
anealing,30,80,11,1482.53,1.1523990631103516
anealing,30,80,12,1603.16,1.1241967678070068
anealing,30,80,13,1701.37,1.2006423473358154
anealing,30,80,14,1576.09,1.1934020519256592
anealing,30,80,15,1804.6,1.153303623199463
anealing,30,80,16,1614.48,1.104278802871704
anealing,30,80,17,1727.95,1.1747171878814697
anealing,30,80,18,1531.89,1.1594581604003906
anealing,30,80,19,1600.72,1.0620243549346924
anealing,30,80,20,1564.97,1.1373605728149414
anealing,30,80,21,1598.81,1.1056785583496094
anealing,30,80,22,1694.99,1.1036639213562012
anealing,30,80,23,1584.0,1.137570858001709
anealing,30,80,24,1636.42,1.1198384761810303
anealing,30,80,25,1544.01,1.1785218715667725
anealing,30,80,26,1615.69,1.1580781936645508
anealing,30,80,27,1718.12,1.1565611362457275
anealing,30,80,28,1609.48,1.112898349761963
anealing,30,80,29,1647.67,1.2099037170410156
anealing,30,80,30,1487.2,1.224839210510254
anealing,30,80,31,1611.64,1.1020679473876953
anealing,30,80,32,1493.84,1.1882927417755127
anealing,30,80,33,1501.74,1.165208101272583
anealing,30,80,34,1705.75,1.14943265914917
anealing,30,80,35,1508.09,1.1357603073120117
anealing,30,80,36,1417.43,1.053394079208374
anealing,30,80,37,1425.31,1.1175816059112549
anealing,30,80,38,1524.68,1.1517963409423828
anealing,30,80,39,1599.31,1.1013989448547363
anealing,30,80,40,1760.0,1.1519343852996826
anealing,30,80,41,1430.09,1.1543588638305664
anealing,30,80,42,1597.62,1.1814777851104736
anealing,30,80,43,1379.73,1.1797614097595215
anealing,30,80,44,1748.98,1.1371281147003174
anealing,30,80,45,1473.78,1.2000250816345215
anealing,30,80,46,1555.59,1.1437664031982422
anealing,30,80,47,1767.89,1.1752536296844482
anealing,30,80,48,1680.65,1.1242425441741943
anealing,30,80,49,1538.9,1.1522939205169678
anealing,30,80,50,1640.78,1.0744736194610596
anealing,30,80,51,1641.31,1.0900332927703857
anealing,30,80,52,1772.74,1.0582199096679688
anealing,30,80,53,1787.23,1.104867935180664
anealing,30,80,54,1553.76,1.117724895477295
anealing,30,80,55,1794.42,1.2089653015136719
anealing,30,80,56,1732.24,1.1413891315460205
anealing,30,80,57,1827.71,1.098463535308838
anealing,30,80,58,1528.54,1.1335890293121338
anealing,30,80,59,1627.52,1.2040188312530518
anealing,30,80,60,1542.58,1.1639583110809326
anealing,30,80,61,1513.61,1.12314772605896
anealing,30,80,62,1480.19,1.2305881977081299
anealing,30,80,63,1513.81,1.1313612461090088
anealing,30,80,64,1763.65,1.1807637214660645
anealing,30,80,65,1483.27,1.0904717445373535
anealing,30,80,66,1496.24,1.1161837577819824
anealing,30,80,67,1412.99,1.2386448383331299
anealing,30,80,68,1746.24,1.1179351806640625
anealing,30,80,69,1668.11,1.1298959255218506
anealing,30,80,70,1494.18,1.156996726989746
anealing,30,80,71,1445.27,1.1793127059936523
anealing,30,80,72,1770.12,1.1206960678100586
anealing,30,80,73,1754.3,1.1672797203063965
anealing,30,80,74,1459.67,1.0970475673675537
anealing,30,80,75,1573.92,1.1336767673492432
anealing,30,80,76,1567.97,1.1312463283538818
anealing,30,80,77,1431.68,1.241391658782959
anealing,30,80,78,1510.36,1.1415379047393799
anealing,30,80,79,1700.06,1.2057888507843018
anealing,30,80,80,1579.85,1.1713554859161377
anealing,30,80,81,1658.79,1.170868158340454
anealing,30,80,82,1581.18,1.12278413772583
anealing,30,80,83,1697.93,1.1279966831207275
anealing,30,80,84,1575.2,1.1242344379425049
anealing,30,80,85,1450.88,1.1975488662719727
anealing,30,80,86,1558.53,1.1340503692626953
anealing,30,80,87,1700.95,1.1199641227722168
anealing,30,80,88,1710.56,1.1349601745605469
anealing,30,80,89,1624.23,1.1027398109436035
anealing,30,80,90,1656.32,1.1576507091522217
anealing,30,80,91,1486.08,1.1439123153686523
anealing,30,80,92,1547.54,1.1333754062652588
anealing,30,80,93,1540.51,1.1515276432037354
anealing,30,80,94,1777.15,1.12005615234375
anealing,30,80,95,1619.12,1.1180622577667236
anealing,30,80,96,1382.14,1.1628003120422363
anealing,30,80,97,1658.52,1.1725926399230957
anealing,30,80,98,1649.38,1.1414403915405273
anealing,30,80,99,1695.41,1.1882290840148926
anealing,30,90,0,1812.15,1.1215331554412842
anealing,30,90,1,1543.41,1.2322497367858887
anealing,30,90,2,1328.78,1.1537384986877441
anealing,30,90,3,1428.19,1.129133939743042
anealing,30,90,4,1495.39,1.1778497695922852
anealing,30,90,5,1560.41,1.1112878322601318
anealing,30,90,6,1489.95,1.059173822402954
anealing,30,90,7,1383.25,1.141592025756836
anealing,30,90,8,1522.02,1.191702127456665
anealing,30,90,9,1489.36,1.1737995147705078
anealing,30,90,10,1620.91,1.1512959003448486
anealing,30,90,11,1487.29,1.158858060836792
anealing,30,90,12,1546.46,1.180527687072754
anealing,30,90,13,1713.6,1.1473581790924072
anealing,30,90,14,1573.15,1.1391301155090332
anealing,30,90,15,1777.66,1.2004117965698242
anealing,30,90,16,1632.19,1.1540701389312744
anealing,30,90,17,1704.72,1.1293127536773682
anealing,30,90,18,1497.54,1.2003891468048096
anealing,30,90,19,1570.37,1.1487109661102295
anealing,30,90,20,1563.67,1.1463565826416016
anealing,30,90,21,1550.74,1.1587803363800049
anealing,30,90,22,1694.92,1.1096203327178955
anealing,30,90,23,1599.31,1.1467325687408447
anealing,30,90,24,1636.82,1.1766788959503174
anealing,30,90,25,1534.42,1.2062749862670898
anealing,30,90,26,1601.1,1.172668218612671
anealing,30,90,27,1712.9,1.1447412967681885
anealing,30,90,28,1626.35,1.1117875576019287
anealing,30,90,29,1646.36,1.123776912689209
anealing,30,90,30,1511.19,1.165510654449463
anealing,30,90,31,1602.44,1.1015639305114746
anealing,30,90,32,1478.01,1.1745736598968506
anealing,30,90,33,1506.58,1.1520788669586182
anealing,30,90,34,1724.18,1.1031477451324463
anealing,30,90,35,1517.8,1.181471586227417
anealing,30,90,36,1360.29,1.239884853363037
anealing,30,90,37,1503.47,1.162123441696167
anealing,30,90,38,1485.16,1.1867015361785889
anealing,30,90,39,1588.98,1.1269454956054688
anealing,30,90,40,1748.92,1.1441142559051514
anealing,30,90,41,1432.58,1.204897403717041
anealing,30,90,42,1595.59,1.1966779232025146
anealing,30,90,43,1431.06,1.1811678409576416
anealing,30,90,44,1752.59,1.1512398719787598
anealing,30,90,45,1456.31,1.1915709972381592
anealing,30,90,46,1578.44,1.1197268962860107
anealing,30,90,47,1783.88,1.1120517253875732
anealing,30,90,48,1655.95,1.2032690048217773
anealing,30,90,49,1547.1,1.0901660919189453
anealing,30,90,50,1699.04,1.1010642051696777
anealing,30,90,51,1657.57,1.1282076835632324
anealing,30,90,52,1777.25,1.138361930847168
anealing,30,90,53,1797.24,1.1233410835266113
anealing,30,90,54,1521.27,1.163987159729004
anealing,30,90,55,1796.2,1.240929126739502
anealing,30,90,56,1731.87,1.1517441272735596
anealing,30,90,57,1761.29,1.193864345550537
anealing,30,90,58,1508.15,1.216200828552246
anealing,30,90,59,1613.67,1.1386997699737549
anealing,30,90,60,1555.3,1.1658804416656494
anealing,30,90,61,1517.93,1.1299388408660889
anealing,30,90,62,1488.42,1.1612944602966309
anealing,30,90,63,1523.62,1.162771224975586
anealing,30,90,64,1757.79,1.122605562210083
anealing,30,90,65,1496.86,1.1669390201568604
anealing,30,90,66,1506.12,1.1200623512268066
anealing,30,90,67,1501.89,1.1849939823150635
anealing,30,90,68,1734.61,1.0973689556121826
anealing,30,90,69,1646.26,1.0726103782653809
anealing,30,90,70,1492.05,1.1319899559020996
anealing,30,90,71,1420.23,1.137145757675171
anealing,30,90,72,1774.43,1.1065597534179688
anealing,30,90,73,1762.42,1.0450918674468994
anealing,30,90,74,1498.89,1.117579698562622
anealing,30,90,75,1584.8,1.132601022720337
anealing,30,90,76,1566.25,1.1540403366088867
anealing,30,90,77,1424.09,1.1848597526550293
anealing,30,90,78,1595.09,1.1118359565734863
anealing,30,90,79,1705.24,1.1359326839447021
anealing,30,90,80,1582.09,1.1563866138458252
anealing,30,90,81,1660.02,1.1525957584381104
anealing,30,90,82,1626.31,1.1416277885437012
anealing,30,90,83,1698.65,1.1450004577636719
anealing,30,90,84,1534.29,1.1928997039794922
anealing,30,90,85,1501.57,1.1509130001068115
anealing,30,90,86,1553.08,1.1206657886505127
anealing,30,90,87,1706.47,1.0779404640197754
anealing,30,90,88,1706.26,1.1472134590148926
anealing,30,90,89,1598.62,1.1162409782409668
anealing,30,90,90,1659.39,1.1538147926330566
anealing,30,90,91,1497.56,1.1515300273895264
anealing,30,90,92,1522.19,1.1762127876281738
anealing,30,90,93,1539.93,1.1697626113891602
anealing,30,90,94,1767.87,1.0653154850006104
anealing,30,90,95,1701.28,1.1441426277160645
anealing,30,90,96,1376.37,1.162644624710083
anealing,30,90,97,1642.24,1.2035861015319824
anealing,30,90,98,1644.53,1.183318853378296
anealing,30,90,99,1717.14,1.1428873538970947
anealing,30,100,0,1799.59,1.1529912948608398
anealing,30,100,1,1549.25,1.207658052444458
anealing,30,100,2,1407.73,1.1505205631256104
anealing,30,100,3,1435.18,1.158400058746338
anealing,30,100,4,1523.0,1.1406528949737549
anealing,30,100,5,1566.76,1.169123649597168
anealing,30,100,6,1512.13,1.1504037380218506
anealing,30,100,7,1366.56,1.163646936416626
anealing,30,100,8,1474.45,1.1641356945037842
anealing,30,100,9,1504.61,1.1590309143066406
anealing,30,100,10,1624.78,1.1487011909484863
anealing,30,100,11,1449.45,1.1929481029510498
anealing,30,100,12,1593.78,1.1795721054077148
anealing,30,100,13,1719.52,1.2022390365600586
anealing,30,100,14,1639.83,1.13381028175354
anealing,30,100,15,1792.41,1.1480951309204102
anealing,30,100,16,1621.34,1.1320605278015137
anealing,30,100,17,1692.43,1.1423006057739258
anealing,30,100,18,1496.59,1.1861016750335693
anealing,30,100,19,1616.76,1.0942106246948242
anealing,30,100,20,1599.5,1.1561992168426514
anealing,30,100,21,1592.47,1.1435143947601318
anealing,30,100,22,1695.54,1.2296440601348877
anealing,30,100,23,1606.81,1.1028540134429932
anealing,30,100,24,1632.2,1.096076250076294
anealing,30,100,25,1575.28,1.1310086250305176
anealing,30,100,26,1587.8,1.1969926357269287
anealing,30,100,27,1716.61,1.1973650455474854
anealing,30,100,28,1630.01,1.085618019104004
anealing,30,100,29,1603.79,1.1572673320770264
anealing,30,100,30,1483.25,1.1525092124938965
anealing,30,100,31,1602.61,1.0781641006469727
anealing,30,100,32,1490.73,1.1925160884857178
anealing,30,100,33,1560.15,1.1744146347045898
anealing,30,100,34,1707.98,1.0916569232940674
anealing,30,100,35,1503.96,1.1811695098876953
anealing,30,100,36,1361.42,1.1461923122406006
anealing,30,100,37,1490.02,1.1479425430297852
anealing,30,100,38,1451.56,1.1812760829925537
anealing,30,100,39,1583.3,1.150163173675537
anealing,30,100,40,1752.08,1.141103982925415
anealing,30,100,41,1491.18,1.1298377513885498
anealing,30,100,42,1589.44,1.1656837463378906
anealing,30,100,43,1452.36,1.138453483581543
anealing,30,100,44,1755.95,1.1176848411560059
anealing,30,100,45,1424.71,1.179614543914795
anealing,30,100,46,1531.81,1.1151511669158936
anealing,30,100,47,1788.01,1.1814899444580078
anealing,30,100,48,1657.16,1.1468136310577393
anealing,30,100,49,1550.71,1.1868219375610352
anealing,30,100,50,1676.71,1.203305721282959
anealing,30,100,51,1641.98,1.1396021842956543
anealing,30,100,52,1788.92,1.0789852142333984
anealing,30,100,53,1790.73,1.1431066989898682
anealing,30,100,54,1548.99,1.115203619003296
anealing,30,100,55,1796.0,1.2542057037353516
anealing,30,100,56,1744.48,1.1410930156707764
anealing,30,100,57,1755.89,1.12913179397583
anealing,30,100,58,1534.95,1.1159679889678955
anealing,30,100,59,1609.42,1.1037893295288086
anealing,30,100,60,1525.88,1.1555821895599365
anealing,30,100,61,1522.37,1.186852216720581
anealing,30,100,62,1494.99,1.1825246810913086
anealing,30,100,63,1523.62,1.0836176872253418
anealing,30,100,64,1756.24,1.13722825050354
anealing,30,100,65,1467.36,1.1493971347808838
anealing,30,100,66,1465.23,1.1785202026367188
anealing,30,100,67,1509.85,1.1845369338989258
anealing,30,100,68,1719.34,1.0727391242980957
anealing,30,100,69,1657.76,1.17024564743042
anealing,30,100,70,1491.61,1.125279188156128
anealing,30,100,71,1448.49,1.1494860649108887
anealing,30,100,72,1766.15,1.212397813796997
anealing,30,100,73,1756.91,1.1408843994140625
anealing,30,100,74,1441.75,1.1673736572265625
anealing,30,100,75,1592.24,1.1079137325286865
anealing,30,100,76,1573.79,1.1459877490997314
anealing,30,100,77,1422.95,1.1899323463439941
anealing,30,100,78,1611.83,1.1354336738586426
anealing,30,100,79,1700.14,1.1305944919586182
anealing,30,100,80,1586.04,1.1505677700042725
anealing,30,100,81,1638.53,1.1239261627197266
anealing,30,100,82,1605.98,1.1971909999847412
anealing,30,100,83,1617.87,1.177772045135498
anealing,30,100,84,1570.96,1.1130058765411377
anealing,30,100,85,1473.41,1.1254563331604004
anealing,30,100,86,1548.15,1.1536285877227783
anealing,30,100,87,1710.04,1.1055433750152588
anealing,30,100,88,1736.42,1.160996913909912
anealing,30,100,89,1621.03,1.1780452728271484
anealing,30,100,90,1659.52,1.115102767944336
anealing,30,100,91,1494.26,1.1479637622833252
anealing,30,100,92,1498.76,1.1468234062194824
anealing,30,100,93,1541.14,1.212479591369629
anealing,30,100,94,1767.35,1.102353572845459
anealing,30,100,95,1697.73,1.1102910041809082
anealing,30,100,96,1365.27,1.0906200408935547
anealing,30,100,97,1625.23,1.1797208786010742
anealing,30,100,98,1652.59,1.179610013961792
anealing,30,100,99,1704.56,1.1924867630004883
anealing,100,0,0,3657.26,1.443586826324463
anealing,100,0,1,3680.36,1.4462928771972656
anealing,100,0,2,3803.04,1.4603431224822998
anealing,100,0,3,3825.99,1.4597177505493164
anealing,100,0,4,3711.61,1.4588117599487305
anealing,100,0,5,3713.3,1.4578733444213867
anealing,100,0,6,4068.45,1.4740808010101318
anealing,100,0,7,3788.95,1.4443740844726562
anealing,100,0,8,3666.51,1.4522414207458496
anealing,100,0,9,3637.15,1.4775400161743164
anealing,100,0,10,3774.68,1.444263219833374
anealing,100,0,11,3689.27,1.4827439785003662
anealing,100,0,12,3746.63,1.4352314472198486
anealing,100,0,13,3882.65,1.4543483257293701
anealing,100,0,14,3789.59,1.4426209926605225
anealing,100,0,15,3898.95,1.459348440170288
anealing,100,0,16,3791.89,1.4734117984771729
anealing,100,0,17,3532.08,1.4535260200500488
anealing,100,0,18,3802.64,1.4463257789611816
anealing,100,0,19,3635.24,1.4592528343200684
anealing,100,0,20,3867.71,1.459336519241333
anealing,100,0,21,3589.89,1.473301649093628
anealing,100,0,22,3674.81,1.4586479663848877
anealing,100,0,23,3667.57,1.4467051029205322
anealing,100,0,24,3810.15,1.4221253395080566
anealing,100,0,25,3817.89,1.4832444190979004
anealing,100,0,26,3940.56,1.4419608116149902
anealing,100,0,27,3733.65,1.4632227420806885
anealing,100,0,28,3749.56,1.4642267227172852
anealing,100,0,29,3706.37,1.4773941040039062
anealing,100,0,30,3882.74,1.4680016040802002
anealing,100,0,31,3787.94,1.4607396125793457
anealing,100,0,32,3748.75,1.4524354934692383
anealing,100,0,33,3807.03,1.45302414894104
anealing,100,0,34,3692.47,1.431783676147461
anealing,100,0,35,3823.78,1.4509506225585938
anealing,100,0,36,3621.68,1.454294204711914
anealing,100,0,37,3662.09,1.458076000213623
anealing,100,0,38,3786.96,1.467134714126587
anealing,100,0,39,3549.28,1.4581754207611084
anealing,100,0,40,3678.31,1.4404535293579102
anealing,100,0,41,3933.3,1.4542791843414307
anealing,100,0,42,3585.76,1.4388861656188965
anealing,100,0,43,3889.33,1.451181411743164
anealing,100,0,44,3642.7,1.4605708122253418
anealing,100,0,45,3812.34,1.4676578044891357
anealing,100,0,46,3602.68,1.4485774040222168
anealing,100,0,47,3906.99,1.4483833312988281
anealing,100,0,48,3851.14,1.5057768821716309
anealing,100,0,49,3604.85,1.4348602294921875
anealing,100,0,50,3844.08,1.4423069953918457
anealing,100,0,51,3764.89,1.4566397666931152
anealing,100,0,52,3715.81,1.4559428691864014
anealing,100,0,53,3531.8,1.4608738422393799
anealing,100,0,54,3780.23,1.4763526916503906
anealing,100,0,55,3741.03,1.4627525806427002
anealing,100,0,56,3869.19,1.5037717819213867
anealing,100,0,57,3932.81,1.4597864151000977
anealing,100,0,58,3749.52,1.457153081893921
anealing,100,0,59,3845.95,1.4588983058929443
anealing,100,0,60,3825.9,1.4496886730194092
anealing,100,0,61,3635.59,1.4662859439849854
anealing,100,0,62,3601.31,1.4377760887145996
anealing,100,0,63,3817.11,1.4615025520324707
anealing,100,0,64,3668.89,1.4379997253417969
anealing,100,0,65,3823.78,1.4464950561523438
anealing,100,0,66,3782.84,1.4781396389007568
anealing,100,0,67,3488.54,1.4520962238311768
anealing,100,0,68,3989.69,1.459805965423584
anealing,100,0,69,4037.7,1.4624145030975342
anealing,100,0,70,3707.78,1.4726402759552002
anealing,100,0,71,3771.02,1.4675192832946777
anealing,100,0,72,3659.9,1.4473865032196045
anealing,100,0,73,4049.51,1.5325767993927002
anealing,100,0,74,3875.27,1.4577531814575195
anealing,100,0,75,3662.15,1.4677233695983887
anealing,100,0,76,3561.49,1.4677672386169434
anealing,100,0,77,3622.39,1.4296491146087646
anealing,100,0,78,3828.7,1.4370501041412354
anealing,100,0,79,3622.32,1.437619924545288
anealing,100,0,80,3846.85,1.4528882503509521
anealing,100,0,81,3781.3,1.4454677104949951
anealing,100,0,82,3748.97,1.4554777145385742
anealing,100,0,83,3979.1,1.4450175762176514
anealing,100,0,84,3791.35,1.4784362316131592
anealing,100,0,85,3587.77,1.4861183166503906
anealing,100,0,86,3687.64,1.449876308441162
anealing,100,0,87,4164.75,1.4712529182434082
anealing,100,0,88,3596.29,1.4551920890808105
anealing,100,0,89,3856.21,1.4345710277557373
anealing,100,0,90,3769.8,1.431492805480957
anealing,100,0,91,3845.76,1.4441983699798584
anealing,100,0,92,3549.74,1.4421448707580566
anealing,100,0,93,3695.0,1.4544389247894287
anealing,100,0,94,3762.52,1.4409477710723877
anealing,100,0,95,3810.09,1.4713809490203857
anealing,100,0,96,3612.61,1.4452400207519531
anealing,100,0,97,3997.69,1.5400042533874512
anealing,100,0,98,3862.68,1.4401357173919678
anealing,100,0,99,4028.23,1.4631879329681396
anealing,100,10,0,4000.03,1.4845693111419678
anealing,100,10,1,3845.74,1.4662766456604004
anealing,100,10,2,3783.94,1.4663562774658203
anealing,100,10,3,3931.55,1.4643912315368652
anealing,100,10,4,3984.77,1.475569486618042
anealing,100,10,5,3821.03,1.457777500152588
anealing,100,10,6,4036.2,1.4504101276397705
anealing,100,10,7,4002.41,1.4489927291870117
anealing,100,10,8,3871.34,1.4481837749481201
anealing,100,10,9,3939.76,1.466334581375122
anealing,100,10,10,4271.9,1.4456803798675537
anealing,100,10,11,3916.64,1.449411153793335
anealing,100,10,12,3810.16,1.4911103248596191
anealing,100,10,13,3992.64,1.4547290802001953
anealing,100,10,14,4289.91,1.465742588043213
anealing,100,10,15,4015.25,1.4654450416564941
anealing,100,10,16,4055.92,1.4373960494995117
anealing,100,10,17,4037.05,1.4459819793701172
anealing,100,10,18,3933.31,1.4529619216918945
anealing,100,10,19,3904.05,1.4597480297088623
anealing,100,10,20,4022.0,1.4511544704437256
anealing,100,10,21,3638.85,1.4627368450164795
anealing,100,10,22,4080.63,1.47221040725708
anealing,100,10,23,3951.17,1.463627576828003
anealing,100,10,24,4206.94,1.4722576141357422
anealing,100,10,25,4071.25,1.4635639190673828
anealing,100,10,26,4186.29,1.4552783966064453
anealing,100,10,27,4035.09,1.443772315979004
anealing,100,10,28,3980.26,1.4567201137542725
anealing,100,10,29,3884.98,1.4656188488006592
anealing,100,10,30,4025.94,1.4606387615203857
anealing,100,10,31,3864.79,1.4402215480804443
anealing,100,10,32,3682.87,1.4611988067626953
anealing,100,10,33,3853.48,1.4852957725524902
anealing,100,10,34,3958.42,1.450251817703247
anealing,100,10,35,4238.04,1.460392713546753
anealing,100,10,36,3936.42,1.4906704425811768
anealing,100,10,37,3854.74,1.4590094089508057
anealing,100,10,38,3891.54,1.4267833232879639
anealing,100,10,39,3928.72,1.4511759281158447
anealing,100,10,40,4064.86,1.461949110031128
anealing,100,10,41,4280.16,1.4663841724395752
anealing,100,10,42,3713.6,1.4308454990386963
anealing,100,10,43,4248.98,1.4338834285736084
anealing,100,10,44,3956.38,1.4475953578948975
anealing,100,10,45,4189.48,1.4352314472198486
anealing,100,10,46,3613.79,1.4584548473358154
anealing,100,10,47,3921.26,1.468541145324707
anealing,100,10,48,4057.5,1.4435734748840332
anealing,100,10,49,4024.26,1.4477910995483398
anealing,100,10,50,4066.07,1.4396793842315674
anealing,100,10,51,4052.27,1.494173526763916
anealing,100,10,52,3928.88,1.4452297687530518
anealing,100,10,53,3767.13,1.446441650390625
anealing,100,10,54,4240.4,1.462740182876587
anealing,100,10,55,4009.56,1.4580051898956299
anealing,100,10,56,3984.15,1.4342374801635742
anealing,100,10,57,4238.01,1.453355312347412
anealing,100,10,58,3970.57,1.4689860343933105
anealing,100,10,59,3889.82,1.4513609409332275
anealing,100,10,60,3863.44,1.4554994106292725
anealing,100,10,61,3637.99,1.462831974029541
anealing,100,10,62,3957.37,1.4591314792633057
anealing,100,10,63,3939.82,1.439690351486206
anealing,100,10,64,4006.51,1.4576232433319092
anealing,100,10,65,4049.14,1.471102237701416
anealing,100,10,66,3850.77,1.4504108428955078
anealing,100,10,67,3786.54,1.4614923000335693
anealing,100,10,68,4081.74,1.4666407108306885
anealing,100,10,69,4166.94,1.4490656852722168
anealing,100,10,70,4073.38,1.4477250576019287
anealing,100,10,71,3910.35,1.4417688846588135
anealing,100,10,72,3765.04,1.5089480876922607
anealing,100,10,73,4229.12,1.487095594406128
anealing,100,10,74,4106.91,1.4580819606781006
anealing,100,10,75,3971.27,1.4485187530517578
anealing,100,10,76,3876.31,1.4684476852416992
anealing,100,10,77,3751.63,1.458082675933838
anealing,100,10,78,3984.19,1.451982021331787
anealing,100,10,79,4140.13,1.4464571475982666
anealing,100,10,80,4023.93,1.4750969409942627
anealing,100,10,81,4025.47,1.453489065170288
anealing,100,10,82,4080.72,1.4467861652374268
anealing,100,10,83,4188.78,1.4748461246490479
anealing,100,10,84,3996.07,1.4712481498718262
anealing,100,10,85,3781.76,1.4501047134399414
anealing,100,10,86,3830.87,1.4687860012054443
anealing,100,10,87,4192.54,1.4709587097167969
anealing,100,10,88,3887.98,1.4435102939605713
anealing,100,10,89,4130.3,1.4750316143035889
anealing,100,10,90,4070.01,1.4590599536895752
anealing,100,10,91,4254.53,1.4597561359405518
anealing,100,10,92,3896.55,1.4658634662628174
anealing,100,10,93,3752.17,1.444840669631958
anealing,100,10,94,3980.04,1.4320030212402344
anealing,100,10,95,4071.67,1.442124605178833
anealing,100,10,96,3993.0,1.479978322982788
anealing,100,10,97,4232.5,1.4616079330444336
anealing,100,10,98,3949.11,1.4336493015289307
anealing,100,10,99,4163.9,1.4562513828277588
anealing,100,20,0,4257.72,1.4469397068023682
anealing,100,20,1,4283.28,1.4547197818756104
anealing,100,20,2,3967.93,1.5004520416259766
anealing,100,20,3,4189.68,1.4375462532043457
anealing,100,20,4,4034.44,1.4648048877716064
anealing,100,20,5,4010.09,1.4337425231933594
anealing,100,20,6,4331.1,1.45920991897583
anealing,100,20,7,4329.9,1.4558942317962646
anealing,100,20,8,3947.05,1.457529067993164
anealing,100,20,9,4308.08,1.4731180667877197
anealing,100,20,10,4215.25,1.4694714546203613
anealing,100,20,11,3940.08,1.450641393661499
anealing,100,20,12,4032.17,1.4550395011901855
anealing,100,20,13,4357.07,1.443984031677246
anealing,100,20,14,4383.96,1.457021951675415
anealing,100,20,15,4141.93,1.4680123329162598
anealing,100,20,16,4372.44,1.4543142318725586
anealing,100,20,17,4183.79,1.4495735168457031
anealing,100,20,18,4231.89,1.4352900981903076
anealing,100,20,19,4275.46,1.4653098583221436
anealing,100,20,20,4097.39,1.463341236114502
anealing,100,20,21,3908.96,1.4610121250152588
anealing,100,20,22,4272.87,1.4655389785766602
anealing,100,20,23,4407.34,1.4385473728179932
anealing,100,20,24,4392.65,1.4463040828704834
anealing,100,20,25,4375.46,1.4564931392669678
anealing,100,20,26,4175.93,1.4524946212768555
anealing,100,20,27,4190.48,1.4505615234375
anealing,100,20,28,3931.21,1.4476959705352783
anealing,100,20,29,3947.08,1.4504683017730713
anealing,100,20,30,4338.21,1.459632158279419
anealing,100,20,31,4076.45,1.4460575580596924
anealing,100,20,32,4065.38,1.4847145080566406
anealing,100,20,33,3974.47,1.4714441299438477
anealing,100,20,34,3986.3,1.452467679977417
anealing,100,20,35,4353.56,1.4538238048553467
anealing,100,20,36,3775.1,1.4505283832550049
anealing,100,20,37,3897.56,1.4667353630065918
anealing,100,20,38,4056.26,1.4524319171905518
anealing,100,20,39,4297.28,1.4529759883880615
anealing,100,20,40,3962.66,1.4539060592651367
anealing,100,20,41,4377.03,1.4543490409851074
anealing,100,20,42,4053.46,1.4360220432281494
anealing,100,20,43,4165.08,1.4755609035491943
anealing,100,20,44,3923.33,1.4471526145935059
anealing,100,20,45,4297.56,1.4520094394683838
anealing,100,20,46,3965.27,1.4435522556304932
anealing,100,20,47,4195.28,1.5729994773864746
anealing,100,20,48,4254.6,1.4671037197113037
anealing,100,20,49,4206.57,1.4448604583740234
anealing,100,20,50,4048.2,1.4457366466522217
anealing,100,20,51,4467.87,1.4611098766326904
anealing,100,20,52,4245.31,1.459956407546997
anealing,100,20,53,3910.0,1.4604008197784424
anealing,100,20,54,4203.41,1.4582476615905762
anealing,100,20,55,4104.34,1.4843831062316895
anealing,100,20,56,4339.42,1.455488681793213
anealing,100,20,57,4300.26,1.4717698097229004
anealing,100,20,58,4161.2,1.4504456520080566
anealing,100,20,59,3807.64,1.4468634128570557
anealing,100,20,60,3901.06,1.4411869049072266
anealing,100,20,61,4282.11,1.4608235359191895
anealing,100,20,62,4173.65,1.4433674812316895
anealing,100,20,63,4263.03,1.4369916915893555
anealing,100,20,64,3843.53,1.4611046314239502
anealing,100,20,65,4413.37,1.4278538227081299
anealing,100,20,66,3961.89,1.4210400581359863
anealing,100,20,67,3879.09,1.4351773262023926
anealing,100,20,68,4271.01,1.4715735912322998
anealing,100,20,69,4232.39,1.4370052814483643
anealing,100,20,70,4075.37,1.4562664031982422
anealing,100,20,71,4107.06,1.462003231048584
anealing,100,20,72,4042.0,1.4608955383300781
anealing,100,20,73,4097.36,1.4281244277954102
anealing,100,20,74,4363.15,1.4668710231781006
anealing,100,20,75,4129.66,1.4543685913085938
anealing,100,20,76,4166.29,1.4889411926269531
anealing,100,20,77,4097.54,1.457948923110962
anealing,100,20,78,4149.52,1.4617793560028076
anealing,100,20,79,4121.52,1.445775032043457
anealing,100,20,80,4142.45,1.4435772895812988
anealing,100,20,81,4051.2,1.4511258602142334
anealing,100,20,82,4154.09,1.4711589813232422
anealing,100,20,83,4392.37,1.458606243133545
anealing,100,20,84,3865.98,1.466768741607666
anealing,100,20,85,4063.76,1.4541804790496826
anealing,100,20,86,4005.28,1.45896315574646
anealing,100,20,87,4416.77,1.4703447818756104
anealing,100,20,88,3830.09,1.4274101257324219
anealing,100,20,89,4325.92,1.4688754081726074
anealing,100,20,90,4031.39,1.4451444149017334
anealing,100,20,91,4461.83,1.4654107093811035
anealing,100,20,92,3991.7,1.4826505184173584
anealing,100,20,93,4101.57,1.4426376819610596
anealing,100,20,94,4139.48,1.4827306270599365
anealing,100,20,95,4481.2,1.4508435726165771
anealing,100,20,96,4096.78,1.452894926071167
anealing,100,20,97,4381.11,1.4649770259857178
anealing,100,20,98,4152.72,1.457364797592163
anealing,100,20,99,4277.43,1.4757847785949707
anealing,100,30,0,4168.32,1.4306135177612305
anealing,100,30,1,4291.54,1.450707197189331
anealing,100,30,2,4263.37,1.4635095596313477
anealing,100,30,3,4256.08,1.430297613143921
anealing,100,30,4,4244.76,1.4580962657928467
anealing,100,30,5,4415.53,1.4809811115264893
anealing,100,30,6,4297.94,1.4637718200683594
anealing,100,30,7,4669.71,1.4528656005859375
anealing,100,30,8,4238.47,1.5687744617462158
anealing,100,30,9,4342.92,1.471121072769165
anealing,100,30,10,4502.65,1.4555916786193848
anealing,100,30,11,4047.04,1.445265769958496
anealing,100,30,12,4354.68,1.4374196529388428
anealing,100,30,13,4246.79,1.456559658050537
anealing,100,30,14,4564.14,1.4635400772094727
anealing,100,30,15,4338.66,1.4568157196044922
anealing,100,30,16,4370.85,1.456618309020996
anealing,100,30,17,4375.43,1.4657726287841797
anealing,100,30,18,4115.05,1.4111332893371582
anealing,100,30,19,4257.75,1.4610211849212646
anealing,100,30,20,4284.23,1.4240093231201172
anealing,100,30,21,3984.85,1.4547858238220215
anealing,100,30,22,4351.44,1.4595444202423096
anealing,100,30,23,4358.79,1.4261915683746338
anealing,100,30,24,4351.78,1.4688186645507812
anealing,100,30,25,4278.12,1.4607505798339844
anealing,100,30,26,4283.11,1.4628863334655762
anealing,100,30,27,4375.99,1.442436933517456
anealing,100,30,28,4159.29,1.4366014003753662
anealing,100,30,29,4017.09,1.4527759552001953
anealing,100,30,30,4486.0,1.4406654834747314
anealing,100,30,31,4093.78,1.4571926593780518
anealing,100,30,32,4225.15,1.4321205615997314
anealing,100,30,33,4164.06,1.449528694152832
anealing,100,30,34,4035.54,1.4387152194976807
anealing,100,30,35,4609.2,1.4661617279052734
anealing,100,30,36,4009.18,1.46073579788208
anealing,100,30,37,4112.66,1.4590842723846436
anealing,100,30,38,4432.48,1.4640543460845947
anealing,100,30,39,3937.5,1.4365484714508057
anealing,100,30,40,4410.7,1.447037935256958
anealing,100,30,41,4210.47,1.5002408027648926
anealing,100,30,42,4343.3,1.4551925659179688
anealing,100,30,43,4392.49,1.4535319805145264
anealing,100,30,44,4081.13,1.477125644683838
anealing,100,30,45,4493.13,1.4586145877838135
anealing,100,30,46,3899.4,1.4552786350250244
anealing,100,30,47,4224.95,1.439807653427124
anealing,100,30,48,4254.63,1.4582750797271729
anealing,100,30,49,4232.37,1.4677577018737793
anealing,100,30,50,4190.06,1.465254783630371
anealing,100,30,51,4572.24,1.4285874366760254
anealing,100,30,52,4135.32,1.4426190853118896
anealing,100,30,53,4293.73,1.4767584800720215
anealing,100,30,54,4590.33,1.4632771015167236
anealing,100,30,55,4421.71,1.4520480632781982
anealing,100,30,56,4167.73,1.467360258102417
anealing,100,30,57,4635.83,1.4669139385223389
anealing,100,30,58,4519.55,1.433440923690796
anealing,100,30,59,4272.05,1.428903341293335
anealing,100,30,60,4057.6,1.466118335723877
anealing,100,30,61,4012.35,1.4639227390289307
anealing,100,30,62,4328.32,1.447056531906128
anealing,100,30,63,4491.19,1.4594719409942627
anealing,100,30,64,4162.29,1.442535638809204
anealing,100,30,65,4360.37,1.4778435230255127
anealing,100,30,66,4067.22,1.4418835639953613
anealing,100,30,67,4048.73,1.442199468612671
anealing,100,30,68,4323.89,1.4657659530639648
anealing,100,30,69,4578.86,1.4666409492492676
anealing,100,30,70,4470.56,1.4498796463012695
anealing,100,30,71,4386.57,1.4639649391174316
anealing,100,30,72,4261.46,1.4542481899261475
anealing,100,30,73,4707.52,1.481367826461792
anealing,100,30,74,4250.57,1.492851972579956
anealing,100,30,75,4423.11,1.437784194946289
anealing,100,30,76,4445.08,1.4462873935699463
anealing,100,30,77,4138.29,1.4540863037109375
anealing,100,30,78,4298.04,1.4372875690460205
anealing,100,30,79,4280.14,1.426281452178955
anealing,100,30,80,4082.53,1.465278148651123
anealing,100,30,81,4252.4,1.4639389514923096
anealing,100,30,82,4520.34,1.4492535591125488
anealing,100,30,83,4402.22,1.459197998046875
anealing,100,30,84,4362.88,1.4795081615447998
anealing,100,30,85,4145.6,1.4490330219268799
anealing,100,30,86,4202.47,1.466052770614624
anealing,100,30,87,4591.07,1.4553203582763672
anealing,100,30,88,3895.04,1.4910781383514404
anealing,100,30,89,4281.71,1.466810703277588
anealing,100,30,90,4251.76,1.4587376117706299
anealing,100,30,91,4546.31,1.4420382976531982
anealing,100,30,92,4011.9,1.4637253284454346
anealing,100,30,93,4051.47,1.4620301723480225
anealing,100,30,94,3987.17,1.4289231300354004
anealing,100,30,95,4315.23,1.4618287086486816
anealing,100,30,96,4304.75,1.4499552249908447
anealing,100,30,97,4447.52,1.4634311199188232
anealing,100,30,98,4169.22,1.4697704315185547
anealing,100,30,99,4308.9,1.457714319229126
anealing,100,40,0,4459.02,1.4420852661132812
anealing,100,40,1,4516.69,1.454617977142334
anealing,100,40,2,4432.94,1.4610424041748047
anealing,100,40,3,4345.1,1.4570512771606445
anealing,100,40,4,4401.21,1.4564640522003174
anealing,100,40,5,4428.89,1.4530830383300781
anealing,100,40,6,4455.42,1.4534003734588623
anealing,100,40,7,4631.14,1.4333057403564453
anealing,100,40,8,4484.81,1.4384431838989258
anealing,100,40,9,4550.91,1.4551758766174316
anealing,100,40,10,4745.11,1.4433116912841797
anealing,100,40,11,4452.48,1.4782078266143799
anealing,100,40,12,4196.74,1.4555799961090088
anealing,100,40,13,4336.6,1.4649224281311035
anealing,100,40,14,4626.71,1.4582493305206299
anealing,100,40,15,4400.02,1.4608180522918701
anealing,100,40,16,4658.41,1.4567265510559082
anealing,100,40,17,4324.26,1.4515926837921143
anealing,100,40,18,4342.52,1.454197883605957
anealing,100,40,19,4674.57,1.4713037014007568
anealing,100,40,20,4277.46,1.4277763366699219
anealing,100,40,21,3889.92,1.4366815090179443
anealing,100,40,22,4546.51,1.4449443817138672
anealing,100,40,23,4600.4,1.4550085067749023
anealing,100,40,24,4576.3,1.4862339496612549
anealing,100,40,25,4656.89,1.4359025955200195
anealing,100,40,26,4302.35,1.4556200504302979
anealing,100,40,27,4527.72,1.472677230834961
anealing,100,40,28,4220.95,1.448378086090088
anealing,100,40,29,4459.06,1.4468774795532227
anealing,100,40,30,4593.46,1.453251600265503
anealing,100,40,31,4472.42,1.4507489204406738
anealing,100,40,32,4614.74,1.4435887336730957
anealing,100,40,33,4371.34,1.4576606750488281
anealing,100,40,34,4166.49,1.4658164978027344
anealing,100,40,35,4618.93,1.4591772556304932
anealing,100,40,36,4073.95,1.4472990036010742
anealing,100,40,37,4079.67,1.4852943420410156
anealing,100,40,38,4410.55,1.468592882156372
anealing,100,40,39,4430.19,1.4331398010253906
anealing,100,40,40,4451.65,1.4329490661621094
anealing,100,40,41,4945.18,1.4319911003112793
anealing,100,40,42,4225.52,1.5069966316223145
anealing,100,40,43,4987.31,1.4624254703521729
anealing,100,40,44,4358.37,1.460601806640625
anealing,100,40,45,4785.44,1.471283197402954
anealing,100,40,46,4323.4,1.4470694065093994
anealing,100,40,47,4515.54,1.4573700428009033
anealing,100,40,48,4508.64,1.4623310565948486
anealing,100,40,49,4368.19,1.4582438468933105
anealing,100,40,50,4219.71,1.4624438285827637
anealing,100,40,51,4838.12,1.451704978942871
anealing,100,40,52,4487.05,1.450434684753418
anealing,100,40,53,4484.89,1.4565672874450684
anealing,100,40,54,4437.3,1.4440994262695312
anealing,100,40,55,4580.43,1.467203140258789
anealing,100,40,56,4513.38,1.4649567604064941
anealing,100,40,57,4548.9,1.4526653289794922
anealing,100,40,58,4503.36,1.4576420783996582
anealing,100,40,59,4458.6,1.447101354598999
anealing,100,40,60,4191.53,1.4476075172424316
anealing,100,40,61,4565.57,1.439756155014038
anealing,100,40,62,4492.09,1.456977367401123
anealing,100,40,63,4627.12,1.4701719284057617
anealing,100,40,64,4490.47,1.4584636688232422
anealing,100,40,65,4768.96,1.4619390964508057
anealing,100,40,66,4184.97,1.450350046157837
anealing,100,40,67,4026.9,1.4393601417541504
anealing,100,40,68,4675.03,1.4415602684020996
anealing,100,40,69,4820.19,1.4599707126617432
anealing,100,40,70,4476.79,1.432997465133667
anealing,100,40,71,4334.93,1.436161756515503
anealing,100,40,72,4172.38,1.4589145183563232
anealing,100,40,73,4604.97,1.450056552886963
anealing,100,40,74,4286.47,1.4662988185882568
anealing,100,40,75,4323.38,1.4262263774871826
anealing,100,40,76,4367.83,1.46128511428833
anealing,100,40,77,4550.44,1.445824146270752
anealing,100,40,78,4435.29,1.4505746364593506
anealing,100,40,79,4225.28,1.4439692497253418
anealing,100,40,80,4406.61,1.4745676517486572
anealing,100,40,81,4246.4,1.4397690296173096
anealing,100,40,82,4757.9,1.4603517055511475
anealing,100,40,83,4419.56,1.462353229522705
anealing,100,40,84,4559.25,1.45229172706604
anealing,100,40,85,4182.15,1.458620309829712
anealing,100,40,86,4225.13,1.4448857307434082
anealing,100,40,87,4675.16,1.4565377235412598
anealing,100,40,88,4169.12,1.4521427154541016
anealing,100,40,89,4560.7,1.4518368244171143
anealing,100,40,90,4483.04,1.4514267444610596
anealing,100,40,91,4574.41,1.4419419765472412
anealing,100,40,92,4203.77,1.4443044662475586
anealing,100,40,93,4309.84,1.455458402633667
anealing,100,40,94,4233.86,1.4532694816589355
anealing,100,40,95,4501.25,1.4526863098144531
anealing,100,40,96,4335.32,1.459705114364624
anealing,100,40,97,4529.53,1.467017650604248
anealing,100,40,98,4412.82,1.4669196605682373
anealing,100,40,99,4618.35,1.4438245296478271
anealing,100,50,0,4782.88,1.4717462062835693
anealing,100,50,1,4390.07,1.4450559616088867
anealing,100,50,2,4342.06,1.4498538970947266
anealing,100,50,3,4623.02,1.459730863571167
anealing,100,50,4,4515.27,1.476752758026123
anealing,100,50,5,4586.86,1.4395430088043213
anealing,100,50,6,4328.39,1.4652163982391357
anealing,100,50,7,4639.82,1.445777416229248
anealing,100,50,8,4574.07,1.4313440322875977
anealing,100,50,9,4537.99,1.4420974254608154
anealing,100,50,10,4503.36,1.4465036392211914
anealing,100,50,11,4418.34,1.4577903747558594
anealing,100,50,12,4600.09,1.4666519165039062
anealing,100,50,13,4671.98,1.4550838470458984
anealing,100,50,14,4447.33,1.4542758464813232
anealing,100,50,15,4370.27,1.47660493850708
anealing,100,50,16,4569.8,1.4484434127807617
anealing,100,50,17,4785.48,1.4458787441253662
anealing,100,50,18,4493.02,1.4351983070373535
anealing,100,50,19,4666.88,1.4637444019317627
anealing,100,50,20,4696.62,1.454444169998169
anealing,100,50,21,4217.89,1.4547052383422852
anealing,100,50,22,4589.54,1.4574153423309326
anealing,100,50,23,4995.88,1.4483084678649902
anealing,100,50,24,4747.72,1.4454617500305176
anealing,100,50,25,4686.52,1.4577012062072754
anealing,100,50,26,4410.27,1.4611127376556396
anealing,100,50,27,4794.14,1.442762851715088
anealing,100,50,28,4496.25,1.476240873336792
anealing,100,50,29,4331.57,1.4431462287902832
anealing,100,50,30,4333.13,1.4605872631072998
anealing,100,50,31,4285.67,1.459585189819336
anealing,100,50,32,4612.82,1.466395616531372
anealing,100,50,33,4489.74,1.4376840591430664
anealing,100,50,34,4413.12,1.4727919101715088
anealing,100,50,35,4662.53,1.4572126865386963
anealing,100,50,36,4172.95,1.453899621963501
anealing,100,50,37,4314.14,1.4694056510925293
anealing,100,50,38,4433.42,1.4600367546081543
anealing,100,50,39,4306.57,1.4646430015563965
anealing,100,50,40,4642.54,1.4635241031646729
anealing,100,50,41,4730.06,1.4563977718353271
anealing,100,50,42,4601.58,1.4715752601623535
anealing,100,50,43,4897.42,1.4484868049621582
anealing,100,50,44,4328.91,1.4608070850372314
anealing,100,50,45,5026.53,1.4645330905914307
anealing,100,50,46,4143.38,1.462766170501709
anealing,100,50,47,4539.9,1.4693703651428223
anealing,100,50,48,4697.88,1.4729743003845215
anealing,100,50,49,4529.04,1.443619966506958
anealing,100,50,50,4514.15,1.4566988945007324
anealing,100,50,51,4827.03,1.4672701358795166
anealing,100,50,52,4655.77,1.452988862991333
anealing,100,50,53,4313.09,1.4382312297821045
anealing,100,50,54,4664.79,1.4865262508392334
anealing,100,50,55,4668.23,1.4569735527038574
anealing,100,50,56,4536.49,1.4540488719940186
anealing,100,50,57,4843.74,1.4394104480743408
anealing,100,50,58,4536.03,1.4694609642028809
anealing,100,50,59,4504.16,1.4545443058013916
anealing,100,50,60,4752.72,1.438082218170166
anealing,100,50,61,4537.27,1.4559011459350586
anealing,100,50,62,4585.63,1.450193166732788
anealing,100,50,63,4563.11,1.4332079887390137
anealing,100,50,64,4474.94,1.435624361038208
anealing,100,50,65,4677.78,1.4471628665924072
anealing,100,50,66,4339.3,1.4588327407836914
anealing,100,50,67,4185.55,1.4537384510040283
anealing,100,50,68,4725.0,1.4595720767974854
anealing,100,50,69,4602.59,1.4781949520111084
anealing,100,50,70,4393.27,1.4469504356384277
anealing,100,50,71,4678.86,1.4364326000213623
anealing,100,50,72,4675.44,1.456712245941162
anealing,100,50,73,4660.23,1.4340400695800781
anealing,100,50,74,4443.84,1.4436275959014893
anealing,100,50,75,4669.9,1.457101583480835
anealing,100,50,76,4588.17,1.4361364841461182
anealing,100,50,77,4497.72,1.470073938369751
anealing,100,50,78,4741.12,1.455885410308838
anealing,100,50,79,4652.15,1.450011968612671
anealing,100,50,80,4434.34,1.4444451332092285
anealing,100,50,81,4393.31,1.4479165077209473
anealing,100,50,82,4925.64,1.4492213726043701
anealing,100,50,83,4637.3,1.4655687808990479
anealing,100,50,84,4574.69,1.4558794498443604
anealing,100,50,85,4259.14,1.46535062789917
anealing,100,50,86,4544.96,1.437385082244873
anealing,100,50,87,4718.5,1.4506523609161377
anealing,100,50,88,4340.06,1.4620678424835205
anealing,100,50,89,4619.91,1.4511594772338867
anealing,100,50,90,4532.7,1.439645767211914
anealing,100,50,91,4745.48,1.459538459777832
anealing,100,50,92,4512.43,1.4440155029296875
anealing,100,50,93,4617.57,1.429776906967163
anealing,100,50,94,4452.96,1.45475435256958
anealing,100,50,95,4507.11,1.4630780220031738
anealing,100,50,96,4411.66,1.4529204368591309
anealing,100,50,97,4844.14,1.4808378219604492
anealing,100,50,98,4558.54,1.4532055854797363
anealing,100,50,99,4746.98,1.4462215900421143
anealing,100,60,0,4626.78,1.4611179828643799
anealing,100,60,1,4536.76,1.4511895179748535
anealing,100,60,2,4544.06,1.4479470252990723
anealing,100,60,3,4668.42,1.4465727806091309
anealing,100,60,4,4507.98,1.4513959884643555
anealing,100,60,5,4643.09,1.488060712814331
anealing,100,60,6,4390.26,1.4556539058685303
anealing,100,60,7,4776.17,1.461808204650879
anealing,100,60,8,4491.86,1.4754676818847656
anealing,100,60,9,4637.85,1.459998607635498
anealing,100,60,10,4615.76,1.4617795944213867
anealing,100,60,11,4452.75,1.4638440608978271
anealing,100,60,12,4579.94,1.46767258644104
anealing,100,60,13,4743.72,1.4772429466247559
anealing,100,60,14,4813.98,1.4508461952209473
anealing,100,60,15,4760.77,1.4655156135559082
anealing,100,60,16,4658.85,1.4484789371490479
anealing,100,60,17,4643.79,1.4968419075012207
anealing,100,60,18,4643.85,1.51454758644104
anealing,100,60,19,4581.16,1.465135097503662
anealing,100,60,20,4639.78,1.4637336730957031
anealing,100,60,21,4181.9,1.4496545791625977
anealing,100,60,22,4559.05,1.4341144561767578
anealing,100,60,23,4866.37,1.4354076385498047
anealing,100,60,24,4667.46,1.4322614669799805
anealing,100,60,25,4964.49,1.443624496459961
anealing,100,60,26,4601.08,1.471914529800415
anealing,100,60,27,5161.75,1.447199821472168
anealing,100,60,28,4681.04,1.425917148590088
anealing,100,60,29,4390.96,1.457392692565918
anealing,100,60,30,4770.39,1.4703524112701416
anealing,100,60,31,4283.44,1.4584920406341553
anealing,100,60,32,4800.29,1.466174840927124
anealing,100,60,33,4448.43,1.4832043647766113
anealing,100,60,34,4419.24,1.4419300556182861
anealing,100,60,35,4845.19,1.4460761547088623
anealing,100,60,36,4519.03,1.4416635036468506
anealing,100,60,37,4699.21,1.4547350406646729
anealing,100,60,38,4765.87,1.4581365585327148
anealing,100,60,39,4551.51,1.4463512897491455
anealing,100,60,40,4371.41,1.4836463928222656
anealing,100,60,41,4908.71,1.4456689357757568
anealing,100,60,42,4738.04,1.4514381885528564
anealing,100,60,43,5033.13,1.456925868988037
anealing,100,60,44,4449.99,1.4469008445739746
anealing,100,60,45,4942.54,1.4587273597717285
anealing,100,60,46,4525.09,1.4389493465423584
anealing,100,60,47,4678.12,1.4537622928619385
anealing,100,60,48,4768.07,1.4819436073303223
anealing,100,60,49,4741.92,1.4642784595489502
anealing,100,60,50,4494.59,1.4432296752929688
anealing,100,60,51,4889.22,1.4482262134552002
anealing,100,60,52,4843.42,1.4654290676116943
anealing,100,60,53,4459.15,1.4389677047729492
anealing,100,60,54,4552.96,1.4679112434387207
anealing,100,60,55,4563.7,1.475083351135254
anealing,100,60,56,4753.84,1.4453613758087158
anealing,100,60,57,4748.26,1.458514928817749
anealing,100,60,58,4651.71,1.449385166168213
anealing,100,60,59,4388.12,1.5192627906799316
anealing,100,60,60,4629.67,1.4453487396240234
anealing,100,60,61,4820.3,1.4901347160339355
anealing,100,60,62,4924.03,1.4796416759490967
anealing,100,60,63,4789.64,1.453371524810791
anealing,100,60,64,4161.83,1.4534411430358887
anealing,100,60,65,4606.95,1.4464855194091797
anealing,100,60,66,4312.52,1.4588110446929932
anealing,100,60,67,4664.99,1.4882900714874268
anealing,100,60,68,4963.16,1.4443449974060059
anealing,100,60,69,4864.87,1.4461164474487305
anealing,100,60,70,4496.33,1.4745738506317139
anealing,100,60,71,4690.85,1.5165503025054932
anealing,100,60,72,4595.16,1.4612598419189453
anealing,100,60,73,5059.12,1.4583625793457031
anealing,100,60,74,4437.88,1.4493918418884277
anealing,100,60,75,4785.61,1.4541687965393066
anealing,100,60,76,4642.18,1.459533452987671
anealing,100,60,77,4511.35,1.4591314792633057
anealing,100,60,78,4796.73,1.4487926959991455
anealing,100,60,79,4468.62,1.4544472694396973
anealing,100,60,80,4434.75,1.4209015369415283
anealing,100,60,81,4574.97,1.4655706882476807
anealing,100,60,82,4779.5,1.4537098407745361
anealing,100,60,83,4908.54,1.4409949779510498
anealing,100,60,84,4716.82,1.4625420570373535
anealing,100,60,85,4588.01,1.4461162090301514
anealing,100,60,86,4563.52,1.445328712463379
anealing,100,60,87,4821.42,1.5461931228637695
anealing,100,60,88,4165.77,1.4665937423706055
anealing,100,60,89,4787.52,1.4654209613800049
anealing,100,60,90,4880.35,1.4305815696716309
anealing,100,60,91,4575.1,1.4571819305419922
anealing,100,60,92,4352.3,1.4874377250671387
anealing,100,60,93,4851.68,1.4700369834899902
anealing,100,60,94,4401.89,1.434539556503296
anealing,100,60,95,4904.78,1.4521410465240479
anealing,100,60,96,4505.87,1.4432811737060547
anealing,100,60,97,4758.44,1.4727985858917236
anealing,100,60,98,4602.18,1.463853359222412
anealing,100,60,99,4673.9,1.4302928447723389
anealing,100,70,0,4871.9,1.4533717632293701
anealing,100,70,1,4680.46,1.46299147605896
anealing,100,70,2,4472.42,1.46868896484375
anealing,100,70,3,4627.77,1.477715015411377
anealing,100,70,4,4350.92,1.4417681694030762
anealing,100,70,5,4632.04,1.492992639541626
anealing,100,70,6,5053.27,1.465752124786377
anealing,100,70,7,4619.14,1.4466934204101562
anealing,100,70,8,4456.75,1.4649803638458252
anealing,100,70,9,4796.42,1.4513781070709229
anealing,100,70,10,4854.01,1.4382715225219727
anealing,100,70,11,4537.0,1.4537391662597656
anealing,100,70,12,4401.9,1.4924111366271973
anealing,100,70,13,4729.2,1.4639990329742432
anealing,100,70,14,4918.45,1.4481537342071533
anealing,100,70,15,4601.16,1.4693057537078857
anealing,100,70,16,4994.05,1.4694232940673828
anealing,100,70,17,4631.71,1.4578821659088135
anealing,100,70,18,4687.44,1.4706928730010986
anealing,100,70,19,4705.11,1.454805850982666
anealing,100,70,20,4458.77,1.453702449798584
anealing,100,70,21,4538.66,1.4652526378631592
anealing,100,70,22,4621.83,1.4659583568572998
anealing,100,70,23,4863.32,1.4323315620422363
anealing,100,70,24,4900.93,1.454883337020874
anealing,100,70,25,4729.55,1.4643349647521973
anealing,100,70,26,4782.62,1.4565134048461914
anealing,100,70,27,4930.89,1.4715914726257324
anealing,100,70,28,4393.54,1.4865975379943848
anealing,100,70,29,4643.7,1.4662387371063232
anealing,100,70,30,4686.61,1.4586637020111084
anealing,100,70,31,4579.74,1.4685213565826416
anealing,100,70,32,4574.76,1.4584367275238037
anealing,100,70,33,4592.09,1.4672770500183105
anealing,100,70,34,4315.48,1.4665424823760986
anealing,100,70,35,4857.92,1.4718711376190186
anealing,100,70,36,4207.63,1.4795598983764648
anealing,100,70,37,4525.44,1.4662373065948486
anealing,100,70,38,4863.16,1.4957809448242188
anealing,100,70,39,4545.4,1.4470975399017334
anealing,100,70,40,4600.31,1.4765722751617432
anealing,100,70,41,4632.49,1.459604263305664
anealing,100,70,42,4665.4,1.4478533267974854
anealing,100,70,43,4792.62,1.4521114826202393
anealing,100,70,44,4552.37,1.4731264114379883
anealing,100,70,45,5058.22,1.468186855316162
anealing,100,70,46,4423.51,1.5523486137390137
anealing,100,70,47,4694.29,1.4481170177459717
anealing,100,70,48,4786.92,1.454542875289917
anealing,100,70,49,4571.43,1.468224048614502
anealing,100,70,50,4806.96,1.4358224868774414
anealing,100,70,51,4856.03,1.4511582851409912
anealing,100,70,52,4934.21,1.446761131286621
anealing,100,70,53,4642.9,1.4482064247131348
anealing,100,70,54,4794.08,1.4666695594787598
anealing,100,70,55,4538.05,1.4213125705718994
anealing,100,70,56,4446.27,1.450824499130249
anealing,100,70,57,5004.59,1.4676594734191895
anealing,100,70,58,4636.8,1.4441120624542236
anealing,100,70,59,4714.86,1.4390552043914795
anealing,100,70,60,4828.99,1.454946517944336
anealing,100,70,61,4716.46,1.4681951999664307
anealing,100,70,62,4614.98,1.4737157821655273
anealing,100,70,63,5022.16,1.469414234161377
anealing,100,70,64,4455.97,1.4513781070709229
anealing,100,70,65,4839.34,1.4447436332702637
anealing,100,70,66,4460.6,1.4315061569213867
anealing,100,70,67,4609.29,1.4534945487976074
anealing,100,70,68,5060.7,1.4417071342468262
anealing,100,70,69,4790.56,1.4608981609344482
anealing,100,70,70,4604.73,1.4481902122497559
anealing,100,70,71,4732.66,1.433211088180542
anealing,100,70,72,4989.87,1.4544579982757568
anealing,100,70,73,4597.01,1.4443731307983398
anealing,100,70,74,4542.59,1.4661312103271484
anealing,100,70,75,4981.55,1.4407670497894287
anealing,100,70,76,4440.81,1.4596443176269531
anealing,100,70,77,4700.39,1.4906153678894043
anealing,100,70,78,4634.22,1.4469375610351562
anealing,100,70,79,4591.19,1.420867919921875
anealing,100,70,80,4779.38,1.450033187866211
anealing,100,70,81,4685.03,1.450883388519287
anealing,100,70,82,4919.58,1.5374994277954102
anealing,100,70,83,4955.98,1.4883875846862793
anealing,100,70,84,4623.92,1.4874155521392822
anealing,100,70,85,4681.02,1.455174446105957
anealing,100,70,86,4705.22,1.4560513496398926
anealing,100,70,87,4902.03,1.4680604934692383
anealing,100,70,88,4327.88,1.443037748336792
anealing,100,70,89,4960.53,1.4580166339874268
anealing,100,70,90,4799.44,1.4576921463012695
anealing,100,70,91,4651.22,1.4369480609893799
anealing,100,70,92,4516.51,1.457094430923462
anealing,100,70,93,4720.49,1.450307846069336
anealing,100,70,94,4337.7,1.4449937343597412
anealing,100,70,95,4733.88,1.4593205451965332
anealing,100,70,96,4714.93,1.4490113258361816
anealing,100,70,97,4970.64,1.468294382095337
anealing,100,70,98,4487.73,1.447096347808838
anealing,100,70,99,4987.99,1.4812605381011963
anealing,100,80,0,4952.44,1.4545238018035889
anealing,100,80,1,4564.15,1.5193915367126465
anealing,100,80,2,4533.49,1.469099998474121
anealing,100,80,3,4690.63,1.4563744068145752
anealing,100,80,4,4426.17,1.4549741744995117
anealing,100,80,5,4671.56,1.4860405921936035
anealing,100,80,6,4724.43,1.4578046798706055
anealing,100,80,7,4673.93,1.4343245029449463
anealing,100,80,8,4517.27,1.4947502613067627
anealing,100,80,9,4837.65,1.4699461460113525
anealing,100,80,10,4844.97,1.4397361278533936
anealing,100,80,11,4602.03,1.4487030506134033
anealing,100,80,12,4662.38,1.4588942527770996
anealing,100,80,13,4997.02,1.4623386859893799
anealing,100,80,14,5040.96,1.4360387325286865
anealing,100,80,15,4887.7,1.4634974002838135
anealing,100,80,16,4709.18,1.4566035270690918
anealing,100,80,17,4731.83,1.4659488201141357
anealing,100,80,18,4484.4,1.4349000453948975
anealing,100,80,19,4532.52,1.4715335369110107
anealing,100,80,20,4696.64,1.4211907386779785
anealing,100,80,21,4551.14,1.4600038528442383
anealing,100,80,22,4651.19,1.4666025638580322
anealing,100,80,23,4860.89,1.4839873313903809
anealing,100,80,24,4886.88,1.4631543159484863
anealing,100,80,25,4829.24,1.4452879428863525
anealing,100,80,26,4771.91,1.4598915576934814
anealing,100,80,27,4886.64,1.5086946487426758
anealing,100,80,28,4761.38,1.481773853302002
anealing,100,80,29,4640.06,1.4473986625671387
anealing,100,80,30,4709.59,1.4472932815551758
anealing,100,80,31,4491.75,1.4716696739196777
anealing,100,80,32,4745.37,1.4503512382507324
anealing,100,80,33,4622.48,1.4683306217193604
anealing,100,80,34,4578.97,1.4640777111053467
anealing,100,80,35,4859.56,1.4893925189971924
anealing,100,80,36,4199.19,1.4541046619415283
anealing,100,80,37,4756.95,1.4612925052642822
anealing,100,80,38,4550.75,1.4406862258911133
anealing,100,80,39,4579.11,1.4577414989471436
anealing,100,80,40,4728.74,1.457355260848999
anealing,100,80,41,4887.17,1.4484307765960693
anealing,100,80,42,4719.81,1.4558091163635254
anealing,100,80,43,5089.83,1.4672484397888184
anealing,100,80,44,4538.11,1.458975076675415
anealing,100,80,45,5026.0,1.4627685546875
anealing,100,80,46,4517.15,1.453859806060791
anealing,100,80,47,4812.63,1.4641532897949219
anealing,100,80,48,4727.98,1.4950032234191895
anealing,100,80,49,4597.5,1.456981897354126
anealing,100,80,50,4483.85,1.4574298858642578
anealing,100,80,51,5143.05,1.4451639652252197
anealing,100,80,52,4739.41,1.4549458026885986
anealing,100,80,53,4597.24,1.4666588306427002
anealing,100,80,54,4663.3,1.4380195140838623
anealing,100,80,55,4782.22,1.4407289028167725
anealing,100,80,56,4408.88,1.4369292259216309
anealing,100,80,57,4815.95,1.4584262371063232
anealing,100,80,58,4826.92,1.4527044296264648
anealing,100,80,59,4588.2,1.4487266540527344
anealing,100,80,60,4481.97,1.463913917541504
anealing,100,80,61,4470.47,1.4503653049468994
anealing,100,80,62,4809.25,1.4565622806549072
anealing,100,80,63,4877.3,1.4353399276733398
anealing,100,80,64,4581.07,1.443807601928711
anealing,100,80,65,4861.79,1.4549560546875
anealing,100,80,66,4595.16,1.4439804553985596
anealing,100,80,67,4426.82,1.4600613117218018
anealing,100,80,68,4668.19,1.4497706890106201
anealing,100,80,69,5026.24,1.4633102416992188
anealing,100,80,70,4566.54,1.4341673851013184
anealing,100,80,71,4752.14,1.4503676891326904
anealing,100,80,72,4946.45,1.4428620338439941
anealing,100,80,73,4857.26,1.4243509769439697
anealing,100,80,74,4715.05,1.4507362842559814
anealing,100,80,75,4962.91,1.4363799095153809
anealing,100,80,76,4453.47,1.4556725025177002
anealing,100,80,77,4590.37,1.4820797443389893
anealing,100,80,78,4340.71,1.4550929069519043
anealing,100,80,79,4610.99,1.4368395805358887
anealing,100,80,80,4345.11,1.4432275295257568
anealing,100,80,81,4706.07,1.4576640129089355
anealing,100,80,82,4873.99,1.4188101291656494
anealing,100,80,83,4896.84,1.4415593147277832
anealing,100,80,84,4642.39,1.4540984630584717
anealing,100,80,85,4484.7,1.4460864067077637
anealing,100,80,86,4769.78,1.4314923286437988
anealing,100,80,87,4923.39,1.4568943977355957
anealing,100,80,88,4268.66,1.456322431564331
anealing,100,80,89,4907.67,1.4759249687194824
anealing,100,80,90,4566.77,1.4633257389068604
anealing,100,80,91,4757.18,1.4398412704467773
anealing,100,80,92,4265.41,1.4603004455566406
anealing,100,80,93,4434.33,1.440140724182129
anealing,100,80,94,4530.94,1.4204039573669434
anealing,100,80,95,4646.04,1.4399406909942627
anealing,100,80,96,4806.07,1.4547126293182373
anealing,100,80,97,4961.79,1.4501712322235107
anealing,100,80,98,4614.4,1.4339518547058105
anealing,100,80,99,4865.52,1.4637534618377686
anealing,100,90,0,4589.22,1.4816391468048096
anealing,100,90,1,4894.66,1.4359288215637207
anealing,100,90,2,4512.78,1.4548468589782715
anealing,100,90,3,4769.02,1.465322494506836
anealing,100,90,4,4456.54,1.4614417552947998
anealing,100,90,5,4736.87,1.4102270603179932
anealing,100,90,6,4768.09,1.4754853248596191
anealing,100,90,7,4801.72,1.4578757286071777
anealing,100,90,8,4749.8,1.4408185482025146
anealing,100,90,9,4678.0,1.4676878452301025
anealing,100,90,10,4943.89,1.4463222026824951
anealing,100,90,11,4667.36,1.4493873119354248
anealing,100,90,12,4599.25,1.4371356964111328
anealing,100,90,13,4866.82,1.45585036277771
anealing,100,90,14,4852.26,1.445962905883789
anealing,100,90,15,4700.17,1.463249683380127
anealing,100,90,16,4958.75,1.466832160949707
anealing,100,90,17,4897.12,1.4483826160430908
anealing,100,90,18,4593.31,1.4453158378601074
anealing,100,90,19,4650.1,1.445638656616211
anealing,100,90,20,4660.7,1.447061538696289
anealing,100,90,21,4352.74,1.4567537307739258
anealing,100,90,22,4911.81,1.4625797271728516
anealing,100,90,23,4965.82,1.451098918914795
anealing,100,90,24,4719.94,1.4436705112457275
anealing,100,90,25,4749.07,1.440880298614502
anealing,100,90,26,4758.65,1.4597773551940918
anealing,100,90,27,5012.36,1.4535281658172607
anealing,100,90,28,4899.33,1.4329516887664795
anealing,100,90,29,4737.16,1.4828736782073975
anealing,100,90,30,4641.74,1.4642844200134277
anealing,100,90,31,4475.87,1.4437909126281738
anealing,100,90,32,4919.61,1.4734935760498047
anealing,100,90,33,4439.9,1.4785573482513428
anealing,100,90,34,4430.89,1.453368902206421
anealing,100,90,35,5022.05,1.460580587387085
anealing,100,90,36,4321.05,1.4583141803741455
anealing,100,90,37,4525.69,1.4770374298095703
anealing,100,90,38,4676.99,1.4537920951843262
anealing,100,90,39,4739.54,1.4322316646575928
anealing,100,90,40,4286.85,1.4576613903045654
anealing,100,90,41,4837.19,1.440854787826538
anealing,100,90,42,4894.41,1.4753098487854004
anealing,100,90,43,4867.98,1.4691898822784424
anealing,100,90,44,4309.47,1.462951421737671
anealing,100,90,45,4863.46,1.4854936599731445
anealing,100,90,46,4344.27,1.4644722938537598
anealing,100,90,47,4957.34,1.4661340713500977
anealing,100,90,48,4788.18,1.490644931793213
anealing,100,90,49,4669.11,1.45536208152771
anealing,100,90,50,4621.78,1.4666695594787598
anealing,100,90,51,5214.2,1.427196979522705
anealing,100,90,52,5010.79,1.4716529846191406
anealing,100,90,53,4519.84,1.4398999214172363
anealing,100,90,54,4699.67,1.4514484405517578
anealing,100,90,55,4882.02,1.4747941493988037
anealing,100,90,56,4823.84,1.5725672245025635
anealing,100,90,57,5097.2,1.4559400081634521
anealing,100,90,58,4844.71,1.4677150249481201
anealing,100,90,59,4643.76,1.4302785396575928
anealing,100,90,60,4700.82,1.4540460109710693
anealing,100,90,61,4606.55,1.461488962173462
anealing,100,90,62,4557.27,1.4568934440612793
anealing,100,90,63,4981.3,1.4686763286590576
anealing,100,90,64,4659.91,1.439965009689331
anealing,100,90,65,4539.22,1.4492802619934082
anealing,100,90,66,4541.31,1.462245225906372
anealing,100,90,67,4318.67,1.4620726108551025
anealing,100,90,68,4855.74,1.45967698097229
anealing,100,90,69,4967.02,1.4620847702026367
anealing,100,90,70,4651.96,1.460479736328125
anealing,100,90,71,4930.87,1.4524083137512207
anealing,100,90,72,4653.21,1.4775292873382568
anealing,100,90,73,5091.49,1.4566421508789062
anealing,100,90,74,4642.83,1.469770908355713
anealing,100,90,75,4609.96,1.4615418910980225
anealing,100,90,76,4509.87,1.457021713256836
anealing,100,90,77,4757.71,1.4481580257415771
anealing,100,90,78,4881.31,1.4699671268463135
anealing,100,90,79,4625.23,1.4405767917633057
anealing,100,90,80,4517.58,1.4666850566864014
anealing,100,90,81,4596.04,1.4458165168762207
anealing,100,90,82,4861.15,1.450155258178711
anealing,100,90,83,4571.48,1.4705901145935059
anealing,100,90,84,4543.8,1.4581942558288574
anealing,100,90,85,4480.63,1.451448678970337
anealing,100,90,86,4802.48,1.459916353225708
anealing,100,90,87,5089.37,1.447011947631836
anealing,100,90,88,4415.96,1.4799129962921143
anealing,100,90,89,4757.25,1.491997241973877
anealing,100,90,90,4677.91,1.4432330131530762
anealing,100,90,91,4794.82,1.4588403701782227
anealing,100,90,92,4428.13,1.4711716175079346
anealing,100,90,93,4584.83,1.4706099033355713
anealing,100,90,94,4603.29,1.524855613708496
anealing,100,90,95,4777.91,1.4684417247772217
anealing,100,90,96,4453.76,1.4615445137023926
anealing,100,90,97,4800.68,1.4789648056030273
anealing,100,90,98,4552.33,1.457843542098999
anealing,100,90,99,4841.84,1.4562060832977295
anealing,100,100,0,4800.75,1.4616694450378418
anealing,100,100,1,4778.29,1.447418212890625
anealing,100,100,2,4503.54,1.4636929035186768
anealing,100,100,3,4749.76,1.4826021194458008
anealing,100,100,4,4523.5,1.5178136825561523
anealing,100,100,5,4696.17,1.442753791809082
anealing,100,100,6,4774.28,1.4630484580993652
anealing,100,100,7,5007.84,1.4575212001800537
anealing,100,100,8,4470.61,1.4659297466278076
anealing,100,100,9,4600.86,1.4629814624786377
anealing,100,100,10,4862.26,1.454721450805664
anealing,100,100,11,4512.69,1.4685354232788086
anealing,100,100,12,4586.05,1.4652109146118164
anealing,100,100,13,5049.49,1.4140779972076416
anealing,100,100,14,4979.77,1.4655797481536865
anealing,100,100,15,4994.0,1.4705491065979004
anealing,100,100,16,5025.51,1.453359842300415
anealing,100,100,17,4895.68,1.457568883895874
anealing,100,100,18,4653.44,1.4321062564849854
anealing,100,100,19,4426.0,1.4692559242248535
anealing,100,100,20,4656.71,1.4618282318115234
anealing,100,100,21,4386.06,1.4586219787597656
anealing,100,100,22,4797.74,1.4560468196868896
anealing,100,100,23,5081.07,1.4341180324554443
anealing,100,100,24,4894.02,1.4785914421081543
anealing,100,100,25,4580.18,1.452085018157959
anealing,100,100,26,4692.99,1.461798906326294
anealing,100,100,27,4956.08,1.43361234664917
anealing,100,100,28,4785.5,1.4461650848388672
anealing,100,100,29,4812.98,1.4854991436004639
anealing,100,100,30,4846.43,1.4456870555877686
anealing,100,100,31,4639.21,1.4461753368377686
anealing,100,100,32,4659.05,1.4362561702728271
anealing,100,100,33,4831.63,1.450714111328125
anealing,100,100,34,4616.97,1.4584405422210693
anealing,100,100,35,5029.27,1.4477434158325195
anealing,100,100,36,4494.85,1.4396247863769531
anealing,100,100,37,4694.56,1.440089464187622
anealing,100,100,38,4494.62,1.456946611404419
anealing,100,100,39,4562.14,1.4835264682769775
anealing,100,100,40,4493.24,1.4551284313201904
anealing,100,100,41,4980.19,1.4428973197937012
anealing,100,100,42,4885.37,1.4490621089935303
anealing,100,100,43,5121.66,1.4609997272491455
anealing,100,100,44,4488.25,1.46284818649292
anealing,100,100,45,5042.09,1.48331618309021
anealing,100,100,46,4535.89,1.475980281829834
anealing,100,100,47,4725.38,1.4550528526306152
anealing,100,100,48,4799.6,1.4452214241027832
anealing,100,100,49,4619.31,1.4606678485870361
anealing,100,100,50,4842.4,1.4517583847045898
anealing,100,100,51,5169.81,1.4458072185516357
anealing,100,100,52,4897.69,1.4624669551849365
anealing,100,100,53,4348.89,1.4568147659301758
anealing,100,100,54,4673.94,1.47951340675354
anealing,100,100,55,4883.11,1.4515788555145264
anealing,100,100,56,4716.27,1.4402596950531006
anealing,100,100,57,4953.7,1.4430677890777588
anealing,100,100,58,4731.72,1.4493746757507324
anealing,100,100,59,4612.78,1.432844877243042
anealing,100,100,60,4608.48,1.4467761516571045
anealing,100,100,61,4585.42,1.4556095600128174
anealing,100,100,62,4559.25,1.4905824661254883
anealing,100,100,63,4752.83,1.4872934818267822
anealing,100,100,64,4290.9,1.4546310901641846
anealing,100,100,65,4887.65,1.447108507156372
anealing,100,100,66,4643.37,1.4559996128082275
anealing,100,100,67,4442.21,1.482712984085083
anealing,100,100,68,4917.76,1.460127592086792
anealing,100,100,69,4712.57,1.4612915515899658
anealing,100,100,70,4697.43,1.418139934539795
anealing,100,100,71,5075.54,1.422544240951538
anealing,100,100,72,4745.47,1.4474942684173584
anealing,100,100,73,4721.67,1.4483425617218018
anealing,100,100,74,4635.04,1.4623022079467773
anealing,100,100,75,4836.98,1.4650588035583496
anealing,100,100,76,4619.7,1.4576292037963867
anealing,100,100,77,4697.11,1.4618327617645264
anealing,100,100,78,4862.93,1.4365112781524658
anealing,100,100,79,4741.49,1.4512007236480713
anealing,100,100,80,4739.66,1.4484179019927979
anealing,100,100,81,4653.61,1.4500436782836914
anealing,100,100,82,4567.79,1.4757332801818848
anealing,100,100,83,4965.32,1.4646337032318115
anealing,100,100,84,4871.67,1.4704945087432861
anealing,100,100,85,4422.67,1.4579265117645264
anealing,100,100,86,4665.62,1.439573049545288
anealing,100,100,87,5087.88,1.4927124977111816
anealing,100,100,88,4419.32,1.4865856170654297
anealing,100,100,89,4765.22,1.4600942134857178
anealing,100,100,90,4824.32,1.447420597076416
anealing,100,100,91,4876.33,1.4677963256835938
anealing,100,100,92,4530.19,1.4835643768310547
anealing,100,100,93,4695.03,1.4569623470306396
anealing,100,100,94,4610.32,1.439803123474121
anealing,100,100,95,4779.05,1.4710173606872559
anealing,100,100,96,4756.8,1.4358835220336914
anealing,100,100,97,5025.35,1.4726521968841553
anealing,100,100,98,4573.54,1.4518342018127441
anealing,100,100,99,4679.79,1.4475009441375732
anealing,300,0,0,8065.74,1.7288033962249756
anealing,300,0,1,8505.27,1.6627917289733887
anealing,300,0,2,8558.15,1.6462852954864502
anealing,300,0,3,8344.77,1.6434147357940674
anealing,300,0,4,8662.99,1.6731042861938477
anealing,300,0,5,8600.24,1.7217764854431152
anealing,300,0,6,8354.07,1.6580002307891846
anealing,300,0,7,8288.96,1.6745848655700684
anealing,300,0,8,8384.33,1.659184455871582
anealing,300,0,9,8576.14,1.6771337985992432
anealing,300,0,10,8628.57,1.6624541282653809
anealing,300,0,11,8630.83,1.7026045322418213
anealing,300,0,12,8437.0,1.6758842468261719
anealing,300,0,13,8759.9,1.6858839988708496
anealing,300,0,14,8586.48,1.6779720783233643
anealing,300,0,15,8378.65,1.653456211090088
anealing,300,0,16,8397.66,1.679365873336792
anealing,300,0,17,8596.13,1.7178897857666016
anealing,300,0,18,8541.94,1.6567676067352295
anealing,300,0,19,8536.31,1.65317964553833
anealing,300,0,20,8518.9,1.6592819690704346
anealing,300,0,21,8554.31,1.7578375339508057
anealing,300,0,22,8310.22,1.7085144519805908
anealing,300,0,23,8368.74,1.723588228225708
anealing,300,0,24,8723.34,1.693000078201294
anealing,300,0,25,8412.93,1.7124292850494385
anealing,300,0,26,8599.48,1.6637241840362549
anealing,300,0,27,8423.45,1.6754562854766846
anealing,300,0,28,8528.31,1.6857616901397705
anealing,300,0,29,8407.18,1.677987813949585
anealing,300,0,30,8406.06,1.6668431758880615
anealing,300,0,31,8525.79,1.6668622493743896
anealing,300,0,32,8366.26,1.6802990436553955
anealing,300,0,33,8638.91,1.6632659435272217
anealing,300,0,34,8545.56,1.6667861938476562
anealing,300,0,35,8595.59,1.6738107204437256
anealing,300,0,36,8779.16,1.67108154296875
anealing,300,0,37,8388.53,1.7233331203460693
anealing,300,0,38,8761.94,1.6581108570098877
anealing,300,0,39,8425.8,1.6676559448242188
anealing,300,0,40,8780.79,1.676184892654419
anealing,300,0,41,8541.02,1.7070062160491943
anealing,300,0,42,8689.49,1.6578280925750732
anealing,300,0,43,8483.43,1.6678564548492432
anealing,300,0,44,8135.47,1.6630756855010986
anealing,300,0,45,8761.61,1.6742949485778809
anealing,300,0,46,8308.41,1.6781861782073975
anealing,300,0,47,8494.17,1.7294261455535889
anealing,300,0,48,8549.91,1.6716527938842773
anealing,300,0,49,8430.05,1.6783523559570312
anealing,300,0,50,8569.72,1.7010865211486816
anealing,300,0,51,8863.79,1.6724178791046143
anealing,300,0,52,8725.12,1.755068302154541
anealing,300,0,53,8545.24,1.72727370262146
anealing,300,0,54,8464.98,1.670546293258667
anealing,300,0,55,8788.15,1.6910927295684814
anealing,300,0,56,8723.88,1.6818742752075195
anealing,300,0,57,8647.61,1.7009987831115723
anealing,300,0,58,8451.98,1.6603741645812988
anealing,300,0,59,8613.51,1.6828632354736328
anealing,300,0,60,8289.36,1.6896164417266846
anealing,300,0,61,8535.47,1.6678478717803955
anealing,300,0,62,8431.71,1.6695647239685059
anealing,300,0,63,8764.36,1.6890194416046143
anealing,300,0,64,8346.27,1.6731555461883545
anealing,300,0,65,8613.9,1.6894423961639404
anealing,300,0,66,8240.2,1.6907711029052734
anealing,300,0,67,8377.94,1.6785902976989746
anealing,300,0,68,8855.62,1.6747472286224365
anealing,300,0,69,8608.54,1.6724510192871094
anealing,300,0,70,8675.31,1.6924185752868652
anealing,300,0,71,8550.83,1.6612751483917236
anealing,300,0,72,8733.05,1.693183183670044
anealing,300,0,73,8484.89,1.7164721488952637
anealing,300,0,74,8592.58,1.6909613609313965
anealing,300,0,75,7918.2,1.6646759510040283
anealing,300,0,76,8406.66,1.69541597366333
anealing,300,0,77,8603.8,1.6561927795410156
anealing,300,0,78,8589.34,1.6608309745788574
anealing,300,0,79,8591.2,1.6701018810272217
anealing,300,0,80,8441.62,1.705871343612671
anealing,300,0,81,8487.42,1.660951852798462
anealing,300,0,82,8376.75,1.7084834575653076
anealing,300,0,83,8546.61,1.6558265686035156
anealing,300,0,84,8124.52,1.6680424213409424
anealing,300,0,85,8460.78,1.66935133934021
anealing,300,0,86,8436.0,1.6661288738250732
anealing,300,0,87,8674.85,1.6600151062011719
anealing,300,0,88,8294.93,1.6887686252593994
anealing,300,0,89,8762.98,1.7085235118865967
anealing,300,0,90,8476.37,1.6658728122711182
anealing,300,0,91,8683.86,1.667903184890747
anealing,300,0,92,8614.95,1.704840898513794
anealing,300,0,93,8496.17,1.6707065105438232
anealing,300,0,94,8414.31,1.6740853786468506
anealing,300,0,95,8763.61,1.7271931171417236
anealing,300,0,96,8460.0,1.6669518947601318
anealing,300,0,97,8666.2,1.6591448783874512
anealing,300,0,98,8309.84,1.7077322006225586
anealing,300,0,99,8353.6,1.6610889434814453
anealing,300,10,0,8517.51,1.679922103881836
anealing,300,10,1,8726.84,1.654381513595581
anealing,300,10,2,8838.88,1.666503667831421
anealing,300,10,3,8563.52,1.6883087158203125
anealing,300,10,4,8812.06,1.7032206058502197
anealing,300,10,5,8711.5,1.690260410308838
anealing,300,10,6,8858.81,1.6971018314361572
anealing,300,10,7,8577.77,1.6666533946990967
anealing,300,10,8,8656.08,1.6688787937164307
anealing,300,10,9,8616.82,1.685805320739746
anealing,300,10,10,8996.64,1.6728265285491943
anealing,300,10,11,8791.69,1.6798861026763916
anealing,300,10,12,8729.32,1.659588098526001
anealing,300,10,13,8557.55,1.66959547996521
anealing,300,10,14,8833.97,1.7101328372955322
anealing,300,10,15,8752.4,1.6424498558044434
anealing,300,10,16,8741.81,1.668625831604004
anealing,300,10,17,8653.42,1.7398784160614014
anealing,300,10,18,8564.31,1.6691555976867676
anealing,300,10,19,8487.78,1.6611230373382568
anealing,300,10,20,8429.41,1.6489038467407227
anealing,300,10,21,8915.25,1.6599645614624023
anealing,300,10,22,8877.02,1.6369152069091797
anealing,300,10,23,8603.61,1.6840457916259766
anealing,300,10,24,8955.89,1.666468858718872
anealing,300,10,25,8630.36,1.6459076404571533
anealing,300,10,26,8702.15,1.664844036102295
anealing,300,10,27,8664.15,1.6833672523498535
anealing,300,10,28,8417.41,1.706979513168335
anealing,300,10,29,8651.66,1.7027568817138672
anealing,300,10,30,8669.45,1.6745569705963135
anealing,300,10,31,8977.81,1.6757113933563232
anealing,300,10,32,8917.98,1.6833040714263916
anealing,300,10,33,9066.36,1.6861660480499268
anealing,300,10,34,8845.9,1.6528899669647217
anealing,300,10,35,8330.95,1.6675233840942383
anealing,300,10,36,9145.94,1.6541352272033691
anealing,300,10,37,8960.0,1.6695024967193604
anealing,300,10,38,8705.9,1.6625335216522217
anealing,300,10,39,9022.85,1.661064863204956
anealing,300,10,40,8801.46,1.701998233795166
anealing,300,10,41,8748.7,1.6978442668914795
anealing,300,10,42,8852.84,1.6661450862884521
anealing,300,10,43,8898.27,1.6855690479278564
anealing,300,10,44,8890.73,1.6578593254089355
anealing,300,10,45,8685.68,1.672502040863037
anealing,300,10,46,8452.3,1.6769773960113525
anealing,300,10,47,8657.7,1.6739051342010498
anealing,300,10,48,8631.69,1.6894645690917969
anealing,300,10,49,8737.13,1.674790620803833
anealing,300,10,50,8725.37,1.6836130619049072
anealing,300,10,51,8957.18,1.650508165359497
anealing,300,10,52,8775.89,1.6688270568847656
anealing,300,10,53,8821.25,1.678281307220459
anealing,300,10,54,8535.35,1.6644048690795898
anealing,300,10,55,9074.03,1.686077356338501
anealing,300,10,56,8981.64,1.6594290733337402
anealing,300,10,57,8559.73,1.6803474426269531
anealing,300,10,58,8734.16,1.655221700668335
anealing,300,10,59,8893.61,1.681974172592163
anealing,300,10,60,8711.27,1.6786627769470215
anealing,300,10,61,8746.53,1.6499762535095215
anealing,300,10,62,8653.91,1.6559438705444336
anealing,300,10,63,8580.49,1.8485519886016846
anealing,300,10,64,8809.61,1.677724838256836
anealing,300,10,65,8879.73,1.6820709705352783
anealing,300,10,66,8315.16,1.6772398948669434
anealing,300,10,67,8466.09,1.6768014430999756
anealing,300,10,68,9042.17,1.6697421073913574
anealing,300,10,69,8889.43,1.6756598949432373
anealing,300,10,70,8533.33,1.6690278053283691
anealing,300,10,71,8789.64,1.6540186405181885
anealing,300,10,72,8781.17,1.7138686180114746
anealing,300,10,73,8684.68,1.6756744384765625
anealing,300,10,74,8706.07,1.6575243473052979
anealing,300,10,75,8399.76,1.6532328128814697
anealing,300,10,76,8920.61,1.685007095336914
anealing,300,10,77,8668.11,1.6699309349060059
anealing,300,10,78,8790.84,1.7091195583343506
anealing,300,10,79,8829.29,1.690187692642212
anealing,300,10,80,8649.86,1.6883938312530518
anealing,300,10,81,8860.44,1.661242961883545
anealing,300,10,82,8789.93,1.688913345336914
anealing,300,10,83,8679.45,1.6820976734161377
anealing,300,10,84,8489.32,1.6693806648254395
anealing,300,10,85,8649.3,1.6609630584716797
anealing,300,10,86,8829.06,1.6644635200500488
anealing,300,10,87,8848.64,1.6895382404327393
anealing,300,10,88,8915.14,1.6751198768615723
anealing,300,10,89,8789.83,1.6815812587738037
anealing,300,10,90,8999.43,1.7315659523010254
anealing,300,10,91,8805.0,1.664290189743042
anealing,300,10,92,8856.32,1.6543824672698975
anealing,300,10,93,8693.38,1.6719603538513184
anealing,300,10,94,8583.97,1.6604547500610352
anealing,300,10,95,8878.81,1.6609251499176025
anealing,300,10,96,8341.13,1.6766655445098877
anealing,300,10,97,8841.64,1.6560840606689453
anealing,300,10,98,8485.28,1.6588749885559082
anealing,300,10,99,8627.62,1.6613986492156982
anealing,300,20,0,8395.13,1.6668579578399658
anealing,300,20,1,8708.42,1.6578855514526367
anealing,300,20,2,9221.28,1.6524815559387207
anealing,300,20,3,8499.25,1.70155930519104
anealing,300,20,4,8730.92,1.674032211303711
anealing,300,20,5,9115.8,1.68287992477417
anealing,300,20,6,8927.61,1.677729606628418
anealing,300,20,7,8690.82,1.6897327899932861
anealing,300,20,8,8565.21,1.666243314743042
anealing,300,20,9,9005.05,1.6715495586395264
anealing,300,20,10,8985.94,1.6622965335845947
anealing,300,20,11,8882.18,1.675872564315796
anealing,300,20,12,8721.85,1.6776525974273682
anealing,300,20,13,9078.14,1.6810133457183838
anealing,300,20,14,8814.9,1.6602592468261719
anealing,300,20,15,8657.87,1.6492769718170166
anealing,300,20,16,8517.66,1.6752095222473145
anealing,300,20,17,8703.63,1.6743333339691162
anealing,300,20,18,9058.96,1.6746792793273926
anealing,300,20,19,8819.06,1.6732032299041748
anealing,300,20,20,8829.57,1.6606345176696777
anealing,300,20,21,9113.5,1.6653127670288086
anealing,300,20,22,9190.13,1.668219804763794
anealing,300,20,23,8617.47,1.6595544815063477
anealing,300,20,24,8830.2,1.7013094425201416
anealing,300,20,25,8867.29,1.6665427684783936
anealing,300,20,26,8822.78,1.6667218208312988
anealing,300,20,27,8868.74,1.6716303825378418
anealing,300,20,28,8849.29,1.6659202575683594
anealing,300,20,29,8635.01,1.6971197128295898
anealing,300,20,30,8965.89,1.6521544456481934
anealing,300,20,31,9204.84,1.6648540496826172
anealing,300,20,32,9026.86,1.6840581893920898
anealing,300,20,33,8791.13,1.6969597339630127
anealing,300,20,34,8505.87,1.6604368686676025
anealing,300,20,35,8507.41,1.6798040866851807
anealing,300,20,36,9216.42,1.6698100566864014
anealing,300,20,37,8821.45,1.7084131240844727
anealing,300,20,38,9241.7,1.6691606044769287
anealing,300,20,39,9272.32,1.664353847503662
anealing,300,20,40,8991.74,1.6885426044464111
anealing,300,20,41,8940.48,1.7140414714813232
anealing,300,20,42,8941.34,1.660484790802002
anealing,300,20,43,8691.64,1.6686906814575195
anealing,300,20,44,9220.86,1.6733613014221191
anealing,300,20,45,8554.85,1.6711678504943848
anealing,300,20,46,8717.41,1.6752700805664062
anealing,300,20,47,8710.14,1.7025156021118164
anealing,300,20,48,8617.14,1.6806457042694092
anealing,300,20,49,8886.14,1.6800696849822998
anealing,300,20,50,8835.48,1.6822435855865479
anealing,300,20,51,9007.64,1.6875829696655273
anealing,300,20,52,9151.1,1.6585941314697266
anealing,300,20,53,8769.01,1.6536891460418701
anealing,300,20,54,8991.39,1.6361980438232422
anealing,300,20,55,9102.72,1.664578914642334
anealing,300,20,56,8641.75,1.6732232570648193
anealing,300,20,57,9335.61,1.664341926574707
anealing,300,20,58,8713.7,1.7104010581970215
anealing,300,20,59,8750.13,1.67307710647583
anealing,300,20,60,8811.93,1.6746740341186523
anealing,300,20,61,8919.87,1.6555349826812744
anealing,300,20,62,8558.37,1.6959564685821533
anealing,300,20,63,8894.71,1.660980224609375
anealing,300,20,64,8961.18,1.664147138595581
anealing,300,20,65,9421.13,1.6775493621826172
anealing,300,20,66,8427.06,1.6642978191375732
anealing,300,20,67,8776.23,1.7026190757751465
anealing,300,20,68,8768.05,1.704463243484497
anealing,300,20,69,8698.41,1.686150074005127
anealing,300,20,70,8524.75,1.6947121620178223
anealing,300,20,71,9143.78,1.6590986251831055
anealing,300,20,72,9048.14,1.678910732269287
anealing,300,20,73,8877.99,1.6748542785644531
anealing,300,20,74,8662.93,1.67806077003479
anealing,300,20,75,8825.81,1.7007524967193604
anealing,300,20,76,9164.99,1.6806447505950928
anealing,300,20,77,8693.77,1.664316177368164
anealing,300,20,78,8569.32,1.6631903648376465
anealing,300,20,79,9173.13,1.6950886249542236
anealing,300,20,80,9151.69,1.6901953220367432
anealing,300,20,81,8246.14,1.6759142875671387
anealing,300,20,82,8939.18,1.6885766983032227
anealing,300,20,83,9003.3,1.6597633361816406
anealing,300,20,84,8417.54,1.6766748428344727
anealing,300,20,85,8943.86,1.6634809970855713
anealing,300,20,86,8734.28,1.6593225002288818
anealing,300,20,87,8989.88,1.6479434967041016
anealing,300,20,88,9145.53,1.6683125495910645
anealing,300,20,89,8689.41,1.7005231380462646
anealing,300,20,90,8746.73,1.6761455535888672
anealing,300,20,91,8780.32,1.674593210220337
anealing,300,20,92,8993.93,1.655879020690918
anealing,300,20,93,8710.35,1.6724772453308105
anealing,300,20,94,8731.05,1.6675100326538086
anealing,300,20,95,8946.37,1.6680717468261719
anealing,300,20,96,8803.42,1.6773555278778076
anealing,300,20,97,9316.54,1.6935768127441406
anealing,300,20,98,8608.55,1.6559581756591797
anealing,300,20,99,8923.04,1.634434461593628
anealing,300,30,0,8505.14,1.6686017513275146
anealing,300,30,1,9268.87,1.695793628692627
anealing,300,30,2,9024.08,1.671858549118042
anealing,300,30,3,8773.67,1.6763966083526611
anealing,300,30,4,8908.28,1.6839323043823242
anealing,300,30,5,9385.95,1.780142068862915
anealing,300,30,6,8757.05,1.6642940044403076
anealing,300,30,7,8521.33,1.695146083831787
anealing,300,30,8,8883.87,1.6573460102081299
anealing,300,30,9,9000.41,1.7021524906158447
anealing,300,30,10,9164.32,1.6657192707061768
anealing,300,30,11,8891.44,1.7287111282348633
anealing,300,30,12,8851.7,1.656036615371704
anealing,300,30,13,9084.47,1.6824893951416016
anealing,300,30,14,8909.39,1.6865341663360596
anealing,300,30,15,8581.25,1.6524407863616943
anealing,300,30,16,9091.36,1.701746940612793
anealing,300,30,17,9157.88,1.6881473064422607
anealing,300,30,18,9097.19,1.6782608032226562
anealing,300,30,19,8994.3,1.6605069637298584
anealing,300,30,20,9264.93,1.7540433406829834
anealing,300,30,21,9000.76,1.6644418239593506
anealing,300,30,22,8977.23,1.6817405223846436
anealing,300,30,23,8947.14,1.6786673069000244
anealing,300,30,24,8803.18,1.6655454635620117
anealing,300,30,25,8787.49,1.6829233169555664
anealing,300,30,26,8839.53,1.6325109004974365
anealing,300,30,27,9401.08,1.6745343208312988
anealing,300,30,28,8958.04,1.678175926208496
anealing,300,30,29,9088.3,1.6714777946472168
anealing,300,30,30,9053.25,1.6427116394042969
anealing,300,30,31,9014.57,1.683894395828247
anealing,300,30,32,8928.35,1.6776483058929443
anealing,300,30,33,8965.85,1.6859941482543945
anealing,300,30,34,9479.71,1.6729388236999512
anealing,300,30,35,8860.92,1.7029097080230713
anealing,300,30,36,9403.86,1.6983423233032227
anealing,300,30,37,8886.84,1.6837732791900635
anealing,300,30,38,8937.04,1.6623337268829346
anealing,300,30,39,9296.0,1.6817100048065186
anealing,300,30,40,8950.41,1.694826364517212
anealing,300,30,41,9023.23,1.7464630603790283
anealing,300,30,42,8924.1,1.672426700592041
anealing,300,30,43,8838.73,1.6891980171203613
anealing,300,30,44,9232.51,1.6572136878967285
anealing,300,30,45,8684.34,1.7128353118896484
anealing,300,30,46,8801.63,1.6594443321228027
anealing,300,30,47,9015.69,1.7207889556884766
anealing,300,30,48,8642.4,1.6809518337249756
anealing,300,30,49,8904.42,1.6819298267364502
anealing,300,30,50,9539.63,1.6803879737854004
anealing,300,30,51,8972.07,1.6770720481872559
anealing,300,30,52,8921.72,1.6624140739440918
anealing,300,30,53,9196.26,1.6716954708099365
anealing,300,30,54,9238.16,1.6585562229156494
anealing,300,30,55,9071.94,1.6616730690002441
anealing,300,30,56,9714.98,1.6515603065490723
anealing,300,30,57,9022.46,1.6647369861602783
anealing,300,30,58,9122.79,1.6618261337280273
anealing,300,30,59,8936.2,1.6811575889587402
anealing,300,30,60,8398.8,1.6909112930297852
anealing,300,30,61,8775.95,1.6680011749267578
anealing,300,30,62,9076.17,1.6699914932250977
anealing,300,30,63,9084.99,1.6960413455963135
anealing,300,30,64,9177.77,1.6878187656402588
anealing,300,30,65,9057.26,1.7049505710601807
anealing,300,30,66,8913.5,1.6481609344482422
anealing,300,30,67,8860.65,1.6521246433258057
anealing,300,30,68,8976.38,1.6800572872161865
anealing,300,30,69,8783.84,1.6700849533081055
anealing,300,30,70,9127.29,1.7082781791687012
anealing,300,30,71,9024.75,1.6439175605773926
anealing,300,30,72,9403.54,1.6662967205047607
anealing,300,30,73,8916.65,1.6846048831939697
anealing,300,30,74,9030.42,1.680443286895752
anealing,300,30,75,8721.68,1.6552207469940186
anealing,300,30,76,8928.03,1.6790571212768555
anealing,300,30,77,8752.09,1.6746134757995605
anealing,300,30,78,9136.87,1.662365436553955
anealing,300,30,79,9545.84,1.676124095916748
anealing,300,30,80,8824.29,1.6910526752471924
anealing,300,30,81,8883.34,1.654076337814331
anealing,300,30,82,8992.8,1.6763675212860107
anealing,300,30,83,9062.82,1.6489641666412354
anealing,300,30,84,8314.08,1.667651653289795
anealing,300,30,85,8996.45,1.6629889011383057
anealing,300,30,86,9083.29,1.656564474105835
anealing,300,30,87,9049.27,1.6697323322296143
anealing,300,30,88,9010.58,1.6658384799957275
anealing,300,30,89,9452.18,1.6968801021575928
anealing,300,30,90,8774.16,1.6979727745056152
anealing,300,30,91,8828.57,1.675900936126709
anealing,300,30,92,9519.54,1.6745564937591553
anealing,300,30,93,8827.76,1.6773548126220703
anealing,300,30,94,8917.3,1.665898084640503
anealing,300,30,95,9366.91,1.674778699874878
anealing,300,30,96,8571.34,1.677959680557251
anealing,300,30,97,9214.97,1.657219409942627
anealing,300,30,98,8735.67,1.6506798267364502
anealing,300,30,99,8908.17,1.6512410640716553
anealing,300,40,0,8942.45,1.6739428043365479
anealing,300,40,1,8687.61,1.6871871948242188
anealing,300,40,2,8836.75,1.6639134883880615
anealing,300,40,3,8745.02,1.6963074207305908
anealing,300,40,4,9028.07,1.702829360961914
anealing,300,40,5,9025.53,1.7051315307617188
anealing,300,40,6,8738.8,1.6540064811706543
anealing,300,40,7,8701.99,1.6692724227905273
anealing,300,40,8,9363.06,1.6714537143707275
anealing,300,40,9,8684.58,1.6655457019805908
anealing,300,40,10,9367.69,1.6487338542938232
anealing,300,40,11,8861.34,1.6737706661224365
anealing,300,40,12,9121.69,1.6562674045562744
anealing,300,40,13,9339.41,1.7093591690063477
anealing,300,40,14,9255.36,1.6653990745544434
anealing,300,40,15,9028.53,1.6451458930969238
anealing,300,40,16,9051.79,1.7120568752288818
anealing,300,40,17,9130.83,1.6880955696105957
anealing,300,40,18,8912.06,1.6746549606323242
anealing,300,40,19,8882.45,1.6670851707458496
anealing,300,40,20,8972.07,1.671933650970459
anealing,300,40,21,9215.92,1.6581192016601562
anealing,300,40,22,8716.54,1.6670889854431152
anealing,300,40,23,9121.13,1.6984524726867676
anealing,300,40,24,9123.57,1.6948044300079346
anealing,300,40,25,8824.06,1.6881327629089355
anealing,300,40,26,8763.82,1.7113502025604248
anealing,300,40,27,8806.85,1.6575779914855957
anealing,300,40,28,8725.97,1.6756365299224854
anealing,300,40,29,9139.35,1.6706202030181885
anealing,300,40,30,9141.43,1.6343989372253418
anealing,300,40,31,9368.3,1.6732544898986816
anealing,300,40,32,9465.89,1.6844534873962402
anealing,300,40,33,8993.42,1.707902193069458
anealing,300,40,34,9262.23,1.661851406097412
anealing,300,40,35,8785.18,1.6892871856689453
anealing,300,40,36,9028.26,1.6862504482269287
anealing,300,40,37,9265.88,1.7077133655548096
anealing,300,40,38,8970.55,1.6569204330444336
anealing,300,40,39,9320.4,1.6623680591583252
anealing,300,40,40,9077.06,1.7017722129821777
anealing,300,40,41,9477.38,1.7159676551818848
anealing,300,40,42,9342.35,1.6717724800109863
anealing,300,40,43,8931.55,1.6873657703399658
anealing,300,40,44,9380.24,1.679136037826538
anealing,300,40,45,9048.15,1.6671245098114014
anealing,300,40,46,9235.17,1.6562469005584717
anealing,300,40,47,8919.09,1.6724936962127686
anealing,300,40,48,9042.85,1.6549763679504395
anealing,300,40,49,9212.39,1.6736493110656738
anealing,300,40,50,9084.51,1.7179579734802246
anealing,300,40,51,9356.67,1.724541187286377
anealing,300,40,52,9430.38,1.677865743637085
anealing,300,40,53,8740.98,1.670175313949585
anealing,300,40,54,8812.56,1.6665077209472656
anealing,300,40,55,9343.93,1.675687551498413
anealing,300,40,56,9260.72,1.6542789936065674
anealing,300,40,57,9110.99,1.6772918701171875
anealing,300,40,58,8934.24,1.6687402725219727
anealing,300,40,59,9336.87,1.682755708694458
anealing,300,40,60,8904.08,1.6582539081573486
anealing,300,40,61,9236.69,1.6546332836151123
anealing,300,40,62,8889.85,1.6880974769592285
anealing,300,40,63,9432.12,1.6669762134552002
anealing,300,40,64,8972.79,1.6583335399627686
anealing,300,40,65,8848.07,1.675856113433838
anealing,300,40,66,8845.17,1.6555604934692383
anealing,300,40,67,9135.01,1.6774730682373047
anealing,300,40,68,8988.38,1.678788185119629
anealing,300,40,69,8985.09,1.683321475982666
anealing,300,40,70,9111.3,1.6554360389709473
anealing,300,40,71,9332.31,1.6699326038360596
anealing,300,40,72,9119.87,1.6501054763793945
anealing,300,40,73,9071.64,1.6565577983856201
anealing,300,40,74,9035.83,1.669938325881958
anealing,300,40,75,8748.99,1.6595959663391113
anealing,300,40,76,8765.2,1.6756837368011475
anealing,300,40,77,8884.33,1.670058250427246
anealing,300,40,78,8884.84,1.7272396087646484
anealing,300,40,79,9159.28,1.6779184341430664
anealing,300,40,80,9092.35,1.6870758533477783
anealing,300,40,81,9039.65,1.6594929695129395
anealing,300,40,82,9205.78,1.7283456325531006
anealing,300,40,83,9563.73,1.6542332172393799
anealing,300,40,84,8741.84,1.6580288410186768
anealing,300,40,85,8929.69,1.6624977588653564
anealing,300,40,86,8678.42,1.662177562713623
anealing,300,40,87,8706.97,1.6735069751739502
anealing,300,40,88,9195.56,1.6647508144378662
anealing,300,40,89,9380.9,1.6394333839416504
anealing,300,40,90,9051.08,1.6730382442474365
anealing,300,40,91,9342.9,1.6645901203155518
anealing,300,40,92,9208.43,1.665449619293213
anealing,300,40,93,8674.22,1.6767644882202148
anealing,300,40,94,8728.02,1.6653192043304443
anealing,300,40,95,9163.86,1.6479816436767578
anealing,300,40,96,8873.23,1.6498608589172363
anealing,300,40,97,9001.09,1.6662161350250244
anealing,300,40,98,9037.26,1.6705942153930664
anealing,300,40,99,8836.54,1.6631860733032227
anealing,300,50,0,8751.29,1.667280673980713
anealing,300,50,1,9219.95,1.6632072925567627
anealing,300,50,2,9218.19,1.6482486724853516
anealing,300,50,3,8508.2,1.676421880722046
anealing,300,50,4,8956.0,1.6686713695526123
anealing,300,50,5,8988.24,1.6857526302337646
anealing,300,50,6,8864.03,1.6710906028747559
anealing,300,50,7,8927.98,1.673753261566162
anealing,300,50,8,8882.38,1.6657109260559082
anealing,300,50,9,9219.2,1.6667506694793701
anealing,300,50,10,9405.29,1.648115873336792
anealing,300,50,11,9344.13,1.6734931468963623
anealing,300,50,12,9309.45,1.6597249507904053
anealing,300,50,13,9588.9,1.6843352317810059
anealing,300,50,14,9107.12,1.687833547592163
anealing,300,50,15,9174.91,1.6493768692016602
anealing,300,50,16,9238.86,1.6941683292388916
anealing,300,50,17,9179.84,1.6568195819854736
anealing,300,50,18,9211.87,1.7015235424041748
anealing,300,50,19,9437.19,1.688347578048706
anealing,300,50,20,9072.0,1.6805872917175293
anealing,300,50,21,9409.15,1.656566858291626
anealing,300,50,22,9314.02,1.6732847690582275
anealing,300,50,23,9593.05,1.6785387992858887
anealing,300,50,24,9276.35,1.6820480823516846
anealing,300,50,25,9119.59,1.6942248344421387
anealing,300,50,26,9084.48,1.6878576278686523
anealing,300,50,27,9326.68,1.6664681434631348
anealing,300,50,28,8886.7,1.6586723327636719
anealing,300,50,29,9158.18,1.7239255905151367
anealing,300,50,30,9030.87,1.65372633934021
anealing,300,50,31,9051.07,1.663299322128296
anealing,300,50,32,9293.08,1.7108256816864014
anealing,300,50,33,9204.0,1.6977238655090332
anealing,300,50,34,9386.41,1.6703014373779297
anealing,300,50,35,9125.05,1.7092483043670654
anealing,300,50,36,9732.91,1.722569465637207
anealing,300,50,37,8984.09,1.6884691715240479
anealing,300,50,38,9485.47,1.675173282623291
anealing,300,50,39,9348.47,1.7593343257904053
anealing,300,50,40,9149.55,1.6778817176818848
anealing,300,50,41,9186.44,1.660022497177124
anealing,300,50,42,9019.7,1.6485607624053955
anealing,300,50,43,8951.05,1.6835238933563232
anealing,300,50,44,9300.38,1.6728806495666504
anealing,300,50,45,9164.32,1.678114652633667
anealing,300,50,46,9100.35,1.6601762771606445
anealing,300,50,47,9321.61,1.685903549194336
anealing,300,50,48,9399.34,1.6898212432861328
anealing,300,50,49,9054.54,1.6788356304168701
anealing,300,50,50,9263.72,1.6734890937805176
anealing,300,50,51,9581.37,1.6843581199645996
anealing,300,50,52,9222.01,1.6784238815307617
anealing,300,50,53,8871.11,1.672041654586792
anealing,300,50,54,9425.02,1.7183315753936768
anealing,300,50,55,9741.97,1.680234432220459
anealing,300,50,56,9266.65,1.6642374992370605
anealing,300,50,57,9437.1,1.6588847637176514
anealing,300,50,58,9436.34,1.6853797435760498
anealing,300,50,59,9350.84,1.6779100894927979
anealing,300,50,60,9337.2,1.6622941493988037
anealing,300,50,61,9453.82,1.655475378036499
anealing,300,50,62,8795.93,1.6701881885528564
anealing,300,50,63,9555.18,1.6997170448303223
anealing,300,50,64,9312.12,1.71006178855896
anealing,300,50,65,9458.88,1.66717529296875
anealing,300,50,66,8681.51,1.6551361083984375
anealing,300,50,67,8482.54,1.6864759922027588
anealing,300,50,68,9235.04,1.689363718032837
anealing,300,50,69,9230.06,1.7021985054016113
anealing,300,50,70,9513.53,1.7031197547912598
anealing,300,50,71,9317.71,1.6395843029022217
anealing,300,50,72,9561.91,1.705078363418579
anealing,300,50,73,9009.63,1.6597042083740234
anealing,300,50,74,9013.61,1.6896510124206543
anealing,300,50,75,9180.29,1.665048360824585
anealing,300,50,76,9185.44,1.7097320556640625
anealing,300,50,77,8534.25,1.6724185943603516
anealing,300,50,78,9157.2,1.664215326309204
anealing,300,50,79,9644.91,1.7013928890228271
anealing,300,50,80,9584.12,1.6745643615722656
anealing,300,50,81,9074.14,1.6668031215667725
anealing,300,50,82,9085.85,1.735914707183838
anealing,300,50,83,9216.8,1.653444528579712
anealing,300,50,84,8670.86,1.6616170406341553
anealing,300,50,85,9141.01,1.6716620922088623
anealing,300,50,86,9063.84,1.654113531112671
anealing,300,50,87,9344.4,1.6493666172027588
anealing,300,50,88,9559.4,1.6619441509246826
anealing,300,50,89,9219.5,1.7016971111297607
anealing,300,50,90,8732.34,1.7015457153320312
anealing,300,50,91,9410.45,1.6704399585723877
anealing,300,50,92,9304.01,1.655024766921997
anealing,300,50,93,9131.03,1.6803207397460938
anealing,300,50,94,9244.21,1.683359146118164
anealing,300,50,95,9617.56,1.6673128604888916
anealing,300,50,96,8833.5,1.6718437671661377
anealing,300,50,97,9199.83,1.671238660812378
anealing,300,50,98,9381.41,1.6575675010681152
anealing,300,50,99,9147.15,1.6601850986480713
anealing,300,60,0,9075.4,1.674217939376831
anealing,300,60,1,9081.83,1.6649739742279053
anealing,300,60,2,9369.66,1.6635594367980957
anealing,300,60,3,8812.52,1.6940066814422607
anealing,300,60,4,9707.64,1.6695163249969482
anealing,300,60,5,9335.57,1.7144362926483154
anealing,300,60,6,9187.65,1.6595637798309326
anealing,300,60,7,8964.41,1.7005116939544678
anealing,300,60,8,9473.72,1.688011646270752
anealing,300,60,9,9284.01,1.685408592224121
anealing,300,60,10,9349.2,1.6569609642028809
anealing,300,60,11,9219.74,1.6583707332611084
anealing,300,60,12,9321.87,1.643794298171997
anealing,300,60,13,9368.78,1.6554529666900635
anealing,300,60,14,9362.88,1.6664745807647705
anealing,300,60,15,9074.3,1.6374027729034424
anealing,300,60,16,9136.84,1.6958231925964355
anealing,300,60,17,9109.88,1.6706054210662842
anealing,300,60,18,9057.83,1.6692304611206055
anealing,300,60,19,8993.24,1.6774024963378906
anealing,300,60,20,9188.21,1.670433521270752
anealing,300,60,21,9049.17,1.664684534072876
anealing,300,60,22,9279.24,1.66951584815979
anealing,300,60,23,8939.23,1.7098188400268555
anealing,300,60,24,9423.42,1.691617488861084
anealing,300,60,25,9438.58,1.661036729812622
anealing,300,60,26,9292.39,1.6682019233703613
anealing,300,60,27,9279.21,1.6510894298553467
anealing,300,60,28,9272.73,1.6511857509613037
anealing,300,60,29,9107.38,1.67529296875
anealing,300,60,30,9255.6,1.6456265449523926
anealing,300,60,31,9574.7,1.6801257133483887
anealing,300,60,32,9499.03,1.7300667762756348
anealing,300,60,33,9186.9,1.6665701866149902
anealing,300,60,34,9384.9,1.6717875003814697
anealing,300,60,35,9095.9,1.7010166645050049
anealing,300,60,36,9538.54,1.6579909324645996
anealing,300,60,37,9201.84,1.6853594779968262
anealing,300,60,38,9268.17,1.6581332683563232
anealing,300,60,39,9776.45,1.671433687210083
anealing,300,60,40,9518.46,1.6812641620635986
anealing,300,60,41,9426.6,1.6935529708862305
anealing,300,60,42,9383.59,1.677565574645996
anealing,300,60,43,9340.31,1.6716375350952148
anealing,300,60,44,9419.44,1.6879854202270508
anealing,300,60,45,9211.87,1.664179801940918
anealing,300,60,46,9017.05,1.6590256690979004
anealing,300,60,47,9628.96,1.7084510326385498
anealing,300,60,48,8706.31,1.6762208938598633
anealing,300,60,49,9819.26,1.6692476272583008
anealing,300,60,50,9652.62,1.6666486263275146
anealing,300,60,51,9740.1,1.7053332328796387
anealing,300,60,52,9526.72,1.6928837299346924
anealing,300,60,53,9501.02,1.661707878112793
anealing,300,60,54,9295.83,1.6565978527069092
anealing,300,60,55,9588.58,1.6715261936187744
anealing,300,60,56,9407.48,1.6580123901367188
anealing,300,60,57,9507.17,1.6591286659240723
anealing,300,60,58,8987.0,1.674201250076294
anealing,300,60,59,9236.41,1.6739916801452637
anealing,300,60,60,9087.67,1.667649745941162
anealing,300,60,61,9441.34,1.6741702556610107
anealing,300,60,62,8795.33,1.6618092060089111
anealing,300,60,63,9221.97,1.6668922901153564
anealing,300,60,64,9769.35,1.6612496376037598
anealing,300,60,65,9239.39,1.7831614017486572
anealing,300,60,66,8961.88,1.6676852703094482
anealing,300,60,67,9367.26,1.6619372367858887
anealing,300,60,68,9502.56,1.685662031173706
anealing,300,60,69,9450.87,1.6837127208709717
anealing,300,60,70,9148.8,1.6871917247772217
anealing,300,60,71,9318.73,1.6477534770965576
anealing,300,60,72,9200.27,1.6467969417572021
anealing,300,60,73,9237.59,1.6653246879577637
anealing,300,60,74,9010.83,1.6755733489990234
anealing,300,60,75,9092.81,1.6487958431243896
anealing,300,60,76,9246.71,1.701673984527588
anealing,300,60,77,9005.71,1.7158677577972412
anealing,300,60,78,9372.81,1.6945123672485352
anealing,300,60,79,9304.83,1.6971278190612793
anealing,300,60,80,8889.35,1.6950366497039795
anealing,300,60,81,9178.23,1.6997349262237549
anealing,300,60,82,9569.72,1.6581380367279053
anealing,300,60,83,9444.09,1.6874213218688965
anealing,300,60,84,8955.14,1.6586129665374756
anealing,300,60,85,9679.68,1.6464743614196777
anealing,300,60,86,8887.81,1.6589922904968262
anealing,300,60,87,9171.41,1.6584985256195068
anealing,300,60,88,9494.87,1.6635286808013916
anealing,300,60,89,9460.13,1.7070209980010986
anealing,300,60,90,9017.99,1.6655616760253906
anealing,300,60,91,9227.6,1.6671595573425293
anealing,300,60,92,9291.97,1.666430950164795
anealing,300,60,93,9713.4,1.6647937297821045
anealing,300,60,94,9203.62,1.6623854637145996
anealing,300,60,95,9272.53,1.680342674255371
anealing,300,60,96,8865.53,1.674130916595459
anealing,300,60,97,9140.55,1.6903207302093506
anealing,300,60,98,9668.86,1.7044391632080078
anealing,300,60,99,9258.25,1.6621711254119873
anealing,300,70,0,8975.38,1.6636807918548584
anealing,300,70,1,9370.73,1.6643977165222168
anealing,300,70,2,9236.16,1.656804084777832
anealing,300,70,3,8570.32,1.6803078651428223
anealing,300,70,4,9165.36,1.6797599792480469
anealing,300,70,5,9502.44,1.677441120147705
anealing,300,70,6,9271.73,1.6765327453613281
anealing,300,70,7,8968.32,1.6646625995635986
anealing,300,70,8,9806.8,1.6632776260375977
anealing,300,70,9,9268.47,1.6725995540618896
anealing,300,70,10,9626.37,1.67574143409729
anealing,300,70,11,9518.26,1.648115634918213
anealing,300,70,12,9563.62,1.6363410949707031
anealing,300,70,13,9358.2,1.6602208614349365
anealing,300,70,14,8855.24,1.7115881443023682
anealing,300,70,15,9720.11,1.6581547260284424
anealing,300,70,16,9184.55,1.7055153846740723
anealing,300,70,17,9685.06,1.71913480758667
anealing,300,70,18,9315.93,1.6751708984375
anealing,300,70,19,9329.1,1.6757559776306152
anealing,300,70,20,8958.22,1.6784734725952148
anealing,300,70,21,9197.55,1.6568167209625244
anealing,300,70,22,9139.01,1.70475172996521
anealing,300,70,23,9075.87,1.7030866146087646
anealing,300,70,24,9851.75,1.6626827716827393
anealing,300,70,25,9162.56,1.7024672031402588
anealing,300,70,26,8980.41,1.663254737854004
anealing,300,70,27,9574.7,1.6735849380493164
anealing,300,70,28,9055.21,1.6655783653259277
anealing,300,70,29,8897.71,1.6737916469573975
anealing,300,70,30,9068.91,1.709235429763794
anealing,300,70,31,9610.18,1.6766510009765625
anealing,300,70,32,9628.15,1.684943437576294
anealing,300,70,33,9814.32,1.6873483657836914
anealing,300,70,34,9525.04,1.6490912437438965
anealing,300,70,35,8803.09,1.6898643970489502
anealing,300,70,36,9636.03,1.669726848602295
anealing,300,70,37,9109.32,1.705141305923462
anealing,300,70,38,9402.35,1.6623542308807373
anealing,300,70,39,9528.06,1.6776342391967773
anealing,300,70,40,9515.82,1.6692712306976318
anealing,300,70,41,9566.04,1.7117197513580322
anealing,300,70,42,9594.02,1.6509532928466797
anealing,300,70,43,8997.19,1.6824347972869873
anealing,300,70,44,9544.0,1.6551234722137451
anealing,300,70,45,9660.2,1.6770265102386475
anealing,300,70,46,9469.37,1.690617561340332
anealing,300,70,47,9501.73,1.6833693981170654
anealing,300,70,48,8966.85,1.696990966796875
anealing,300,70,49,9131.52,1.6928346157073975
anealing,300,70,50,9285.48,1.7399284839630127
anealing,300,70,51,9624.62,1.6846013069152832
anealing,300,70,52,9273.97,1.6537482738494873
anealing,300,70,53,9272.18,1.6672027111053467
anealing,300,70,54,9391.71,1.644996166229248
anealing,300,70,55,9505.72,1.7047405242919922
anealing,300,70,56,9395.93,1.675590991973877
anealing,300,70,57,9215.14,1.6745328903198242
anealing,300,70,58,9140.62,1.6626615524291992
anealing,300,70,59,9510.18,1.6700263023376465
anealing,300,70,60,8942.37,1.6883726119995117
anealing,300,70,61,9235.84,1.6796493530273438
anealing,300,70,62,9114.99,1.6674621105194092
anealing,300,70,63,9240.14,1.6641020774841309
anealing,300,70,64,9404.61,1.6678452491760254
anealing,300,70,65,9248.61,1.6702563762664795
anealing,300,70,66,9066.41,1.6767823696136475
anealing,300,70,67,9064.75,1.6663548946380615
anealing,300,70,68,9170.16,1.7004456520080566
anealing,300,70,69,9485.85,1.8316891193389893
anealing,300,70,70,9355.25,1.681192398071289
anealing,300,70,71,9700.5,1.6502017974853516
anealing,300,70,72,9402.21,1.6879558563232422
anealing,300,70,73,9038.4,1.6700129508972168
anealing,300,70,74,9338.65,1.6608514785766602
anealing,300,70,75,9186.51,1.6517236232757568
anealing,300,70,76,9524.77,1.6808395385742188
anealing,300,70,77,8932.95,1.6493737697601318
anealing,300,70,78,9577.14,1.7269690036773682
anealing,300,70,79,9722.41,1.7040879726409912
anealing,300,70,80,9333.11,1.6761736869812012
anealing,300,70,81,9479.56,1.6427130699157715
anealing,300,70,82,9279.95,1.6833653450012207
anealing,300,70,83,9505.31,1.6944785118103027
anealing,300,70,84,8843.38,1.6882495880126953
anealing,300,70,85,9006.57,1.668888807296753
anealing,300,70,86,9353.73,1.6682884693145752
anealing,300,70,87,9400.49,1.6639974117279053
anealing,300,70,88,9599.15,1.6669411659240723
anealing,300,70,89,9007.97,1.6854729652404785
anealing,300,70,90,9249.41,1.7110671997070312
anealing,300,70,91,9160.65,1.6820499897003174
anealing,300,70,92,9618.99,1.6737771034240723
anealing,300,70,93,9068.5,1.6796865463256836
anealing,300,70,94,9380.42,1.6724202632904053
anealing,300,70,95,9451.48,1.6716275215148926
anealing,300,70,96,8952.79,1.6686909198760986
anealing,300,70,97,9490.74,1.664252519607544
anealing,300,70,98,9297.12,1.6681022644042969
anealing,300,70,99,9360.15,1.7042114734649658
anealing,300,80,0,8801.52,1.677384376525879
anealing,300,80,1,9413.76,1.6819982528686523
anealing,300,80,2,8956.24,1.6605629920959473
anealing,300,80,3,8896.89,1.6895101070404053
anealing,300,80,4,9353.66,1.672851800918579
anealing,300,80,5,9174.65,1.6931190490722656
anealing,300,80,6,8897.7,1.6592588424682617
anealing,300,80,7,8902.73,1.6729390621185303
anealing,300,80,8,9240.39,1.6648142337799072
anealing,300,80,9,9511.68,1.695160150527954
anealing,300,80,10,9637.45,1.6637263298034668
anealing,300,80,11,9187.08,1.746678113937378
anealing,300,80,12,9038.36,1.6474013328552246
anealing,300,80,13,9300.61,1.666215419769287
anealing,300,80,14,9149.27,1.6790878772735596
anealing,300,80,15,8809.01,1.652588129043579
anealing,300,80,16,9152.04,1.7267065048217773
anealing,300,80,17,9606.57,1.6758100986480713
anealing,300,80,18,9234.81,1.6714813709259033
anealing,300,80,19,9338.1,1.6666591167449951
anealing,300,80,20,9066.02,1.6631934642791748
anealing,300,80,21,9677.6,1.6540133953094482
anealing,300,80,22,9771.91,1.65936279296875
anealing,300,80,23,9207.51,1.6968410015106201
anealing,300,80,24,9646.31,1.6610791683197021
anealing,300,80,25,9126.0,1.7079002857208252
anealing,300,80,26,9365.81,1.6654434204101562
anealing,300,80,27,9073.93,1.657348394393921
anealing,300,80,28,9017.15,1.693019151687622
anealing,300,80,29,9569.43,1.7077710628509521
anealing,300,80,30,9348.62,1.6520130634307861
anealing,300,80,31,9782.04,1.8333468437194824
anealing,300,80,32,9433.7,1.660416603088379
anealing,300,80,33,9344.47,1.6793267726898193
anealing,300,80,34,9443.52,1.666971206665039
anealing,300,80,35,9080.84,1.6747541427612305
anealing,300,80,36,9695.5,1.6555566787719727
anealing,300,80,37,9131.61,1.655712604522705
anealing,300,80,38,9718.28,1.674520492553711
anealing,300,80,39,8974.35,1.681882381439209
anealing,300,80,40,9227.84,1.6884663105010986
anealing,300,80,41,9528.12,1.6802363395690918
anealing,300,80,42,9219.94,1.6518189907073975
anealing,300,80,43,8842.67,1.6746509075164795
anealing,300,80,44,9212.33,1.6678366661071777
anealing,300,80,45,9323.84,1.6830122470855713
anealing,300,80,46,8929.59,1.664731740951538
anealing,300,80,47,9524.82,1.7195379734039307
anealing,300,80,48,8990.9,1.686161994934082
anealing,300,80,49,9580.29,1.6914095878601074
anealing,300,80,50,9599.56,1.6618263721466064
anealing,300,80,51,9770.12,1.7097067832946777
anealing,300,80,52,9052.97,1.6563220024108887
anealing,300,80,53,9198.21,1.6673157215118408
anealing,300,80,54,9033.73,1.6863465309143066
anealing,300,80,55,9552.13,1.6727523803710938
anealing,300,80,56,9496.04,1.6772098541259766
anealing,300,80,57,8970.6,1.6788337230682373
anealing,300,80,58,9545.19,1.6755218505859375
anealing,300,80,59,9523.33,1.6698222160339355
anealing,300,80,60,8999.42,1.7056927680969238
anealing,300,80,61,9493.44,1.6910943984985352
anealing,300,80,62,9240.51,1.6571106910705566
anealing,300,80,63,9528.46,1.68424654006958
anealing,300,80,64,9213.66,1.681527853012085
anealing,300,80,65,9513.86,1.7469000816345215
anealing,300,80,66,8892.36,1.688119649887085
anealing,300,80,67,8908.27,1.6753101348876953
anealing,300,80,68,9779.89,1.7049880027770996
anealing,300,80,69,9431.84,1.6784038543701172
anealing,300,80,70,9097.12,1.676572561264038
anealing,300,80,71,9518.25,1.6464717388153076
anealing,300,80,72,9390.38,1.6889424324035645
anealing,300,80,73,9084.97,1.661177635192871
anealing,300,80,74,9494.88,1.6656296253204346
anealing,300,80,75,8885.29,1.6831915378570557
anealing,300,80,76,9192.24,1.6804966926574707
anealing,300,80,77,8720.33,1.6535098552703857
anealing,300,80,78,9555.1,1.6683733463287354
anealing,300,80,79,9765.15,1.707632303237915
anealing,300,80,80,9131.56,1.6877634525299072
anealing,300,80,81,9542.07,1.649470329284668
anealing,300,80,82,9534.69,1.6688213348388672
anealing,300,80,83,9085.97,1.671656847000122
anealing,300,80,84,8821.38,1.6601688861846924
anealing,300,80,85,9598.19,1.6647517681121826
anealing,300,80,86,9095.47,1.67447829246521
anealing,300,80,87,9249.66,1.6514348983764648
anealing,300,80,88,9567.88,1.672684907913208
anealing,300,80,89,9477.18,1.6736347675323486
anealing,300,80,90,9021.64,1.6917634010314941
anealing,300,80,91,9283.44,1.6752874851226807
anealing,300,80,92,9235.65,1.681368350982666
anealing,300,80,93,9481.41,1.6707100868225098
anealing,300,80,94,9250.5,1.7178590297698975
anealing,300,80,95,9471.62,1.651160478591919
anealing,300,80,96,9521.13,1.667816400527954
anealing,300,80,97,9305.7,1.7302980422973633
anealing,300,80,98,9153.96,1.6572816371917725
anealing,300,80,99,9205.98,1.6593883037567139
anealing,300,90,0,9237.22,1.7044858932495117
anealing,300,90,1,9367.45,1.670109510421753
anealing,300,90,2,9198.63,1.657132625579834
anealing,300,90,3,9404.54,1.7143492698669434
anealing,300,90,4,9078.84,1.7414138317108154
anealing,300,90,5,9419.42,1.685791254043579
anealing,300,90,6,9392.97,1.6997027397155762
anealing,300,90,7,9126.02,1.7175462245941162
anealing,300,90,8,9515.4,1.6706326007843018
anealing,300,90,9,9299.17,1.6827960014343262
anealing,300,90,10,9058.48,1.6663148403167725
anealing,300,90,11,9164.81,1.676957130432129
anealing,300,90,12,9314.12,1.6518781185150146
anealing,300,90,13,9458.44,1.6776466369628906
anealing,300,90,14,9415.99,1.680619716644287
anealing,300,90,15,9600.1,1.6734747886657715
anealing,300,90,16,9186.9,1.6931476593017578
anealing,300,90,17,9627.26,1.6699082851409912
anealing,300,90,18,9457.11,1.7258203029632568
anealing,300,90,19,9333.06,1.671891212463379
anealing,300,90,20,9168.96,1.6562716960906982
anealing,300,90,21,9148.43,1.6772441864013672
anealing,300,90,22,9436.73,1.6739051342010498
anealing,300,90,23,9203.85,1.6728131771087646
anealing,300,90,24,9402.62,1.6903882026672363
anealing,300,90,25,9292.39,1.6832466125488281
anealing,300,90,26,9326.63,1.6877434253692627
anealing,300,90,27,9806.37,1.666511058807373
anealing,300,90,28,8666.36,1.723236322402954
anealing,300,90,29,9275.58,1.7057480812072754
anealing,300,90,30,9546.99,1.634657621383667
anealing,300,90,31,9819.67,1.662909984588623
anealing,300,90,32,9464.47,1.6754372119903564
anealing,300,90,33,9273.31,1.6912479400634766
anealing,300,90,34,9311.59,1.67561936378479
anealing,300,90,35,9227.73,1.6705389022827148
anealing,300,90,36,9061.35,1.6794657707214355
anealing,300,90,37,9400.67,1.7175333499908447
anealing,300,90,38,9215.77,1.6487555503845215
anealing,300,90,39,9389.57,1.6867730617523193
anealing,300,90,40,9601.27,1.6813313961029053
anealing,300,90,41,9593.03,1.686518907546997
anealing,300,90,42,9463.86,1.6565327644348145
anealing,300,90,43,9012.2,1.6890785694122314
anealing,300,90,44,9088.52,1.7175874710083008
anealing,300,90,45,9223.29,1.6686968803405762
anealing,300,90,46,9331.67,1.6624233722686768
anealing,300,90,47,9372.36,1.7072129249572754
anealing,300,90,48,8834.12,1.6838195323944092
anealing,300,90,49,9421.77,1.661792278289795
anealing,300,90,50,9310.05,1.6870810985565186
anealing,300,90,51,9675.66,1.6751868724822998
anealing,300,90,52,9935.82,1.6770868301391602
anealing,300,90,53,9228.3,1.6625785827636719
anealing,300,90,54,9195.35,1.6485140323638916
anealing,300,90,55,9716.49,1.6590576171875
anealing,300,90,56,9451.3,1.6578865051269531
anealing,300,90,57,9237.4,1.658586025238037
anealing,300,90,58,9351.81,1.6997792720794678
anealing,300,90,59,9455.19,1.6555149555206299
anealing,300,90,60,9625.04,1.6749935150146484
anealing,300,90,61,9244.33,1.6744639873504639
anealing,300,90,62,9440.09,1.718745231628418
anealing,300,90,63,9183.13,1.678734302520752
anealing,300,90,64,9071.33,1.6769773960113525
anealing,300,90,65,9784.05,1.6709935665130615
anealing,300,90,66,8558.19,1.6797442436218262
anealing,300,90,67,9119.28,1.6710073947906494
anealing,300,90,68,9613.71,1.6626358032226562
anealing,300,90,69,9574.23,1.6596899032592773
anealing,300,90,70,9398.78,1.6741700172424316
anealing,300,90,71,9429.69,1.6582906246185303
anealing,300,90,72,9406.17,1.6881303787231445
anealing,300,90,73,9060.57,1.6778843402862549
anealing,300,90,74,9392.03,1.6536431312561035
anealing,300,90,75,8705.23,1.6548657417297363
anealing,300,90,76,9461.74,1.7072803974151611
anealing,300,90,77,9077.88,1.6654407978057861
anealing,300,90,78,8809.53,1.6669704914093018
anealing,300,90,79,9283.33,1.6776037216186523
anealing,300,90,80,9381.39,1.674278736114502
anealing,300,90,81,9181.04,1.6467270851135254
anealing,300,90,82,9393.18,1.6795082092285156
anealing,300,90,83,9460.53,1.6906838417053223
anealing,300,90,84,8608.58,1.656191349029541
anealing,300,90,85,9267.84,1.66548752784729
anealing,300,90,86,8855.3,1.6760928630828857
anealing,300,90,87,9561.16,1.6521081924438477
anealing,300,90,88,9410.8,1.6948156356811523
anealing,300,90,89,9321.66,1.6545960903167725
anealing,300,90,90,9353.58,1.6952905654907227
anealing,300,90,91,9662.59,1.675748348236084
anealing,300,90,92,9267.34,1.6610286235809326
anealing,300,90,93,9288.84,1.6700537204742432
anealing,300,90,94,9177.29,1.6620938777923584
anealing,300,90,95,9630.67,1.6466851234436035
anealing,300,90,96,9089.12,1.6607468128204346
anealing,300,90,97,9839.81,1.678278923034668
anealing,300,90,98,8977.05,1.6611688137054443
anealing,300,90,99,8920.84,1.6592919826507568
anealing,300,100,0,8923.66,1.6873667240142822
anealing,300,100,1,9486.82,1.6684887409210205
anealing,300,100,2,9426.22,1.6544876098632812
anealing,300,100,3,9176.3,1.6634836196899414
anealing,300,100,4,8973.11,1.6969764232635498
anealing,300,100,5,9685.77,1.689497709274292
anealing,300,100,6,9580.29,1.6685891151428223
anealing,300,100,7,8909.25,1.6745970249176025
anealing,300,100,8,9690.42,1.6636521816253662
anealing,300,100,9,9290.46,1.6927485466003418
anealing,300,100,10,9305.58,1.681314468383789
anealing,300,100,11,9005.41,1.6851897239685059
anealing,300,100,12,9366.84,1.6535804271697998
anealing,300,100,13,9518.94,1.675544023513794
anealing,300,100,14,9338.65,1.686471939086914
anealing,300,100,15,9235.22,1.640324592590332
anealing,300,100,16,9352.36,1.704911231994629
anealing,300,100,17,9940.73,1.6765079498291016
anealing,300,100,18,9719.68,1.6704213619232178
anealing,300,100,19,9243.4,1.7282872200012207
anealing,300,100,20,9464.08,1.6523246765136719
anealing,300,100,21,9480.0,1.6540374755859375
anealing,300,100,22,9744.33,1.6803536415100098
anealing,300,100,23,9579.9,1.7079997062683105
anealing,300,100,24,9663.86,1.6807165145874023
anealing,300,100,25,9532.0,1.7067477703094482
anealing,300,100,26,9192.95,1.664320945739746
anealing,300,100,27,9010.96,1.6796131134033203
anealing,300,100,28,9063.04,1.7024133205413818
anealing,300,100,29,9111.39,1.7206008434295654
anealing,300,100,30,9622.93,1.6329295635223389
anealing,300,100,31,9527.63,1.7093122005462646
anealing,300,100,32,9642.01,1.6861999034881592
anealing,300,100,33,9463.82,1.6708731651306152
anealing,300,100,34,9894.67,1.6695141792297363
anealing,300,100,35,9411.52,1.679182529449463
anealing,300,100,36,9927.23,1.6654767990112305
anealing,300,100,37,8812.54,1.7182536125183105
anealing,300,100,38,9113.01,1.6569132804870605
anealing,300,100,39,9249.9,1.67337965965271
anealing,300,100,40,9915.28,1.6728949546813965
anealing,300,100,41,9271.92,1.6786563396453857
anealing,300,100,42,9052.84,1.6682775020599365
anealing,300,100,43,9046.8,1.6696279048919678
anealing,300,100,44,9826.4,1.6551458835601807
anealing,300,100,45,9841.87,1.6795806884765625
anealing,300,100,46,9323.2,1.6979286670684814
anealing,300,100,47,9466.63,1.664865255355835
anealing,300,100,48,8878.68,1.678462028503418
anealing,300,100,49,9521.79,1.6732606887817383
anealing,300,100,50,9436.27,1.6700241565704346
anealing,300,100,51,9374.15,1.6691925525665283
anealing,300,100,52,9420.79,1.657097578048706
anealing,300,100,53,9156.15,1.6743719577789307
anealing,300,100,54,9231.89,1.6662929058074951
anealing,300,100,55,9722.92,1.676199197769165
anealing,300,100,56,9635.0,1.655395746231079
anealing,300,100,57,9000.22,1.6629371643066406
anealing,300,100,58,9075.23,1.6755812168121338
anealing,300,100,59,9333.91,1.6662065982818604
anealing,300,100,60,9187.85,1.6809048652648926
anealing,300,100,61,9573.47,1.6538162231445312
anealing,300,100,62,9173.61,1.6665458679199219
anealing,300,100,63,9805.26,1.6785833835601807
anealing,300,100,64,9385.29,1.6746742725372314
anealing,300,100,65,9452.1,1.6852757930755615
anealing,300,100,66,9127.19,1.7418978214263916
anealing,300,100,67,8766.76,1.6764247417449951
anealing,300,100,68,9579.33,1.6635355949401855
anealing,300,100,69,9502.67,1.6753261089324951
anealing,300,100,70,9768.91,1.6837875843048096
anealing,300,100,71,9334.54,1.6429078578948975
anealing,300,100,72,9675.3,1.6846883296966553
anealing,300,100,73,9242.35,1.6719205379486084
anealing,300,100,74,9270.54,1.6655824184417725
anealing,300,100,75,8840.19,1.6755082607269287
anealing,300,100,76,9411.08,1.7089059352874756
anealing,300,100,77,9110.81,1.6492018699645996
anealing,300,100,78,9260.07,1.680276870727539
anealing,300,100,79,9408.83,1.7041285037994385
anealing,300,100,80,9300.64,1.7059412002563477
anealing,300,100,81,9218.91,1.6487951278686523
anealing,300,100,82,9490.47,1.694331407546997
anealing,300,100,83,9490.76,1.6612615585327148
anealing,300,100,84,8961.3,1.6868560314178467
anealing,300,100,85,9488.14,1.6615586280822754
anealing,300,100,86,9055.23,1.6581168174743652
anealing,300,100,87,9584.15,1.6851465702056885
anealing,300,100,88,9500.97,1.6783945560455322
anealing,300,100,89,8996.35,1.6463971138000488
anealing,300,100,90,9626.65,1.68998384475708
anealing,300,100,91,9279.57,1.668426752090454
anealing,300,100,92,9240.5,1.6569066047668457
anealing,300,100,93,9374.82,1.6939318180084229
anealing,300,100,94,9322.97,1.6510133743286133
anealing,300,100,95,9262.83,1.664583444595337
anealing,300,100,96,9039.2,1.6807942390441895
anealing,300,100,97,9214.75,1.6953794956207275
anealing,300,100,98,8941.05,1.6801397800445557
anealing,300,100,99,9343.34,1.6545891761779785
