algorithm,n_people,cohesion,iteration,score,time
annealingFromFluent,300,0,0,10305.55,5.402880430221558
annealingFromFluent,300,0,1,10925.82,5.4736082553863525
annealingFromFluent,300,0,2,10695.68,5.398158550262451
annealingFromFluent,300,0,3,10121.98,5.390840768814087
annealingFromFluent,300,0,4,10622.82,5.411501169204712
annealingFromFluent,300,0,5,10880.18,5.434117794036865
annealingFromFluent,300,0,6,10346.2,5.4862282276153564
annealingFromFluent,300,0,7,10528.19,5.4152491092681885
annealingFromFluent,300,0,8,10561.86,5.467197418212891
annealingFromFluent,300,0,9,10909.16,5.33755898475647
annealingFromFluent,300,0,10,10779.28,5.400946617126465
annealingFromFluent,300,0,11,10594.3,5.397583484649658
annealingFromFluent,300,0,12,10883.85,5.445170640945435
annealingFromFluent,300,0,13,10882.67,5.428219795227051
annealingFromFluent,300,0,14,10932.42,5.4455578327178955
annealingFromFluent,300,0,15,10584.32,5.574006795883179
annealingFromFluent,300,0,16,10416.08,5.479282855987549
annealingFromFluent,300,0,17,10666.56,5.43488883972168
annealingFromFluent,300,0,18,10505.16,5.473834753036499
annealingFromFluent,300,0,19,11028.89,5.413164854049683
annealingFromFluent,300,0,20,10402.86,5.470873117446899
annealingFromFluent,300,0,21,11142.21,5.344245910644531
annealingFromFluent,300,0,22,10822.67,5.4135777950286865
annealingFromFluent,300,0,23,10547.14,5.429455041885376
annealingFromFluent,300,0,24,10636.26,5.469416618347168
annealingFromFluent,300,0,25,10965.67,5.46831488609314
annealingFromFluent,300,0,26,10640.87,5.375519752502441
annealingFromFluent,300,0,27,10543.34,5.493499040603638
annealingFromFluent,300,0,28,10418.63,5.524960994720459
annealingFromFluent,300,0,29,10328.06,5.443172216415405
annealingFromFluent,300,0,30,10399.46,5.412226915359497
annealingFromFluent,300,0,31,11090.54,5.462357521057129
annealingFromFluent,300,0,32,10514.31,5.653465270996094
annealingFromFluent,300,0,33,11129.81,5.452694654464722
annealingFromFluent,300,0,34,10618.25,5.547625780105591
annealingFromFluent,300,0,35,10561.03,5.403947591781616
annealingFromFluent,300,0,36,10950.77,5.440256834030151
annealingFromFluent,300,0,37,10320.76,5.34615159034729
annealingFromFluent,300,0,38,10934.98,5.457578420639038
annealingFromFluent,300,0,39,10490.61,5.462656259536743
annealingFromFluent,300,0,40,10593.67,5.412208557128906
annealingFromFluent,300,0,41,10650.03,5.425063848495483
annealingFromFluent,300,0,42,11120.02,5.458101511001587
annealingFromFluent,300,0,43,10479.21,5.430030822753906
annealingFromFluent,300,0,44,10448.89,5.728529214859009
annealingFromFluent,300,0,45,10762.87,5.489335298538208
annealingFromFluent,300,0,46,10441.27,5.41994833946228
annealingFromFluent,300,0,47,10336.4,5.472506523132324
annealingFromFluent,300,0,48,10347.09,5.39794397354126
annealingFromFluent,300,0,49,10621.3,5.395560026168823
annealingFromFluent,300,0,50,10986.63,5.439873933792114
annealingFromFluent,300,0,51,10760.63,5.435112953186035
annealingFromFluent,300,0,52,10700.96,5.563382387161255
annealingFromFluent,300,0,53,10864.75,5.445631265640259
annealingFromFluent,300,0,54,10597.49,5.430822849273682
annealingFromFluent,300,0,55,10497.51,5.438553094863892
annealingFromFluent,300,0,56,10892.51,5.417659044265747
annealingFromFluent,300,0,57,11003.71,5.401997327804565
annealingFromFluent,300,0,58,10591.74,5.4143288135528564
annealingFromFluent,300,0,59,10523.35,5.35995888710022
annealingFromFluent,300,0,60,10658.03,5.42072057723999
annealingFromFluent,300,0,61,10670.75,5.48496675491333
annealingFromFluent,300,0,62,10332.32,5.375272274017334
annealingFromFluent,300,0,63,11134.16,5.440650224685669
annealingFromFluent,300,0,64,10650.84,5.448998928070068
annealingFromFluent,300,0,65,10825.16,5.41520881652832
annealingFromFluent,300,0,66,10267.94,5.367244720458984
annealingFromFluent,300,0,67,10358.92,5.3398895263671875
annealingFromFluent,300,0,68,11163.09,5.380997896194458
annealingFromFluent,300,0,69,10291.77,5.387682914733887
annealingFromFluent,300,0,70,11000.1,5.334580421447754
annealingFromFluent,300,0,71,10700.08,5.524247884750366
annealingFromFluent,300,0,72,10694.76,5.462018966674805
annealingFromFluent,300,0,73,10701.07,5.444633960723877
annealingFromFluent,300,0,74,10441.8,5.496310710906982
annealingFromFluent,300,0,75,9983.17,5.436493158340454
annealingFromFluent,300,0,76,10434.46,5.477008819580078
annealingFromFluent,300,0,77,10570.47,5.360262632369995
annealingFromFluent,300,0,78,10990.88,5.3656206130981445
annealingFromFluent,300,0,79,10802.67,5.458242893218994
annealingFromFluent,300,0,80,10850.16,5.452425718307495
annealingFromFluent,300,0,81,10396.2,5.44408655166626
annealingFromFluent,300,0,82,10511.45,5.532323360443115
annealingFromFluent,300,0,83,10692.64,5.543372631072998
annealingFromFluent,300,0,84,10196.79,5.404359340667725
annealingFromFluent,300,0,85,10945.98,5.468690395355225
annealingFromFluent,300,0,86,10594.26,5.334048748016357
annealingFromFluent,300,0,87,10896.57,5.399473667144775
annealingFromFluent,300,0,88,10438.92,5.390718221664429
annealingFromFluent,300,0,89,10586.27,5.398009777069092
annealingFromFluent,300,0,90,10494.65,5.377179861068726
annealingFromFluent,300,0,91,10709.87,5.397709846496582
annealingFromFluent,300,0,92,11033.53,5.378391742706299
annealingFromFluent,300,0,93,10713.54,5.478048801422119
annealingFromFluent,300,0,94,10718.57,5.479331731796265
annealingFromFluent,300,0,95,10494.16,5.4306557178497314
annealingFromFluent,300,0,96,10090.86,5.4451820850372314
annealingFromFluent,300,0,97,10819.31,5.498162508010864
annealingFromFluent,300,0,98,10588.38,5.4553916454315186
annealingFromFluent,300,0,99,10657.66,5.35940146446228
annealingFromFluent,300,10,0,10847.12,5.399016857147217
annealingFromFluent,300,10,1,11931.76,5.401592969894409
annealingFromFluent,300,10,2,11725.7,5.432925224304199
annealingFromFluent,300,10,3,11038.34,5.398748874664307
annealingFromFluent,300,10,4,11353.99,5.3220930099487305
annealingFromFluent,300,10,5,11667.96,5.3778674602508545
annealingFromFluent,300,10,6,11660.06,5.364952564239502
annealingFromFluent,300,10,7,11065.13,5.29914927482605
annealingFromFluent,300,10,8,11139.97,5.443724870681763
annealingFromFluent,300,10,9,11449.07,5.44781494140625
annealingFromFluent,300,10,10,11496.97,5.439019680023193
annealingFromFluent,300,10,11,11533.13,5.338906288146973
annealingFromFluent,300,10,12,11100.31,5.3707380294799805
annealingFromFluent,300,10,13,11668.41,5.41119122505188
annealingFromFluent,300,10,14,11832.3,5.463930606842041
annealingFromFluent,300,10,15,11370.85,5.430459260940552
annealingFromFluent,300,10,16,11415.35,5.36937689781189
annealingFromFluent,300,10,17,11443.22,5.517240524291992
annealingFromFluent,300,10,18,11375.43,5.472816467285156
annealingFromFluent,300,10,19,11650.4,5.436629295349121
annealingFromFluent,300,10,20,11093.42,5.422320127487183
annealingFromFluent,300,10,21,11517.53,5.363719940185547
annealingFromFluent,300,10,22,11744.97,5.37022852897644
annealingFromFluent,300,10,23,11169.37,5.536835670471191
annealingFromFluent,300,10,24,11504.71,5.451430320739746
annealingFromFluent,300,10,25,11495.76,5.4115095138549805
annealingFromFluent,300,10,26,10907.51,5.353547811508179
annealingFromFluent,300,10,27,11064.67,5.406405925750732
annealingFromFluent,300,10,28,10864.03,5.312953233718872
annealingFromFluent,300,10,29,11237.51,5.46780800819397
annealingFromFluent,300,10,30,11347.11,5.404189586639404
annealingFromFluent,300,10,31,11703.1,5.344170570373535
annealingFromFluent,300,10,32,11709.72,5.353303909301758
annealingFromFluent,300,10,33,11453.83,5.373147249221802
annealingFromFluent,300,10,34,11656.5,5.388481140136719
annealingFromFluent,300,10,35,11028.57,5.399802207946777
annealingFromFluent,300,10,36,11540.69,5.381765127182007
annealingFromFluent,300,10,37,11865.36,5.443931579589844
annealingFromFluent,300,10,38,11532.04,5.492991924285889
annealingFromFluent,300,10,39,11613.46,5.371659994125366
annealingFromFluent,300,10,40,11720.98,5.4002156257629395
annealingFromFluent,300,10,41,11379.28,5.484118938446045
annealingFromFluent,300,10,42,11600.11,5.509016513824463
annealingFromFluent,300,10,43,11578.32,5.374027252197266
annealingFromFluent,300,10,44,11758.07,5.357570171356201
annealingFromFluent,300,10,45,11399.12,5.3466103076934814
annealingFromFluent,300,10,46,11427.27,5.358642101287842
annealingFromFluent,300,10,47,11450.1,5.3706090450286865
annealingFromFluent,300,10,48,11434.81,5.3720481395721436
annealingFromFluent,300,10,49,11605.34,5.3448615074157715
annealingFromFluent,300,10,50,11573.68,5.477843523025513
annealingFromFluent,300,10,51,11614.01,5.35113525390625
annealingFromFluent,300,10,52,11852.25,5.378356218338013
annealingFromFluent,300,10,53,11282.23,5.366596937179565
annealingFromFluent,300,10,54,11131.48,5.395488739013672
annealingFromFluent,300,10,55,11923.49,5.458073377609253
annealingFromFluent,300,10,56,11251.33,5.46957540512085
annealingFromFluent,300,10,57,11521.26,5.403201103210449
annealingFromFluent,300,10,58,11446.78,5.446546792984009
annealingFromFluent,300,10,59,11375.0,5.386667490005493
annealingFromFluent,300,10,60,11665.06,5.31870174407959
annealingFromFluent,300,10,61,11659.75,5.382774829864502
annealingFromFluent,300,10,62,11452.62,5.273396730422974
annealingFromFluent,300,10,63,11958.23,5.393471002578735
annealingFromFluent,300,10,64,11446.33,5.461267709732056
annealingFromFluent,300,10,65,11498.27,5.422867298126221
annealingFromFluent,300,10,66,11007.11,5.3270697593688965
annealingFromFluent,300,10,67,11247.18,5.37260103225708
annealingFromFluent,300,10,68,11539.95,5.456465721130371
annealingFromFluent,300,10,69,11687.84,5.423619270324707
annealingFromFluent,300,10,70,11162.59,5.361468553543091
annealingFromFluent,300,10,71,11606.34,5.3815343379974365
annealingFromFluent,300,10,72,11741.88,5.334520101547241
annealingFromFluent,300,10,73,11375.09,5.415560483932495
annealingFromFluent,300,10,74,11624.93,5.331252336502075
annealingFromFluent,300,10,75,10842.88,5.431625604629517
annealingFromFluent,300,10,76,11821.04,5.41407322883606
annealingFromFluent,300,10,77,11310.54,5.356621503829956
annealingFromFluent,300,10,78,11944.68,5.405697345733643
annealingFromFluent,300,10,79,11832.94,5.340468883514404
annealingFromFluent,300,10,80,11468.93,5.419895648956299
annealingFromFluent,300,10,81,11584.03,5.373621702194214
annealingFromFluent,300,10,82,10970.38,5.590891599655151
annealingFromFluent,300,10,83,11558.96,5.364239931106567
annealingFromFluent,300,10,84,11006.26,5.307563543319702
annealingFromFluent,300,10,85,11259.96,5.424548625946045
annealingFromFluent,300,10,86,11266.6,5.409029245376587
annealingFromFluent,300,10,87,11635.26,5.474987983703613
annealingFromFluent,300,10,88,11534.15,5.3287200927734375
annealingFromFluent,300,10,89,11536.16,5.40858268737793
annealingFromFluent,300,10,90,11121.64,5.4373931884765625
annealingFromFluent,300,10,91,11597.83,5.420063257217407
annealingFromFluent,300,10,92,11890.56,5.33983039855957
annealingFromFluent,300,10,93,11287.9,5.313384056091309
annealingFromFluent,300,10,94,11092.15,5.462709188461304
annealingFromFluent,300,10,95,11685.61,5.36927342414856
annealingFromFluent,300,10,96,11064.88,5.391209840774536
annealingFromFluent,300,10,97,11891.91,5.411069631576538
annealingFromFluent,300,10,98,11283.04,5.375225305557251
annealingFromFluent,300,10,99,11797.29,5.383921384811401
annealingFromFluent,300,20,0,11410.01,5.275944471359253
annealingFromFluent,300,20,1,12298.66,5.483138084411621
annealingFromFluent,300,20,2,12204.51,5.314275503158569
annealingFromFluent,300,20,3,11286.5,5.305225372314453
annealingFromFluent,300,20,4,12033.0,5.234791278839111
annealingFromFluent,300,20,5,11913.82,5.287165880203247
annealingFromFluent,300,20,6,11581.95,5.2744457721710205
annealingFromFluent,300,20,7,11693.42,5.282104969024658
annealingFromFluent,300,20,8,11831.35,5.233641147613525
annealingFromFluent,300,20,9,12081.17,5.2581706047058105
annealingFromFluent,300,20,10,12233.13,5.113638162612915
annealingFromFluent,300,20,11,12215.46,5.207310438156128
annealingFromFluent,300,20,12,11944.59,5.356111526489258
annealingFromFluent,300,20,13,12333.6,5.282862424850464
annealingFromFluent,300,20,14,11950.01,5.38983941078186
annealingFromFluent,300,20,15,11620.64,5.151676177978516
annealingFromFluent,300,20,16,11584.26,5.299739837646484
annealingFromFluent,300,20,17,12134.16,5.233947038650513
annealingFromFluent,300,20,18,12362.2,5.278626918792725
annealingFromFluent,300,20,19,12123.41,5.020722150802612
annealingFromFluent,300,20,20,11942.12,5.369532346725464
annealingFromFluent,300,20,21,12805.52,5.241534471511841
annealingFromFluent,300,20,22,12288.7,5.223464250564575
annealingFromFluent,300,20,23,11582.44,5.2781171798706055
annealingFromFluent,300,20,24,12270.39,5.102249383926392
annealingFromFluent,300,20,25,11976.58,5.22420072555542
annealingFromFluent,300,20,26,11906.92,5.375641345977783
annealingFromFluent,300,20,27,12088.04,5.363677263259888
annealingFromFluent,300,20,28,11462.13,5.2542884349823
annealingFromFluent,300,20,29,11759.61,5.250962018966675
annealingFromFluent,300,20,30,12087.02,5.174468755722046
annealingFromFluent,300,20,31,12477.85,5.108797311782837
annealingFromFluent,300,20,32,12513.62,5.151700019836426
annealingFromFluent,300,20,33,12534.89,5.25849175453186
annealingFromFluent,300,20,34,12225.49,5.478496074676514
annealingFromFluent,300,20,35,11537.88,5.354261159896851
annealingFromFluent,300,20,36,12146.2,5.197428464889526
annealingFromFluent,300,20,37,11755.42,5.155898571014404
annealingFromFluent,300,20,38,12053.7,5.203804016113281
annealingFromFluent,300,20,39,12339.3,5.350926160812378
annealingFromFluent,300,20,40,11910.78,5.2212278842926025
annealingFromFluent,300,20,41,12515.05,5.275792598724365
annealingFromFluent,300,20,42,12214.76,5.240951061248779
annealingFromFluent,300,20,43,11617.12,5.446855068206787
annealingFromFluent,300,20,44,12071.24,5.355180025100708
annealingFromFluent,300,20,45,11658.69,5.286977052688599
annealingFromFluent,300,20,46,11660.94,5.339651584625244
annealingFromFluent,300,20,47,11844.62,5.1764538288116455
annealingFromFluent,300,20,48,12102.95,5.196294546127319
annealingFromFluent,300,20,49,11775.77,5.186827182769775
annealingFromFluent,300,20,50,11931.88,5.271888017654419
annealingFromFluent,300,20,51,12254.85,5.386207103729248
annealingFromFluent,300,20,52,12113.82,5.314682245254517
annealingFromFluent,300,20,53,12073.05,5.327205657958984
annealingFromFluent,300,20,54,11888.96,5.232453346252441
annealingFromFluent,300,20,55,12194.62,5.313414812088013
annealingFromFluent,300,20,56,11978.22,5.394248008728027
annealingFromFluent,300,20,57,11995.52,5.245871305465698
annealingFromFluent,300,20,58,11996.78,5.316260099411011
annealingFromFluent,300,20,59,12195.57,5.098663091659546
annealingFromFluent,300,20,60,11636.0,5.219552278518677
annealingFromFluent,300,20,61,12050.64,5.42622447013855
annealingFromFluent,300,20,62,11372.99,5.24269700050354
annealingFromFluent,300,20,63,12481.25,5.2382073402404785
annealingFromFluent,300,20,64,12073.1,5.139298915863037
annealingFromFluent,300,20,65,12355.71,5.240885257720947
annealingFromFluent,300,20,66,11373.74,5.195760011672974
annealingFromFluent,300,20,67,12076.67,5.279308795928955
annealingFromFluent,300,20,68,12270.27,5.408540725708008
annealingFromFluent,300,20,69,11783.6,5.395130157470703
annealingFromFluent,300,20,70,12248.31,5.303954124450684
annealingFromFluent,300,20,71,12677.52,5.245716094970703
annealingFromFluent,300,20,72,12125.84,5.13604998588562
annealingFromFluent,300,20,73,12317.23,5.19080924987793
annealingFromFluent,300,20,74,12449.26,5.053584337234497
annealingFromFluent,300,20,75,11291.25,5.1366965770721436
annealingFromFluent,300,20,76,11857.95,5.325923919677734
annealingFromFluent,300,20,77,11933.76,5.2409327030181885
annealingFromFluent,300,20,78,11884.69,5.327617645263672
annealingFromFluent,300,20,79,12060.92,5.277644157409668
annealingFromFluent,300,20,80,12278.57,5.275385856628418
annealingFromFluent,300,20,81,11816.62,5.2489001750946045
annealingFromFluent,300,20,82,12028.57,5.11305832862854
annealingFromFluent,300,20,83,11814.82,5.323983669281006
annealingFromFluent,300,20,84,11521.78,5.302741765975952
annealingFromFluent,300,20,85,12160.22,5.364516496658325
annealingFromFluent,300,20,86,11717.27,5.015092372894287
annealingFromFluent,300,20,87,12187.1,5.191646099090576
annealingFromFluent,300,20,88,11950.38,5.219113111495972
annealingFromFluent,300,20,89,12077.45,5.284839630126953
annealingFromFluent,300,20,90,11792.25,5.2560460567474365
annealingFromFluent,300,20,91,11872.79,5.382153511047363
annealingFromFluent,300,20,92,12281.71,5.282394886016846
annealingFromFluent,300,20,93,11721.11,5.188180446624756
annealingFromFluent,300,20,94,11928.09,5.245512962341309
annealingFromFluent,300,20,95,12281.49,5.257766962051392
annealingFromFluent,300,20,96,11644.73,5.261731386184692
annealingFromFluent,300,20,97,12087.19,5.334778070449829
annealingFromFluent,300,20,98,11612.08,5.323131799697876
annealingFromFluent,300,20,99,11932.95,5.302450656890869
annealingFromFluent,300,30,0,11754.57,5.085370779037476
annealingFromFluent,300,30,1,12655.11,5.265734434127808
annealingFromFluent,300,30,2,12448.11,5.0709826946258545
annealingFromFluent,300,30,3,11696.96,4.9426915645599365
annealingFromFluent,300,30,4,12101.03,5.082289695739746
annealingFromFluent,300,30,5,12858.29,5.1943747997283936
annealingFromFluent,300,30,6,11746.98,4.862407922744751
annealingFromFluent,300,30,7,12289.99,4.970766305923462
annealingFromFluent,300,30,8,12213.88,5.141035795211792
annealingFromFluent,300,30,9,12452.31,4.994616508483887
annealingFromFluent,300,30,10,12575.88,5.096546649932861
annealingFromFluent,300,30,11,12412.97,5.112406492233276
annealingFromFluent,300,30,12,12420.75,4.896119832992554
annealingFromFluent,300,30,13,12635.82,5.139955759048462
annealingFromFluent,300,30,14,12706.08,5.158144235610962
annealingFromFluent,300,30,15,12195.12,5.316073894500732
annealingFromFluent,300,30,16,12357.31,5.063521862030029
annealingFromFluent,300,30,17,12762.72,5.2800984382629395
annealingFromFluent,300,30,18,12672.0,5.002760171890259
annealingFromFluent,300,30,19,12250.98,4.952715158462524
annealingFromFluent,300,30,20,12354.63,5.02561092376709
annealingFromFluent,300,30,21,12644.58,5.173852920532227
annealingFromFluent,300,30,22,12875.97,4.91277551651001
annealingFromFluent,300,30,23,12165.47,5.1276445388793945
annealingFromFluent,300,30,24,12617.37,5.1547441482543945
annealingFromFluent,300,30,25,12673.4,5.14982533454895
annealingFromFluent,300,30,26,11895.79,4.994839191436768
annealingFromFluent,300,30,27,12392.22,5.160980224609375
annealingFromFluent,300,30,28,11651.46,5.184576034545898
annealingFromFluent,300,30,29,12066.37,5.113966941833496
annealingFromFluent,300,30,30,12212.79,5.003809690475464
annealingFromFluent,300,30,31,12705.67,4.955069303512573
annealingFromFluent,300,30,32,12716.74,5.010545015335083
annealingFromFluent,300,30,33,12547.23,5.223381757736206
annealingFromFluent,300,30,34,12390.14,5.135801792144775
annealingFromFluent,300,30,35,11995.48,4.867411136627197
annealingFromFluent,300,30,36,12259.92,4.9297966957092285
annealingFromFluent,300,30,37,12069.87,4.913862943649292
annealingFromFluent,300,30,38,12545.96,5.143948554992676
annealingFromFluent,300,30,39,12991.88,4.9649338722229
annealingFromFluent,300,30,40,12313.73,5.124513626098633
annealingFromFluent,300,30,41,12525.79,5.178911924362183
annealingFromFluent,300,30,42,12544.21,5.03494668006897
annealingFromFluent,300,30,43,12298.03,5.082623481750488
annealingFromFluent,300,30,44,12718.78,5.0370728969573975
annealingFromFluent,300,30,45,12435.3,5.003178119659424
annealingFromFluent,300,30,46,12249.27,4.999235153198242
annealingFromFluent,300,30,47,12133.59,5.075866460800171
annealingFromFluent,300,30,48,12131.0,5.207367897033691
annealingFromFluent,300,30,49,12522.45,4.916362524032593
annealingFromFluent,300,30,50,12621.33,5.26915717124939
annealingFromFluent,300,30,51,12601.11,4.9679670333862305
annealingFromFluent,300,30,52,12394.85,5.0320281982421875
annealingFromFluent,300,30,53,12555.79,4.880490064620972
annealingFromFluent,300,30,54,12231.38,5.148805141448975
annealingFromFluent,300,30,55,12409.14,5.12272572517395
annealingFromFluent,300,30,56,12859.21,5.028274059295654
annealingFromFluent,300,30,57,12271.91,5.0945725440979
annealingFromFluent,300,30,58,12191.82,4.8434906005859375
annealingFromFluent,300,30,59,12421.6,5.217499732971191
annealingFromFluent,300,30,60,12270.29,4.831573486328125
annealingFromFluent,300,30,61,12421.72,4.990856170654297
annealingFromFluent,300,30,62,11687.45,5.1207404136657715
annealingFromFluent,300,30,63,12885.15,4.937697887420654
annealingFromFluent,300,30,64,12493.84,5.097636699676514
annealingFromFluent,300,30,65,12331.07,5.041897773742676
annealingFromFluent,300,30,66,11866.4,5.111273527145386
annealingFromFluent,300,30,67,12424.4,5.034903049468994
annealingFromFluent,300,30,68,12842.85,4.988310813903809
annealingFromFluent,300,30,69,12227.13,5.010544538497925
annealingFromFluent,300,30,70,12695.81,5.052260637283325
annealingFromFluent,300,30,71,12835.62,4.936768293380737
annealingFromFluent,300,30,72,12247.96,4.993234157562256
annealingFromFluent,300,30,73,12601.26,5.348269701004028
annealingFromFluent,300,30,74,12189.44,4.879725456237793
annealingFromFluent,300,30,75,11707.57,4.88765811920166
annealingFromFluent,300,30,76,12029.64,5.214163303375244
annealingFromFluent,300,30,77,12404.4,5.033838510513306
annealingFromFluent,300,30,78,12517.7,5.020080089569092
annealingFromFluent,300,30,79,12608.68,5.052046298980713
annealingFromFluent,300,30,80,12204.9,5.017983675003052
annealingFromFluent,300,30,81,12773.49,5.023116588592529
annealingFromFluent,300,30,82,12220.53,5.067430734634399
annealingFromFluent,300,30,83,12342.73,4.955535173416138
annealingFromFluent,300,30,84,11742.28,4.873509168624878
annealingFromFluent,300,30,85,12439.88,5.0900890827178955
annealingFromFluent,300,30,86,12193.93,5.000765085220337
annealingFromFluent,300,30,87,12544.76,5.0079569816589355
annealingFromFluent,300,30,88,12271.53,4.967751502990723
annealingFromFluent,300,30,89,12488.71,5.024629354476929
annealingFromFluent,300,30,90,12303.22,5.1300740242004395
annealingFromFluent,300,30,91,12138.18,5.211793661117554
annealingFromFluent,300,30,92,12990.46,4.945240020751953
annealingFromFluent,300,30,93,12237.35,4.927240610122681
annealingFromFluent,300,30,94,12769.45,5.039559364318848
annealingFromFluent,300,30,95,12554.49,4.954597234725952
annealingFromFluent,300,30,96,12248.81,5.109067916870117
annealingFromFluent,300,30,97,12572.43,5.042151212692261
annealingFromFluent,300,30,98,12546.95,5.112397909164429
annealingFromFluent,300,30,99,12330.95,4.911863327026367
annealingFromFluent,300,40,0,11935.34,4.845407962799072
annealingFromFluent,300,40,1,12533.89,4.887308359146118
annealingFromFluent,300,40,2,13238.49,4.908863067626953
annealingFromFluent,300,40,3,11995.09,5.087843418121338
annealingFromFluent,300,40,4,12723.57,4.843080997467041
annealingFromFluent,300,40,5,13504.17,4.730609893798828
annealingFromFluent,300,40,6,12301.69,4.786736249923706
annealingFromFluent,300,40,7,12550.72,4.69083833694458
annealingFromFluent,300,40,8,12572.23,4.79332423210144
annealingFromFluent,300,40,9,12477.62,4.757381439208984
annealingFromFluent,300,40,10,12929.86,4.783013343811035
annealingFromFluent,300,40,11,13078.32,4.908207654953003
annealingFromFluent,300,40,12,12560.77,4.8255815505981445
annealingFromFluent,300,40,13,12900.67,4.8730854988098145
annealingFromFluent,300,40,14,12728.37,5.017162322998047
annealingFromFluent,300,40,15,12755.36,4.814671516418457
annealingFromFluent,300,40,16,12757.76,5.0054638385772705
annealingFromFluent,300,40,17,13299.66,4.7830915451049805
annealingFromFluent,300,40,18,13129.33,4.767534255981445
annealingFromFluent,300,40,19,12616.83,4.783254623413086
annealingFromFluent,300,40,20,12801.73,5.013536214828491
annealingFromFluent,300,40,21,13261.2,4.876618146896362
annealingFromFluent,300,40,22,13215.52,4.959480285644531
annealingFromFluent,300,40,23,12441.46,4.934864044189453
annealingFromFluent,300,40,24,12774.27,4.8214271068573
annealingFromFluent,300,40,25,13232.87,5.015168905258179
annealingFromFluent,300,40,26,12477.81,5.001648902893066
annealingFromFluent,300,40,27,13193.86,4.983656644821167
annealingFromFluent,300,40,28,11997.5,4.801732778549194
annealingFromFluent,300,40,29,12672.29,4.845993518829346
annealingFromFluent,300,40,30,12783.4,5.056580543518066
annealingFromFluent,300,40,31,13731.34,4.924712181091309
annealingFromFluent,300,40,32,12712.45,4.9426915645599365
annealingFromFluent,300,40,33,12923.68,5.031472444534302
annealingFromFluent,300,40,34,12926.53,4.798833131790161
annealingFromFluent,300,40,35,12401.03,4.99582314491272
annealingFromFluent,300,40,36,13135.13,4.759081840515137
annealingFromFluent,300,40,37,12628.9,4.7511537075042725
annealingFromFluent,300,40,38,13095.0,4.843511343002319
annealingFromFluent,300,40,39,13178.8,5.018916130065918
annealingFromFluent,300,40,40,13243.59,4.792612075805664
annealingFromFluent,300,40,41,13129.64,4.918450355529785
annealingFromFluent,300,40,42,13018.54,4.8727803230285645
annealingFromFluent,300,40,43,12317.12,4.754673719406128
annealingFromFluent,300,40,44,13185.23,4.77252721786499
annealingFromFluent,300,40,45,12677.54,4.943507194519043
annealingFromFluent,300,40,46,12797.1,4.877430438995361
annealingFromFluent,300,40,47,12626.15,4.940221071243286
annealingFromFluent,300,40,48,12632.52,4.777803421020508
annealingFromFluent,300,40,49,12848.5,4.821352958679199
annealingFromFluent,300,40,50,13277.4,4.856289625167847
annealingFromFluent,300,40,51,13072.23,4.827849388122559
annealingFromFluent,300,40,52,12856.61,4.805986404418945
annealingFromFluent,300,40,53,12900.77,4.772515773773193
annealingFromFluent,300,40,54,12436.67,4.849286079406738
annealingFromFluent,300,40,55,13101.16,4.974837303161621
annealingFromFluent,300,40,56,12892.85,4.999058961868286
annealingFromFluent,300,40,57,12593.17,4.794001579284668
annealingFromFluent,300,40,58,12491.24,4.7061076164245605
annealingFromFluent,300,40,59,13010.21,5.089648246765137
annealingFromFluent,300,40,60,12515.58,4.7945709228515625
annealingFromFluent,300,40,61,13178.07,4.862350702285767
annealingFromFluent,300,40,62,12350.44,4.874634027481079
annealingFromFluent,300,40,63,12933.06,4.848430395126343
annealingFromFluent,300,40,64,13120.98,4.83191442489624
annealingFromFluent,300,40,65,13054.2,4.866529941558838
annealingFromFluent,300,40,66,12235.74,4.7975568771362305
annealingFromFluent,300,40,67,12943.49,4.959948539733887
annealingFromFluent,300,40,68,13458.93,4.990832328796387
annealingFromFluent,300,40,69,12871.01,5.1349711418151855
annealingFromFluent,300,40,70,13327.61,4.786084413528442
annealingFromFluent,300,40,71,13298.2,4.893733263015747
annealingFromFluent,300,40,72,13454.93,4.76473331451416
annealingFromFluent,300,40,73,12986.2,4.86366605758667
annealingFromFluent,300,40,74,12880.14,5.0108702182769775
annealingFromFluent,300,40,75,12182.8,4.819279670715332
annealingFromFluent,300,40,76,12901.0,4.823933839797974
annealingFromFluent,300,40,77,12609.87,4.755077600479126
annealingFromFluent,300,40,78,12786.59,4.726277589797974
annealingFromFluent,300,40,79,13270.48,4.85415506362915
annealingFromFluent,300,40,80,12903.3,4.911073923110962
annealingFromFluent,300,40,81,12776.98,4.757834434509277
annealingFromFluent,300,40,82,12640.43,5.027964115142822
annealingFromFluent,300,40,83,12950.1,4.686877489089966
annealingFromFluent,300,40,84,11847.29,4.979440450668335
annealingFromFluent,300,40,85,12722.62,4.920600414276123
annealingFromFluent,300,40,86,12646.59,4.67481255531311
annealingFromFluent,300,40,87,13083.63,5.064455509185791
annealingFromFluent,300,40,88,12561.04,4.754258155822754
annealingFromFluent,300,40,89,13088.62,4.9214537143707275
annealingFromFluent,300,40,90,12322.32,4.881371974945068
annealingFromFluent,300,40,91,12541.27,4.951216220855713
annealingFromFluent,300,40,92,13281.95,4.7672460079193115
annealingFromFluent,300,40,93,12515.59,4.746484279632568
annealingFromFluent,300,40,94,12849.59,4.921072721481323
annealingFromFluent,300,40,95,13102.19,4.984111785888672
annealingFromFluent,300,40,96,12310.92,4.93079686164856
annealingFromFluent,300,40,97,13282.12,4.901595592498779
annealingFromFluent,300,40,98,12540.49,4.866611480712891
annealingFromFluent,300,40,99,12856.0,4.906128406524658
annealingFromFluent,300,50,0,12776.32,4.80393648147583
annealingFromFluent,300,50,1,13189.77,4.758348703384399
annealingFromFluent,300,50,2,13826.44,4.778881311416626
annealingFromFluent,300,50,3,12342.99,4.73834490776062
annealingFromFluent,300,50,4,12813.33,4.709586143493652
annealingFromFluent,300,50,5,13527.61,4.75758695602417
annealingFromFluent,300,50,6,13024.5,4.9675586223602295
annealingFromFluent,300,50,7,12938.07,5.365190267562866
annealingFromFluent,300,50,8,13354.45,4.761268615722656
annealingFromFluent,300,50,9,13629.83,4.740385055541992
annealingFromFluent,300,50,10,13448.83,4.65318489074707
annealingFromFluent,300,50,11,13175.15,4.792001008987427
annealingFromFluent,300,50,12,13350.3,4.670278549194336
annealingFromFluent,300,50,13,13186.98,4.857767820358276
annealingFromFluent,300,50,14,13371.28,4.720884799957275
annealingFromFluent,300,50,15,13402.07,4.702194690704346
annealingFromFluent,300,50,16,13810.66,4.764405012130737
annealingFromFluent,300,50,17,13473.12,4.9267518520355225
annealingFromFluent,300,50,18,13215.83,4.840595245361328
annealingFromFluent,300,50,19,13285.73,4.767775774002075
annealingFromFluent,300,50,20,12921.3,4.702707052230835
annealingFromFluent,300,50,21,12780.12,4.8800950050354
annealingFromFluent,300,50,22,13706.59,4.784825563430786
annealingFromFluent,300,50,23,12743.36,4.706083536148071
annealingFromFluent,300,50,24,13714.84,4.689979791641235
annealingFromFluent,300,50,25,13887.32,4.98252010345459
annealingFromFluent,300,50,26,12790.15,4.7439210414886475
annealingFromFluent,300,50,27,13170.48,4.76111912727356
annealingFromFluent,300,50,28,12695.98,4.731845140457153
annealingFromFluent,300,50,29,12940.71,4.73274827003479
annealingFromFluent,300,50,30,13023.33,4.622025489807129
annealingFromFluent,300,50,31,13892.36,4.804725885391235
annealingFromFluent,300,50,32,13402.05,4.672582387924194
annealingFromFluent,300,50,33,13236.78,4.755714654922485
annealingFromFluent,300,50,34,13496.83,4.785000324249268
annealingFromFluent,300,50,35,12898.7,4.826621770858765
annealingFromFluent,300,50,36,13639.76,4.681179761886597
annealingFromFluent,300,50,37,12823.71,4.714623689651489
annealingFromFluent,300,50,38,13376.89,4.75714898109436
annealingFromFluent,300,50,39,13645.52,4.723306894302368
annealingFromFluent,300,50,40,13539.91,4.804427146911621
annealingFromFluent,300,50,41,13140.6,4.730378866195679
annealingFromFluent,300,50,42,12925.42,4.91714072227478
annealingFromFluent,300,50,43,13013.53,4.748244285583496
annealingFromFluent,300,50,44,13948.68,4.710898160934448
annealingFromFluent,300,50,45,13141.7,4.7540366649627686
annealingFromFluent,300,50,46,13307.01,4.69675874710083
annealingFromFluent,300,50,47,13348.73,4.7725989818573
annealingFromFluent,300,50,48,12932.92,4.74461817741394
annealingFromFluent,300,50,49,13191.64,4.799499988555908
annealingFromFluent,300,50,50,13760.07,4.765474081039429
annealingFromFluent,300,50,51,13705.15,5.009368658065796
annealingFromFluent,300,50,52,13502.9,4.735528469085693
annealingFromFluent,300,50,53,13268.38,4.802164793014526
annealingFromFluent,300,50,54,12976.3,4.760753154754639
annealingFromFluent,300,50,55,13488.73,4.807784557342529
annealingFromFluent,300,50,56,13732.23,4.781639575958252
annealingFromFluent,300,50,57,13375.38,4.7064690589904785
annealingFromFluent,300,50,58,13114.03,4.753044128417969
annealingFromFluent,300,50,59,13608.16,4.811167478561401
annealingFromFluent,300,50,60,13259.96,4.700851917266846
annealingFromFluent,300,50,61,13482.59,4.689796209335327
annealingFromFluent,300,50,62,12748.3,4.666200637817383
annealingFromFluent,300,50,63,13762.67,4.638501405715942
annealingFromFluent,300,50,64,13142.03,4.7279603481292725
annealingFromFluent,300,50,65,13223.53,4.767001628875732
annealingFromFluent,300,50,66,12677.86,4.728999376296997
annealingFromFluent,300,50,67,13264.1,4.752545118331909
annealingFromFluent,300,50,68,13807.86,4.834851980209351
annealingFromFluent,300,50,69,13198.98,4.917255163192749
annealingFromFluent,300,50,70,13734.23,4.809915065765381
annealingFromFluent,300,50,71,13762.27,4.655089616775513
annealingFromFluent,300,50,72,13571.2,5.013336181640625
annealingFromFluent,300,50,73,13088.62,4.869943618774414
annealingFromFluent,300,50,74,13118.12,4.719563245773315
annealingFromFluent,300,50,75,12695.38,4.781006336212158
annealingFromFluent,300,50,76,12961.27,4.784456729888916
annealingFromFluent,300,50,77,13157.71,4.6973254680633545
annealingFromFluent,300,50,78,13297.84,4.853403568267822
annealingFromFluent,300,50,79,13243.16,4.769717216491699
annealingFromFluent,300,50,80,13313.64,4.9156177043914795
annealingFromFluent,300,50,81,13285.92,4.7348151206970215
annealingFromFluent,300,50,82,13403.23,4.813551187515259
annealingFromFluent,300,50,83,13183.79,4.72850227355957
annealingFromFluent,300,50,84,12364.9,4.89871883392334
annealingFromFluent,300,50,85,13432.36,4.747683048248291
annealingFromFluent,300,50,86,12895.35,4.640906572341919
annealingFromFluent,300,50,87,13691.16,4.7863240242004395
annealingFromFluent,300,50,88,13166.16,4.82613730430603
annealingFromFluent,300,50,89,13063.06,4.769235849380493
annealingFromFluent,300,50,90,12786.58,4.737777948379517
annealingFromFluent,300,50,91,13087.19,4.8383471965789795
annealingFromFluent,300,50,92,13708.88,4.703049182891846
annealingFromFluent,300,50,93,12997.86,4.814360618591309
annealingFromFluent,300,50,94,13420.95,4.739380836486816
annealingFromFluent,300,50,95,13378.51,4.76269793510437
annealingFromFluent,300,50,96,13062.38,4.706815004348755
annealingFromFluent,300,50,97,13112.35,4.668339252471924
annealingFromFluent,300,50,98,13295.05,4.734803199768066
annealingFromFluent,300,50,99,13077.97,4.789240121841431
annealingFromFluent,300,60,0,13425.87,4.731101036071777
annealingFromFluent,300,60,1,13816.46,4.803957462310791
annealingFromFluent,300,60,2,13445.93,4.663123846054077
annealingFromFluent,300,60,3,12573.11,4.677765369415283
annealingFromFluent,300,60,4,13274.24,4.66279411315918
annealingFromFluent,300,60,5,13657.19,4.673457384109497
annealingFromFluent,300,60,6,13286.18,4.730072736740112
annealingFromFluent,300,60,7,13471.28,4.789638042449951
annealingFromFluent,300,60,8,13988.88,4.715906381607056
annealingFromFluent,300,60,9,13995.81,4.62424898147583
annealingFromFluent,300,60,10,13543.35,4.663022041320801
annealingFromFluent,300,60,11,13765.39,4.694782733917236
annealingFromFluent,300,60,12,13745.38,4.735125303268433
annealingFromFluent,300,60,13,13855.66,4.749924659729004
annealingFromFluent,300,60,14,13853.37,4.663290500640869
annealingFromFluent,300,60,15,13654.61,4.713038444519043
annealingFromFluent,300,60,16,13345.32,4.677814722061157
annealingFromFluent,300,60,17,13436.62,4.737177610397339
annealingFromFluent,300,60,18,13343.57,4.711119890213013
annealingFromFluent,300,60,19,13507.58,4.705122947692871
annealingFromFluent,300,60,20,13371.89,4.671348810195923
annealingFromFluent,300,60,21,13400.29,4.852370500564575
annealingFromFluent,300,60,22,13859.28,4.655400514602661
annealingFromFluent,300,60,23,12928.68,4.8077685832977295
annealingFromFluent,300,60,24,14044.3,4.602734804153442
annealingFromFluent,300,60,25,13665.47,4.852226257324219
annealingFromFluent,300,60,26,13210.89,4.747251272201538
annealingFromFluent,300,60,27,13486.3,4.642679691314697
annealingFromFluent,300,60,28,12744.08,4.75916314125061
annealingFromFluent,300,60,29,13111.46,4.725345611572266
annealingFromFluent,300,60,30,13548.7,4.639756917953491
annealingFromFluent,300,60,31,14194.26,4.609202861785889
annealingFromFluent,300,60,32,13699.18,4.789246082305908
annealingFromFluent,300,60,33,13600.83,4.790808916091919
annealingFromFluent,300,60,34,13771.6,4.805827617645264
annealingFromFluent,300,60,35,13332.16,4.757938861846924
annealingFromFluent,300,60,36,13948.12,4.800974369049072
annealingFromFluent,300,60,37,13301.83,4.751438140869141
annealingFromFluent,300,60,38,13435.06,4.882885456085205
annealingFromFluent,300,60,39,14072.57,4.63705849647522
annealingFromFluent,300,60,40,13742.81,4.6635072231292725
annealingFromFluent,300,60,41,13176.31,4.69760799407959
annealingFromFluent,300,60,42,13417.37,4.764842510223389
annealingFromFluent,300,60,43,13276.46,4.667399168014526
annealingFromFluent,300,60,44,14153.5,4.701113700866699
annealingFromFluent,300,60,45,13512.67,4.779934406280518
annealingFromFluent,300,60,46,13637.13,4.68161416053772
annealingFromFluent,300,60,47,13205.67,4.680776119232178
annealingFromFluent,300,60,48,13230.45,4.716750383377075
annealingFromFluent,300,60,49,13516.06,4.74042534828186
annealingFromFluent,300,60,50,13940.66,4.894178867340088
annealingFromFluent,300,60,51,13853.92,4.650233745574951
annealingFromFluent,300,60,52,13356.6,4.773418664932251
annealingFromFluent,300,60,53,13391.88,4.752168893814087
annealingFromFluent,300,60,54,12963.25,4.630728721618652
annealingFromFluent,300,60,55,13972.17,4.713508129119873
annealingFromFluent,300,60,56,14355.03,4.6645824909210205
annealingFromFluent,300,60,57,13700.31,4.717944383621216
annealingFromFluent,300,60,58,13425.58,4.7531585693359375
annealingFromFluent,300,60,59,13386.53,4.608218193054199
annealingFromFluent,300,60,60,13100.8,4.67651891708374
annealingFromFluent,300,60,61,13877.68,4.689208507537842
annealingFromFluent,300,60,62,13543.64,4.686163663864136
annealingFromFluent,300,60,63,13827.93,4.883023977279663
annealingFromFluent,300,60,64,13392.73,4.751782417297363
annealingFromFluent,300,60,65,13749.6,4.751347064971924
annealingFromFluent,300,60,66,12787.09,4.6667866706848145
annealingFromFluent,300,60,67,13584.35,4.820220708847046
annealingFromFluent,300,60,68,13758.93,4.785756826400757
annealingFromFluent,300,60,69,13266.28,4.696845054626465
annealingFromFluent,300,60,70,13669.86,4.6987385749816895
annealingFromFluent,300,60,71,13348.07,4.688936710357666
annealingFromFluent,300,60,72,13821.88,4.677666425704956
annealingFromFluent,300,60,73,13562.99,4.637127876281738
annealingFromFluent,300,60,74,13688.28,4.749321937561035
annealingFromFluent,300,60,75,12943.07,4.7688517570495605
annealingFromFluent,300,60,76,13333.85,4.831840991973877
annealingFromFluent,300,60,77,13101.28,4.7246928215026855
annealingFromFluent,300,60,78,13469.12,4.863309144973755
annealingFromFluent,300,60,79,13535.26,4.74361777305603
annealingFromFluent,300,60,80,13651.08,4.9225852489471436
annealingFromFluent,300,60,81,13287.57,4.673546314239502
annealingFromFluent,300,60,82,13454.52,4.726234197616577
annealingFromFluent,300,60,83,13739.72,4.669180870056152
annealingFromFluent,300,60,84,12388.98,4.6600182056427
annealingFromFluent,300,60,85,13815.26,4.744295120239258
annealingFromFluent,300,60,86,13091.84,4.628920316696167
annealingFromFluent,300,60,87,13437.96,4.739209175109863
annealingFromFluent,300,60,88,13275.78,4.775144338607788
annealingFromFluent,300,60,89,13645.53,4.680530548095703
annealingFromFluent,300,60,90,13125.23,4.7852537631988525
annealingFromFluent,300,60,91,13991.04,4.681905269622803
annealingFromFluent,300,60,92,13929.19,4.63483452796936
annealingFromFluent,300,60,93,13562.48,4.7900776863098145
annealingFromFluent,300,60,94,13431.48,4.7511985301971436
annealingFromFluent,300,60,95,14157.66,4.615971803665161
annealingFromFluent,300,60,96,13339.21,4.659319639205933
annealingFromFluent,300,60,97,13999.84,4.715060234069824
annealingFromFluent,300,60,98,13489.97,4.73158860206604
annealingFromFluent,300,60,99,13009.14,4.73902702331543
annealingFromFluent,300,70,0,13410.93,4.674880266189575
annealingFromFluent,300,70,1,13793.71,4.782555818557739
annealingFromFluent,300,70,2,13906.36,4.739322185516357
annealingFromFluent,300,70,3,12759.89,4.690052032470703
annealingFromFluent,300,70,4,13310.9,4.76897931098938
annealingFromFluent,300,70,5,14062.27,4.7795867919921875
annealingFromFluent,300,70,6,13539.46,4.700229644775391
annealingFromFluent,300,70,7,13357.87,4.607811689376831
annealingFromFluent,300,70,8,14304.54,4.641832590103149
annealingFromFluent,300,70,9,14188.47,4.642812967300415
annealingFromFluent,300,70,10,13738.86,4.680229425430298
annealingFromFluent,300,70,11,13839.02,4.698074579238892
annealingFromFluent,300,70,12,13925.38,4.673694610595703
annealingFromFluent,300,70,13,13739.03,4.798757076263428
annealingFromFluent,300,70,14,13967.13,4.776789426803589
annealingFromFluent,300,70,15,13370.04,4.642325401306152
annealingFromFluent,300,70,16,13953.03,4.685115814208984
annealingFromFluent,300,70,17,14254.22,4.744428396224976
annealingFromFluent,300,70,18,13578.62,4.68161416053772
annealingFromFluent,300,70,19,13682.79,4.739623069763184
annealingFromFluent,300,70,20,13574.83,4.721494436264038
annealingFromFluent,300,70,21,13552.44,4.651344299316406
annealingFromFluent,300,70,22,13675.61,4.7063117027282715
annealingFromFluent,300,70,23,13399.66,4.694878578186035
annealingFromFluent,300,70,24,13915.87,4.649561643600464
annealingFromFluent,300,70,25,13729.04,4.869208335876465
annealingFromFluent,300,70,26,13547.41,4.729292869567871
annealingFromFluent,300,70,27,13444.92,4.6933794021606445
annealingFromFluent,300,70,28,12884.68,4.762253046035767
annealingFromFluent,300,70,29,13158.99,4.81920051574707
annealingFromFluent,300,70,30,14177.35,4.67458701133728
annealingFromFluent,300,70,31,14329.84,4.646904945373535
annealingFromFluent,300,70,32,13644.99,4.733672380447388
annealingFromFluent,300,70,33,13692.25,4.678869962692261
annealingFromFluent,300,70,34,14471.18,4.696580171585083
annealingFromFluent,300,70,35,13275.47,4.786133289337158
annealingFromFluent,300,70,36,14419.27,4.692685127258301
annealingFromFluent,300,70,37,13683.61,4.70111608505249
annealingFromFluent,300,70,38,14049.87,4.630608797073364
annealingFromFluent,300,70,39,14237.72,4.678342580795288
annealingFromFluent,300,70,40,14018.67,4.694481611251831
annealingFromFluent,300,70,41,13787.0,4.6358642578125
annealingFromFluent,300,70,42,13251.52,4.797544479370117
annealingFromFluent,300,70,43,13291.33,4.625313997268677
annealingFromFluent,300,70,44,14133.77,4.644895076751709
annealingFromFluent,300,70,45,13779.66,4.7647624015808105
annealingFromFluent,300,70,46,13643.1,4.673576593399048
annealingFromFluent,300,70,47,13559.82,4.742234945297241
annealingFromFluent,300,70,48,13385.13,4.672819375991821
annealingFromFluent,300,70,49,13938.75,4.697652578353882
annealingFromFluent,300,70,50,13770.52,4.717432498931885
annealingFromFluent,300,70,51,14091.13,4.761980295181274
annealingFromFluent,300,70,52,13749.97,4.618316173553467
annealingFromFluent,300,70,53,13599.44,4.850180149078369
annealingFromFluent,300,70,54,13245.56,4.8727827072143555
annealingFromFluent,300,70,55,14441.08,4.687261343002319
annealingFromFluent,300,70,56,13992.68,4.731821537017822
annealingFromFluent,300,70,57,13579.96,4.681535482406616
annealingFromFluent,300,70,58,13805.4,4.642074823379517
annealingFromFluent,300,70,59,13926.39,4.791737794876099
annealingFromFluent,300,70,60,13619.91,4.761587619781494
annealingFromFluent,300,70,61,13860.3,4.803478240966797
annealingFromFluent,300,70,62,13547.51,4.705202341079712
annealingFromFluent,300,70,63,14149.15,4.629173994064331
annealingFromFluent,300,70,64,13608.96,4.674928903579712
annealingFromFluent,300,70,65,13693.33,4.766667604446411
annealingFromFluent,300,70,66,12590.82,4.730551242828369
annealingFromFluent,300,70,67,13947.53,4.7424585819244385
annealingFromFluent,300,70,68,13943.99,4.7656028270721436
annealingFromFluent,300,70,69,13264.06,4.777968168258667
annealingFromFluent,300,70,70,14010.94,4.724813222885132
annealingFromFluent,300,70,71,13971.29,4.681206941604614
annealingFromFluent,300,70,72,13966.56,4.586889266967773
annealingFromFluent,300,70,73,13687.91,4.659219026565552
annealingFromFluent,300,70,74,13707.75,4.6334123611450195
annealingFromFluent,300,70,75,13067.23,4.662773370742798
annealingFromFluent,300,70,76,13494.53,4.859066009521484
annealingFromFluent,300,70,77,13723.74,4.668375253677368
annealingFromFluent,300,70,78,13066.32,4.793795585632324
annealingFromFluent,300,70,79,13825.69,4.723099231719971
annealingFromFluent,300,70,80,13858.11,4.641414165496826
annealingFromFluent,300,70,81,13813.51,4.642322778701782
annealingFromFluent,300,70,82,13547.59,4.747660398483276
annealingFromFluent,300,70,83,14043.11,4.654517650604248
annealingFromFluent,300,70,84,12820.95,4.653173446655273
annealingFromFluent,300,70,85,13697.47,4.666102647781372
annealingFromFluent,300,70,86,13411.97,4.747787952423096
annealingFromFluent,300,70,87,13584.99,4.686084508895874
annealingFromFluent,300,70,88,13853.6,4.702367305755615
annealingFromFluent,300,70,89,13467.72,4.665085077285767
annealingFromFluent,300,70,90,13602.43,4.6075403690338135
annealingFromFluent,300,70,91,14270.13,4.6829235553741455
annealingFromFluent,300,70,92,14329.61,4.634706735610962
annealingFromFluent,300,70,93,13653.25,4.710809946060181
annealingFromFluent,300,70,94,13628.01,4.7011799812316895
annealingFromFluent,300,70,95,14246.27,4.720392227172852
annealingFromFluent,300,70,96,13497.63,4.727422714233398
annealingFromFluent,300,70,97,14317.8,4.815633773803711
annealingFromFluent,300,70,98,13760.1,4.842068910598755
annealingFromFluent,300,70,99,13516.21,4.685040235519409
annealingFromFluent,300,80,0,13406.9,4.809674024581909
annealingFromFluent,300,80,1,13808.23,4.714929580688477
annealingFromFluent,300,80,2,13887.35,4.66385555267334
annealingFromFluent,300,80,3,12852.72,4.735879421234131
annealingFromFluent,300,80,4,13337.92,4.668268203735352
annealingFromFluent,300,80,5,14280.83,4.632447719573975
annealingFromFluent,300,80,6,13308.8,4.6551549434661865
annealingFromFluent,300,80,7,13501.91,4.6796324253082275
annealingFromFluent,300,80,8,14183.21,4.607502698898315
annealingFromFluent,300,80,9,14214.89,4.774866580963135
annealingFromFluent,300,80,10,14132.44,4.625631332397461
annealingFromFluent,300,80,11,13967.1,4.7194414138793945
annealingFromFluent,300,80,12,13846.91,4.855623483657837
annealingFromFluent,300,80,13,13633.04,4.790279388427734
annealingFromFluent,300,80,14,14038.37,4.617506504058838
annealingFromFluent,300,80,15,13683.7,4.774966478347778
annealingFromFluent,300,80,16,13931.91,4.695005416870117
annealingFromFluent,300,80,17,14055.23,4.659882068634033
annealingFromFluent,300,80,18,13669.02,4.696124315261841
annealingFromFluent,300,80,19,13596.98,4.705129623413086
annealingFromFluent,300,80,20,13537.94,4.7253172397613525
annealingFromFluent,300,80,21,13995.39,4.690618991851807
annealingFromFluent,300,80,22,13622.14,4.726176977157593
annealingFromFluent,300,80,23,13493.65,4.703612804412842
annealingFromFluent,300,80,24,13846.41,4.664342880249023
annealingFromFluent,300,80,25,13915.5,4.717405796051025
annealingFromFluent,300,80,26,13237.67,4.671245336532593
annealingFromFluent,300,80,27,13519.98,4.645282983779907
annealingFromFluent,300,80,28,12751.71,4.884302616119385
annealingFromFluent,300,80,29,13257.3,4.709812641143799
annealingFromFluent,300,80,30,DNF,DNF
annealingFromFluent,300,80,31,14269.95,4.70935320854187
annealingFromFluent,300,80,32,13758.56,4.702995300292969
annealingFromFluent,300,80,33,13696.65,4.792898654937744
annealingFromFluent,300,80,34,13824.06,4.929096937179565
annealingFromFluent,300,80,35,13185.24,4.73263144493103
annealingFromFluent,300,80,36,14006.63,4.6153404712677
annealingFromFluent,300,80,37,13388.29,4.744261741638184
annealingFromFluent,300,80,38,14267.25,4.680231332778931
annealingFromFluent,300,80,39,14133.59,4.680285692214966
annealingFromFluent,300,80,40,14177.73,4.6345531940460205
annealingFromFluent,300,80,41,13562.38,4.733678817749023
annealingFromFluent,300,80,42,13441.54,4.840836048126221
annealingFromFluent,300,80,43,13442.92,4.743330717086792
annealingFromFluent,300,80,44,14293.3,4.671024322509766
annealingFromFluent,300,80,45,13817.47,4.773599147796631
annealingFromFluent,300,80,46,13548.55,4.807868957519531
annealingFromFluent,300,80,47,13769.3,4.719959020614624
annealingFromFluent,300,80,48,13663.13,4.705023288726807
annealingFromFluent,300,80,49,13705.93,4.62560772895813
annealingFromFluent,300,80,50,13834.0,4.826878070831299
annealingFromFluent,300,80,51,13890.5,5.031863451004028
annealingFromFluent,300,80,52,13650.65,4.616976737976074
annealingFromFluent,300,80,53,13590.65,4.7312352657318115
annealingFromFluent,300,80,54,13507.11,4.7284698486328125
annealingFromFluent,300,80,55,14116.79,4.629913568496704
annealingFromFluent,300,80,56,14378.68,4.6334922313690186
annealingFromFluent,300,80,57,13534.34,4.622164726257324
annealingFromFluent,300,80,58,13855.69,4.694576025009155
annealingFromFluent,300,80,59,14055.43,4.6110968589782715
annealingFromFluent,300,80,60,13458.64,4.672187089920044
annealingFromFluent,300,80,61,13672.32,4.82144570350647
annealingFromFluent,300,80,62,13394.47,4.628895044326782
annealingFromFluent,300,80,63,14315.61,4.677648067474365
annealingFromFluent,300,80,64,13756.66,4.743044853210449
annealingFromFluent,300,80,65,13648.75,4.776678085327148
annealingFromFluent,300,80,66,13063.76,4.625054359436035
annealingFromFluent,300,80,67,14210.49,4.72011661529541
annealingFromFluent,300,80,68,14073.82,4.626490116119385
annealingFromFluent,300,80,69,13653.52,4.705676555633545
annealingFromFluent,300,80,70,13741.29,4.606372356414795
annealingFromFluent,300,80,71,14065.8,4.7891364097595215
annealingFromFluent,300,80,72,14007.8,4.631905555725098
annealingFromFluent,300,80,73,13696.2,4.701202869415283
annealingFromFluent,300,80,74,13994.67,4.690411567687988
annealingFromFluent,300,80,75,13072.1,4.766340732574463
annealingFromFluent,300,80,76,13566.92,4.65301775932312
annealingFromFluent,300,80,77,13339.1,4.696352005004883
annealingFromFluent,300,80,78,13441.82,4.684680461883545
annealingFromFluent,300,80,79,13760.18,4.7259743213653564
annealingFromFluent,300,80,80,13917.8,4.7727930545806885
annealingFromFluent,300,80,81,13656.07,4.691322088241577
annealingFromFluent,300,80,82,13793.05,4.795682430267334
annealingFromFluent,300,80,83,14092.21,4.692983627319336
annealingFromFluent,300,80,84,12631.54,4.680892705917358
annealingFromFluent,300,80,85,14110.36,4.589062929153442
annealingFromFluent,300,80,86,13272.42,4.611893892288208
annealingFromFluent,300,80,87,13766.43,4.705683946609497
annealingFromFluent,300,80,88,13506.04,4.770759105682373
annealingFromFluent,300,80,89,13628.38,4.63100004196167
annealingFromFluent,300,80,90,13192.79,4.774857521057129
annealingFromFluent,300,80,91,13957.69,4.759922742843628
annealingFromFluent,300,80,92,14312.06,4.722966432571411
annealingFromFluent,300,80,93,14133.02,4.65849232673645
annealingFromFluent,300,80,94,14134.87,4.735844135284424
annealingFromFluent,300,80,95,DNF,DNF
annealingFromFluent,300,80,96,13645.56,4.717495918273926
annealingFromFluent,300,80,97,14259.15,4.638658761978149
annealingFromFluent,300,80,98,13720.48,4.661275148391724
annealingFromFluent,300,80,99,13268.95,4.707275390625
annealingFromFluent,300,90,0,13406.9,4.75719952583313
annealingFromFluent,300,90,1,13585.14,4.678464651107788
annealingFromFluent,300,90,2,13895.87,4.594007253646851
annealingFromFluent,300,90,3,12918.38,4.63737416267395
annealingFromFluent,300,90,4,13539.99,4.692242622375488
annealingFromFluent,300,90,5,14311.09,4.726354598999023
annealingFromFluent,300,90,6,13317.77,4.7903056144714355
annealingFromFluent,300,90,7,13532.57,4.789177417755127
annealingFromFluent,300,90,8,14289.0,4.6169655323028564
annealingFromFluent,300,90,9,14121.5,4.569099426269531
annealingFromFluent,300,90,10,13948.57,4.748011112213135
annealingFromFluent,300,90,11,13945.29,4.677996873855591
annealingFromFluent,300,90,12,13538.43,4.802363157272339
annealingFromFluent,300,90,13,14137.47,4.618412494659424
annealingFromFluent,300,90,14,14001.5,4.690950632095337
annealingFromFluent,300,90,15,13887.75,4.610668420791626
annealingFromFluent,300,90,16,13683.47,4.728845119476318
annealingFromFluent,300,90,17,14032.44,4.704330205917358
annealingFromFluent,300,90,18,13627.07,4.831559419631958
annealingFromFluent,300,90,19,13829.63,4.693982124328613
annealingFromFluent,300,90,20,13510.83,4.667768716812134
annealingFromFluent,300,90,21,13968.65,4.6677162647247314
annealingFromFluent,300,90,22,13617.39,4.694532155990601
annealingFromFluent,300,90,23,13500.36,4.728680849075317
annealingFromFluent,300,90,24,13861.41,4.713500499725342
annealingFromFluent,300,90,25,14044.24,4.630983829498291
annealingFromFluent,300,90,26,13378.33,4.693651437759399
annealingFromFluent,300,90,27,13519.98,4.6969194412231445
annealingFromFluent,300,90,28,12771.95,4.712564468383789
annealingFromFluent,300,90,29,13107.53,4.787404298782349
annealingFromFluent,300,90,30,14172.62,4.7266998291015625
annealingFromFluent,300,90,31,14504.05,4.704789876937866
annealingFromFluent,300,90,32,13758.56,4.7425312995910645
annealingFromFluent,300,90,33,13931.55,4.69964337348938
annealingFromFluent,300,90,34,14131.9,4.865972518920898
annealingFromFluent,300,90,35,13216.83,4.6549437046051025
annealingFromFluent,300,90,36,13939.62,4.811897277832031
annealingFromFluent,300,90,37,13327.66,4.778466463088989
annealingFromFluent,300,90,38,14233.19,4.751670598983765
annealingFromFluent,300,90,39,13968.62,4.7147135734558105
annealingFromFluent,300,90,40,14064.22,4.681413888931274
annealingFromFluent,300,90,41,13605.34,4.724958658218384
annealingFromFluent,300,90,42,13428.69,4.6840293407440186
annealingFromFluent,300,90,43,13442.92,4.7536163330078125
annealingFromFluent,300,90,44,14231.01,4.6959569454193115
annealingFromFluent,300,90,45,13817.47,4.772372484207153
annealingFromFluent,300,90,46,13548.55,4.792225122451782
annealingFromFluent,300,90,47,14094.11,4.68396782875061
annealingFromFluent,300,90,48,13359.44,4.660914659500122
annealingFromFluent,300,90,49,13558.17,4.753229141235352
annealingFromFluent,300,90,50,14431.93,4.679717302322388
annealingFromFluent,300,90,51,14244.13,4.68741512298584
annealingFromFluent,300,90,52,13822.28,4.679214715957642
annealingFromFluent,300,90,53,13610.91,4.722230434417725
annealingFromFluent,300,90,54,13507.11,4.739630699157715
annealingFromFluent,300,90,55,14460.62,4.661437273025513
annealingFromFluent,300,90,56,14378.68,4.727611303329468
annealingFromFluent,300,90,57,13729.36,4.635363578796387
annealingFromFluent,300,90,58,13308.91,4.6853649616241455
annealingFromFluent,300,90,59,14176.22,4.6593828201293945
annealingFromFluent,300,90,60,13892.32,4.687969923019409
annealingFromFluent,300,90,61,13857.66,4.819417476654053
annealingFromFluent,300,90,62,13591.32,4.649864196777344
annealingFromFluent,300,90,63,13806.99,4.63143253326416
annealingFromFluent,300,90,64,13826.92,4.667630195617676
annealingFromFluent,300,90,65,13722.76,4.778940677642822
annealingFromFluent,300,90,66,13172.88,4.6522181034088135
annealingFromFluent,300,90,67,13636.31,4.652075290679932
annealingFromFluent,300,90,68,14131.79,4.686405420303345
annealingFromFluent,300,90,69,13508.12,4.667457818984985
annealingFromFluent,300,90,70,13796.39,4.640737533569336
annealingFromFluent,300,90,71,14159.15,4.642606496810913
annealingFromFluent,300,90,72,13793.85,4.6196818351745605
annealingFromFluent,300,90,73,13596.63,4.658344984054565
annealingFromFluent,300,90,74,14046.54,4.6725380420684814
annealingFromFluent,300,90,75,13277.57,4.689323902130127
annealingFromFluent,300,90,76,13566.92,4.740978240966797
annealingFromFluent,300,90,77,13732.31,4.683481454849243
annealingFromFluent,300,90,78,13519.42,4.626424312591553
annealingFromFluent,300,90,79,13725.67,4.8110527992248535
annealingFromFluent,300,90,80,13917.8,4.849573612213135
annealingFromFluent,300,90,81,13639.48,4.797551870346069
annealingFromFluent,300,90,82,13417.33,4.753093481063843
annealingFromFluent,300,90,83,14092.21,5.232195615768433
annealingFromFluent,300,90,84,12631.54,4.680607318878174
annealingFromFluent,300,90,85,14255.26,4.648955345153809
annealingFromFluent,300,90,86,13301.56,4.623939037322998
annealingFromFluent,300,90,87,13514.47,4.679327726364136
annealingFromFluent,300,90,88,13506.04,4.89730978012085
annealingFromFluent,300,90,89,13628.38,4.606462240219116
annealingFromFluent,300,90,90,13474.44,4.645557165145874
annealingFromFluent,300,90,91,13955.61,4.664663314819336
annealingFromFluent,300,90,92,14303.28,4.61958122253418
annealingFromFluent,300,90,93,13795.69,4.68336033821106
annealingFromFluent,300,90,94,13572.23,4.649709224700928
annealingFromFluent,300,90,95,14451.22,4.695834159851074
annealingFromFluent,300,90,96,13390.94,4.722381114959717
annealingFromFluent,300,90,97,14362.93,4.764241695404053
annealingFromFluent,300,90,98,13948.93,4.709951400756836
annealingFromFluent,300,90,99,13454.16,4.652388095855713
annealingFromFluent,300,100,0,13406.9,4.712327718734741
annealingFromFluent,300,100,1,14331.93,4.685971260070801
annealingFromFluent,300,100,2,13895.87,4.646784067153931
annealingFromFluent,300,100,3,12918.38,4.612182378768921
annealingFromFluent,300,100,4,13539.99,4.708707094192505
annealingFromFluent,300,100,5,14311.09,4.772512197494507
annealingFromFluent,300,100,6,13317.77,4.7375712394714355
annealingFromFluent,300,100,7,13532.57,4.616044521331787
annealingFromFluent,300,100,8,14278.39,4.631638765335083
annealingFromFluent,300,100,9,14121.5,4.604130744934082
annealingFromFluent,300,100,10,13944.67,4.656204462051392
annealingFromFluent,300,100,11,13683.72,4.7828474044799805
annealingFromFluent,300,100,12,13460.67,4.808613538742065
annealingFromFluent,300,100,13,14075.16,4.602961540222168
annealingFromFluent,300,100,14,14001.5,4.68505597114563
annealingFromFluent,300,100,15,14243.05,4.7107625007629395
annealingFromFluent,300,100,16,13952.68,4.691265821456909
annealingFromFluent,300,100,17,14042.12,4.650221347808838
annealingFromFluent,300,100,18,13627.07,4.637070894241333
annealingFromFluent,300,100,19,13829.63,4.632324457168579
annealingFromFluent,300,100,20,13510.83,4.690062761306763
annealingFromFluent,300,100,21,13968.65,4.717072486877441
annealingFromFluent,300,100,22,13617.39,4.704298973083496
annealingFromFluent,300,100,23,13342.89,4.68998122215271
annealingFromFluent,300,100,24,13861.41,4.689605236053467
annealingFromFluent,300,100,25,13957.2,4.747197389602661
annealingFromFluent,300,100,26,13378.33,4.666912317276001
annealingFromFluent,300,100,27,13519.98,4.667026996612549
annealingFromFluent,300,100,28,12771.95,4.641413450241089
annealingFromFluent,300,100,29,13144.05,4.70021915435791
annealingFromFluent,300,100,30,13818.34,4.795727014541626
annealingFromFluent,300,100,31,14504.05,4.634396553039551
annealingFromFluent,300,100,32,13758.56,4.649837493896484
annealingFromFluent,300,100,33,13770.57,4.78455376625061
annealingFromFluent,300,100,34,14134.05,4.7300803661346436
annealingFromFluent,300,100,35,13216.83,4.618795871734619
annealingFromFluent,300,100,36,13939.62,4.8078155517578125
annealingFromFluent,300,100,37,13370.64,4.8398919105529785
annealingFromFluent,300,100,38,14233.19,4.748990058898926
annealingFromFluent,300,100,39,13983.62,4.666233777999878
annealingFromFluent,300,100,40,14064.22,4.665383815765381
annealingFromFluent,300,100,41,13605.34,4.757570743560791
annealingFromFluent,300,100,42,13436.91,4.669418573379517
annealingFromFluent,300,100,43,13442.92,4.702926397323608
annealingFromFluent,300,100,44,14253.83,4.744629144668579
annealingFromFluent,300,100,45,13817.47,4.799018144607544
annealingFromFluent,300,100,46,13548.55,4.778947830200195
annealingFromFluent,300,100,47,14094.11,4.713504076004028
annealingFromFluent,300,100,48,13439.71,4.672862529754639
annealingFromFluent,300,100,49,13558.17,4.710905313491821
annealingFromFluent,300,100,50,13945.88,4.665390253067017
annealingFromFluent,300,100,51,14216.04,4.6451685428619385
annealingFromFluent,300,100,52,13851.19,4.636385202407837
annealingFromFluent,300,100,53,13610.91,4.783543109893799
annealingFromFluent,300,100,54,13507.11,4.648900270462036
annealingFromFluent,300,100,55,14304.84,4.703656911849976
annealingFromFluent,300,100,56,14378.68,4.64064621925354
annealingFromFluent,300,100,57,13731.83,4.688474416732788
annealingFromFluent,300,100,58,13308.91,4.672185897827148
annealingFromFluent,300,100,59,14176.22,4.841397523880005
annealingFromFluent,300,100,60,13892.32,4.676640033721924
annealingFromFluent,300,100,61,13844.63,4.742290496826172
annealingFromFluent,300,100,62,13408.45,4.749845027923584
annealingFromFluent,300,100,63,13812.32,4.712953805923462
annealingFromFluent,300,100,64,13826.92,4.625584840774536
annealingFromFluent,300,100,65,13722.76,4.732509613037109
annealingFromFluent,300,100,66,13172.88,4.6169188022613525
annealingFromFluent,300,100,67,13636.31,4.648748159408569
annealingFromFluent,300,100,68,14146.07,4.730603218078613
annealingFromFluent,300,100,69,13549.35,4.786559820175171
annealingFromFluent,300,100,70,13628.79,4.949412822723389
annealingFromFluent,300,100,71,14159.15,4.685481309890747
annealingFromFluent,300,100,72,13915.48,4.582845211029053
annealingFromFluent,300,100,73,13608.34,4.693914175033569
annealingFromFluent,300,100,74,14041.54,5.052039623260498
annealingFromFluent,300,100,75,13277.57,4.647710084915161
annealingFromFluent,300,100,76,13566.92,4.666416168212891
annealingFromFluent,300,100,77,13732.31,4.637382745742798
annealingFromFluent,300,100,78,13524.17,4.693931341171265
annealingFromFluent,300,100,79,13715.8,4.7575843334198
annealingFromFluent,300,100,80,13670.61,4.727709770202637
annealingFromFluent,300,100,81,13685.45,4.821917295455933
annealingFromFluent,300,100,82,13386.44,4.682677745819092
annealingFromFluent,300,100,83,14092.21,4.7515504360198975
annealingFromFluent,300,100,84,12631.54,4.724620342254639
annealingFromFluent,300,100,85,14255.26,4.622431516647339
annealingFromFluent,300,100,86,13301.56,4.713616132736206
annealingFromFluent,300,100,87,13514.47,4.713232040405273
annealingFromFluent,300,100,88,13495.79,4.689016580581665
annealingFromFluent,300,100,89,13628.38,4.606630802154541
annealingFromFluent,300,100,90,13617.29,4.763264179229736
annealingFromFluent,300,100,91,13997.69,4.708193063735962
annealingFromFluent,300,100,92,14303.28,4.622241735458374
annealingFromFluent,300,100,93,13795.69,4.682550430297852
annealingFromFluent,300,100,94,13572.23,4.7433412075042725
annealingFromFluent,300,100,95,14637.49,4.621336936950684
annealingFromFluent,300,100,96,13696.28,4.606717824935913
annealingFromFluent,300,100,97,14362.93,4.686043739318848
annealingFromFluent,300,100,98,14216.27,4.625475168228149
annealingFromFluent,300,100,99,13454.16,4.666718006134033
annealingFromRandom,300,0,0,9881.81,5.798043727874756
annealingFromRandom,300,0,1,9840.5,5.788381338119507
annealingFromRandom,300,0,2,9947.39,5.828177452087402
annealingFromRandom,300,0,3,9548.02,5.870465278625488
annealingFromRandom,300,0,4,9965.17,5.6420934200286865
annealingFromRandom,300,0,5,10039.68,5.895176649093628
annealingFromRandom,300,0,6,9659.87,5.713420152664185
annealingFromRandom,300,0,7,9716.92,5.756345987319946
annealingFromRandom,300,0,8,9853.24,5.861468553543091
annealingFromRandom,300,0,9,10226.74,5.743048667907715
annealingFromRandom,300,0,10,9993.36,5.839849233627319
annealingFromRandom,300,0,11,10068.58,5.838459730148315
annealingFromRandom,300,0,12,10051.36,5.82991623878479
annealingFromRandom,300,0,13,9992.65,5.773528099060059
annealingFromRandom,300,0,14,10186.81,5.861508846282959
annealingFromRandom,300,0,15,9412.5,5.709309101104736
annealingFromRandom,300,0,16,9544.99,5.802191734313965
annealingFromRandom,300,0,17,9948.61,5.806975364685059
annealingFromRandom,300,0,18,9927.18,5.817969083786011
annealingFromRandom,300,0,19,9883.98,5.714726686477661
annealingFromRandom,300,0,20,9655.12,5.9381022453308105
annealingFromRandom,300,0,21,10155.05,5.851549386978149
annealingFromRandom,300,0,22,10156.74,5.855089426040649
annealingFromRandom,300,0,23,9902.48,5.921096563339233
annealingFromRandom,300,0,24,9732.92,5.819043159484863
annealingFromRandom,300,0,25,9913.0,5.744423866271973
annealingFromRandom,300,0,26,10051.43,5.8677754402160645
annealingFromRandom,300,0,27,9985.89,5.845284700393677
annealingFromRandom,300,0,28,9625.85,5.80146050453186
annealingFromRandom,300,0,29,9751.91,5.849191427230835
annealingFromRandom,300,0,30,9639.61,5.798490285873413
annealingFromRandom,300,0,31,10126.67,5.714544296264648
annealingFromRandom,300,0,32,10113.9,5.893867254257202
annealingFromRandom,300,0,33,9810.34,5.90851902961731
annealingFromRandom,300,0,34,10023.24,5.83672022819519
annealingFromRandom,300,0,35,9989.0,5.809727430343628
annealingFromRandom,300,0,36,10087.6,5.836592197418213
annealingFromRandom,300,0,37,9787.43,5.72509765625
annealingFromRandom,300,0,38,9966.18,5.921634674072266
annealingFromRandom,300,0,39,10070.91,5.743555068969727
annealingFromRandom,300,0,40,9964.69,5.921766757965088
annealingFromRandom,300,0,41,10016.5,5.757053852081299
annealingFromRandom,300,0,42,10094.13,6.252471446990967
annealingFromRandom,300,0,43,9530.81,5.810757875442505
annealingFromRandom,300,0,44,10027.32,5.865237712860107
annealingFromRandom,300,0,45,9614.27,5.686410903930664
annealingFromRandom,300,0,46,9771.29,5.818526983261108
annealingFromRandom,300,0,47,9673.29,5.6818037033081055
annealingFromRandom,300,0,48,9780.84,5.767343044281006
annealingFromRandom,300,0,49,9823.82,5.801244258880615
annealingFromRandom,300,0,50,10176.93,5.7920520305633545
annealingFromRandom,300,0,51,9987.26,5.770718336105347
annealingFromRandom,300,0,52,9886.15,5.777284860610962
annealingFromRandom,300,0,53,9899.59,5.890363693237305
annealingFromRandom,300,0,54,9841.11,5.78247594833374
annealingFromRandom,300,0,55,10321.49,5.8884570598602295
annealingFromRandom,300,0,56,9956.73,5.771621942520142
annealingFromRandom,300,0,57,10259.22,5.839386940002441
annealingFromRandom,300,0,58,9924.18,5.934554576873779
annealingFromRandom,300,0,59,9736.53,5.804680824279785
annealingFromRandom,300,0,60,9553.91,5.775095224380493
annealingFromRandom,300,0,61,10001.51,5.882513999938965
annealingFromRandom,300,0,62,9828.94,5.990741491317749
annealingFromRandom,300,0,63,9861.31,5.808038949966431
annealingFromRandom,300,0,64,9894.68,5.801627159118652
annealingFromRandom,300,0,65,10152.97,6.026740312576294
annealingFromRandom,300,0,66,9335.67,5.742454767227173
annealingFromRandom,300,0,67,9596.0,5.7500529289245605
annealingFromRandom,300,0,68,9862.43,5.717333793640137
annealingFromRandom,300,0,69,9758.07,5.782922267913818
annealingFromRandom,300,0,70,9932.21,5.8841328620910645
annealingFromRandom,300,0,71,9841.54,5.874700546264648
annealingFromRandom,300,0,72,9968.14,5.832966566085815
annealingFromRandom,300,0,73,9978.5,5.75910758972168
annealingFromRandom,300,0,74,9704.25,5.916605710983276
annealingFromRandom,300,0,75,9670.93,5.752898931503296
annealingFromRandom,300,0,76,9740.49,5.7804856300354
annealingFromRandom,300,0,77,9699.28,5.825186252593994
annealingFromRandom,300,0,78,10147.65,5.840119123458862
annealingFromRandom,300,0,79,9944.67,5.800236463546753
annealingFromRandom,300,0,80,9708.22,5.821952819824219
annealingFromRandom,300,0,81,9721.81,5.919596433639526
annealingFromRandom,300,0,82,9758.7,5.914981842041016
annealingFromRandom,300,0,83,10059.54,5.862606048583984
annealingFromRandom,300,0,84,9706.24,5.690316915512085
annealingFromRandom,300,0,85,10159.62,5.937015056610107
annealingFromRandom,300,0,86,9947.75,5.780318260192871
annealingFromRandom,300,0,87,10215.06,5.796151638031006
annealingFromRandom,300,0,88,10000.82,5.824852228164673
annealingFromRandom,300,0,89,9836.1,5.831864595413208
annealingFromRandom,300,0,90,9771.06,5.8272576332092285
annealingFromRandom,300,0,91,9829.38,5.856769323348999
annealingFromRandom,300,0,92,9899.62,5.781083106994629
annealingFromRandom,300,0,93,10291.84,5.90006422996521
annealingFromRandom,300,0,94,9952.33,5.873088359832764
annealingFromRandom,300,0,95,9937.42,5.874445199966431
annealingFromRandom,300,0,96,9680.6,5.828763723373413
annealingFromRandom,300,0,97,10014.83,5.773461580276489
annealingFromRandom,300,0,98,9751.52,5.928341865539551
annealingFromRandom,300,0,99,9901.34,5.93306040763855
annealingFromRandom,300,10,0,9643.39,5.852301836013794
annealingFromRandom,300,10,1,10338.65,5.918837308883667
annealingFromRandom,300,10,2,10625.79,5.914897441864014
annealingFromRandom,300,10,3,9651.42,5.743854761123657
annealingFromRandom,300,10,4,10057.13,5.878036737442017
annealingFromRandom,300,10,5,10404.83,5.921763181686401
annealingFromRandom,300,10,6,10280.6,5.788187265396118
annealingFromRandom,300,10,7,9881.42,5.951701641082764
annealingFromRandom,300,10,8,10260.98,5.884912967681885
annealingFromRandom,300,10,9,10368.75,5.898494243621826
annealingFromRandom,300,10,10,10492.48,5.913396596908569
annealingFromRandom,300,10,11,10290.73,5.874597549438477
annealingFromRandom,300,10,12,10152.01,5.859246730804443
annealingFromRandom,300,10,13,10281.27,5.945869445800781
annealingFromRandom,300,10,14,10718.47,5.829287767410278
annealingFromRandom,300,10,15,10327.8,5.927941799163818
annealingFromRandom,300,10,16,10313.72,5.89978551864624
annealingFromRandom,300,10,17,10412.2,5.979000568389893
annealingFromRandom,300,10,18,9963.79,5.83774471282959
annealingFromRandom,300,10,19,10582.52,5.883714914321899
annealingFromRandom,300,10,20,10111.67,6.0313401222229
annealingFromRandom,300,10,21,10475.24,5.747294664382935
annealingFromRandom,300,10,22,10612.1,5.97376012802124
annealingFromRandom,300,10,23,10284.73,5.881783485412598
annealingFromRandom,300,10,24,10463.49,5.876331329345703
annealingFromRandom,300,10,25,10663.36,5.784077882766724
annealingFromRandom,300,10,26,10182.64,5.744684457778931
annealingFromRandom,300,10,27,10582.47,5.842513561248779
annealingFromRandom,300,10,28,10207.51,5.8297343254089355
annealingFromRandom,300,10,29,9950.43,5.825839519500732
annealingFromRandom,300,10,30,10080.99,5.8749542236328125
annealingFromRandom,300,10,31,10720.42,5.825347423553467
annealingFromRandom,300,10,32,10751.53,5.838303804397583
annealingFromRandom,300,10,33,10238.7,5.899273157119751
annealingFromRandom,300,10,34,10653.65,5.868580102920532
annealingFromRandom,300,10,35,9972.11,5.770782470703125
annealingFromRandom,300,10,36,10417.4,5.772726535797119
annealingFromRandom,300,10,37,10537.61,5.988280296325684
annealingFromRandom,300,10,38,10186.57,5.748372554779053
annealingFromRandom,300,10,39,10794.15,5.826208829879761
annealingFromRandom,300,10,40,10289.65,6.1240763664245605
annealingFromRandom,300,10,41,10328.25,5.995705604553223
annealingFromRandom,300,10,42,10719.18,6.003683567047119
annealingFromRandom,300,10,43,10151.65,5.803855657577515
annealingFromRandom,300,10,44,10403.1,5.787367820739746
annealingFromRandom,300,10,45,10091.98,5.878760576248169
annealingFromRandom,300,10,46,10155.3,5.856005430221558
annealingFromRandom,300,10,47,10321.55,6.0039496421813965
annealingFromRandom,300,10,48,10329.18,6.041604042053223
annealingFromRandom,300,10,49,10358.81,5.904973268508911
annealingFromRandom,300,10,50,10757.27,5.852031469345093
annealingFromRandom,300,10,51,10277.14,5.778707504272461
annealingFromRandom,300,10,52,10176.46,5.908655405044556
annealingFromRandom,300,10,53,10396.08,6.0072877407073975
annealingFromRandom,300,10,54,10168.46,5.8084800243377686
annealingFromRandom,300,10,55,10511.68,5.823762655258179
annealingFromRandom,300,10,56,10225.8,5.71420955657959
annealingFromRandom,300,10,57,10187.51,5.7552618980407715
annealingFromRandom,300,10,58,10119.85,5.911400318145752
annealingFromRandom,300,10,59,10155.43,5.8675079345703125
annealingFromRandom,300,10,60,10050.37,5.812561750411987
annealingFromRandom,300,10,61,10335.97,5.87833046913147
annealingFromRandom,300,10,62,10344.68,5.939628601074219
annealingFromRandom,300,10,63,10635.65,5.934205055236816
annealingFromRandom,300,10,64,10593.04,5.939751625061035
annealingFromRandom,300,10,65,10319.76,5.998044729232788
annealingFromRandom,300,10,66,9957.1,5.777462482452393
annealingFromRandom,300,10,67,10182.3,5.853883981704712
annealingFromRandom,300,10,68,10652.69,5.758534669876099
annealingFromRandom,300,10,69,10165.56,5.872341871261597
annealingFromRandom,300,10,70,10067.25,5.9216468334198
annealingFromRandom,300,10,71,10323.42,5.921618938446045
annealingFromRandom,300,10,72,10781.6,5.874675512313843
annealingFromRandom,300,10,73,9934.33,5.747499227523804
annealingFromRandom,300,10,74,10328.17,5.8377299308776855
annealingFromRandom,300,10,75,9881.38,5.962316036224365
annealingFromRandom,300,10,76,10299.39,5.883509635925293
annealingFromRandom,300,10,77,10202.35,5.827069520950317
annealingFromRandom,300,10,78,10567.25,5.920807123184204
annealingFromRandom,300,10,79,10479.11,5.905572175979614
annealingFromRandom,300,10,80,10551.3,5.948395729064941
annealingFromRandom,300,10,81,10541.01,5.874756336212158
annealingFromRandom,300,10,82,10242.29,5.880278587341309
annealingFromRandom,300,10,83,10292.29,5.732223987579346
annealingFromRandom,300,10,84,10216.67,5.77683162689209
annealingFromRandom,300,10,85,10336.23,5.758841037750244
annealingFromRandom,300,10,86,9724.27,5.729949235916138
annealingFromRandom,300,10,87,10008.3,5.7649877071380615
annealingFromRandom,300,10,88,10682.81,5.894145727157593
annealingFromRandom,300,10,89,10480.64,6.047903537750244
annealingFromRandom,300,10,90,10472.17,5.931760787963867
annealingFromRandom,300,10,91,10653.35,5.855865955352783
annealingFromRandom,300,10,92,10495.64,5.874274492263794
annealingFromRandom,300,10,93,10043.71,5.857637405395508
annealingFromRandom,300,10,94,10109.83,5.877622365951538
annealingFromRandom,300,10,95,10420.09,5.8795576095581055
annealingFromRandom,300,10,96,10010.42,5.811170816421509
annealingFromRandom,300,10,97,10765.62,5.890209197998047
annealingFromRandom,300,10,98,10105.95,5.847704172134399
annealingFromRandom,300,10,99,10333.77,5.846035957336426
annealingFromRandom,300,20,0,9928.41,5.7817511558532715
annealingFromRandom,300,20,1,10397.34,5.997588634490967
annealingFromRandom,300,20,2,10707.49,5.932211399078369
annealingFromRandom,300,20,3,10393.41,5.88902473449707
annealingFromRandom,300,20,4,10685.94,6.18524169921875
annealingFromRandom,300,20,5,10734.7,5.819017648696899
annealingFromRandom,300,20,6,10272.61,5.8516926765441895
annealingFromRandom,300,20,7,9937.8,5.830168724060059
annealingFromRandom,300,20,8,10219.29,5.933348178863525
annealingFromRandom,300,20,9,10590.66,5.8903727531433105
annealingFromRandom,300,20,10,10865.51,6.036854267120361
annealingFromRandom,300,20,11,10648.04,5.8610663414001465
annealingFromRandom,300,20,12,10684.93,5.949171304702759
annealingFromRandom,300,20,13,10978.36,5.960298538208008
annealingFromRandom,300,20,14,10898.91,5.905343294143677
annealingFromRandom,300,20,15,10668.52,5.917397499084473
annealingFromRandom,300,20,16,10551.4,5.994974136352539
annealingFromRandom,300,20,17,10711.9,5.95818567276001
annealingFromRandom,300,20,18,10563.1,5.833367824554443
annealingFromRandom,300,20,19,10645.03,5.780951738357544
annealingFromRandom,300,20,20,10750.23,5.952419281005859
annealingFromRandom,300,20,21,10904.66,5.934675693511963
annealingFromRandom,300,20,22,10692.7,5.920075416564941
annealingFromRandom,300,20,23,10814.24,5.902280807495117
annealingFromRandom,300,20,24,10349.24,5.84368371963501
annealingFromRandom,300,20,25,10436.93,5.860146522521973
annealingFromRandom,300,20,26,10854.94,5.989555835723877
annealingFromRandom,300,20,27,10313.88,5.840643405914307
annealingFromRandom,300,20,28,10126.75,5.8530683517456055
annealingFromRandom,300,20,29,10136.82,5.851259708404541
annealingFromRandom,300,20,30,10857.88,5.992297172546387
annealingFromRandom,300,20,31,10924.93,5.90963888168335
annealingFromRandom,300,20,32,10528.27,5.832765340805054
annealingFromRandom,300,20,33,11093.38,6.038925886154175
annealingFromRandom,300,20,34,10858.66,5.888007164001465
annealingFromRandom,300,20,35,10675.29,5.949027061462402
annealingFromRandom,300,20,36,10743.32,6.045702219009399
annealingFromRandom,300,20,37,10392.28,5.7676966190338135
annealingFromRandom,300,20,38,10622.67,6.008274078369141
annealingFromRandom,300,20,39,10854.41,5.817719221115112
annealingFromRandom,300,20,40,11016.2,5.955053091049194
annealingFromRandom,300,20,41,11055.89,5.989805459976196
annealingFromRandom,300,20,42,10689.82,5.986178874969482
annealingFromRandom,300,20,43,10526.96,5.82456636428833
annealingFromRandom,300,20,44,10944.78,5.962386846542358
annealingFromRandom,300,20,45,10783.39,5.94150185585022
annealingFromRandom,300,20,46,10374.69,5.812721014022827
annealingFromRandom,300,20,47,10316.79,5.871849775314331
annealingFromRandom,300,20,48,10623.54,5.939576625823975
annealingFromRandom,300,20,49,10360.96,5.805119276046753
annealingFromRandom,300,20,50,10650.44,5.7772111892700195
annealingFromRandom,300,20,51,10826.64,5.818057298660278
annealingFromRandom,300,20,52,10533.94,5.9028637409210205
annealingFromRandom,300,20,53,10684.2,6.044543027877808
annealingFromRandom,300,20,54,10726.38,5.859682083129883
annealingFromRandom,300,20,55,11079.5,5.997110605239868
annealingFromRandom,300,20,56,10572.54,5.8901684284210205
annealingFromRandom,300,20,57,10607.29,5.732490539550781
annealingFromRandom,300,20,58,10241.28,5.882398366928101
annealingFromRandom,300,20,59,10896.7,5.845515966415405
annealingFromRandom,300,20,60,10190.22,5.873718976974487
annealingFromRandom,300,20,61,10928.86,5.936826705932617
annealingFromRandom,300,20,62,10361.13,5.893999338150024
annealingFromRandom,300,20,63,11053.35,5.9145238399505615
annealingFromRandom,300,20,64,10979.08,5.923620223999023
annealingFromRandom,300,20,65,10839.04,6.041944265365601
annealingFromRandom,300,20,66,10328.01,5.865451335906982
annealingFromRandom,300,20,67,10331.72,5.687920331954956
annealingFromRandom,300,20,68,11027.21,5.911639451980591
annealingFromRandom,300,20,69,10125.54,5.900753736495972
annealingFromRandom,300,20,70,10951.55,6.091855525970459
annealingFromRandom,300,20,71,10673.47,5.932113409042358
annealingFromRandom,300,20,72,10574.76,5.8478710651397705
annealingFromRandom,300,20,73,10843.09,5.926255226135254
annealingFromRandom,300,20,74,10995.86,6.003522634506226
annealingFromRandom,300,20,75,10626.04,5.860090255737305
annealingFromRandom,300,20,76,10549.54,5.795241117477417
annealingFromRandom,300,20,77,10380.32,5.864920616149902
annealingFromRandom,300,20,78,10477.41,5.891571998596191
annealingFromRandom,300,20,79,10679.31,5.975468635559082
annealingFromRandom,300,20,80,11011.47,5.927132606506348
annealingFromRandom,300,20,81,10674.52,6.006529092788696
annealingFromRandom,300,20,82,10411.74,5.853495836257935
annealingFromRandom,300,20,83,10815.99,5.969300746917725
annealingFromRandom,300,20,84,10227.46,5.797294616699219
annealingFromRandom,300,20,85,10605.69,5.925567150115967
annealingFromRandom,300,20,86,10668.97,6.001428604125977
annealingFromRandom,300,20,87,10976.55,5.880017042160034
annealingFromRandom,300,20,88,10736.31,6.02817177772522
annealingFromRandom,300,20,89,10294.42,5.822238206863403
annealingFromRandom,300,20,90,10564.18,5.892835855484009
annealingFromRandom,300,20,91,10913.24,5.889943838119507
annealingFromRandom,300,20,92,10876.95,5.812509298324585
annealingFromRandom,300,20,93,10481.56,5.984858512878418
annealingFromRandom,300,20,94,10356.88,5.76045298576355
annealingFromRandom,300,20,95,10539.0,5.886959791183472
annealingFromRandom,300,20,96,10112.71,5.841721534729004
annealingFromRandom,300,20,97,10643.25,5.778435707092285
annealingFromRandom,300,20,98,10762.78,5.95078444480896
annealingFromRandom,300,20,99,10259.72,5.858920574188232
annealingFromRandom,300,30,0,10219.46,5.8463294506073
annealingFromRandom,300,30,1,10999.73,5.954436302185059
annealingFromRandom,300,30,2,10867.13,5.986690282821655
annealingFromRandom,300,30,3,10499.18,5.837439060211182
annealingFromRandom,300,30,4,11180.13,5.877735614776611
annealingFromRandom,300,30,5,11140.62,5.968608140945435
annealingFromRandom,300,30,6,10790.12,5.84237265586853
annealingFromRandom,300,30,7,10594.0,5.917265176773071
annealingFromRandom,300,30,8,10870.07,5.955929756164551
annealingFromRandom,300,30,9,11000.5,5.884811639785767
annealingFromRandom,300,30,10,10935.2,5.890923261642456
annealingFromRandom,300,30,11,11050.09,5.902745723724365
annealingFromRandom,300,30,12,10913.23,6.026808261871338
annealingFromRandom,300,30,13,10850.06,5.931442499160767
annealingFromRandom,300,30,14,10892.04,5.874943494796753
annealingFromRandom,300,30,15,10881.39,5.988307952880859
annealingFromRandom,300,30,16,10586.5,5.846756458282471
annealingFromRandom,300,30,17,11036.53,5.865787982940674
annealingFromRandom,300,30,18,10948.1,5.984915256500244
annealingFromRandom,300,30,19,10862.75,5.830305576324463
annealingFromRandom,300,30,20,10999.55,5.988817453384399
annealingFromRandom,300,30,21,11039.36,5.9455530643463135
annealingFromRandom,300,30,22,11377.13,6.049865245819092
annealingFromRandom,300,30,23,11067.39,5.983966112136841
annealingFromRandom,300,30,24,11102.46,5.9572389125823975
annealingFromRandom,300,30,25,11422.25,5.89084529876709
annealingFromRandom,300,30,26,10648.83,5.878343820571899
annealingFromRandom,300,30,27,10874.76,5.851702451705933
annealingFromRandom,300,30,28,10232.54,5.8315300941467285
annealingFromRandom,300,30,29,11036.28,5.970331192016602
annealingFromRandom,300,30,30,10704.43,5.9168009757995605
annealingFromRandom,300,30,31,11142.12,5.852343320846558
annealingFromRandom,300,30,32,10818.77,5.939023971557617
annealingFromRandom,300,30,33,10878.51,5.926142930984497
annealingFromRandom,300,30,34,10975.62,5.864797353744507
annealingFromRandom,300,30,35,10821.72,5.816080331802368
annealingFromRandom,300,30,36,11067.92,6.079708099365234
annealingFromRandom,300,30,37,10646.89,5.911170721054077
annealingFromRandom,300,30,38,10825.18,5.8932859897613525
annealingFromRandom,300,30,39,11125.42,5.857574701309204
annealingFromRandom,300,30,40,11545.62,6.003995180130005
annealingFromRandom,300,30,41,11095.51,5.873372316360474
annealingFromRandom,300,30,42,11306.75,6.049168109893799
annealingFromRandom,300,30,43,10853.99,5.862276554107666
annealingFromRandom,300,30,44,11214.05,5.876344442367554
annealingFromRandom,300,30,45,11198.45,5.943071126937866
annealingFromRandom,300,30,46,10553.35,5.862389087677002
annealingFromRandom,300,30,47,10978.85,5.859282970428467
annealingFromRandom,300,30,48,10834.78,5.8386852741241455
annealingFromRandom,300,30,49,10786.93,5.969133138656616
annealingFromRandom,300,30,50,11158.59,5.8441174030303955
annealingFromRandom,300,30,51,10941.21,5.950138807296753
annealingFromRandom,300,30,52,10871.68,5.961124658584595
annealingFromRandom,300,30,53,10947.81,5.984835863113403
annealingFromRandom,300,30,54,10980.93,5.864084005355835
annealingFromRandom,300,30,55,10900.29,5.866270542144775
annealingFromRandom,300,30,56,10904.69,5.834745407104492
annealingFromRandom,300,30,57,10859.68,5.87074613571167
annealingFromRandom,300,30,58,10552.13,5.882301568984985
annealingFromRandom,300,30,59,10607.89,5.807165861129761
annealingFromRandom,300,30,60,11036.36,5.8458545207977295
annealingFromRandom,300,30,61,10859.17,5.921811819076538
annealingFromRandom,300,30,62,10817.91,5.899646282196045
annealingFromRandom,300,30,63,11302.43,5.983288049697876
annealingFromRandom,300,30,64,11143.15,5.957074403762817
annealingFromRandom,300,30,65,11007.4,5.990200042724609
annealingFromRandom,300,30,66,10164.99,5.980888366699219
annealingFromRandom,300,30,67,10592.62,5.929485082626343
annealingFromRandom,300,30,68,11082.7,5.86375093460083
annealingFromRandom,300,30,69,11242.91,5.872067451477051
annealingFromRandom,300,30,70,11085.72,6.000060319900513
annealingFromRandom,300,30,71,10974.8,5.867087125778198
annealingFromRandom,300,30,72,11521.91,5.909243583679199
annealingFromRandom,300,30,73,10766.36,5.8628740310668945
annealingFromRandom,300,30,74,10862.69,5.863134860992432
annealingFromRandom,300,30,75,10325.6,5.8354926109313965
annealingFromRandom,300,30,76,10919.38,5.841283321380615
annealingFromRandom,300,30,77,10596.37,5.814721345901489
annealingFromRandom,300,30,78,11105.25,5.857044458389282
annealingFromRandom,300,30,79,10702.56,5.885549545288086
annealingFromRandom,300,30,80,11317.73,6.020864248275757
annealingFromRandom,300,30,81,11121.83,5.968538761138916
annealingFromRandom,300,30,82,10850.86,5.851234436035156
annealingFromRandom,300,30,83,10976.17,5.916710615158081
annealingFromRandom,300,30,84,10514.75,5.897439002990723
annealingFromRandom,300,30,85,11252.14,6.001438140869141
annealingFromRandom,300,30,86,10628.12,5.899526119232178
annealingFromRandom,300,30,87,11194.02,5.885822057723999
annealingFromRandom,300,30,88,10967.68,5.866609573364258
annealingFromRandom,300,30,89,10860.68,5.894404649734497
annealingFromRandom,300,30,90,10776.88,5.772770643234253
annealingFromRandom,300,30,91,11156.68,5.97442889213562
annealingFromRandom,300,30,92,11019.35,5.874105930328369
annealingFromRandom,300,30,93,10999.6,5.846302270889282
annealingFromRandom,300,30,94,11342.4,6.025881052017212
annealingFromRandom,300,30,95,11344.93,5.97664737701416
annealingFromRandom,300,30,96,10656.26,5.870037794113159
annealingFromRandom,300,30,97,11390.6,6.241878032684326
annealingFromRandom,300,30,98,11042.37,6.062510013580322
annealingFromRandom,300,30,99,10537.55,5.972983121871948
annealingFromRandom,300,40,0,10593.23,5.924324035644531
annealingFromRandom,300,40,1,11164.84,5.970925569534302
annealingFromRandom,300,40,2,11459.09,6.089370489120483
annealingFromRandom,300,40,3,10499.06,5.824030876159668
annealingFromRandom,300,40,4,11214.67,5.844412326812744
annealingFromRandom,300,40,5,11200.48,5.922054767608643
annealingFromRandom,300,40,6,11006.09,5.886896848678589
annealingFromRandom,300,40,7,10547.04,5.949700593948364
annealingFromRandom,300,40,8,11360.09,6.004038095474243
annealingFromRandom,300,40,9,10970.31,5.8397955894470215
annealingFromRandom,300,40,10,11743.51,5.912050008773804
annealingFromRandom,300,40,11,11040.09,5.872847080230713
annealingFromRandom,300,40,12,11104.88,5.94649863243103
annealingFromRandom,300,40,13,11332.53,5.964823007583618
annealingFromRandom,300,40,14,11290.73,5.985560178756714
annealingFromRandom,300,40,15,10831.6,5.915965557098389
annealingFromRandom,300,40,16,11461.12,6.010421991348267
annealingFromRandom,300,40,17,11344.43,5.994662284851074
annealingFromRandom,300,40,18,11373.09,5.9736151695251465
annealingFromRandom,300,40,19,11198.3,5.884684801101685
annealingFromRandom,300,40,20,11439.9,6.037310361862183
annealingFromRandom,300,40,21,11280.35,5.863033056259155
annealingFromRandom,300,40,22,11297.69,5.952465295791626
annealingFromRandom,300,40,23,10851.01,5.884184837341309
annealingFromRandom,300,40,24,11044.29,5.854820489883423
annealingFromRandom,300,40,25,11344.73,5.948616981506348
annealingFromRandom,300,40,26,10756.57,5.860440492630005
annealingFromRandom,300,40,27,11113.38,5.854311227798462
annealingFromRandom,300,40,28,10722.47,5.859570264816284
annealingFromRandom,300,40,29,10751.86,5.913046360015869
annealingFromRandom,300,40,30,11221.84,5.959325790405273
annealingFromRandom,300,40,31,11542.75,6.006014585494995
annealingFromRandom,300,40,32,10766.63,5.772863388061523
annealingFromRandom,300,40,33,11397.76,5.962421178817749
annealingFromRandom,300,40,34,11163.3,5.952046871185303
annealingFromRandom,300,40,35,10827.45,5.840488433837891
annealingFromRandom,300,40,36,11413.59,5.939026355743408
annealingFromRandom,300,40,37,11145.43,5.834536552429199
annealingFromRandom,300,40,38,11546.91,5.953237771987915
annealingFromRandom,300,40,39,11823.35,5.905705690383911
annealingFromRandom,300,40,40,11501.26,5.908475399017334
annealingFromRandom,300,40,41,11296.56,5.918452262878418
annealingFromRandom,300,40,42,11669.4,6.065927028656006
annealingFromRandom,300,40,43,10608.92,5.923389434814453
annealingFromRandom,300,40,44,11372.37,6.017627477645874
annealingFromRandom,300,40,45,11114.71,5.8307271003723145
annealingFromRandom,300,40,46,11371.04,5.875359058380127
annealingFromRandom,300,40,47,10779.77,5.858494520187378
annealingFromRandom,300,40,48,11027.68,5.9384167194366455
annealingFromRandom,300,40,49,10986.99,5.824671745300293
annealingFromRandom,300,40,50,11366.89,5.839076519012451
annealingFromRandom,300,40,51,11160.09,5.82877779006958
annealingFromRandom,300,40,52,10922.96,6.0338263511657715
annealingFromRandom,300,40,53,11387.96,6.027813196182251
annealingFromRandom,300,40,54,11269.51,5.863318204879761
annealingFromRandom,300,40,55,11423.73,6.007402181625366
annealingFromRandom,300,40,56,11385.5,6.079160213470459
annealingFromRandom,300,40,57,11119.59,5.8204545974731445
annealingFromRandom,300,40,58,10953.42,6.113564729690552
annealingFromRandom,300,40,59,11089.72,5.996107339859009
annealingFromRandom,300,40,60,10927.71,5.898485422134399
annealingFromRandom,300,40,61,11155.24,6.0368804931640625
annealingFromRandom,300,40,62,10850.74,5.848729848861694
annealingFromRandom,300,40,63,11466.93,5.862008094787598
annealingFromRandom,300,40,64,11426.48,6.024760484695435
annealingFromRandom,300,40,65,11527.94,6.054308652877808
annealingFromRandom,300,40,66,10530.24,5.8769872188568115
annealingFromRandom,300,40,67,11340.39,5.852497577667236
annealingFromRandom,300,40,68,11606.71,5.770770311355591
annealingFromRandom,300,40,69,11123.44,5.84083890914917
annealingFromRandom,300,40,70,11181.54,5.950695991516113
annealingFromRandom,300,40,71,11335.91,5.987565279006958
annealingFromRandom,300,40,72,11697.5,6.129068613052368
annealingFromRandom,300,40,73,11264.5,5.886031866073608
annealingFromRandom,300,40,74,11309.82,6.066209077835083
annealingFromRandom,300,40,75,10316.34,5.8077476024627686
annealingFromRandom,300,40,76,11203.72,5.881088733673096
annealingFromRandom,300,40,77,10547.95,5.872726202011108
annealingFromRandom,300,40,78,11421.66,5.866847991943359
annealingFromRandom,300,40,79,11588.35,6.405718088150024
annealingFromRandom,300,40,80,11373.62,5.8766093254089355
annealingFromRandom,300,40,81,11161.45,6.010829925537109
annealingFromRandom,300,40,82,11081.84,5.993683576583862
annealingFromRandom,300,40,83,11318.65,5.811788082122803
annealingFromRandom,300,40,84,10547.36,5.834938049316406
annealingFromRandom,300,40,85,11157.17,6.00844407081604
annealingFromRandom,300,40,86,10894.27,6.093350172042847
annealingFromRandom,300,40,87,11117.71,5.861334323883057
annealingFromRandom,300,40,88,10916.08,5.893025636672974
annealingFromRandom,300,40,89,11492.2,5.971603631973267
annealingFromRandom,300,40,90,10808.11,5.951921701431274
annealingFromRandom,300,40,91,11425.39,5.948895454406738
annealingFromRandom,300,40,92,11363.18,5.888435363769531
annealingFromRandom,300,40,93,10717.61,5.943693161010742
annealingFromRandom,300,40,94,11650.08,5.997408151626587
annealingFromRandom,300,40,95,11183.38,5.844997406005859
annealingFromRandom,300,40,96,10796.61,5.934771537780762
annealingFromRandom,300,40,97,11185.48,5.815231561660767
annealingFromRandom,300,40,98,10787.87,5.7769811153411865
annealingFromRandom,300,40,99,11296.05,5.960493087768555
annealingFromRandom,300,50,0,10967.16,5.959893465042114
annealingFromRandom,300,50,1,11345.8,5.970787286758423
annealingFromRandom,300,50,2,11665.91,5.901919364929199
annealingFromRandom,300,50,3,10851.31,5.871403455734253
annealingFromRandom,300,50,4,11129.34,5.9306960105896
annealingFromRandom,300,50,5,11184.36,5.887557506561279
annealingFromRandom,300,50,6,11178.93,5.878526449203491
annealingFromRandom,300,50,7,10754.56,5.918267726898193
annealingFromRandom,300,50,8,11631.04,5.9922075271606445
annealingFromRandom,300,50,9,11410.09,5.946647644042969
annealingFromRandom,300,50,10,11475.14,5.839402675628662
annealingFromRandom,300,50,11,11637.02,6.0764360427856445
annealingFromRandom,300,50,12,11467.72,6.083389759063721
annealingFromRandom,300,50,13,11242.53,5.858486175537109
annealingFromRandom,300,50,14,11233.23,6.021637678146362
annealingFromRandom,300,50,15,10771.65,5.921005010604858
annealingFromRandom,300,50,16,11119.38,5.911656379699707
annealingFromRandom,300,50,17,11952.12,5.980489015579224
annealingFromRandom,300,50,18,11394.04,5.973100185394287
annealingFromRandom,300,50,19,10840.27,5.848588705062866
annealingFromRandom,300,50,20,11358.34,5.949431419372559
annealingFromRandom,300,50,21,11349.72,5.8812477588653564
annealingFromRandom,300,50,22,11797.2,5.941992521286011
annealingFromRandom,300,50,23,10937.76,5.9079749584198
annealingFromRandom,300,50,24,11386.76,5.866793870925903
annealingFromRandom,300,50,25,11652.68,5.806219816207886
annealingFromRandom,300,50,26,11138.43,5.8804028034210205
annealingFromRandom,300,50,27,11235.69,5.867876291275024
annealingFromRandom,300,50,28,10344.6,5.769675254821777
annealingFromRandom,300,50,29,11093.27,5.87854266166687
annealingFromRandom,300,50,30,11836.09,5.909487247467041
annealingFromRandom,300,50,31,11761.21,5.838995456695557
annealingFromRandom,300,50,32,11321.76,5.838968276977539
annealingFromRandom,300,50,33,11046.13,5.999210357666016
annealingFromRandom,300,50,34,11557.46,5.86848521232605
annealingFromRandom,300,50,35,11278.09,5.851691722869873
annealingFromRandom,300,50,36,11667.38,5.9389848709106445
annealingFromRandom,300,50,37,11418.72,5.919826030731201
annealingFromRandom,300,50,38,11437.94,6.093951225280762
annealingFromRandom,300,50,39,11386.28,6.025739669799805
annealingFromRandom,300,50,40,11506.74,5.916125059127808
annealingFromRandom,300,50,41,11360.18,5.817009925842285
annealingFromRandom,300,50,42,11716.1,5.887782335281372
annealingFromRandom,300,50,43,11199.75,5.916326284408569
annealingFromRandom,300,50,44,11326.75,5.913024187088013
annealingFromRandom,300,50,45,11432.05,5.894308090209961
annealingFromRandom,300,50,46,10771.33,5.854683876037598
annealingFromRandom,300,50,47,11463.48,5.857581853866577
annealingFromRandom,300,50,48,11468.51,6.049718379974365
annealingFromRandom,300,50,49,11435.37,5.867083311080933
annealingFromRandom,300,50,50,11396.92,5.98013710975647
annealingFromRandom,300,50,51,11629.02,5.765134572982788
annealingFromRandom,300,50,52,11393.61,6.012003183364868
annealingFromRandom,300,50,53,11566.92,5.981442451477051
annealingFromRandom,300,50,54,11386.31,6.103086948394775
annealingFromRandom,300,50,55,11628.84,5.921302318572998
annealingFromRandom,300,50,56,11151.05,5.7584497928619385
annealingFromRandom,300,50,57,11554.87,5.862131595611572
annealingFromRandom,300,50,58,11574.91,5.85860538482666
annealingFromRandom,300,50,59,11470.12,5.996372938156128
annealingFromRandom,300,50,60,11294.98,5.870621919631958
annealingFromRandom,300,50,61,11494.29,5.96393895149231
annealingFromRandom,300,50,62,10894.52,5.89721941947937
annealingFromRandom,300,50,63,11373.15,5.906790494918823
annealingFromRandom,300,50,64,11301.54,6.014164209365845
annealingFromRandom,300,50,65,11395.86,5.994983673095703
annealingFromRandom,300,50,66,10875.73,5.860093593597412
annealingFromRandom,300,50,67,11118.04,5.861292600631714
annealingFromRandom,300,50,68,11586.04,5.947190284729004
annealingFromRandom,300,50,69,11417.74,5.872881650924683
annealingFromRandom,300,50,70,11535.96,6.0165205001831055
annealingFromRandom,300,50,71,11163.65,5.933302640914917
annealingFromRandom,300,50,72,12116.02,6.022189617156982
annealingFromRandom,300,50,73,11294.99,5.91534948348999
annealingFromRandom,300,50,74,11585.14,5.907137155532837
annealingFromRandom,300,50,75,10991.47,5.9084296226501465
annealingFromRandom,300,50,76,11029.06,5.916752099990845
annealingFromRandom,300,50,77,10739.16,5.902539968490601
annealingFromRandom,300,50,78,11469.53,5.931235074996948
annealingFromRandom,300,50,79,11404.1,5.91840386390686
annealingFromRandom,300,50,80,11307.76,5.878726005554199
annealingFromRandom,300,50,81,10880.4,5.926732778549194
annealingFromRandom,300,50,82,11786.88,5.931784152984619
annealingFromRandom,300,50,83,11320.35,5.9552247524261475
annealingFromRandom,300,50,84,10751.41,5.925149202346802
annealingFromRandom,300,50,85,11633.47,6.011142015457153
annealingFromRandom,300,50,86,11727.49,6.034326791763306
annealingFromRandom,300,50,87,11408.53,5.90971565246582
annealingFromRandom,300,50,88,11534.03,5.968136787414551
annealingFromRandom,300,50,89,11196.48,5.917165279388428
annealingFromRandom,300,50,90,10627.58,5.887315988540649
annealingFromRandom,300,50,91,11603.53,6.0065014362335205
annealingFromRandom,300,50,92,11627.01,5.921948194503784
annealingFromRandom,300,50,93,11120.95,5.979564666748047
annealingFromRandom,300,50,94,11479.77,6.055506944656372
annealingFromRandom,300,50,95,11578.6,5.837970972061157
annealingFromRandom,300,50,96,10920.21,6.003154277801514
annealingFromRandom,300,50,97,11680.43,5.892178297042847
annealingFromRandom,300,50,98,11115.07,5.898051977157593
annealingFromRandom,300,50,99,11338.01,6.023479700088501
annealingFromRandom,300,60,0,11634.95,5.937575817108154
annealingFromRandom,300,60,1,11404.0,5.8885908126831055
annealingFromRandom,300,60,2,11274.14,5.971524477005005
annealingFromRandom,300,60,3,10821.9,5.835034608840942
annealingFromRandom,300,60,4,11488.18,5.938831090927124
annealingFromRandom,300,60,5,12013.47,5.926857948303223
annealingFromRandom,300,60,6,11707.08,5.997225761413574
annealingFromRandom,300,60,7,11768.0,6.037424802780151
annealingFromRandom,300,60,8,11085.47,5.831952095031738
annealingFromRandom,300,60,9,11441.94,5.950913429260254
annealingFromRandom,300,60,10,11594.61,5.974217653274536
annealingFromRandom,300,60,11,10988.9,5.7513885498046875
annealingFromRandom,300,60,12,11860.52,5.957866430282593
annealingFromRandom,300,60,13,11901.26,6.048983097076416
annealingFromRandom,300,60,14,11443.18,5.8575053215026855
annealingFromRandom,300,60,15,11884.31,6.0199809074401855
annealingFromRandom,300,60,16,11325.38,5.991036415100098
annealingFromRandom,300,60,17,11497.09,5.957658529281616
annealingFromRandom,300,60,18,11713.48,5.958486795425415
annealingFromRandom,300,60,19,11295.25,5.908827781677246
annealingFromRandom,300,60,20,11604.96,6.043656826019287
annealingFromRandom,300,60,21,11562.84,5.8200201988220215
annealingFromRandom,300,60,22,12078.27,5.923460006713867
annealingFromRandom,300,60,23,11401.6,6.059762477874756
annealingFromRandom,300,60,24,11532.05,5.961935520172119
annealingFromRandom,300,60,25,11847.85,5.789092540740967
annealingFromRandom,300,60,26,11328.73,5.912911653518677
annealingFromRandom,300,60,27,11681.23,6.081060171127319
annealingFromRandom,300,60,28,10890.67,5.890461444854736
annealingFromRandom,300,60,29,11092.11,5.887839078903198
annealingFromRandom,300,60,30,11715.12,6.01543402671814
annealingFromRandom,300,60,31,11592.9,5.960672378540039
annealingFromRandom,300,60,32,11682.02,5.840939044952393
annealingFromRandom,300,60,33,11334.49,6.016541957855225
annealingFromRandom,300,60,34,11983.06,6.127060413360596
annealingFromRandom,300,60,35,11146.44,5.9548563957214355
annealingFromRandom,300,60,36,12092.85,6.000750780105591
annealingFromRandom,300,60,37,11145.11,5.869406223297119
annealingFromRandom,300,60,38,11630.7,6.04560923576355
annealingFromRandom,300,60,39,11919.65,5.834503173828125
annealingFromRandom,300,60,40,11592.84,5.962327480316162
annealingFromRandom,300,60,41,11475.71,5.8510215282440186
annealingFromRandom,300,60,42,11794.76,6.064890384674072
annealingFromRandom,300,60,43,11582.92,5.8847973346710205
annealingFromRandom,300,60,44,11752.85,5.938275337219238
annealingFromRandom,300,60,45,11452.32,5.92439341545105
annealingFromRandom,300,60,46,11169.49,5.888459205627441
annealingFromRandom,300,60,47,11567.4,6.051433801651001
annealingFromRandom,300,60,48,11547.54,5.974153995513916
annealingFromRandom,300,60,49,11829.13,5.971723318099976
annealingFromRandom,300,60,50,11258.91,5.791087627410889
annealingFromRandom,300,60,51,11659.86,5.989194869995117
annealingFromRandom,300,60,52,11715.49,5.939018964767456
annealingFromRandom,300,60,53,11855.38,6.055732011795044
annealingFromRandom,300,60,54,11459.72,5.935657978057861
annealingFromRandom,300,60,55,11868.36,5.879749774932861
annealingFromRandom,300,60,56,11058.71,5.888113975524902
annealingFromRandom,300,60,57,11541.13,5.952695846557617
annealingFromRandom,300,60,58,11491.97,5.930310964584351
annealingFromRandom,300,60,59,11678.74,5.8483734130859375
annealingFromRandom,300,60,60,10771.81,5.827176094055176
annealingFromRandom,300,60,61,11470.15,5.975639820098877
annealingFromRandom,300,60,62,11387.0,5.921114206314087
annealingFromRandom,300,60,63,11632.34,5.943018913269043
annealingFromRandom,300,60,64,11327.49,5.834897994995117
annealingFromRandom,300,60,65,11926.4,5.937115907669067
annealingFromRandom,300,60,66,11032.97,5.944519996643066
annealingFromRandom,300,60,67,11097.1,5.860324144363403
annealingFromRandom,300,60,68,11635.3,5.792806386947632
annealingFromRandom,300,60,69,11969.36,5.8869309425354
annealingFromRandom,300,60,70,11488.31,6.038026809692383
annealingFromRandom,300,60,71,11321.06,5.959482431411743
annealingFromRandom,300,60,72,11566.64,5.975504159927368
annealingFromRandom,300,60,73,11509.93,5.8704993724823
annealingFromRandom,300,60,74,11497.3,5.9213151931762695
annealingFromRandom,300,60,75,11384.89,5.900042295455933
annealingFromRandom,300,60,76,11232.4,5.795727729797363
annealingFromRandom,300,60,77,11078.34,5.8889806270599365
annealingFromRandom,300,60,78,11270.9,5.974972724914551
annealingFromRandom,300,60,79,11231.35,5.804170846939087
annealingFromRandom,300,60,80,11407.99,5.964984655380249
annealingFromRandom,300,60,81,11660.19,5.899339437484741
annealingFromRandom,300,60,82,11613.84,5.970032691955566
annealingFromRandom,300,60,83,11430.98,5.910308837890625
annealingFromRandom,300,60,84,10875.37,5.888569116592407
annealingFromRandom,300,60,85,11527.05,6.0413103103637695
annealingFromRandom,300,60,86,11581.77,6.175931453704834
annealingFromRandom,300,60,87,11597.95,5.885258674621582
annealingFromRandom,300,60,88,11870.54,5.923177242279053
annealingFromRandom,300,60,89,11794.64,6.009713411331177
annealingFromRandom,300,60,90,11163.6,5.892552375793457
annealingFromRandom,300,60,91,11573.72,5.925821304321289
annealingFromRandom,300,60,92,11939.33,5.8378989696502686
annealingFromRandom,300,60,93,11903.98,5.9563727378845215
annealingFromRandom,300,60,94,11670.57,6.052561044692993
annealingFromRandom,300,60,95,11884.98,5.973375558853149
annealingFromRandom,300,60,96,11748.67,6.0712974071502686
annealingFromRandom,300,60,97,11787.42,5.861677646636963
annealingFromRandom,300,60,98,11341.03,5.917496204376221
annealingFromRandom,300,60,99,11828.01,5.96439790725708
annealingFromRandom,300,70,0,11304.2,5.996073961257935
annealingFromRandom,300,70,1,11916.67,5.9148125648498535
annealingFromRandom,300,70,2,11852.3,6.063518047332764
annealingFromRandom,300,70,3,10763.37,5.897246837615967
annealingFromRandom,300,70,4,11370.23,5.873353004455566
annealingFromRandom,300,70,5,11759.88,6.017407655715942
annealingFromRandom,300,70,6,11201.65,5.930412530899048
annealingFromRandom,300,70,7,11445.5,5.943119049072266
annealingFromRandom,300,70,8,11748.22,6.050167798995972
annealingFromRandom,300,70,9,11211.2,5.885850191116333
annealingFromRandom,300,70,10,11851.12,5.878422975540161
annealingFromRandom,300,70,11,11793.41,5.972957134246826
annealingFromRandom,300,70,12,11603.89,5.848659038543701
annealingFromRandom,300,70,13,11460.11,5.897641181945801
annealingFromRandom,300,70,14,11723.7,6.019331455230713
annealingFromRandom,300,70,15,11382.59,5.8687262535095215
annealingFromRandom,300,70,16,11908.17,5.993038177490234
annealingFromRandom,300,70,17,12284.55,5.931870460510254
annealingFromRandom,300,70,18,11079.65,6.021273851394653
annealingFromRandom,300,70,19,11755.38,5.9395835399627686
annealingFromRandom,300,70,20,11286.32,5.8715455532073975
annealingFromRandom,300,70,21,11862.84,5.928687334060669
annealingFromRandom,300,70,22,11879.61,5.9624035358428955
annealingFromRandom,300,70,23,11614.19,6.042556047439575
annealingFromRandom,300,70,24,12243.24,6.122945308685303
annealingFromRandom,300,70,25,11547.5,5.949986457824707
annealingFromRandom,300,70,26,11208.38,5.877453327178955
annealingFromRandom,300,70,27,11995.53,5.984093904495239
annealingFromRandom,300,70,28,11338.32,5.943382024765015
annealingFromRandom,300,70,29,11462.56,5.961730480194092
annealingFromRandom,300,70,30,11266.9,5.949759483337402
annealingFromRandom,300,70,31,12393.46,5.98773193359375
annealingFromRandom,300,70,32,12059.39,5.957408905029297
annealingFromRandom,300,70,33,11262.15,5.9153382778167725
annealingFromRandom,300,70,34,12060.32,5.885509490966797
annealingFromRandom,300,70,35,11384.02,5.82021951675415
annealingFromRandom,300,70,36,12068.87,6.041061878204346
annealingFromRandom,300,70,37,11933.69,5.884845018386841
annealingFromRandom,300,70,38,11591.63,6.04402756690979
annealingFromRandom,300,70,39,11816.13,5.806702136993408
annealingFromRandom,300,70,40,12311.54,5.982534408569336
annealingFromRandom,300,70,41,11792.08,5.866719484329224
annealingFromRandom,300,70,42,12311.58,5.941199541091919
annealingFromRandom,300,70,43,10940.4,5.913633108139038
annealingFromRandom,300,70,44,12172.61,5.917259693145752
annealingFromRandom,300,70,45,11294.41,5.918072938919067
annealingFromRandom,300,70,46,11476.18,5.923316478729248
annealingFromRandom,300,70,47,11618.46,5.865138053894043
annealingFromRandom,300,70,48,11650.41,5.852146148681641
annealingFromRandom,300,70,49,12383.19,5.943741083145142
annealingFromRandom,300,70,50,11724.44,5.818779468536377
annealingFromRandom,300,70,51,11897.06,5.894401788711548
annealingFromRandom,300,70,52,11655.8,5.9885828495025635
annealingFromRandom,300,70,53,11270.52,5.972227573394775
annealingFromRandom,300,70,54,11587.53,5.947978258132935
annealingFromRandom,300,70,55,11842.55,5.887898921966553
annealingFromRandom,300,70,56,12035.35,5.961885213851929
annealingFromRandom,300,70,57,12166.59,5.931128740310669
annealingFromRandom,300,70,58,11081.34,5.791987895965576
annealingFromRandom,300,70,59,11523.15,5.868364572525024
annealingFromRandom,300,70,60,11296.24,5.8732006549835205
annealingFromRandom,300,70,61,11803.09,6.111558198928833
annealingFromRandom,300,70,62,11636.88,5.9296112060546875
annealingFromRandom,300,70,63,11681.69,5.981594085693359
annealingFromRandom,300,70,64,11439.71,5.7830283641815186
annealingFromRandom,300,70,65,11900.18,5.922647953033447
annealingFromRandom,300,70,66,11391.1,5.879748582839966
annealingFromRandom,300,70,67,11305.4,5.887808561325073
annealingFromRandom,300,70,68,11907.32,5.858990907669067
annealingFromRandom,300,70,69,11501.95,5.927520275115967
annealingFromRandom,300,70,70,11756.85,5.938766002655029
annealingFromRandom,300,70,71,11710.41,5.96446681022644
annealingFromRandom,300,70,72,11517.84,5.871885538101196
annealingFromRandom,300,70,73,11505.85,5.935246229171753
annealingFromRandom,300,70,74,11488.61,5.920178413391113
annealingFromRandom,300,70,75,10887.1,6.051362037658691
annealingFromRandom,300,70,76,11646.88,5.907970666885376
annealingFromRandom,300,70,77,11313.06,5.82265305519104
annealingFromRandom,300,70,78,11336.86,5.96472954750061
annealingFromRandom,300,70,79,11921.41,5.993381023406982
annealingFromRandom,300,70,80,11676.22,5.93663477897644
annealingFromRandom,300,70,81,11570.01,5.90904974937439
annealingFromRandom,300,70,82,11998.28,5.950284957885742
annealingFromRandom,300,70,83,11581.36,5.863092422485352
annealingFromRandom,300,70,84,10768.24,5.777629137039185
annealingFromRandom,300,70,85,11569.84,5.834522485733032
annealingFromRandom,300,70,86,11406.22,6.019865274429321
annealingFromRandom,300,70,87,11834.71,5.881091356277466
annealingFromRandom,300,70,88,11638.09,5.8732733726501465
annealingFromRandom,300,70,89,11425.53,5.910484790802002
annealingFromRandom,300,70,90,11435.68,5.9303858280181885
annealingFromRandom,300,70,91,11827.56,5.927509069442749
annealingFromRandom,300,70,92,11693.71,5.859308242797852
annealingFromRandom,300,70,93,11363.78,5.892548561096191
annealingFromRandom,300,70,94,11937.27,5.956974029541016
annealingFromRandom,300,70,95,12012.74,6.07141637802124
annealingFromRandom,300,70,96,11333.6,5.952240943908691
annealingFromRandom,300,70,97,12305.04,5.907382011413574
annealingFromRandom,300,70,98,11643.1,6.012235164642334
annealingFromRandom,300,70,99,11405.19,5.8909125328063965
annealingFromRandom,300,80,0,10945.48,5.831820487976074
annealingFromRandom,300,80,1,11499.16,5.833226442337036
annealingFromRandom,300,80,2,11440.96,5.956250905990601
annealingFromRandom,300,80,3,11151.05,5.998953819274902
annealingFromRandom,300,80,4,11672.91,6.036823272705078
annealingFromRandom,300,80,5,12161.54,5.8996734619140625
annealingFromRandom,300,80,6,11416.33,5.901842832565308
annealingFromRandom,300,80,7,11592.68,6.040239095687866
annealingFromRandom,300,80,8,11898.27,5.930062294006348
annealingFromRandom,300,80,9,11632.41,5.943422555923462
annealingFromRandom,300,80,10,12124.73,6.052380800247192
annealingFromRandom,300,80,11,11869.29,5.977687358856201
annealingFromRandom,300,80,12,11377.45,5.878403902053833
annealingFromRandom,300,80,13,12067.8,5.981979131698608
annealingFromRandom,300,80,14,11736.95,6.01450777053833
annealingFromRandom,300,80,15,11763.35,6.07306694984436
annealingFromRandom,300,80,16,11235.95,5.974487543106079
annealingFromRandom,300,80,17,12195.32,6.0153326988220215
annealingFromRandom,300,80,18,11808.52,5.892435789108276
annealingFromRandom,300,80,19,11502.46,5.886507034301758
annealingFromRandom,300,80,20,11546.64,5.9138195514678955
annealingFromRandom,300,80,21,11999.97,6.04384970664978
annealingFromRandom,300,80,22,11572.5,5.978234529495239
annealingFromRandom,300,80,23,11882.7,5.884153604507446
annealingFromRandom,300,80,24,11707.92,5.886967897415161
annealingFromRandom,300,80,25,11875.95,5.9648542404174805
annealingFromRandom,300,80,26,11628.18,5.8728883266448975
annealingFromRandom,300,80,27,11416.46,6.12281060218811
annealingFromRandom,300,80,28,11088.95,5.937055349349976
annealingFromRandom,300,80,29,11397.48,5.941783905029297
annealingFromRandom,300,80,30,11382.66,5.889462947845459
annealingFromRandom,300,80,31,11970.8,5.872133016586304
annealingFromRandom,300,80,32,11291.18,5.878415584564209
annealingFromRandom,300,80,33,11974.49,6.098205327987671
annealingFromRandom,300,80,34,12024.81,6.012895107269287
annealingFromRandom,300,80,35,11230.69,5.854879856109619
annealingFromRandom,300,80,36,11948.96,5.881507396697998
annealingFromRandom,300,80,37,11590.73,5.876675128936768
annealingFromRandom,300,80,38,12200.41,6.037107944488525
annealingFromRandom,300,80,39,11940.5,5.908139944076538
annealingFromRandom,300,80,40,11516.75,6.062063217163086
annealingFromRandom,300,80,41,11805.71,5.8595263957977295
annealingFromRandom,300,80,42,11937.58,6.037286996841431
annealingFromRandom,300,80,43,11877.76,6.070706844329834
annealingFromRandom,300,80,44,12019.24,5.966742277145386
annealingFromRandom,300,80,45,11624.6,5.820769309997559
annealingFromRandom,300,80,46,11276.59,5.931544780731201
annealingFromRandom,300,80,47,11519.32,5.857939958572388
annealingFromRandom,300,80,48,11134.54,5.908036947250366
annealingFromRandom,300,80,49,11694.14,5.948785066604614
annealingFromRandom,300,80,50,11894.92,5.917390823364258
annealingFromRandom,300,80,51,12037.94,5.9659504890441895
annealingFromRandom,300,80,52,12162.39,5.966761112213135
annealingFromRandom,300,80,53,11461.41,5.811211109161377
annealingFromRandom,300,80,54,11336.81,5.892260313034058
annealingFromRandom,300,80,55,11786.84,5.902087926864624
annealingFromRandom,300,80,56,12076.87,5.872806072235107
annealingFromRandom,300,80,57,11389.73,5.8715879917144775
annealingFromRandom,300,80,58,11647.78,6.0108020305633545
annealingFromRandom,300,80,59,11448.66,5.880116939544678
annealingFromRandom,300,80,60,11009.53,5.9000866413116455
annealingFromRandom,300,80,61,11489.83,5.9501426219940186
annealingFromRandom,300,80,62,11185.27,5.957784414291382
annealingFromRandom,300,80,63,11813.92,6.078015327453613
annealingFromRandom,300,80,64,11640.04,6.018427133560181
annealingFromRandom,300,80,65,11527.43,6.099703550338745
annealingFromRandom,300,80,66,11242.77,5.9754157066345215
annealingFromRandom,300,80,67,11474.44,5.892389535903931
annealingFromRandom,300,80,68,11641.75,5.7596540451049805
annealingFromRandom,300,80,69,11751.76,5.918051719665527
annealingFromRandom,300,80,70,11905.11,6.091520547866821
annealingFromRandom,300,80,71,11706.6,6.078911066055298
annealingFromRandom,300,80,72,11879.74,5.9614410400390625
annealingFromRandom,300,80,73,11932.54,5.968771696090698
annealingFromRandom,300,80,74,11561.54,5.936843156814575
annealingFromRandom,300,80,75,11422.01,5.934789657592773
annealingFromRandom,300,80,76,11523.95,5.9685657024383545
annealingFromRandom,300,80,77,11473.22,5.938450574874878
annealingFromRandom,300,80,78,11175.32,5.9028613567352295
annealingFromRandom,300,80,79,11824.67,6.023559093475342
annealingFromRandom,300,80,80,11525.78,5.9682347774505615
annealingFromRandom,300,80,81,11685.41,5.958077907562256
annealingFromRandom,300,80,82,11270.27,5.9281005859375
annealingFromRandom,300,80,83,11787.28,5.959231376647949
annealingFromRandom,300,80,84,10890.86,5.974059104919434
annealingFromRandom,300,80,85,11472.3,6.0149946212768555
annealingFromRandom,300,80,86,11450.72,5.890205144882202
annealingFromRandom,300,80,87,11862.65,6.023583173751831
annealingFromRandom,300,80,88,11553.69,5.872989177703857
annealingFromRandom,300,80,89,12196.87,5.960538625717163
annealingFromRandom,300,80,90,11824.0,5.994061231613159
annealingFromRandom,300,80,91,11671.22,5.9349915981292725
annealingFromRandom,300,80,92,11952.53,5.891937971115112
annealingFromRandom,300,80,93,11860.84,6.059407472610474
annealingFromRandom,300,80,94,11957.99,5.904597520828247
annealingFromRandom,300,80,95,11819.52,5.887916803359985
annealingFromRandom,300,80,96,11700.44,5.957845211029053
annealingFromRandom,300,80,97,11700.57,5.806599855422974
annealingFromRandom,300,80,98,11407.99,5.9853386878967285
annealingFromRandom,300,80,99,11462.27,5.919342279434204
annealingFromRandom,300,90,0,10976.06,5.84684157371521
annealingFromRandom,300,90,1,11851.02,5.996648788452148
annealingFromRandom,300,90,2,12334.03,6.0190207958221436
annealingFromRandom,300,90,3,11153.27,6.177531003952026
annealingFromRandom,300,90,4,11668.89,5.804635286331177
annealingFromRandom,300,90,5,11827.64,5.964762210845947
annealingFromRandom,300,90,6,11115.32,5.8268983364105225
annealingFromRandom,300,90,7,11622.77,6.201025009155273
annealingFromRandom,300,90,8,11803.54,6.024020671844482
annealingFromRandom,300,90,9,11965.94,6.038085699081421
annealingFromRandom,300,90,10,11709.32,6.032682657241821
annealingFromRandom,300,90,11,11562.1,5.9007179737091064
annealingFromRandom,300,90,12,11661.99,5.885501384735107
annealingFromRandom,300,90,13,11505.34,5.942563533782959
annealingFromRandom,300,90,14,12023.12,5.933926820755005
annealingFromRandom,300,90,15,11734.86,6.054936170578003
annealingFromRandom,300,90,16,11570.57,6.005953073501587
annealingFromRandom,300,90,17,11708.9,5.985764980316162
annealingFromRandom,300,90,18,11188.84,5.981762886047363
annealingFromRandom,300,90,19,11355.0,6.198316335678101
annealingFromRandom,300,90,20,11540.23,5.834602355957031
annealingFromRandom,300,90,21,11735.0,5.912058353424072
annealingFromRandom,300,90,22,11566.28,5.930161476135254
annealingFromRandom,300,90,23,11525.6,5.898457288742065
annealingFromRandom,300,90,24,11844.22,5.885135173797607
annealingFromRandom,300,90,25,11797.99,5.99566388130188
annealingFromRandom,300,90,26,11053.71,5.798184871673584
annealingFromRandom,300,90,27,11447.7,6.010029077529907
annealingFromRandom,300,90,28,10969.98,5.831877708435059
annealingFromRandom,300,90,29,11662.87,5.905336380004883
annealingFromRandom,300,90,30,11658.19,5.9841628074646
annealingFromRandom,300,90,31,11938.91,6.090429306030273
annealingFromRandom,300,90,32,11633.08,5.984346866607666
annealingFromRandom,300,90,33,11706.04,5.9054200649261475
annealingFromRandom,300,90,34,11922.42,5.964958906173706
annealingFromRandom,300,90,35,11597.15,5.935690879821777
annealingFromRandom,300,90,36,12372.72,5.939054489135742
annealingFromRandom,300,90,37,11584.96,5.942777872085571
annealingFromRandom,300,90,38,11755.67,5.915065288543701
annealingFromRandom,300,90,39,12300.32,5.935051202774048
annealingFromRandom,300,90,40,11875.93,5.832233428955078
annealingFromRandom,300,90,41,11974.52,5.945475101470947
annealingFromRandom,300,90,42,11599.22,5.882309913635254
annealingFromRandom,300,90,43,11499.24,6.06901741027832
annealingFromRandom,300,90,44,11650.99,5.830095529556274
annealingFromRandom,300,90,45,10954.47,5.713305473327637
annealingFromRandom,300,90,46,11844.87,6.010344505310059
annealingFromRandom,300,90,47,11521.84,5.930499315261841
annealingFromRandom,300,90,48,11725.4,5.994657039642334
annealingFromRandom,300,90,49,11420.07,5.879296541213989
annealingFromRandom,300,90,50,11682.82,5.9056501388549805
annealingFromRandom,300,90,51,11762.44,5.914746522903442
annealingFromRandom,300,90,52,11869.52,5.929177522659302
annealingFromRandom,300,90,53,11635.81,5.931923866271973
annealingFromRandom,300,90,54,10963.02,5.926683187484741
annealingFromRandom,300,90,55,11720.96,5.900484085083008
annealingFromRandom,300,90,56,12010.78,5.840214967727661
annealingFromRandom,300,90,57,11491.04,5.895556688308716
annealingFromRandom,300,90,58,11428.57,5.880284786224365
annealingFromRandom,300,90,59,11685.38,5.956715822219849
annealingFromRandom,300,90,60,11763.34,5.922985792160034
annealingFromRandom,300,90,61,11550.33,5.980252027511597
annealingFromRandom,300,90,62,11310.92,5.849839687347412
annealingFromRandom,300,90,63,12118.31,5.964783430099487
annealingFromRandom,300,90,64,11224.14,5.823323011398315
annealingFromRandom,300,90,65,11938.01,5.968719244003296
annealingFromRandom,300,90,66,11452.24,5.807414531707764
annealingFromRandom,300,90,67,11439.73,5.883941411972046
annealingFromRandom,300,90,68,11541.35,5.891169786453247
annealingFromRandom,300,90,69,11435.59,5.92700719833374
annealingFromRandom,300,90,70,11616.86,5.9575629234313965
annealingFromRandom,300,90,71,11653.08,5.983661651611328
annealingFromRandom,300,90,72,11851.78,6.089685678482056
annealingFromRandom,300,90,73,11893.66,5.906494140625
annealingFromRandom,300,90,74,11863.96,6.003982305526733
annealingFromRandom,300,90,75,11171.84,5.860435485839844
annealingFromRandom,300,90,76,11552.16,5.853271245956421
annealingFromRandom,300,90,77,11755.53,5.835866689682007
annealingFromRandom,300,90,78,11215.58,5.831959962844849
annealingFromRandom,300,90,79,12075.23,6.035717964172363
annealingFromRandom,300,90,80,11685.94,5.868586540222168
annealingFromRandom,300,90,81,11591.21,5.9162328243255615
annealingFromRandom,300,90,82,11474.2,5.916226387023926
annealingFromRandom,300,90,83,11378.39,5.8261377811431885
annealingFromRandom,300,90,84,11043.23,5.838228225708008
annealingFromRandom,300,90,85,11314.23,5.849534034729004
annealingFromRandom,300,90,86,11570.35,5.995919704437256
annealingFromRandom,300,90,87,11863.82,5.855711460113525
annealingFromRandom,300,90,88,11699.62,5.99125599861145
annealingFromRandom,300,90,89,11772.54,5.957555532455444
annealingFromRandom,300,90,90,11082.76,5.858253002166748
annealingFromRandom,300,90,91,12106.97,6.012698650360107
annealingFromRandom,300,90,92,11759.92,5.9576826095581055
annealingFromRandom,300,90,93,11060.95,5.909479379653931
annealingFromRandom,300,90,94,12054.61,6.020460367202759
annealingFromRandom,300,90,95,11636.16,5.96977972984314
annealingFromRandom,300,90,96,11345.91,5.890961647033691
annealingFromRandom,300,90,97,12129.46,5.9363112449646
annealingFromRandom,300,90,98,11730.05,6.02736496925354
annealingFromRandom,300,90,99,11682.5,5.9472129344940186
annealingFromRandom,300,100,0,11166.47,5.934513092041016
annealingFromRandom,300,100,1,11423.14,5.900010824203491
annealingFromRandom,300,100,2,11411.43,5.888421058654785
annealingFromRandom,300,100,3,11255.85,5.98926854133606
annealingFromRandom,300,100,4,11260.54,5.798471212387085
annealingFromRandom,300,100,5,11980.57,5.884166240692139
annealingFromRandom,300,100,6,11155.17,5.8351569175720215
annealingFromRandom,300,100,7,11001.1,5.950301170349121
annealingFromRandom,300,100,8,11465.56,5.920750141143799
annealingFromRandom,300,100,9,11917.09,5.94477653503418
annealingFromRandom,300,100,10,11742.01,5.843423366546631
annealingFromRandom,300,100,11,11586.59,5.935487747192383
annealingFromRandom,300,100,12,11874.93,5.842571020126343
annealingFromRandom,300,100,13,12243.72,5.891617774963379
annealingFromRandom,300,100,14,11895.39,5.9889585971832275
annealingFromRandom,300,100,15,11703.59,5.837206125259399
annealingFromRandom,300,100,16,11210.78,5.968380928039551
annealingFromRandom,300,100,17,11578.99,5.888431072235107
annealingFromRandom,300,100,18,11833.46,6.184141397476196
annealingFromRandom,300,100,19,11577.75,5.837098836898804
annealingFromRandom,300,100,20,11393.5,5.868095397949219
annealingFromRandom,300,100,21,11664.69,5.886935710906982
annealingFromRandom,300,100,22,12037.25,5.910574913024902
annealingFromRandom,300,100,23,11190.73,5.932473182678223
annealingFromRandom,300,100,24,11744.35,5.930037975311279
annealingFromRandom,300,100,25,11519.94,6.040902137756348
annealingFromRandom,300,100,26,11492.14,5.842390298843384
annealingFromRandom,300,100,27,11413.44,5.914807319641113
annealingFromRandom,300,100,28,11042.74,5.883155822753906
annealingFromRandom,300,100,29,11230.83,5.918376445770264
annealingFromRandom,300,100,30,11513.45,6.088351011276245
annealingFromRandom,300,100,31,12203.23,6.190230131149292
annealingFromRandom,300,100,32,12757.25,5.8708086013793945
annealingFromRandom,300,100,33,12108.63,5.9752678871154785
annealingFromRandom,300,100,34,12006.68,5.942781925201416
annealingFromRandom,300,100,35,11625.02,5.852121829986572
annealingFromRandom,300,100,36,11723.52,5.811920166015625
annealingFromRandom,300,100,37,11268.65,5.863111734390259
annealingFromRandom,300,100,38,11759.28,6.0906455516815186
annealingFromRandom,300,100,39,11790.92,5.875859022140503
annealingFromRandom,300,100,40,11716.14,5.955364942550659
annealingFromRandom,300,100,41,11846.59,6.017096519470215
annealingFromRandom,300,100,42,11874.93,5.98876953125
annealingFromRandom,300,100,43,11418.0,5.934208154678345
annealingFromRandom,300,100,44,11624.22,5.900389909744263
annealingFromRandom,300,100,45,11288.1,5.7939581871032715
annealingFromRandom,300,100,46,11693.52,5.888906955718994
annealingFromRandom,300,100,47,11448.27,5.957808971405029
annealingFromRandom,300,100,48,10853.08,5.888824701309204
annealingFromRandom,300,100,49,11683.25,5.928176164627075
annealingFromRandom,300,100,50,12136.0,5.820458889007568
annealingFromRandom,300,100,51,11949.01,5.859330177307129
annealingFromRandom,300,100,52,11523.16,6.0096166133880615
annealingFromRandom,300,100,53,11690.57,5.9392476081848145
annealingFromRandom,300,100,54,11340.41,5.989412546157837
annealingFromRandom,300,100,55,12161.28,5.9802186489105225
annealingFromRandom,300,100,56,12035.07,5.916608810424805
annealingFromRandom,300,100,57,11580.82,5.824645519256592
annealingFromRandom,300,100,58,11248.65,5.8610451221466064
annealingFromRandom,300,100,59,11829.74,5.926524639129639
annealingFromRandom,300,100,60,11526.63,5.9316582679748535
annealingFromRandom,300,100,61,11308.33,5.983185768127441
annealingFromRandom,300,100,62,11426.4,5.829817295074463
annealingFromRandom,300,100,63,11885.3,6.123558044433594
annealingFromRandom,300,100,64,11251.49,5.917449474334717
annealingFromRandom,300,100,65,11784.11,6.021687269210815
annealingFromRandom,300,100,66,10741.1,5.867045640945435
annealingFromRandom,300,100,67,11790.4,5.917700290679932
annealingFromRandom,300,100,68,12037.71,5.846050977706909
annealingFromRandom,300,100,69,11801.38,5.98834228515625
annealingFromRandom,300,100,70,11610.27,5.987643241882324
annealingFromRandom,300,100,71,11952.67,6.004797458648682
annealingFromRandom,300,100,72,12052.31,5.977159738540649
annealingFromRandom,300,100,73,12067.28,5.913097381591797
annealingFromRandom,300,100,74,11821.81,5.967850685119629
annealingFromRandom,300,100,75,11530.02,5.904877185821533
annealingFromRandom,300,100,76,11658.66,6.097943305969238
annealingFromRandom,300,100,77,11211.21,5.863111734390259
annealingFromRandom,300,100,78,11983.77,5.9771950244903564
annealingFromRandom,300,100,79,12009.46,5.908398151397705
annealingFromRandom,300,100,80,11432.36,5.901802062988281
annealingFromRandom,300,100,81,12023.49,5.962949514389038
annealingFromRandom,300,100,82,11452.57,5.9273881912231445
annealingFromRandom,300,100,83,11485.35,5.859447240829468
annealingFromRandom,300,100,84,11016.74,5.842331409454346
annealingFromRandom,300,100,85,12143.06,6.137021541595459
annealingFromRandom,300,100,86,11694.37,6.199008226394653
annealingFromRandom,300,100,87,11729.65,5.973330020904541
annealingFromRandom,300,100,88,11562.48,5.839075088500977
annealingFromRandom,300,100,89,12050.89,5.99759578704834
annealingFromRandom,300,100,90,11707.87,5.903064250946045
annealingFromRandom,300,100,91,11781.01,5.916430234909058
annealingFromRandom,300,100,92,12002.04,5.9384825229644775
annealingFromRandom,300,100,93,11686.6,5.937472105026245
annealingFromRandom,300,100,94,12000.05,6.026067495346069
annealingFromRandom,300,100,95,12185.64,5.948793172836304
annealingFromRandom,300,100,96,11582.99,5.893362045288086
annealingFromRandom,300,100,97,11835.96,5.924321889877319
annealingFromRandom,300,100,98,11360.55,5.948999643325806
annealingFromRandom,300,100,99,11435.54,5.987727165222168
bruteForce,300,0,0,5135.51,120.0832405090332
bruteForce,300,0,1,5315.4,120.06478357315063
bruteForce,300,0,2,5076.79,120.07046055793762
bruteForce,300,0,3,5227.2,120.06558895111084
bruteForce,300,0,4,5513.12,120.06209397315979
bruteForce,300,0,5,5293.65,120.06488561630249
bruteForce,300,0,6,5207.21,120.06365275382996
bruteForce,300,0,7,5108.74,120.06965613365173
bruteForce,300,0,8,5149.04,120.06061387062073
bruteForce,300,0,9,5350.27,120.06042146682739
bruteForce,300,0,10,5445.93,120.06048846244812
bruteForce,300,0,11,5221.53,120.0584180355072
bruteForce,300,0,12,5190.65,120.0538923740387
bruteForce,300,0,13,5294.82,120.05298209190369
bruteForce,300,0,14,5282.39,120.06410145759583
bruteForce,300,0,15,5184.31,120.05831217765808
bruteForce,300,0,16,5177.69,120.06559944152832
bruteForce,300,0,17,5167.81,120.06124949455261
bruteForce,300,0,18,5088.9,120.0621747970581
bruteForce,300,0,19,5192.11,120.05809044837952
bruteForce,300,0,20,5328.85,120.05484676361084
bruteForce,300,0,21,5349.45,120.06960129737854
bruteForce,300,0,22,5189.54,120.06913542747498
bruteForce,300,0,23,4974.69,120.06318640708923
bruteForce,300,0,24,5097.45,120.07027888298035
bruteForce,300,0,25,5170.25,120.06615781784058
bruteForce,300,0,26,5281.3,120.06706118583679
bruteForce,300,0,27,5057.93,120.06827092170715
bruteForce,300,0,28,5115.24,120.06434774398804
bruteForce,300,0,29,5263.51,120.06339907646179
bruteForce,300,0,30,5346.74,120.05645513534546
bruteForce,300,0,31,5267.98,120.06227970123291
bruteForce,300,0,32,5008.6,120.07275938987732
bruteForce,300,0,33,5303.93,120.05611515045166
bruteForce,300,0,34,5416.43,120.05856251716614
bruteForce,300,0,35,5132.9,120.07460188865662
bruteForce,300,0,36,5231.93,120.07090449333191
bruteForce,300,0,37,5464.76,120.06145882606506
bruteForce,300,0,38,5177.36,120.05124592781067
bruteForce,300,0,39,5248.83,120.05942964553833
bruteForce,300,0,40,5251.84,120.07057738304138
bruteForce,300,0,41,5454.42,120.06104779243469
bruteForce,300,0,42,5113.58,120.04928064346313
bruteForce,300,0,43,5309.54,120.0580313205719
bruteForce,300,0,44,5319.97,120.06797647476196
bruteForce,300,0,45,5276.69,120.06485342979431
bruteForce,300,0,46,5188.09,120.07085394859314
bruteForce,300,0,47,5294.83,120.05817723274231
bruteForce,300,0,48,5133.3,120.05790424346924
bruteForce,300,0,49,5233.58,120.06900215148926
bruteForce,300,0,50,5454.36,120.06310844421387
bruteForce,300,0,51,5423.95,120.06346702575684
bruteForce,300,0,52,5016.86,120.068922996521
bruteForce,300,0,53,5190.2,120.07478857040405
bruteForce,300,0,54,5412.41,120.06710290908813
bruteForce,300,0,55,5235.4,120.07207489013672
bruteForce,300,0,56,5378.65,120.06684947013855
bruteForce,300,0,57,5279.97,120.06366205215454
bruteForce,300,0,58,5152.9,120.06790113449097
bruteForce,300,0,59,5106.16,120.06115579605103
bruteForce,300,0,60,5301.07,120.05182003974915
bruteForce,300,0,61,5286.44,120.08035731315613
bruteForce,300,0,62,5059.84,120.07127642631531
bruteForce,300,0,63,5394.55,120.0666069984436
bruteForce,300,0,64,5376.85,120.06520819664001
bruteForce,300,0,65,5250.94,120.057861328125
bruteForce,300,0,66,5335.94,120.0626471042633
bruteForce,300,0,67,5111.25,120.06877160072327
bruteForce,300,0,68,5455.64,120.06425952911377
bruteForce,300,0,69,5236.05,120.05733680725098
bruteForce,300,0,70,5275.73,120.05092668533325
bruteForce,300,0,71,5256.71,120.05858874320984
bruteForce,300,0,72,5299.09,120.07230925559998
bruteForce,300,0,73,5164.73,120.07097220420837
bruteForce,300,0,74,5272.42,120.06090307235718
bruteForce,300,0,75,5101.09,120.06748247146606
bruteForce,300,0,76,5402.8,120.06916904449463
bruteForce,300,0,77,5111.92,120.06335544586182
bruteForce,300,0,78,5288.61,120.0664496421814
bruteForce,300,0,79,5357.88,120.08463597297668
bruteForce,300,0,80,5220.47,120.07492589950562
bruteForce,300,0,81,5274.41,120.06803846359253
bruteForce,300,0,82,5195.78,120.08443808555603
bruteForce,300,0,83,5270.14,120.08434915542603
bruteForce,300,0,84,5170.81,120.08243536949158
bruteForce,300,0,85,5186.93,120.0791084766388
bruteForce,300,0,86,5341.63,120.08795523643494
bruteForce,300,0,87,5213.12,120.0836570262909
bruteForce,300,0,88,5239.04,120.075359582901
bruteForce,300,0,89,5171.9,120.08715295791626
bruteForce,300,0,90,5201.38,120.09477543830872
bruteForce,300,0,91,5328.42,120.08246183395386
bruteForce,300,0,92,5324.16,120.08948183059692
bruteForce,300,0,93,5241.01,120.08110761642456
bruteForce,300,0,94,5155.26,120.08905911445618
bruteForce,300,0,95,5303.85,120.08649516105652
bruteForce,300,0,96,5072.95,120.085031747818
bruteForce,300,0,97,5403.68,120.0781660079956
bruteForce,300,0,98,5174.83,120.07875156402588
bruteForce,300,0,99,5212.33,120.06966519355774
bruteForce,300,10,0,5165.58,120.08005833625793
bruteForce,300,10,1,5368.07,120.07692956924438
bruteForce,300,10,2,5171.94,120.08829998970032
bruteForce,300,10,3,5211.6,120.08844137191772
bruteForce,300,10,4,5392.58,120.08703851699829
bruteForce,300,10,5,5283.84,120.0852153301239
bruteForce,300,10,6,5262.74,120.08519983291626
bruteForce,300,10,7,5186.57,120.09157943725586
bruteForce,300,10,8,4960.57,120.08275604248047
bruteForce,300,10,9,5267.63,120.07940578460693
bruteForce,300,10,10,5485.35,120.0752227306366
bruteForce,300,10,11,5256.24,120.07758831977844
bruteForce,300,10,12,5273.16,120.06425356864929
bruteForce,300,10,13,5288.39,120.09268569946289
bruteForce,300,10,14,5189.94,120.08438205718994
bruteForce,300,10,15,5323.16,120.06920456886292
bruteForce,300,10,16,5144.36,120.09521865844727
bruteForce,300,10,17,5311.86,120.0782196521759
bruteForce,300,10,18,5093.82,120.07962393760681
bruteForce,300,10,19,5251.92,120.0862021446228
bruteForce,300,10,20,5480.69,120.06335663795471
bruteForce,300,10,21,5324.07,120.07543063163757
bruteForce,300,10,22,5082.5,120.07288455963135
bruteForce,300,10,23,5213.27,120.06815695762634
bruteForce,300,10,24,5244.24,120.07405853271484
bruteForce,300,10,25,5327.17,120.07592248916626
bruteForce,300,10,26,5440.75,120.0754463672638
bruteForce,300,10,27,4992.92,120.07735419273376
bruteForce,300,10,28,5076.41,120.08224582672119
bruteForce,300,10,29,5221.9,120.0701093673706
bruteForce,300,10,30,5309.94,120.06397247314453
bruteForce,300,10,31,5331.54,120.07462620735168
bruteForce,300,10,32,5257.94,120.08137249946594
bruteForce,300,10,33,5076.6,120.07438969612122
bruteForce,300,10,34,5276.43,120.06649446487427
bruteForce,300,10,35,5231.54,120.07824563980103
bruteForce,300,10,36,5447.17,120.07798790931702
bruteForce,300,10,37,5407.19,120.08012795448303
bruteForce,300,10,38,5140.25,120.06261277198792
bruteForce,300,10,39,5402.82,120.08060050010681
bruteForce,300,10,40,5191.02,120.0756266117096
bruteForce,300,10,41,5456.09,120.06397795677185
bruteForce,300,10,42,5238.66,121.15434193611145
bruteForce,300,10,43,5332.15,120.07848882675171
bruteForce,300,10,44,5300.39,120.07067346572876
bruteForce,300,10,45,5259.04,120.06434154510498
bruteForce,300,10,46,5223.18,120.08153295516968
bruteForce,300,10,47,5267.52,120.07337927818298
bruteForce,300,10,48,4989.7,120.0746397972107
bruteForce,300,10,49,5307.61,120.94791316986084
bruteForce,300,10,50,5552.97,120.07201194763184
bruteForce,300,10,51,5428.59,120.06986618041992
bruteForce,300,10,52,4945.37,120.07529997825623
bruteForce,300,10,53,5219.82,120.08109736442566
bruteForce,300,10,54,5346.12,120.05820274353027
bruteForce,300,10,55,5058.14,120.06500697135925
bruteForce,300,10,56,5253.83,120.07403564453125
bruteForce,300,10,57,5247.59,120.07310795783997
bruteForce,300,10,58,5270.38,120.07706212997437
bruteForce,300,10,59,5242.65,120.07213544845581
bruteForce,300,10,60,5324.94,120.071049451828
bruteForce,300,10,61,5233.13,120.07686614990234
bruteForce,300,10,62,4972.64,120.07158350944519
bruteForce,300,10,63,5275.14,120.07695698738098
bruteForce,300,10,64,5356.88,120.07735013961792
bruteForce,300,10,65,5283.0,120.07014107704163
bruteForce,300,10,66,5225.2,120.08015966415405
bruteForce,300,10,67,5109.65,120.07263731956482
bruteForce,300,10,68,5424.37,120.06519389152527
bruteForce,300,10,69,5207.21,120.059805393219
bruteForce,300,10,70,5152.54,120.06151223182678
bruteForce,300,10,71,5322.51,120.06583452224731
bruteForce,300,10,72,5269.66,120.07533979415894
bruteForce,300,10,73,5275.3,120.0773332118988
bruteForce,300,10,74,5244.49,120.06662511825562
bruteForce,300,10,75,5171.89,120.06590175628662
bruteForce,300,10,76,5130.75,120.07819080352783
bruteForce,300,10,77,4944.42,120.07039880752563
bruteForce,300,10,78,5292.37,120.07204222679138
bruteForce,300,10,79,5431.83,120.08699822425842
bruteForce,300,10,80,5341.07,120.0687243938446
bruteForce,300,10,81,5154.26,120.05729389190674
bruteForce,300,10,82,5196.75,120.06974077224731
bruteForce,300,10,83,5227.57,120.06637144088745
bruteForce,300,10,84,5188.88,120.07465887069702
bruteForce,300,10,85,5024.27,120.0665774345398
bruteForce,300,10,86,5288.19,120.06749701499939
bruteForce,300,10,87,5360.57,120.07531237602234
bruteForce,300,10,88,5229.62,120.0785117149353
bruteForce,300,10,89,5077.02,120.07435083389282
bruteForce,300,10,90,5181.39,120.07549118995667
bruteForce,300,10,91,5317.22,120.06489658355713
bruteForce,300,10,92,5362.37,120.08096289634705
bruteForce,300,10,93,5216.81,120.07024145126343
bruteForce,300,10,94,5182.22,120.07708716392517
bruteForce,300,10,95,5296.36,120.07029008865356
bruteForce,300,10,96,5048.3,120.07542157173157
bruteForce,300,10,97,5265.77,120.07076287269592
bruteForce,300,10,98,5080.56,120.06457853317261
bruteForce,300,10,99,5288.95,120.06438493728638
bruteForce,300,20,0,5020.62,120.07177305221558
bruteForce,300,20,1,5123.84,120.07172560691833
bruteForce,300,20,2,5153.45,120.08007597923279
bruteForce,300,20,3,5272.51,120.0774495601654
bruteForce,300,20,4,5555.97,120.07619786262512
bruteForce,300,20,5,5305.5,120.07672715187073
bruteForce,300,20,6,5323.42,120.0716712474823
bruteForce,300,20,7,5110.26,120.0750105381012
bruteForce,300,20,8,4958.55,120.07459473609924
bruteForce,300,20,9,5311.32,120.07276964187622
bruteForce,300,20,10,5328.4,120.06682419776917
bruteForce,300,20,11,5271.78,120.06890106201172
bruteForce,300,20,12,5296.17,120.06012010574341
bruteForce,300,20,13,5293.44,120.07379174232483
bruteForce,300,20,14,5260.5,120.07618260383606
bruteForce,300,20,15,5187.81,120.05906534194946
bruteForce,300,20,16,5120.69,120.08200097084045
bruteForce,300,20,17,5240.22,120.07174015045166
bruteForce,300,20,18,5198.74,120.07268285751343
bruteForce,300,20,19,5295.08,120.08087301254272
bruteForce,300,20,20,5192.48,120.05794858932495
bruteForce,300,20,21,5355.31,120.07283186912537
bruteForce,300,20,22,5176.36,120.07618188858032
bruteForce,300,20,23,5385.82,120.06456232070923
bruteForce,300,20,24,5117.68,120.07107782363892
bruteForce,300,20,25,5130.68,120.07490658760071
bruteForce,300,20,26,5383.89,120.07323980331421
bruteForce,300,20,27,5192.28,120.07293772697449
bruteForce,300,20,28,5030.93,120.08159184455872
bruteForce,300,20,29,5335.81,120.08128118515015
bruteForce,300,20,30,5363.54,120.06973528862
bruteForce,300,20,31,5245.45,120.07622361183167
bruteForce,300,20,32,5287.06,120.08010172843933
bruteForce,300,20,33,5277.4,120.08679986000061
bruteForce,300,20,34,5210.36,120.06955766677856
bruteForce,300,20,35,5291.48,120.09064269065857
bruteForce,300,20,36,5125.46,120.07335543632507
bruteForce,300,20,37,5303.64,120.10888504981995
bruteForce,300,20,38,5210.34,120.07147645950317
bruteForce,300,20,39,5422.63,120.08509659767151
bruteForce,300,20,40,5101.05,120.0880777835846
bruteForce,300,20,41,5400.19,120.06865954399109
bruteForce,300,20,42,5209.68,120.08504438400269
bruteForce,300,20,43,5224.74,120.08611869812012
bruteForce,300,20,44,5343.28,120.07447409629822
bruteForce,300,20,45,5387.53,120.07028913497925
bruteForce,300,20,46,5160.33,120.08448767662048
bruteForce,300,20,47,5396.54,120.08366990089417
bruteForce,300,20,48,5082.79,120.07375073432922
bruteForce,300,20,49,5240.23,120.0770833492279
bruteForce,300,20,50,5448.01,120.07832479476929
bruteForce,300,20,51,5352.5,120.07837533950806
bruteForce,300,20,52,5049.86,120.07666754722595
bruteForce,300,20,53,5108.86,120.08487796783447
bruteForce,300,20,54,5342.48,120.08152031898499
bruteForce,300,20,55,5210.47,120.07329821586609
bruteForce,300,20,56,5403.69,120.07302403450012
bruteForce,300,20,57,5169.52,120.07768940925598
bruteForce,300,20,58,5139.54,120.07185053825378
bruteForce,300,20,59,5201.66,120.07149195671082
bruteForce,300,20,60,5309.55,120.07926416397095
bruteForce,300,20,61,5420.77,120.07812213897705
bruteForce,300,20,62,5073.26,120.07337307929993
bruteForce,300,20,63,5395.51,120.08304357528687
bruteForce,300,20,64,5245.11,120.08854842185974
bruteForce,300,20,65,5359.3,120.07366394996643
bruteForce,300,20,66,5241.07,120.08205032348633
bruteForce,300,20,67,5149.01,120.07508969306946
bruteForce,300,20,68,5436.82,120.07572984695435
bruteForce,300,20,69,5365.44,120.0654845237732
bruteForce,300,20,70,5220.33,120.06842994689941
bruteForce,300,20,71,5165.92,120.06888604164124
bruteForce,300,20,72,5411.16,120.08086037635803
bruteForce,300,20,73,5202.22,120.07815885543823
bruteForce,300,20,74,5319.84,120.06857109069824
bruteForce,300,20,75,5116.01,120.07664084434509
bruteForce,300,20,76,5255.31,120.08334279060364
bruteForce,300,20,77,5080.37,120.07352471351624
bruteForce,300,20,78,5446.27,120.07975602149963
bruteForce,300,20,79,5267.89,120.08727955818176
bruteForce,300,20,80,5250.09,120.07405591011047
bruteForce,300,20,81,5260.03,120.06521320343018
bruteForce,300,20,82,5323.26,120.07886385917664
bruteForce,300,20,83,5167.33,120.07621455192566
bruteForce,300,20,84,5195.57,120.07875895500183
bruteForce,300,20,85,5295.26,120.06671142578125
bruteForce,300,20,86,5169.74,120.06871891021729
bruteForce,300,20,87,5359.33,120.0776150226593
bruteForce,300,20,88,5204.1,120.08405375480652
bruteForce,300,20,89,5277.57,120.07677340507507
bruteForce,300,20,90,5285.41,120.07751893997192
bruteForce,300,20,91,5413.92,120.06354022026062
bruteForce,300,20,92,5330.92,120.08017158508301
bruteForce,300,20,93,5155.09,120.0705976486206
bruteForce,300,20,94,4942.74,120.07505655288696
bruteForce,300,20,95,5285.93,120.07500553131104
bruteForce,300,20,96,5064.67,120.0777382850647
bruteForce,300,20,97,5462.27,120.070720911026
bruteForce,300,20,98,5143.16,120.06315064430237
bruteForce,300,20,99,5301.21,120.06786727905273
bruteForce,300,30,0,4969.78,120.07684874534607
bruteForce,300,30,1,5107.51,120.07591223716736
bruteForce,300,30,2,4942.41,120.06849813461304
bruteForce,300,30,3,5201.0,120.07983422279358
bruteForce,300,30,4,5447.52,120.07909941673279
bruteForce,300,30,5,5346.95,120.08113980293274
bruteForce,300,30,6,5314.26,120.07426595687866
bruteForce,300,30,7,5115.18,120.0835828781128
bruteForce,300,30,8,5057.44,120.08742666244507
bruteForce,300,30,9,5377.53,120.0816011428833
bruteForce,300,30,10,5479.01,120.06984066963196
bruteForce,300,30,11,5102.17,120.07180881500244
bruteForce,300,30,12,5257.22,120.06388664245605
bruteForce,300,30,13,5402.4,120.07924318313599
bruteForce,300,30,14,5329.9,120.0778386592865
bruteForce,300,30,15,5098.2,120.06517338752747
bruteForce,300,30,16,5066.71,120.08947849273682
bruteForce,300,30,17,5229.42,120.07848858833313
bruteForce,300,30,18,5172.65,120.08116793632507
bruteForce,300,30,19,5192.67,120.08341574668884
bruteForce,300,30,20,5425.32,120.07191562652588
bruteForce,300,30,21,5425.29,120.07984852790833
bruteForce,300,30,22,5153.61,120.07869124412537
bruteForce,300,30,23,5086.62,120.0698254108429
bruteForce,300,30,24,5201.84,120.06688618659973
bruteForce,300,30,25,5073.07,120.08254981040955
bruteForce,300,30,26,5279.92,120.0717568397522
bruteForce,300,30,27,5007.48,120.07051539421082
bruteForce,300,30,28,5151.2,120.07838654518127
bruteForce,300,30,29,5306.1,120.07693195343018
bruteForce,300,30,30,5400.07,120.06566023826599
bruteForce,300,30,31,5410.04,120.07695174217224
bruteForce,300,30,32,5164.31,120.08015370368958
bruteForce,300,30,33,5164.65,120.07608127593994
bruteForce,300,30,34,5269.33,120.071692943573
bruteForce,300,30,35,5318.9,120.08611369132996
bruteForce,300,30,36,5387.7,120.07297706604004
bruteForce,300,30,37,5325.03,120.07796812057495
bruteForce,300,30,38,5299.58,120.06747722625732
bruteForce,300,30,39,5244.82,120.0868968963623
bruteForce,300,30,40,5372.44,120.08292961120605
bruteForce,300,30,41,5332.71,120.06842422485352
bruteForce,300,30,42,5161.7,120.06420540809631
bruteForce,300,30,43,5232.87,120.08269262313843
bruteForce,300,30,44,5231.82,120.07123064994812
bruteForce,300,30,45,5256.39,120.06684517860413
bruteForce,300,30,46,5225.73,120.08394646644592
bruteForce,300,30,47,5275.99,120.0704174041748
bruteForce,300,30,48,5009.46,120.07613682746887
bruteForce,300,30,49,5174.15,120.08114910125732
bruteForce,300,30,50,5461.1,120.08110761642456
bruteForce,300,30,51,5319.77,120.07497000694275
bruteForce,300,30,52,4962.3,120.07586526870728
bruteForce,300,30,53,5175.43,120.07926940917969
bruteForce,300,30,54,5243.91,120.07139086723328
bruteForce,300,30,55,5220.69,120.0672836303711
bruteForce,300,30,56,5439.88,120.07201170921326
bruteForce,300,30,57,5284.52,120.07746982574463
bruteForce,300,30,58,5008.34,120.08044457435608
bruteForce,300,30,59,5209.83,120.06764698028564
bruteForce,300,30,60,5193.28,120.07136487960815
bruteForce,300,30,61,5321.79,120.08635258674622
bruteForce,300,30,62,5112.95,120.07283353805542
bruteForce,300,30,63,5360.86,120.07623624801636
bruteForce,300,30,64,5256.71,120.07399535179138
bruteForce,300,30,65,5122.27,120.06748485565186
bruteForce,300,30,66,5172.88,120.07191109657288
bruteForce,300,30,67,4998.75,120.08001637458801
bruteForce,300,30,68,5545.15,120.07368612289429
bruteForce,300,30,69,5350.0,120.06710290908813
bruteForce,300,30,70,5268.23,120.07553815841675
bruteForce,300,30,71,5065.79,120.07117247581482
bruteForce,300,30,72,5270.89,120.0793981552124
bruteForce,300,30,73,5258.23,120.08231449127197
bruteForce,300,30,74,5272.94,120.08359241485596
bruteForce,300,30,75,5148.51,120.07967710494995
bruteForce,300,30,76,5197.83,120.08129382133484
bruteForce,300,30,77,4975.15,120.07272672653198
bruteForce,300,30,78,5442.31,120.07587718963623
bruteForce,300,30,79,5295.0,120.08457159996033
bruteForce,300,30,80,5336.29,120.07776999473572
bruteForce,300,30,81,5284.52,120.07018899917603
bruteForce,300,30,82,5063.22,120.06973505020142
bruteForce,300,30,83,5180.83,120.07524847984314
bruteForce,300,30,84,5262.0,120.07691693305969
bruteForce,300,30,85,5321.94,120.07174801826477
bruteForce,300,30,86,5133.97,120.06941390037537
bruteForce,300,30,87,5269.61,120.07296180725098
bruteForce,300,30,88,5331.86,120.08377575874329
bruteForce,300,30,89,5322.75,120.07807421684265
bruteForce,300,30,90,5244.53,120.07585573196411
bruteForce,300,30,91,5386.81,120.06948137283325
bruteForce,300,30,92,5300.9,120.08861470222473
bruteForce,300,30,93,5123.92,120.07697439193726
bruteForce,300,30,94,5144.6,120.07703757286072
bruteForce,300,30,95,5446.59,120.08226561546326
bruteForce,300,30,96,5250.59,120.0806303024292
bruteForce,300,30,97,5340.6,120.07289433479309
bruteForce,300,30,98,5224.92,120.07189655303955
bruteForce,300,30,99,5355.52,120.07044792175293
bruteForce,300,40,0,4945.24,120.07582926750183
bruteForce,300,40,1,5192.85,120.07298231124878
bruteForce,300,40,2,5062.19,120.0853316783905
bruteForce,300,40,3,5226.06,120.07521176338196
bruteForce,300,40,4,5334.93,120.07894396781921
bruteForce,300,40,5,5417.51,120.08024287223816
bruteForce,300,40,6,5316.78,120.08503818511963
bruteForce,300,40,7,5016.11,120.08371806144714
bruteForce,300,40,8,5324.19,120.07962393760681
bruteForce,300,40,9,5152.41,120.08157539367676
bruteForce,300,40,10,5428.81,120.07293176651001
bruteForce,300,40,11,5212.67,120.07329249382019
bruteForce,300,40,12,5260.09,120.06699538230896
bruteForce,300,40,13,5481.01,120.08285474777222
bruteForce,300,40,14,5288.94,120.0799355506897
bruteForce,300,40,15,5137.95,120.0636510848999
bruteForce,300,40,16,5225.74,120.08833885192871
bruteForce,300,40,17,5178.04,120.07655191421509
bruteForce,300,40,18,5331.48,120.07445645332336
bruteForce,300,40,19,5273.38,120.0862991809845
bruteForce,300,40,20,5273.57,120.06690526008606
bruteForce,300,40,21,5429.69,120.09044623374939
bruteForce,300,40,22,5220.93,120.08047008514404
bruteForce,300,40,23,5207.75,120.06395983695984
bruteForce,300,40,24,5090.37,120.07587361335754
bruteForce,300,40,25,5005.27,120.07931447029114
bruteForce,300,40,26,5414.29,120.07416248321533
bruteForce,300,40,27,5194.9,120.07393264770508
bruteForce,300,40,28,5161.23,120.07851719856262
bruteForce,300,40,29,5189.53,120.07990145683289
bruteForce,300,40,30,5240.39,120.0667712688446
bruteForce,300,40,31,5337.41,120.0711715221405
bruteForce,300,40,32,5179.51,120.07941603660583
bruteForce,300,40,33,5159.09,120.08208775520325
bruteForce,300,40,34,5188.91,120.06056261062622
bruteForce,300,40,35,5185.88,120.08965539932251
bruteForce,300,40,36,5265.28,120.07498168945312
bruteForce,300,40,37,5254.69,120.08572745323181
bruteForce,300,40,38,5303.42,120.08054804801941
bruteForce,300,40,39,5327.96,120.08237218856812
bruteForce,300,40,40,5233.84,120.07256889343262
bruteForce,300,40,41,5436.19,120.0663468837738
bruteForce,300,40,42,5220.23,120.06448602676392
bruteForce,300,40,43,5332.66,120.0814151763916
bruteForce,300,40,44,5322.59,120.06891989707947
bruteForce,300,40,45,5366.82,120.06579947471619
bruteForce,300,40,46,5089.97,120.08169746398926
bruteForce,300,40,47,5413.44,120.07326221466064
bruteForce,300,40,48,5011.88,120.07483768463135
bruteForce,300,40,49,5192.47,120.0854275226593
bruteForce,300,40,50,5367.02,120.0802972316742
bruteForce,300,40,51,5311.8,120.08131742477417
bruteForce,300,40,52,5073.04,120.0772397518158
bruteForce,300,40,53,5082.29,120.08934330940247
bruteForce,300,40,54,5375.5,120.08280491828918
bruteForce,300,40,55,5233.74,120.07175993919373
bruteForce,300,40,56,5264.03,120.06555390357971
bruteForce,300,40,57,5253.17,120.07530498504639
bruteForce,300,40,58,4954.44,120.0818772315979
bruteForce,300,40,59,5220.99,120.06936073303223
bruteForce,300,40,60,5225.1,120.07506895065308
bruteForce,300,40,61,5220.53,120.08165836334229
bruteForce,300,40,62,5176.02,120.0704939365387
bruteForce,300,40,63,5261.06,120.07292747497559
bruteForce,300,40,64,5315.38,120.07745409011841
bruteForce,300,40,65,5108.55,120.0691773891449
bruteForce,300,40,66,5384.37,120.07353353500366
bruteForce,300,40,67,5020.88,120.07524561882019
bruteForce,300,40,68,5514.97,120.07230496406555
bruteForce,300,40,69,5196.72,120.07894611358643
bruteForce,300,40,70,5380.84,120.06198382377625
bruteForce,300,40,71,5231.12,120.07030582427979
bruteForce,300,40,72,5243.79,120.08215427398682
bruteForce,300,40,73,5067.49,120.08167934417725
bruteForce,300,40,74,5305.22,120.0630521774292
bruteForce,300,40,75,5147.41,120.07071304321289
bruteForce,300,40,76,5209.89,120.06833505630493
bruteForce,300,40,77,5013.08,120.07249736785889
bruteForce,300,40,78,5552.81,120.06703209877014
bruteForce,300,40,79,5245.23,120.08205056190491
bruteForce,300,40,80,5236.03,120.07063150405884
bruteForce,300,40,81,5259.86,120.0634195804596
bruteForce,300,40,82,5099.74,120.07303857803345
bruteForce,300,40,83,5245.25,120.0702064037323
bruteForce,300,40,84,5254.77,120.06713223457336
bruteForce,300,40,85,5230.38,120.06646609306335
bruteForce,300,40,86,5282.49,120.06685090065002
bruteForce,300,40,87,5331.42,120.07218098640442
bruteForce,300,40,88,5208.17,120.0768780708313
bruteForce,300,40,89,5238.89,120.07668495178223
bruteForce,300,40,90,5241.52,120.07299876213074
bruteForce,300,40,91,5464.5,120.06795287132263
bruteForce,300,40,92,5363.4,120.08123540878296
bruteForce,300,40,93,5125.7,120.06941294670105
bruteForce,300,40,94,5032.9,120.0752329826355
bruteForce,300,40,95,5286.57,120.07267332077026
bruteForce,300,40,96,5135.68,120.07081055641174
bruteForce,300,40,97,5490.57,120.06882381439209
bruteForce,300,40,98,5149.92,120.06552028656006
bruteForce,300,40,99,5251.12,120.06420612335205
bruteForce,300,50,0,5000.54,120.07713460922241
bruteForce,300,50,1,5248.34,120.07034182548523
bruteForce,300,50,2,5154.24,120.07370638847351
bruteForce,300,50,3,5066.05,120.07737326622009
bruteForce,300,50,4,5376.43,120.0618269443512
bruteForce,300,50,5,5273.86,120.07415676116943
bruteForce,300,50,6,5334.58,120.07847023010254
bruteForce,300,50,7,5200.45,120.07424712181091
bruteForce,300,50,8,5094.47,120.08105444908142
bruteForce,300,50,9,5337.61,120.08744096755981
bruteForce,300,50,10,5409.8,120.08219170570374
bruteForce,300,50,11,5269.85,120.07390713691711
bruteForce,300,50,12,5439.03,120.06476259231567
bruteForce,300,50,13,5409.24,120.06674575805664
bruteForce,300,50,14,5208.96,120.0711977481842
bruteForce,300,50,15,5062.52,120.06874012947083
bruteForce,300,50,16,5125.44,120.0731155872345
bruteForce,300,50,17,5152.12,120.06615352630615
bruteForce,300,50,18,5186.85,120.06596612930298
bruteForce,300,50,19,5201.59,120.07657933235168
bruteForce,300,50,20,5312.25,120.07839941978455
bruteForce,300,50,21,5306.71,120.07628607749939
bruteForce,300,50,22,5046.92,120.07108044624329
bruteForce,300,50,23,5178.34,120.07141017913818
bruteForce,300,50,24,5128.63,120.07741570472717
bruteForce,300,50,25,5308.11,120.07615256309509
bruteForce,300,50,26,5345.57,120.0746123790741
bruteForce,300,50,27,5125.53,120.07377457618713
bruteForce,300,50,28,5179.25,120.06955814361572
bruteForce,300,50,29,5231.35,120.06741166114807
bruteForce,300,50,30,5306.33,120.06406021118164
bruteForce,300,50,31,5213.76,120.06916332244873
bruteForce,300,50,32,5174.37,120.081627368927
bruteForce,300,50,33,4982.15,120.07421350479126
bruteForce,300,50,34,5215.54,120.06498980522156
bruteForce,300,50,35,5152.26,120.07603573799133
bruteForce,300,50,36,5259.2,120.07887363433838
bruteForce,300,50,37,5415.17,120.07626938819885
bruteForce,300,50,38,5220.95,120.06962251663208
bruteForce,300,50,39,5399.93,120.07701826095581
bruteForce,300,50,40,5175.04,120.0841600894928
bruteForce,300,50,41,5298.21,120.06762838363647
bruteForce,300,50,42,5330.12,120.08612155914307
bruteForce,300,50,43,5483.42,120.066978931427
bruteForce,300,50,44,5336.49,120.07113289833069
bruteForce,300,50,45,5439.12,120.07913851737976
bruteForce,300,50,46,5083.74,120.08237099647522
bruteForce,300,50,47,5341.37,120.07457733154297
bruteForce,300,50,48,4994.38,120.07372879981995
bruteForce,300,50,49,5263.01,120.08002662658691
bruteForce,300,50,50,5462.83,120.0765163898468
bruteForce,300,50,51,5345.86,120.07543063163757
bruteForce,300,50,52,4996.07,120.07883048057556
bruteForce,300,50,53,5102.75,120.07673001289368
bruteForce,300,50,54,5209.92,120.07751202583313
bruteForce,300,50,55,5216.92,120.0777382850647
bruteForce,300,50,56,5311.05,120.07289242744446
bruteForce,300,50,57,5367.52,120.07338500022888
bruteForce,300,50,58,5040.34,120.07555890083313
bruteForce,300,50,59,5209.3,120.0779287815094
bruteForce,300,50,60,5370.81,120.06935596466064
bruteForce,300,50,61,5239.89,120.09331560134888
bruteForce,300,50,62,5068.05,120.08257722854614
bruteForce,300,50,63,5388.82,120.07972764968872
bruteForce,300,50,64,5147.67,120.08228778839111
bruteForce,300,50,65,5130.03,120.07130217552185
bruteForce,300,50,66,5356.69,120.0777759552002
bruteForce,300,50,67,4926.06,120.06938886642456
bruteForce,300,50,68,5517.34,120.07797002792358
bruteForce,300,50,69,5349.69,120.07786107063293
bruteForce,300,50,70,5099.66,120.06942677497864
bruteForce,300,50,71,5047.51,120.08186721801758
bruteForce,300,50,72,5374.45,120.08583450317383
bruteForce,300,50,73,5256.2,120.07802414894104
bruteForce,300,50,74,5206.94,120.0668261051178
bruteForce,300,50,75,5017.01,120.07711386680603
bruteForce,300,50,76,5123.04,120.0814938545227
bruteForce,300,50,77,4955.17,120.08419704437256
bruteForce,300,50,78,5352.32,120.07360124588013
bruteForce,300,50,79,5357.2,120.08565425872803
bruteForce,300,50,80,5439.87,120.07505106925964
bruteForce,300,50,81,5270.15,120.07403016090393
bruteForce,300,50,82,5085.15,120.0808334350586
bruteForce,300,50,83,5215.36,120.07325553894043
bruteForce,300,50,84,5377.62,120.07537031173706
bruteForce,300,50,85,5303.63,120.06869792938232
bruteForce,300,50,86,5121.86,120.07036113739014
bruteForce,300,50,87,5235.63,120.07723188400269
bruteForce,300,50,88,5240.6,120.08260250091553
bruteForce,300,50,89,5203.8,120.08177971839905
bruteForce,300,50,90,5286.97,120.08175802230835
bruteForce,300,50,91,5458.4,120.07385849952698
bruteForce,300,50,92,5473.17,120.0849199295044
bruteForce,300,50,93,5234.71,120.0745279788971
bruteForce,300,50,94,5063.89,120.07887864112854
bruteForce,300,50,95,5321.4,120.07168102264404
bruteForce,300,50,96,5010.23,120.06700897216797
bruteForce,300,50,97,5384.43,120.07516717910767
bruteForce,300,50,98,5249.26,120.07521867752075
bruteForce,300,50,99,5254.62,120.07296657562256
bruteForce,300,60,0,5026.48,120.0830340385437
bruteForce,300,60,1,5191.44,120.07954001426697
bruteForce,300,60,2,5002.85,120.07179641723633
bruteForce,300,60,3,5024.25,120.08354806900024
bruteForce,300,60,4,5398.19,120.06889152526855
bruteForce,300,60,5,5284.89,120.07789158821106
bruteForce,300,60,6,5371.77,120.07256031036377
bruteForce,300,60,7,5131.62,120.06853604316711
bruteForce,300,60,8,5186.25,120.23546600341797
bruteForce,300,60,9,5132.9,120.0668592453003
bruteForce,300,60,10,5566.43,120.06962394714355
bruteForce,300,60,11,5187.53,120.06782078742981
bruteForce,300,60,12,5510.35,120.06237578392029
bruteForce,300,60,13,5177.71,120.07635545730591
bruteForce,300,60,14,5271.86,120.06650376319885
bruteForce,300,60,15,5121.99,120.08086490631104
bruteForce,300,60,16,5340.88,120.06904101371765
bruteForce,300,60,17,5281.93,120.07142305374146
bruteForce,300,60,18,5269.8,120.06364345550537
bruteForce,300,60,19,5247.54,120.06766867637634
bruteForce,300,60,20,5411.28,120.06297421455383
bruteForce,300,60,21,5370.7,120.06494498252869
bruteForce,300,60,22,5228.14,120.0757269859314
bruteForce,300,60,23,5323.1,120.07324051856995
bruteForce,300,60,24,5055.87,120.07269048690796
bruteForce,300,60,25,5129.09,120.07170963287354
bruteForce,300,60,26,5329.67,120.06335687637329
bruteForce,300,60,27,5088.92,120.06646585464478
bruteForce,300,60,28,5128.67,120.0699315071106
bruteForce,300,60,29,5287.0,120.07007646560669
bruteForce,300,60,30,5387.88,120.06084680557251
bruteForce,300,60,31,5212.0,120.07559537887573
bruteForce,300,60,32,5222.31,120.07872891426086
bruteForce,300,60,33,5286.43,120.06483554840088
bruteForce,300,60,34,5277.64,120.06120157241821
bruteForce,300,60,35,5113.58,120.07687211036682
bruteForce,300,60,36,5306.52,120.07655930519104
bruteForce,300,60,37,5438.19,120.06613373756409
bruteForce,300,60,38,5161.19,120.06188178062439
bruteForce,300,60,39,5309.27,120.07069277763367
bruteForce,300,60,40,5158.42,120.07652640342712
bruteForce,300,60,41,5394.84,120.06521701812744
bruteForce,300,60,42,5128.99,120.05875730514526
bruteForce,300,60,43,5374.19,120.07949757575989
bruteForce,300,60,44,5410.75,120.071462392807
bruteForce,300,60,45,5403.37,120.0734338760376
bruteForce,300,60,46,4983.29,120.07131385803223
bruteForce,300,60,47,5337.0,120.0670096874237
bruteForce,300,60,48,4988.03,120.06924247741699
bruteForce,300,60,49,5250.83,120.07136559486389
bruteForce,300,60,50,5410.44,120.07262897491455
bruteForce,300,60,51,5563.13,120.06982970237732
bruteForce,300,60,52,4952.38,120.0712342262268
bruteForce,300,60,53,5177.29,120.08236885070801
bruteForce,300,60,54,5297.42,120.07055234909058
bruteForce,300,60,55,5254.56,120.07386302947998
bruteForce,300,60,56,5459.06,120.07380223274231
bruteForce,300,60,57,5213.88,120.07181549072266
bruteForce,300,60,58,4962.04,120.07853055000305
bruteForce,300,60,59,5303.2,120.07063317298889
bruteForce,300,60,60,5289.54,120.059321641922
bruteForce,300,60,61,5329.48,120.08023309707642
bruteForce,300,60,62,5157.15,120.0701310634613
bruteForce,300,60,63,5212.44,120.07556056976318
bruteForce,300,60,64,5134.3,120.0719964504242
bruteForce,300,60,65,5201.78,120.07315325737
bruteForce,300,60,66,5249.55,120.07103872299194
bruteForce,300,60,67,5049.77,120.06872844696045
bruteForce,300,60,68,5564.18,120.06558084487915
bruteForce,300,60,69,5487.09,120.05809569358826
bruteForce,300,60,70,5414.47,120.06110858917236
bruteForce,300,60,71,5108.33,120.06637787818909
bruteForce,300,60,72,5292.09,120.06065535545349
bruteForce,300,60,73,5372.54,120.07190561294556
bruteForce,300,60,74,5126.51,120.06670188903809
bruteForce,300,60,75,5144.42,120.07422637939453
bruteForce,300,60,76,5201.74,120.0841429233551
bruteForce,300,60,77,5011.41,120.07249879837036
bruteForce,300,60,78,5405.4,120.07142663002014
bruteForce,300,60,79,5316.54,120.08273363113403
bruteForce,300,60,80,5291.53,120.06176233291626
bruteForce,300,60,81,5179.86,120.0628719329834
bruteForce,300,60,82,5049.25,120.07952404022217
bruteForce,300,60,83,5228.06,120.07385563850403
bruteForce,300,60,84,5229.46,120.07769894599915
bruteForce,300,60,85,5310.24,120.0676736831665
bruteForce,300,60,86,5196.13,120.06813645362854
bruteForce,300,60,87,5347.82,120.07076072692871
bruteForce,300,60,88,5470.93,120.08255672454834
bruteForce,300,60,89,5309.95,120.07547521591187
bruteForce,300,60,90,5143.89,120.07340955734253
bruteForce,300,60,91,5310.09,120.06433391571045
bruteForce,300,60,92,5413.21,120.08223342895508
bruteForce,300,60,93,5075.8,120.06705856323242
bruteForce,300,60,94,4984.35,120.07270646095276
bruteForce,300,60,95,5270.99,120.07227754592896
bruteForce,300,60,96,5023.51,120.07406616210938
bruteForce,300,60,97,5489.78,120.069340467453
bruteForce,300,60,98,5287.19,120.06188082695007
bruteForce,300,60,99,5310.18,120.06357502937317
linearSwitchFromFluent,300,0,0,12074.05,121.30577301979065
linearSwitchFromFluent,300,0,1,12565.04,121.38003993034363
linearSwitchFromFluent,300,0,2,12560.14,121.38374304771423
linearSwitchFromFluent,300,0,3,11769.47,121.33208274841309
linearSwitchFromFluent,300,0,4,12201.67,121.33040356636047
linearSwitchFromFluent,300,0,5,12585.83,121.38822770118713
linearSwitchFromFluent,300,0,6,12090.5,121.35760474205017
linearSwitchFromFluent,300,0,7,11989.2,121.3027093410492
linearSwitchFromFluent,300,0,8,12207.77,121.35830760002136
linearSwitchFromFluent,300,0,9,12583.94,121.28815412521362
linearSwitchFromFluent,300,0,10,12632.42,121.35076189041138
linearSwitchFromFluent,300,0,11,12473.42,121.32538199424744
linearSwitchFromFluent,300,0,12,12411.03,121.36499571800232
linearSwitchFromFluent,300,0,13,12505.73,121.37810444831848
linearSwitchFromFluent,300,0,14,12538.42,121.36786484718323
linearSwitchFromFluent,300,0,15,12111.42,121.44285559654236
linearSwitchFromFluent,300,0,16,12171.64,121.42781925201416
linearSwitchFromFluent,300,0,17,12690.73,121.38144969940186
linearSwitchFromFluent,300,0,18,12302.88,121.40641331672668
linearSwitchFromFluent,300,0,19,12544.59,121.32277226448059
linearSwitchFromFluent,300,0,20,11946.57,121.43841195106506
linearSwitchFromFluent,300,0,21,12662.09,121.30730772018433
linearSwitchFromFluent,300,0,22,12468.15,121.31954431533813
linearSwitchFromFluent,300,0,23,12355.38,121.38317036628723
linearSwitchFromFluent,300,0,24,12357.63,121.3262996673584
linearSwitchFromFluent,300,0,25,12500.4,121.3923077583313
linearSwitchFromFluent,300,0,26,12212.76,121.2792763710022
linearSwitchFromFluent,300,0,27,12294.49,121.35260200500488
linearSwitchFromFluent,300,0,28,11899.92,121.30839610099792
linearSwitchFromFluent,300,0,29,11952.57,121.3769257068634
linearSwitchFromFluent,300,0,30,11992.12,121.36346077919006
linearSwitchFromFluent,300,0,31,12634.83,121.36592864990234
linearSwitchFromFluent,300,0,32,12301.28,121.37909364700317
linearSwitchFromFluent,300,0,33,12666.4,121.32042670249939
linearSwitchFromFluent,300,0,34,12344.19,121.33011746406555
linearSwitchFromFluent,300,0,35,12263.17,121.32746767997742
linearSwitchFromFluent,300,0,36,12697.26,121.32267832756042
linearSwitchFromFluent,300,0,37,12065.8,121.30519461631775
linearSwitchFromFluent,300,0,38,12474.38,121.3701503276825
linearSwitchFromFluent,300,0,39,12265.28,121.38280940055847
linearSwitchFromFluent,300,0,40,12273.07,121.30201315879822
linearSwitchFromFluent,300,0,41,12283.47,121.325679063797
linearSwitchFromFluent,300,0,42,12770.32,121.34633731842041
linearSwitchFromFluent,300,0,43,12079.43,121.35466718673706
linearSwitchFromFluent,300,0,44,12329.66,121.3819842338562
linearSwitchFromFluent,300,0,45,12282.21,121.37799787521362
linearSwitchFromFluent,300,0,46,12069.04,121.3512351512909
linearSwitchFromFluent,300,0,47,12042.96,121.37588334083557
linearSwitchFromFluent,300,0,48,12101.56,121.29088711738586
linearSwitchFromFluent,300,0,49,12378.13,121.2969982624054
linearSwitchFromFluent,300,0,50,12601.69,121.40102171897888
linearSwitchFromFluent,300,0,51,12656.82,121.3594880104065
linearSwitchFromFluent,300,0,52,12353.27,121.35410046577454
linearSwitchFromFluent,300,0,53,12579.82,121.37727069854736
linearSwitchFromFluent,300,0,54,12147.46,121.31772065162659
linearSwitchFromFluent,300,0,55,12213.71,121.40004277229309
linearSwitchFromFluent,300,0,56,12507.37,121.35631442070007
linearSwitchFromFluent,300,0,57,12568.42,121.34900689125061
linearSwitchFromFluent,300,0,58,12097.1,121.36504316329956
linearSwitchFromFluent,300,0,59,11990.52,121.33251285552979
linearSwitchFromFluent,300,0,60,12164.74,121.36581325531006
linearSwitchFromFluent,300,0,61,12622.43,121.37867856025696
linearSwitchFromFluent,300,0,62,11969.3,121.29515743255615
linearSwitchFromFluent,300,0,63,12745.85,121.32197093963623
linearSwitchFromFluent,300,0,64,12066.82,121.34936571121216
linearSwitchFromFluent,300,0,65,12686.05,121.32701778411865
linearSwitchFromFluent,300,0,66,11687.67,121.29699850082397
linearSwitchFromFluent,300,0,67,12097.67,121.30016589164734
linearSwitchFromFluent,300,0,68,12742.89,121.33832383155823
linearSwitchFromFluent,300,0,69,11852.04,121.34500455856323
linearSwitchFromFluent,300,0,70,12533.23,121.34077095985413
linearSwitchFromFluent,300,0,71,12463.97,121.42125248908997
linearSwitchFromFluent,300,0,72,12309.94,121.37866187095642
linearSwitchFromFluent,300,0,73,12444.74,121.38069367408752
linearSwitchFromFluent,300,0,74,12039.77,121.36807560920715
linearSwitchFromFluent,300,0,75,11656.98,121.39263439178467
linearSwitchFromFluent,300,0,76,12365.49,121.36014652252197
linearSwitchFromFluent,300,0,77,12355.65,121.30708646774292
linearSwitchFromFluent,300,0,78,12459.96,121.31022238731384
linearSwitchFromFluent,300,0,79,12541.38,121.33988165855408
linearSwitchFromFluent,300,0,80,12263.87,121.3774688243866
linearSwitchFromFluent,300,0,81,12068.91,121.38032698631287
linearSwitchFromFluent,300,0,82,12178.19,121.42651772499084
linearSwitchFromFluent,300,0,83,12588.37,121.37574076652527
linearSwitchFromFluent,300,0,84,11943.63,121.31225490570068
linearSwitchFromFluent,300,0,85,12437.21,121.3465006351471
linearSwitchFromFluent,300,0,86,12309.76,121.31288313865662
linearSwitchFromFluent,300,0,87,12566.47,121.3355405330658
linearSwitchFromFluent,300,0,88,12375.9,121.3108184337616
linearSwitchFromFluent,300,0,89,12414.61,121.35006928443909
linearSwitchFromFluent,300,0,90,12038.33,121.34342861175537
linearSwitchFromFluent,300,0,91,12122.83,121.33806300163269
linearSwitchFromFluent,300,0,92,12536.19,121.28171730041504
linearSwitchFromFluent,300,0,93,12511.54,121.37877464294434
linearSwitchFromFluent,300,0,94,12413.49,121.37983846664429
linearSwitchFromFluent,300,0,95,12358.4,121.3513753414154
linearSwitchFromFluent,300,0,96,11767.93,121.37358474731445
linearSwitchFromFluent,300,0,97,12664.56,121.41389656066895
linearSwitchFromFluent,300,0,98,12146.53,121.34641885757446
linearSwitchFromFluent,300,0,99,12317.3,121.26955580711365
linearSwitchFromFluent,300,10,0,12520.94,121.305251121521
linearSwitchFromFluent,300,10,1,13487.71,121.35243916511536
linearSwitchFromFluent,300,10,2,13348.66,121.32262587547302
linearSwitchFromFluent,300,10,3,12718.33,121.28850674629211
linearSwitchFromFluent,300,10,4,13011.66,121.25307035446167
linearSwitchFromFluent,300,10,5,13436.23,121.33215880393982
linearSwitchFromFluent,300,10,6,12963.24,121.22907376289368
linearSwitchFromFluent,300,10,7,12998.59,121.16729497909546
linearSwitchFromFluent,300,10,8,12987.21,121.35501503944397
linearSwitchFromFluent,300,10,9,13301.58,121.34240698814392
linearSwitchFromFluent,300,10,10,13117.46,121.32838749885559
linearSwitchFromFluent,300,10,11,13138.84,121.22562408447266
linearSwitchFromFluent,300,10,12,12722.75,121.30011248588562
linearSwitchFromFluent,300,10,13,13387.73,121.3553421497345
linearSwitchFromFluent,300,10,14,13259.37,121.34381413459778
linearSwitchFromFluent,300,10,15,13110.4,121.35325479507446
linearSwitchFromFluent,300,10,16,12976.19,121.27804851531982
linearSwitchFromFluent,300,10,17,13178.29,121.26552033424377
linearSwitchFromFluent,300,10,18,13020.92,121.3899188041687
linearSwitchFromFluent,300,10,19,13502.17,121.31857895851135
linearSwitchFromFluent,300,10,20,12798.99,121.29024457931519
linearSwitchFromFluent,300,10,21,13107.8,121.30325198173523
linearSwitchFromFluent,300,10,22,13261.46,121.34269952774048
linearSwitchFromFluent,300,10,23,12831.57,121.34532618522644
linearSwitchFromFluent,300,10,24,13298.42,121.35610723495483
linearSwitchFromFluent,300,10,25,13483.02,121.33520007133484
linearSwitchFromFluent,300,10,26,12700.84,121.2367742061615
linearSwitchFromFluent,300,10,27,13057.14,121.31577062606812
linearSwitchFromFluent,300,10,28,12510.51,121.22622466087341
linearSwitchFromFluent,300,10,29,13013.69,121.31034445762634
linearSwitchFromFluent,300,10,30,13140.84,121.32197523117065
linearSwitchFromFluent,300,10,31,13528.66,121.2823474407196
linearSwitchFromFluent,300,10,32,13529.24,121.27970337867737
linearSwitchFromFluent,300,10,33,13082.61,121.25110363960266
linearSwitchFromFluent,300,10,34,13445.94,121.30480098724365
linearSwitchFromFluent,300,10,35,12922.48,121.3249363899231
linearSwitchFromFluent,300,10,36,13156.16,121.31257224082947
linearSwitchFromFluent,300,10,37,13426.09,121.21377730369568
linearSwitchFromFluent,300,10,38,13297.87,121.34883308410645
linearSwitchFromFluent,300,10,39,13311.76,121.27379155158997
linearSwitchFromFluent,300,10,40,13570.09,121.31521248817444
linearSwitchFromFluent,300,10,41,13075.16,121.37726616859436
linearSwitchFromFluent,300,10,42,13452.02,121.38647532463074
linearSwitchFromFluent,300,10,43,12956.49,121.18343782424927
linearSwitchFromFluent,300,10,44,13544.69,121.29648637771606
linearSwitchFromFluent,300,10,45,13236.93,121.30882859230042
linearSwitchFromFluent,300,10,46,12952.55,121.28562355041504
linearSwitchFromFluent,300,10,47,12850.15,121.30414581298828
linearSwitchFromFluent,300,10,48,13111.49,121.27964949607849
linearSwitchFromFluent,300,10,49,13458.18,121.23123621940613
linearSwitchFromFluent,300,10,50,13272.58,121.37744641304016
linearSwitchFromFluent,300,10,51,13286.64,121.2704496383667
linearSwitchFromFluent,300,10,52,13472.45,121.3477234840393
linearSwitchFromFluent,300,10,53,13101.25,121.27064561843872
linearSwitchFromFluent,300,10,54,12840.42,121.28573989868164
linearSwitchFromFluent,300,10,55,13671.13,121.38469505310059
linearSwitchFromFluent,300,10,56,13065.33,121.3373339176178
linearSwitchFromFluent,300,10,57,13102.05,121.2859206199646
linearSwitchFromFluent,300,10,58,12917.08,121.35098361968994
linearSwitchFromFluent,300,10,59,12903.47,121.30969309806824
linearSwitchFromFluent,300,10,60,13131.59,121.2409098148346
linearSwitchFromFluent,300,10,61,13437.06,121.30514597892761
linearSwitchFromFluent,300,10,62,13317.97,121.20928812026978
linearSwitchFromFluent,300,10,63,13781.39,121.34319257736206
linearSwitchFromFluent,300,10,64,13060.98,121.35953760147095
linearSwitchFromFluent,300,10,65,13129.95,121.34792709350586
linearSwitchFromFluent,300,10,66,12748.66,121.23600792884827
linearSwitchFromFluent,300,10,67,13322.36,121.27792358398438
linearSwitchFromFluent,300,10,68,13566.19,121.37686777114868
linearSwitchFromFluent,300,10,69,13427.27,121.3416519165039
linearSwitchFromFluent,300,10,70,12945.49,121.32250356674194
linearSwitchFromFluent,300,10,71,13495.85,121.2928376197815
linearSwitchFromFluent,300,10,72,13442.56,121.30111289024353
linearSwitchFromFluent,300,10,73,13183.45,121.30863189697266
linearSwitchFromFluent,300,10,74,13382.83,121.25629091262817
linearSwitchFromFluent,300,10,75,12987.09,121.35854458808899
linearSwitchFromFluent,300,10,76,13428.27,121.30466032028198
linearSwitchFromFluent,300,10,77,13058.06,121.29444098472595
linearSwitchFromFluent,300,10,78,13331.26,121.2789351940155
linearSwitchFromFluent,300,10,79,13402.76,121.25355863571167
linearSwitchFromFluent,300,10,80,13320.21,121.35775208473206
linearSwitchFromFluent,300,10,81,13109.08,121.31842803955078
linearSwitchFromFluent,300,10,82,13062.41,121.36431169509888
linearSwitchFromFluent,300,10,83,13430.77,121.31834959983826
linearSwitchFromFluent,300,10,84,12672.92,121.23186540603638
linearSwitchFromFluent,300,10,85,13207.78,121.36476540565491
linearSwitchFromFluent,300,10,86,12863.67,121.31597518920898
linearSwitchFromFluent,300,10,87,13222.36,121.38085079193115
linearSwitchFromFluent,300,10,88,13095.26,121.25627207756042
linearSwitchFromFluent,300,10,89,13251.67,121.29439377784729
linearSwitchFromFluent,300,10,90,12868.66,121.40785360336304
linearSwitchFromFluent,300,10,91,13214.09,121.33336615562439
linearSwitchFromFluent,300,10,92,13250.69,121.30917930603027
linearSwitchFromFluent,300,10,93,13182.8,121.28887557983398
linearSwitchFromFluent,300,10,94,13027.55,121.3714017868042
linearSwitchFromFluent,300,10,95,13380.8,121.26883578300476
linearSwitchFromFluent,300,10,96,12663.5,121.3300793170929
linearSwitchFromFluent,300,10,97,13488.59,121.34938168525696
linearSwitchFromFluent,300,10,98,13131.68,121.29547548294067
linearSwitchFromFluent,300,10,99,13187.13,121.30436611175537
linearSwitchFromFluent,300,20,0,13211.36,121.25325512886047
linearSwitchFromFluent,300,20,1,13961.19,121.30166792869568
linearSwitchFromFluent,300,20,2,14152.43,121.23899364471436
linearSwitchFromFluent,300,20,3,12889.68,121.27624583244324
linearSwitchFromFluent,300,20,4,13636.92,121.11433863639832
linearSwitchFromFluent,300,20,5,13704.0,121.16816854476929
linearSwitchFromFluent,300,20,6,13517.2,121.16867923736572
linearSwitchFromFluent,300,20,7,13421.33,121.17538046836853
linearSwitchFromFluent,300,20,8,13460.55,121.14744830131531
linearSwitchFromFluent,300,20,9,13742.02,121.18845558166504
linearSwitchFromFluent,300,20,10,13871.75,121.02664875984192
linearSwitchFromFluent,300,20,11,13693.52,121.12583494186401
linearSwitchFromFluent,300,20,12,13900.98,121.23718428611755
linearSwitchFromFluent,300,20,13,14077.05,121.17444896697998
linearSwitchFromFluent,300,20,14,13727.81,121.26985692977905
linearSwitchFromFluent,300,20,15,13526.24,121.09195876121521
linearSwitchFromFluent,300,20,16,13239.26,121.23960328102112
linearSwitchFromFluent,300,20,17,13785.47,121.1375687122345
linearSwitchFromFluent,300,20,18,13884.97,121.18405485153198
linearSwitchFromFluent,300,20,19,13769.31,120.97168159484863
linearSwitchFromFluent,300,20,20,13429.56,121.19997930526733
linearSwitchFromFluent,300,20,21,14257.77,121.23500442504883
linearSwitchFromFluent,300,20,22,14029.92,121.1268253326416
linearSwitchFromFluent,300,20,23,13302.83,121.18515181541443
linearSwitchFromFluent,300,20,24,13986.75,121.03602695465088
linearSwitchFromFluent,300,20,25,13837.26,121.06492257118225
linearSwitchFromFluent,300,20,26,13598.21,121.1634533405304
linearSwitchFromFluent,300,20,27,13859.11,121.31696438789368
linearSwitchFromFluent,300,20,28,13115.79,121.13243126869202
linearSwitchFromFluent,300,20,29,13541.84,121.12637376785278
linearSwitchFromFluent,300,20,30,13718.37,121.11307454109192
linearSwitchFromFluent,300,20,31,13925.25,121.01656556129456
linearSwitchFromFluent,300,20,32,14434.12,121.0725269317627
linearSwitchFromFluent,300,20,33,13961.41,121.19108295440674
linearSwitchFromFluent,300,20,34,13922.65,121.26615118980408
linearSwitchFromFluent,300,20,35,13427.1,121.20197892189026
linearSwitchFromFluent,300,20,36,14229.98,121.03422498703003
linearSwitchFromFluent,300,20,37,13522.28,121.03252792358398
linearSwitchFromFluent,300,20,38,13818.9,121.14652013778687
linearSwitchFromFluent,300,20,39,13955.57,121.1838059425354
linearSwitchFromFluent,300,20,40,13931.26,121.13987445831299
linearSwitchFromFluent,300,20,41,14367.8,121.14027643203735
linearSwitchFromFluent,300,20,42,13801.33,121.16853952407837
linearSwitchFromFluent,300,20,43,13460.96,121.24587607383728
linearSwitchFromFluent,300,20,44,14251.05,121.25068664550781
linearSwitchFromFluent,300,20,45,13483.99,121.20482420921326
linearSwitchFromFluent,300,20,46,13295.1,121.255939245224
linearSwitchFromFluent,300,20,47,13587.57,121.15576243400574
linearSwitchFromFluent,300,20,48,13697.82,121.06268405914307
linearSwitchFromFluent,300,20,49,13623.88,121.10218524932861
linearSwitchFromFluent,300,20,50,14037.92,121.22504425048828
linearSwitchFromFluent,300,20,51,13747.58,121.2967426776886
linearSwitchFromFluent,300,20,52,13687.52,121.24961137771606
linearSwitchFromFluent,300,20,53,14035.36,121.19102430343628
linearSwitchFromFluent,300,20,54,13735.33,121.19171977043152
linearSwitchFromFluent,300,20,55,14013.46,121.25000095367432
linearSwitchFromFluent,300,20,56,13680.27,121.16612243652344
linearSwitchFromFluent,300,20,57,13888.05,121.17439126968384
linearSwitchFromFluent,300,20,58,13684.73,121.21573543548584
linearSwitchFromFluent,300,20,59,13694.26,121.09219098091125
linearSwitchFromFluent,300,20,60,13303.45,121.12035989761353
linearSwitchFromFluent,300,20,61,13795.01,121.34026885032654
linearSwitchFromFluent,300,20,62,13260.78,121.13265585899353
linearSwitchFromFluent,300,20,63,14153.81,121.16737747192383
linearSwitchFromFluent,300,20,64,13905.98,121.14798784255981
linearSwitchFromFluent,300,20,65,13865.92,121.11000871658325
linearSwitchFromFluent,300,20,66,13066.13,121.13133573532104
linearSwitchFromFluent,300,20,67,14258.03,121.17630815505981
linearSwitchFromFluent,300,20,68,14124.42,121.24080729484558
linearSwitchFromFluent,300,20,69,13376.13,121.29895496368408
linearSwitchFromFluent,300,20,70,14094.48,121.14329504966736
linearSwitchFromFluent,300,20,71,14305.57,121.13750314712524
linearSwitchFromFluent,300,20,72,14108.0,121.03021764755249
linearSwitchFromFluent,300,20,73,13960.0,121.1342556476593
linearSwitchFromFluent,300,20,74,14101.55,121.11138224601746
linearSwitchFromFluent,300,20,75,13193.94,121.1176552772522
linearSwitchFromFluent,300,20,76,13864.22,121.269522190094
linearSwitchFromFluent,300,20,77,13619.82,121.1544017791748
linearSwitchFromFluent,300,20,78,13588.6,121.2623279094696
linearSwitchFromFluent,300,20,79,13731.52,121.21916770935059
linearSwitchFromFluent,300,20,80,14128.66,121.20419716835022
linearSwitchFromFluent,300,20,81,13445.5,121.2420551776886
linearSwitchFromFluent,300,20,82,13895.68,121.01868891716003
linearSwitchFromFluent,300,20,83,13861.98,121.28250932693481
linearSwitchFromFluent,300,20,84,13009.35,121.22475910186768
linearSwitchFromFluent,300,20,85,13813.22,121.32054805755615
linearSwitchFromFluent,300,20,86,13486.9,120.96567726135254
linearSwitchFromFluent,300,20,87,14099.61,121.16684770584106
linearSwitchFromFluent,300,20,88,13681.91,121.11495852470398
linearSwitchFromFluent,300,20,89,13698.2,121.18668484687805
linearSwitchFromFluent,300,20,90,13576.12,121.2096815109253
linearSwitchFromFluent,300,20,91,13498.98,121.29043841362
linearSwitchFromFluent,300,20,92,13965.55,121.16098594665527
linearSwitchFromFluent,300,20,93,13628.89,121.13634419441223
linearSwitchFromFluent,300,20,94,13950.17,121.17865180969238
linearSwitchFromFluent,300,20,95,14089.41,121.2054557800293
linearSwitchFromFluent,300,20,96,13280.84,121.193838596344
linearSwitchFromFluent,300,20,97,13830.02,121.25252103805542
linearSwitchFromFluent,300,20,98,13425.61,121.26490330696106
linearSwitchFromFluent,300,20,99,13462.29,121.26207756996155
linearSwitchFromFluent,300,30,0,13586.4,121.00584197044373
linearSwitchFromFluent,300,30,1,14426.32,121.15963506698608
linearSwitchFromFluent,300,30,2,14244.01,120.97836494445801
linearSwitchFromFluent,300,30,3,13264.3,120.85564279556274
linearSwitchFromFluent,300,30,4,14036.47,120.94432520866394
linearSwitchFromFluent,300,30,5,14462.58,120.99255919456482
linearSwitchFromFluent,300,30,6,13685.81,120.81665182113647
linearSwitchFromFluent,300,30,7,13779.45,120.87580299377441
linearSwitchFromFluent,300,30,8,14287.0,121.01320219039917
linearSwitchFromFluent,300,30,9,14194.93,120.9116005897522
linearSwitchFromFluent,300,30,10,14291.25,121.0689148902893
linearSwitchFromFluent,300,30,11,14245.76,121.00166654586792
linearSwitchFromFluent,300,30,12,14104.4,120.80247831344604
linearSwitchFromFluent,300,30,13,14460.49,121.03345155715942
linearSwitchFromFluent,300,30,14,14167.03,121.05318307876587
linearSwitchFromFluent,300,30,15,14173.72,121.027184009552
linearSwitchFromFluent,300,30,16,14273.28,120.96292233467102
linearSwitchFromFluent,300,30,17,14597.98,121.07732224464417
linearSwitchFromFluent,300,30,18,14292.85,120.90165519714355
linearSwitchFromFluent,300,30,19,14145.85,120.86756014823914
linearSwitchFromFluent,300,30,20,14194.36,120.95389366149902
linearSwitchFromFluent,300,30,21,14598.49,120.85647487640381
linearSwitchFromFluent,300,30,22,14599.34,120.79926204681396
linearSwitchFromFluent,300,30,23,14052.23,121.08575105667114
linearSwitchFromFluent,300,30,24,14146.97,121.04854416847229
linearSwitchFromFluent,300,30,25,14536.17,121.07331991195679
linearSwitchFromFluent,300,30,26,13740.37,120.9044554233551
linearSwitchFromFluent,300,30,27,14408.46,121.05033898353577
linearSwitchFromFluent,300,30,28,13412.57,120.90871691703796
linearSwitchFromFluent,300,30,29,13807.08,120.99867105484009
linearSwitchFromFluent,300,30,30,14157.7,120.89654660224915
linearSwitchFromFluent,300,30,31,14426.64,120.79977750778198
linearSwitchFromFluent,300,30,32,14498.75,120.91652131080627
linearSwitchFromFluent,300,30,33,14412.83,121.13436365127563
linearSwitchFromFluent,300,30,34,14274.55,121.03632736206055
linearSwitchFromFluent,300,30,35,13753.7,120.79178929328918
linearSwitchFromFluent,300,30,36,14618.8,120.86948370933533
linearSwitchFromFluent,300,30,37,14057.58,120.82574462890625
linearSwitchFromFluent,300,30,38,14468.34,121.09029173851013
linearSwitchFromFluent,300,30,39,14509.9,120.91404581069946
linearSwitchFromFluent,300,30,40,14201.59,121.02270555496216
linearSwitchFromFluent,300,30,41,14434.22,121.09389424324036
linearSwitchFromFluent,300,30,42,14265.27,120.90552496910095
linearSwitchFromFluent,300,30,43,14032.38,121.05468201637268
linearSwitchFromFluent,300,30,44,14809.38,120.90826964378357
linearSwitchFromFluent,300,30,45,14339.08,120.8849401473999
linearSwitchFromFluent,300,30,46,14071.05,120.76923537254333
linearSwitchFromFluent,300,30,47,13891.74,121.03350234031677
linearSwitchFromFluent,300,30,48,14107.38,121.16225624084473
linearSwitchFromFluent,300,30,49,14257.41,120.81756782531738
linearSwitchFromFluent,300,30,50,14582.62,121.12595796585083
linearSwitchFromFluent,300,30,51,14389.82,120.86430096626282
linearSwitchFromFluent,300,30,52,14272.75,120.94807934761047
linearSwitchFromFluent,300,30,53,14470.15,120.74195528030396
linearSwitchFromFluent,300,30,54,13809.96,121.08733201026917
linearSwitchFromFluent,300,30,55,14364.85,121.05827617645264
linearSwitchFromFluent,300,30,56,14484.36,120.96576738357544
linearSwitchFromFluent,300,30,57,14130.69,121.02563500404358
linearSwitchFromFluent,300,30,58,14042.68,120.73851203918457
linearSwitchFromFluent,300,30,59,14104.9,121.18507671356201
linearSwitchFromFluent,300,30,60,14019.5,120.65814256668091
linearSwitchFromFluent,300,30,61,14532.15,120.81622982025146
linearSwitchFromFluent,300,30,62,13415.73,121.01692247390747
linearSwitchFromFluent,300,30,63,14618.7,120.83420515060425
linearSwitchFromFluent,300,30,64,14202.2,120.9835135936737
linearSwitchFromFluent,300,30,65,14249.06,121.0078513622284
linearSwitchFromFluent,300,30,66,13712.97,121.06442928314209
linearSwitchFromFluent,300,30,67,14368.71,120.97496294975281
linearSwitchFromFluent,300,30,68,14658.15,120.87002992630005
linearSwitchFromFluent,300,30,69,13934.31,120.89110803604126
linearSwitchFromFluent,300,30,70,14436.61,120.97424006462097
linearSwitchFromFluent,300,30,71,14526.53,120.71487951278687
linearSwitchFromFluent,300,30,72,14475.73,120.92014026641846
linearSwitchFromFluent,300,30,73,14663.98,121.05917286872864
linearSwitchFromFluent,300,30,74,14146.09,120.7002546787262
linearSwitchFromFluent,300,30,75,13669.17,120.82503819465637
linearSwitchFromFluent,300,30,76,13924.18,121.1412079334259
linearSwitchFromFluent,300,30,77,14186.99,120.96288585662842
linearSwitchFromFluent,300,30,78,14164.31,120.83232760429382
linearSwitchFromFluent,300,30,79,14590.32,120.971435546875
linearSwitchFromFluent,300,30,80,14002.45,120.91822075843811
linearSwitchFromFluent,300,30,81,14138.09,120.98065900802612
linearSwitchFromFluent,300,30,82,14239.55,120.95497918128967
linearSwitchFromFluent,300,30,83,14078.68,120.87875843048096
linearSwitchFromFluent,300,30,84,13357.13,120.73584246635437
linearSwitchFromFluent,300,30,85,14109.32,121.04302144050598
linearSwitchFromFluent,300,30,86,13922.45,120.90188694000244
linearSwitchFromFluent,300,30,87,14491.04,120.92717623710632
linearSwitchFromFluent,300,30,88,14072.64,120.89956641197205
linearSwitchFromFluent,300,30,89,14359.82,120.80458283424377
linearSwitchFromFluent,300,30,90,13829.34,121.09314393997192
linearSwitchFromFluent,300,30,91,14069.74,121.0531849861145
linearSwitchFromFluent,300,30,92,14546.43,120.85020780563354
linearSwitchFromFluent,300,30,93,14104.9,120.85108304023743
linearSwitchFromFluent,300,30,94,14348.95,120.94062781333923
linearSwitchFromFluent,300,30,95,14494.57,120.91651439666748
linearSwitchFromFluent,300,30,96,13885.42,121.02344346046448
linearSwitchFromFluent,300,30,97,14314.05,120.95828604698181
linearSwitchFromFluent,300,30,98,14395.97,120.96919059753418
linearSwitchFromFluent,300,30,99,14235.3,120.84375524520874
linearSwitchFromFluent,300,40,0,14046.73,120.78175663948059
linearSwitchFromFluent,300,40,1,14512.69,120.70753979682922
linearSwitchFromFluent,300,40,2,14755.43,120.67091846466064
linearSwitchFromFluent,300,40,3,13648.2,120.794677734375
linearSwitchFromFluent,300,40,4,14662.52,120.68493580818176
linearSwitchFromFluent,300,40,5,15135.73,120.6208975315094
linearSwitchFromFluent,300,40,6,13909.39,120.67518305778503
linearSwitchFromFluent,300,40,7,14435.3,120.58312344551086
linearSwitchFromFluent,300,40,8,14612.19,120.70683693885803
linearSwitchFromFluent,300,40,9,14678.89,120.65884399414062
linearSwitchFromFluent,300,40,10,15033.89,120.62898111343384
linearSwitchFromFluent,300,40,11,14870.92,120.86990404129028
linearSwitchFromFluent,300,40,12,14658.11,120.76302599906921
linearSwitchFromFluent,300,40,13,14918.56,120.69860744476318
linearSwitchFromFluent,300,40,14,14640.83,120.84735012054443
linearSwitchFromFluent,300,40,15,14587.2,120.68072295188904
linearSwitchFromFluent,300,40,16,14469.21,120.87521004676819
linearSwitchFromFluent,300,40,17,14920.5,120.67769384384155
linearSwitchFromFluent,300,40,18,15199.14,120.6927216053009
linearSwitchFromFluent,300,40,19,14660.6,120.63592338562012
linearSwitchFromFluent,300,40,20,14289.09,120.89744114875793
linearSwitchFromFluent,300,40,21,15004.19,120.77458143234253
linearSwitchFromFluent,300,40,22,14905.22,120.85765027999878
linearSwitchFromFluent,300,40,23,14217.3,120.6770646572113
linearSwitchFromFluent,300,40,24,14729.94,120.75899744033813
linearSwitchFromFluent,300,40,25,15120.64,120.81474280357361
linearSwitchFromFluent,300,40,26,14263.39,120.79356169700623
linearSwitchFromFluent,300,40,27,15073.39,120.93060159683228
linearSwitchFromFluent,300,40,28,13997.91,120.68361210823059
linearSwitchFromFluent,300,40,29,14430.01,120.69425392150879
linearSwitchFromFluent,300,40,30,14769.09,120.92934918403625
linearSwitchFromFluent,300,40,31,15663.1,120.80713748931885
linearSwitchFromFluent,300,40,32,14784.0,120.74837064743042
linearSwitchFromFluent,300,40,33,14790.65,120.96396732330322
linearSwitchFromFluent,300,40,34,15037.25,120.71899437904358
linearSwitchFromFluent,300,40,35,14269.03,120.88782334327698
linearSwitchFromFluent,300,40,36,15039.61,120.66615033149719
linearSwitchFromFluent,300,40,37,14389.27,120.65218949317932
linearSwitchFromFluent,300,40,38,14918.47,120.7150387763977
linearSwitchFromFluent,300,40,39,14934.81,120.77398896217346
linearSwitchFromFluent,300,40,40,15106.65,120.69283819198608
linearSwitchFromFluent,300,40,41,14665.55,120.82594060897827
linearSwitchFromFluent,300,40,42,14989.42,120.72029995918274
linearSwitchFromFluent,300,40,43,14511.13,120.65616512298584
linearSwitchFromFluent,300,40,44,15279.27,120.66772150993347
linearSwitchFromFluent,300,40,45,14784.25,120.74754500389099
linearSwitchFromFluent,300,40,46,14788.46,120.8000659942627
linearSwitchFromFluent,300,40,47,14204.74,120.77039742469788
linearSwitchFromFluent,300,40,48,14353.2,120.6699287891388
linearSwitchFromFluent,300,40,49,15008.76,120.69071102142334
linearSwitchFromFluent,300,40,50,15012.56,120.79449152946472
linearSwitchFromFluent,300,40,51,15053.49,120.77894997596741
linearSwitchFromFluent,300,40,52,14878.17,120.68476390838623
linearSwitchFromFluent,300,40,53,15037.35,120.6688597202301
linearSwitchFromFluent,300,40,54,14398.79,120.6785135269165
linearSwitchFromFluent,300,40,55,15158.39,120.87778282165527
linearSwitchFromFluent,300,40,56,15089.57,120.91679263114929
linearSwitchFromFluent,300,40,57,14468.53,120.662930727005
linearSwitchFromFluent,300,40,58,14620.48,120.64742350578308
linearSwitchFromFluent,300,40,59,14674.01,120.99875235557556
linearSwitchFromFluent,300,40,60,14100.77,120.68141007423401
linearSwitchFromFluent,300,40,61,15082.22,120.68316698074341
linearSwitchFromFluent,300,40,62,14262.85,120.6982946395874
linearSwitchFromFluent,300,40,63,15048.89,120.72946166992188
linearSwitchFromFluent,300,40,64,14927.26,120.66737771034241
linearSwitchFromFluent,300,40,65,14872.35,120.7774007320404
linearSwitchFromFluent,300,40,66,13929.04,120.6793806552887
linearSwitchFromFluent,300,40,67,14982.34,120.89893412590027
linearSwitchFromFluent,300,40,68,15189.85,120.91211700439453
linearSwitchFromFluent,300,40,69,14695.07,121.02588057518005
linearSwitchFromFluent,300,40,70,15093.21,120.63431024551392
linearSwitchFromFluent,300,40,71,15109.06,120.67992782592773
linearSwitchFromFluent,300,40,72,15126.21,120.65685868263245
linearSwitchFromFluent,300,40,73,15030.98,120.77901434898376
linearSwitchFromFluent,300,40,74,14755.48,120.94506192207336
linearSwitchFromFluent,300,40,75,14122.05,120.75536966323853
linearSwitchFromFluent,300,40,76,14698.07,120.68564414978027
linearSwitchFromFluent,300,40,77,14588.06,120.68173623085022
linearSwitchFromFluent,300,40,78,14908.61,120.62990832328796
linearSwitchFromFluent,300,40,79,15267.04,120.6839690208435
linearSwitchFromFluent,300,40,80,14977.02,120.77868437767029
linearSwitchFromFluent,300,40,81,14666.47,120.6249942779541
linearSwitchFromFluent,300,40,82,14593.18,120.93277311325073
linearSwitchFromFluent,300,40,83,14836.02,120.64280605316162
linearSwitchFromFluent,300,40,84,13723.65,120.74970960617065
linearSwitchFromFluent,300,40,85,14718.43,120.85229134559631
linearSwitchFromFluent,300,40,86,14612.72,120.60571241378784
linearSwitchFromFluent,300,40,87,14739.98,120.9432282447815
linearSwitchFromFluent,300,40,88,14577.49,120.72887706756592
linearSwitchFromFluent,300,40,89,14937.99,120.8702347278595
linearSwitchFromFluent,300,40,90,14528.49,120.76364850997925
linearSwitchFromFluent,300,40,91,14285.71,120.8796284198761
linearSwitchFromFluent,300,40,92,15300.29,120.6546196937561
linearSwitchFromFluent,300,40,93,14563.49,120.65367484092712
linearSwitchFromFluent,300,40,94,14744.42,120.84923124313354
linearSwitchFromFluent,300,40,95,15429.41,120.6565933227539
linearSwitchFromFluent,300,40,96,14258.22,120.83631944656372
linearSwitchFromFluent,300,40,97,14955.13,120.69847536087036
linearSwitchFromFluent,300,40,98,14198.32,120.77392053604126
linearSwitchFromFluent,300,40,99,14859.15,120.8053674697876
linearSwitchFromFluent,300,50,0,14375.68,120.59371638298035
linearSwitchFromFluent,300,50,1,14958.66,120.66425967216492
linearSwitchFromFluent,300,50,2,15963.1,120.66643166542053
linearSwitchFromFluent,300,50,3,13951.23,120.65864539146423
linearSwitchFromFluent,300,50,4,14779.94,120.61754775047302
linearSwitchFromFluent,300,50,5,15613.0,120.63272404670715
linearSwitchFromFluent,300,50,6,14759.34,120.64512920379639
linearSwitchFromFluent,300,50,7,14845.83,120.55273175239563
linearSwitchFromFluent,300,50,8,15374.57,120.56488537788391
linearSwitchFromFluent,300,50,9,15406.64,120.56740307807922
linearSwitchFromFluent,300,50,10,15698.26,120.56887459754944
linearSwitchFromFluent,300,50,11,15361.47,120.7150456905365
linearSwitchFromFluent,300,50,12,15334.73,120.64327216148376
linearSwitchFromFluent,300,50,13,15031.16,120.6299455165863
linearSwitchFromFluent,300,50,14,15118.31,120.62722039222717
linearSwitchFromFluent,300,50,15,15251.43,120.60067367553711
linearSwitchFromFluent,300,50,16,15135.13,120.66666889190674
linearSwitchFromFluent,300,50,17,15407.44,120.74107098579407
linearSwitchFromFluent,300,50,18,15003.72,120.6979022026062
linearSwitchFromFluent,300,50,19,15052.67,120.58988428115845
linearSwitchFromFluent,300,50,20,14815.85,120.61791658401489
linearSwitchFromFluent,300,50,21,14758.28,120.71590566635132
linearSwitchFromFluent,300,50,22,15489.17,120.72455286979675
linearSwitchFromFluent,300,50,23,14879.53,120.62084293365479
linearSwitchFromFluent,300,50,24,15643.57,120.6038932800293
linearSwitchFromFluent,300,50,25,15765.45,120.5810329914093
linearSwitchFromFluent,300,50,26,14541.42,120.581866979599
linearSwitchFromFluent,300,50,27,15150.64,120.6542489528656
linearSwitchFromFluent,300,50,28,14249.75,120.57515954971313
linearSwitchFromFluent,300,50,29,14743.67,120.65048503875732
linearSwitchFromFluent,300,50,30,15007.74,120.58913373947144
linearSwitchFromFluent,300,50,31,15514.97,120.59312748908997
linearSwitchFromFluent,300,50,32,15492.44,120.60623455047607
linearSwitchFromFluent,300,50,33,15144.42,120.61845278739929
linearSwitchFromFluent,300,50,34,15795.08,120.68232226371765
linearSwitchFromFluent,300,50,35,14672.07,120.62805390357971
linearSwitchFromFluent,300,50,36,15544.57,120.59863686561584
linearSwitchFromFluent,300,50,37,14856.1,120.65443515777588
linearSwitchFromFluent,300,50,38,15761.3,120.6381185054779
linearSwitchFromFluent,300,50,39,15712.95,120.5845365524292
linearSwitchFromFluent,300,50,40,15482.08,120.65019822120667
linearSwitchFromFluent,300,50,41,14953.54,120.63884019851685
linearSwitchFromFluent,300,50,42,15092.86,120.70781898498535
linearSwitchFromFluent,300,50,43,15048.3,120.6741738319397
linearSwitchFromFluent,300,50,44,15626.21,120.62594819068909
linearSwitchFromFluent,300,50,45,15129.48,120.66942119598389
linearSwitchFromFluent,300,50,46,15161.7,120.62834048271179
linearSwitchFromFluent,300,50,47,15087.34,120.58109092712402
linearSwitchFromFluent,300,50,48,14851.5,120.61957168579102
linearSwitchFromFluent,300,50,49,15243.09,120.60555863380432
linearSwitchFromFluent,300,50,50,15422.84,120.61193132400513
linearSwitchFromFluent,300,50,51,15699.32,120.79254460334778
linearSwitchFromFluent,300,50,52,15198.66,120.62666940689087
linearSwitchFromFluent,300,50,53,15344.44,120.6829469203949
linearSwitchFromFluent,300,50,54,14713.29,120.61828088760376
linearSwitchFromFluent,300,50,55,15470.23,120.63719248771667
linearSwitchFromFluent,300,50,56,15458.71,120.6496639251709
linearSwitchFromFluent,300,50,57,15281.91,120.55954885482788
linearSwitchFromFluent,300,50,58,15273.61,120.60326886177063
linearSwitchFromFluent,300,50,59,15532.19,120.58331775665283
linearSwitchFromFluent,300,50,60,15027.36,120.62769770622253
linearSwitchFromFluent,300,50,61,15696.81,120.61228823661804
linearSwitchFromFluent,300,50,62,14967.21,120.58636569976807
linearSwitchFromFluent,300,50,63,15714.02,120.57501769065857
linearSwitchFromFluent,300,50,64,14974.4,120.62943458557129
linearSwitchFromFluent,300,50,65,15094.59,120.6444799900055
linearSwitchFromFluent,300,50,66,14194.03,120.64597034454346
linearSwitchFromFluent,300,50,67,15355.66,120.64460754394531
linearSwitchFromFluent,300,50,68,15390.01,120.78364253044128
linearSwitchFromFluent,300,50,69,15029.86,120.67013382911682
linearSwitchFromFluent,300,50,70,15578.97,120.65249681472778
linearSwitchFromFluent,300,50,71,15538.45,120.60038304328918
linearSwitchFromFluent,300,50,72,15637.04,120.61117434501648
linearSwitchFromFluent,300,50,73,15150.31,120.70738744735718
linearSwitchFromFluent,300,50,74,15197.3,120.62758684158325
linearSwitchFromFluent,300,50,75,14557.49,120.6195740699768
linearSwitchFromFluent,300,50,76,15091.32,120.66899847984314
linearSwitchFromFluent,300,50,77,14878.1,120.6147665977478
linearSwitchFromFluent,300,50,78,15151.61,120.66239428520203
linearSwitchFromFluent,300,50,79,15184.56,120.70338606834412
linearSwitchFromFluent,300,50,80,15181.51,120.67129564285278
linearSwitchFromFluent,300,50,81,15144.54,120.59776949882507
linearSwitchFromFluent,300,50,82,15299.9,120.5878894329071
linearSwitchFromFluent,300,50,83,15042.52,120.64770340919495
linearSwitchFromFluent,300,50,84,14258.23,120.74756860733032
linearSwitchFromFluent,300,50,85,15348.31,120.64084315299988
linearSwitchFromFluent,300,50,86,14662.54,120.57461857795715
linearSwitchFromFluent,300,50,87,15643.96,120.61078453063965
linearSwitchFromFluent,300,50,88,15093.26,120.68697595596313
linearSwitchFromFluent,300,50,89,15236.91,120.65123105049133
linearSwitchFromFluent,300,50,90,14866.43,120.64857792854309
linearSwitchFromFluent,300,50,91,15069.49,120.79704689979553
linearSwitchFromFluent,300,50,92,15565.66,120.6140878200531
linearSwitchFromFluent,300,50,93,15098.22,120.75225853919983
linearSwitchFromFluent,300,50,94,15302.69,120.63604164123535
linearSwitchFromFluent,300,50,95,15527.09,120.61428117752075
linearSwitchFromFluent,300,50,96,14944.4,120.6023588180542
linearSwitchFromFluent,300,50,97,15085.31,120.59164571762085
linearSwitchFromFluent,300,50,98,15253.03,120.62840843200684
linearSwitchFromFluent,300,50,99,14897.85,120.68965983390808
linearSwitchFromFluent,300,60,0,15247.66,120.55318403244019
linearSwitchFromFluent,300,60,1,15661.0,120.64630079269409
linearSwitchFromFluent,300,60,2,15450.68,120.71306252479553
linearSwitchFromFluent,300,60,3,14484.89,120.57358527183533
linearSwitchFromFluent,300,60,4,15162.38,120.56793475151062
linearSwitchFromFluent,300,60,5,15854.63,120.59597539901733
linearSwitchFromFluent,300,60,6,15192.63,120.56532168388367
linearSwitchFromFluent,300,60,7,15022.58,120.57418823242188
linearSwitchFromFluent,300,60,8,15675.45,120.58268117904663
linearSwitchFromFluent,300,60,9,15820.35,120.48529434204102
linearSwitchFromFluent,300,60,10,15598.75,120.55002641677856
linearSwitchFromFluent,300,60,11,15540.24,120.60094881057739
linearSwitchFromFluent,300,60,12,15642.14,120.63164472579956
linearSwitchFromFluent,300,60,13,15708.83,120.54457402229309
linearSwitchFromFluent,300,60,14,15844.2,120.72071671485901
linearSwitchFromFluent,300,60,15,15443.83,120.54170799255371
linearSwitchFromFluent,300,60,16,15379.36,120.59483551979065
linearSwitchFromFluent,300,60,17,15653.93,120.54669833183289
linearSwitchFromFluent,300,60,18,15541.47,120.60858678817749
linearSwitchFromFluent,300,60,19,15332.49,120.5563108921051
linearSwitchFromFluent,300,60,20,15329.72,120.58202242851257
linearSwitchFromFluent,300,60,21,15465.83,120.58317708969116
linearSwitchFromFluent,300,60,22,15949.31,120.6007444858551
linearSwitchFromFluent,300,60,23,14885.75,120.56680107116699
linearSwitchFromFluent,300,60,24,15983.7,120.50991010665894
linearSwitchFromFluent,300,60,25,15648.53,120.59868717193604
linearSwitchFromFluent,300,60,26,15048.45,120.60107755661011
linearSwitchFromFluent,300,60,27,15681.13,120.59749794006348
linearSwitchFromFluent,300,60,28,14715.41,120.6077721118927
linearSwitchFromFluent,300,60,29,14984.74,120.61076188087463
linearSwitchFromFluent,300,60,30,15474.53,120.59788751602173
linearSwitchFromFluent,300,60,31,16158.88,120.53554582595825
linearSwitchFromFluent,300,60,32,15623.48,120.55703115463257
linearSwitchFromFluent,300,60,33,15811.09,120.62007474899292
linearSwitchFromFluent,300,60,34,15586.94,120.67533349990845
linearSwitchFromFluent,300,60,35,15020.31,120.60742998123169
linearSwitchFromFluent,300,60,36,15942.73,120.59160876274109
linearSwitchFromFluent,300,60,37,15167.98,120.6283438205719
linearSwitchFromFluent,300,60,38,15847.75,120.81452894210815
linearSwitchFromFluent,300,60,39,15962.6,120.56349849700928
linearSwitchFromFluent,300,60,40,15903.3,120.60506844520569
linearSwitchFromFluent,300,60,41,15225.43,120.57516884803772
linearSwitchFromFluent,300,60,42,15391.1,120.6127257347107
linearSwitchFromFluent,300,60,43,15287.84,120.58784461021423
linearSwitchFromFluent,300,60,44,15922.17,120.54908967018127
linearSwitchFromFluent,300,60,45,15271.7,120.61114454269409
linearSwitchFromFluent,300,60,46,15405.62,120.60478901863098
linearSwitchFromFluent,300,60,47,15087.94,120.57436895370483
linearSwitchFromFluent,300,60,48,14977.87,120.59329915046692
linearSwitchFromFluent,300,60,49,15652.22,120.58526921272278
linearSwitchFromFluent,300,60,50,15776.04,120.71178579330444
linearSwitchFromFluent,300,60,51,15803.36,120.58296132087708
linearSwitchFromFluent,300,60,52,15505.32,120.60263228416443
linearSwitchFromFluent,300,60,53,15731.33,120.56758522987366
linearSwitchFromFluent,300,60,54,14939.9,120.59054613113403
linearSwitchFromFluent,300,60,55,16125.08,120.57376050949097
linearSwitchFromFluent,300,60,56,16296.82,120.529541015625
linearSwitchFromFluent,300,60,57,15346.92,120.65536093711853
linearSwitchFromFluent,300,60,58,15609.76,120.61837434768677
linearSwitchFromFluent,300,60,59,15407.99,120.55371022224426
linearSwitchFromFluent,300,60,60,15129.93,120.57966685295105
linearSwitchFromFluent,300,60,61,15837.6,120.56866002082825
linearSwitchFromFluent,300,60,62,15338.46,120.59410643577576
linearSwitchFromFluent,300,60,63,15785.76,120.63234329223633
linearSwitchFromFluent,300,60,64,15407.3,120.6274847984314
linearSwitchFromFluent,300,60,65,15562.35,120.6463634967804
linearSwitchFromFluent,300,60,66,14593.83,120.59148263931274
linearSwitchFromFluent,300,60,67,15636.79,120.60192608833313
linearSwitchFromFluent,300,60,68,15859.73,120.61919021606445
linearSwitchFromFluent,300,60,69,15352.26,120.55146718025208
linearSwitchFromFluent,300,60,70,15768.0,120.59128165245056
linearSwitchFromFluent,300,60,71,15560.83,120.59026765823364
linearSwitchFromFluent,300,60,72,15778.95,120.57600450515747
linearSwitchFromFluent,300,60,73,15787.41,120.56122469902039
linearSwitchFromFluent,300,60,74,15611.34,120.5892186164856
linearSwitchFromFluent,300,60,75,14838.28,120.57952547073364
linearSwitchFromFluent,300,60,76,15350.7,120.65205574035645
linearSwitchFromFluent,300,60,77,15280.23,120.55688738822937
linearSwitchFromFluent,300,60,78,15157.31,120.64520025253296
linearSwitchFromFluent,300,60,79,15505.52,120.61903262138367
linearSwitchFromFluent,300,60,80,15497.96,120.75106811523438
linearSwitchFromFluent,300,60,81,15379.6,120.58384442329407
linearSwitchFromFluent,300,60,82,15585.22,120.61266350746155
linearSwitchFromFluent,300,60,83,15941.76,120.57023668289185
linearSwitchFromFluent,300,60,84,14239.06,120.58806347846985
linearSwitchFromFluent,300,60,85,15614.66,120.58624124526978
linearSwitchFromFluent,300,60,86,15084.22,120.5796205997467
linearSwitchFromFluent,300,60,87,15498.31,120.60681200027466
linearSwitchFromFluent,300,60,88,15423.0,120.61503529548645
linearSwitchFromFluent,300,60,89,15618.05,120.52395868301392
linearSwitchFromFluent,300,60,90,14957.19,120.62896633148193
linearSwitchFromFluent,300,60,91,15545.73,120.61256957054138
linearSwitchFromFluent,300,60,92,16014.82,120.55098366737366
linearSwitchFromFluent,300,60,93,15575.96,120.64768314361572
linearSwitchFromFluent,300,60,94,15536.74,120.62331080436707
linearSwitchFromFluent,300,60,95,16216.11,120.50799131393433
linearSwitchFromFluent,300,60,96,15374.63,120.55026078224182
linearSwitchFromFluent,300,60,97,15783.32,120.61611843109131
linearSwitchFromFluent,300,60,98,15372.35,120.64190602302551
linearSwitchFromFluent,300,60,99,15189.26,120.63109731674194
linearSwitchFromFluentProtected,300,0,0,11293.39,123.22638130187988
linearSwitchFromFluentProtected,300,0,1,11983.8,123.5903627872467
linearSwitchFromFluentProtected,300,0,2,11898.73,123.41842103004456
linearSwitchFromFluentProtected,300,0,3,11087.78,123.64892530441284
linearSwitchFromFluentProtected,300,0,4,11603.36,123.93025922775269
linearSwitchFromFluentProtected,300,0,5,11979.64,123.65138745307922
linearSwitchFromFluentProtected,300,0,6,11405.26,123.74973368644714
linearSwitchFromFluentProtected,300,0,7,11440.79,123.35076594352722
linearSwitchFromFluentProtected,300,0,8,11715.14,123.7382071018219
linearSwitchFromFluentProtected,300,0,9,12049.82,123.51068425178528
linearSwitchFromFluentProtected,300,0,10,11802.87,123.46314644813538
linearSwitchFromFluentProtected,300,0,11,11713.71,123.4662013053894
linearSwitchFromFluentProtected,300,0,12,11844.49,123.44156289100647
linearSwitchFromFluentProtected,300,0,13,12093.96,123.64565539360046
linearSwitchFromFluentProtected,300,0,14,11911.15,123.67609763145447
linearSwitchFromFluentProtected,300,0,15,11490.08,123.68755650520325
linearSwitchFromFluentProtected,300,0,16,11349.74,123.7893238067627
linearSwitchFromFluentProtected,300,0,17,11668.1,123.59168314933777
linearSwitchFromFluentProtected,300,0,18,11607.8,123.68836283683777
linearSwitchFromFluentProtected,300,0,19,11913.47,123.61824655532837
linearSwitchFromFluentProtected,300,0,20,11246.77,123.77204704284668
linearSwitchFromFluentProtected,300,0,21,12121.8,123.54217672348022
linearSwitchFromFluentProtected,300,0,22,11926.67,123.51628494262695
linearSwitchFromFluentProtected,300,0,23,11610.46,123.62620258331299
linearSwitchFromFluentProtected,300,0,24,11743.56,123.53481864929199
linearSwitchFromFluentProtected,300,0,25,11978.31,123.4075653553009
linearSwitchFromFluentProtected,300,0,26,11687.66,123.42845296859741
linearSwitchFromFluentProtected,300,0,27,11590.48,123.59087252616882
linearSwitchFromFluentProtected,300,0,28,11367.35,123.55126166343689
linearSwitchFromFluentProtected,300,0,29,11353.7,123.6586799621582
linearSwitchFromFluentProtected,300,0,30,11474.29,123.69126343727112
linearSwitchFromFluentProtected,300,0,31,12006.0,123.7122266292572
linearSwitchFromFluentProtected,300,0,32,11517.77,123.59533047676086
linearSwitchFromFluentProtected,300,0,33,12300.6,123.51454830169678
linearSwitchFromFluentProtected,300,0,34,11655.84,123.69526290893555
linearSwitchFromFluentProtected,300,0,35,11603.83,123.76677870750427
linearSwitchFromFluentProtected,300,0,36,12090.81,123.48302602767944
linearSwitchFromFluentProtected,300,0,37,11366.86,123.57991313934326
linearSwitchFromFluentProtected,300,0,38,11819.76,123.53347086906433
linearSwitchFromFluentProtected,300,0,39,11559.51,123.71850371360779
linearSwitchFromFluentProtected,300,0,40,11685.04,123.42943739891052
linearSwitchFromFluentProtected,300,0,41,11609.2,123.68711185455322
linearSwitchFromFluentProtected,300,0,42,12280.59,123.50227427482605
linearSwitchFromFluentProtected,300,0,43,11413.31,123.64946556091309
linearSwitchFromFluentProtected,300,0,44,11468.77,123.72041940689087
linearSwitchFromFluentProtected,300,0,45,11695.76,123.66926431655884
linearSwitchFromFluentProtected,300,0,46,11496.08,123.50003933906555
linearSwitchFromFluentProtected,300,0,47,11175.26,123.85275316238403
linearSwitchFromFluentProtected,300,0,48,11352.88,123.52322912216187
linearSwitchFromFluentProtected,300,0,49,11775.05,123.43989849090576
linearSwitchFromFluentProtected,300,0,50,11979.66,123.65969038009644
linearSwitchFromFluentProtected,300,0,51,11722.33,123.72126770019531
linearSwitchFromFluentProtected,300,0,52,11779.44,123.52034997940063
linearSwitchFromFluentProtected,300,0,53,11934.04,123.59208250045776
linearSwitchFromFluentProtected,300,0,54,11582.32,123.76579928398132
linearSwitchFromFluentProtected,300,0,55,11487.16,123.80479907989502
linearSwitchFromFluentProtected,300,0,56,11798.25,123.60021090507507
linearSwitchFromFluentProtected,300,0,57,11814.43,123.54399418830872
linearSwitchFromFluentProtected,300,0,58,11581.47,123.61669754981995
linearSwitchFromFluentProtected,300,0,59,11493.43,123.598961353302
linearSwitchFromFluentProtected,300,0,60,11647.67,123.78927564620972
linearSwitchFromFluentProtected,300,0,61,11843.19,123.66071891784668
linearSwitchFromFluentProtected,300,0,62,11357.29,123.70307564735413
linearSwitchFromFluentProtected,300,0,63,12087.63,123.56933879852295
linearSwitchFromFluentProtected,300,0,64,11547.92,123.58666896820068
linearSwitchFromFluentProtected,300,0,65,11864.72,123.79075765609741
linearSwitchFromFluentProtected,300,0,66,11237.51,123.50435090065002
linearSwitchFromFluentProtected,300,0,67,11476.44,123.62893748283386
linearSwitchFromFluentProtected,300,0,68,12170.02,123.46046662330627
linearSwitchFromFluentProtected,300,0,69,11255.11,123.65667247772217
linearSwitchFromFluentProtected,300,0,70,11901.35,123.62910199165344
linearSwitchFromFluentProtected,300,0,71,11815.86,123.62779545783997
linearSwitchFromFluentProtected,300,0,72,11706.96,123.62157535552979
linearSwitchFromFluentProtected,300,0,73,11688.05,123.5336103439331
linearSwitchFromFluentProtected,300,0,74,11495.36,123.49573135375977
linearSwitchFromFluentProtected,300,0,75,10955.82,123.77539038658142
linearSwitchFromFluentProtected,300,0,76,11523.62,123.64223766326904
linearSwitchFromFluentProtected,300,0,77,11743.36,123.36822032928467
linearSwitchFromFluentProtected,300,0,78,11846.06,123.60528421401978
linearSwitchFromFluentProtected,300,0,79,11900.86,123.45703983306885
linearSwitchFromFluentProtected,300,0,80,11864.04,123.6116943359375
linearSwitchFromFluentProtected,300,0,81,11260.75,123.7780282497406
linearSwitchFromFluentProtected,300,0,82,11375.34,123.66003608703613
linearSwitchFromFluentProtected,300,0,83,11811.84,123.52999567985535
linearSwitchFromFluentProtected,300,0,84,11124.5,123.70074248313904
linearSwitchFromFluentProtected,300,0,85,11961.56,123.58051633834839
linearSwitchFromFluentProtected,300,0,86,11661.36,123.54639863967896
linearSwitchFromFluentProtected,300,0,87,11905.96,123.5583279132843
linearSwitchFromFluentProtected,300,0,88,11527.43,123.48761248588562
linearSwitchFromFluentProtected,300,0,89,11537.13,123.50455164909363
linearSwitchFromFluentProtected,300,0,90,11438.72,123.56155180931091
linearSwitchFromFluentProtected,300,0,91,11628.62,123.65287232398987
linearSwitchFromFluentProtected,300,0,92,11986.07,123.41442847251892
linearSwitchFromFluentProtected,300,0,93,11669.23,123.64032578468323
linearSwitchFromFluentProtected,300,0,94,11793.68,123.58347654342651
linearSwitchFromFluentProtected,300,0,95,11607.88,123.84126543998718
linearSwitchFromFluentProtected,300,0,96,11161.33,123.79131197929382
linearSwitchFromFluentProtected,300,0,97,11842.72,123.59436559677124
linearSwitchFromFluentProtected,300,0,98,11633.42,123.46155428886414
linearSwitchFromFluentProtected,300,0,99,11579.35,123.52189683914185
linearSwitchFromFluentProtected,300,10,0,11962.63,123.4626145362854
linearSwitchFromFluentProtected,300,10,1,13154.75,123.46543097496033
linearSwitchFromFluentProtected,300,10,2,12809.09,123.57893490791321
linearSwitchFromFluentProtected,300,10,3,12127.29,123.50655817985535
linearSwitchFromFluentProtected,300,10,4,12453.01,123.64454174041748
linearSwitchFromFluentProtected,300,10,5,12736.95,123.55591416358948
linearSwitchFromFluentProtected,300,10,6,12724.74,123.5375645160675
linearSwitchFromFluentProtected,300,10,7,12243.45,123.49946570396423
linearSwitchFromFluentProtected,300,10,8,12330.12,123.64088225364685
linearSwitchFromFluentProtected,300,10,9,12555.51,123.52820563316345
linearSwitchFromFluentProtected,300,10,10,12510.5,123.48469877243042
linearSwitchFromFluentProtected,300,10,11,12689.11,123.39344239234924
linearSwitchFromFluentProtected,300,10,12,12109.1,123.42645144462585
linearSwitchFromFluentProtected,300,10,13,12772.21,123.38650107383728
linearSwitchFromFluentProtected,300,10,14,12868.64,123.66116166114807
linearSwitchFromFluentProtected,300,10,15,12681.74,123.4884307384491
linearSwitchFromFluentProtected,300,10,16,12485.03,123.44121313095093
linearSwitchFromFluentProtected,300,10,17,12707.64,123.53205990791321
linearSwitchFromFluentProtected,300,10,18,12491.8,123.43440413475037
linearSwitchFromFluentProtected,300,10,19,12694.15,123.59522700309753
linearSwitchFromFluentProtected,300,10,20,12107.85,123.63277292251587
linearSwitchFromFluentProtected,300,10,21,12439.35,123.58395743370056
linearSwitchFromFluentProtected,300,10,22,12832.35,123.60245442390442
linearSwitchFromFluentProtected,300,10,23,12327.23,123.59403896331787
linearSwitchFromFluentProtected,300,10,24,12653.38,123.68566083908081
linearSwitchFromFluentProtected,300,10,25,12752.23,123.51980876922607
linearSwitchFromFluentProtected,300,10,26,12039.91,123.54441475868225
linearSwitchFromFluentProtected,300,10,27,12128.43,123.6737711429596
linearSwitchFromFluentProtected,300,10,28,12027.06,123.5164692401886
linearSwitchFromFluentProtected,300,10,29,12446.49,123.60809755325317
linearSwitchFromFluentProtected,300,10,30,12542.85,123.49905323982239
linearSwitchFromFluentProtected,300,10,31,12992.71,123.23086166381836
linearSwitchFromFluentProtected,300,10,32,12854.94,123.32828307151794
linearSwitchFromFluentProtected,300,10,33,12552.17,123.42934846878052
linearSwitchFromFluentProtected,300,10,34,12916.16,123.56031441688538
linearSwitchFromFluentProtected,300,10,35,12095.68,123.56705570220947
linearSwitchFromFluentProtected,300,10,36,12651.04,123.53953433036804
linearSwitchFromFluentProtected,300,10,37,12952.05,123.35748291015625
linearSwitchFromFluentProtected,300,10,38,12747.69,123.54318475723267
linearSwitchFromFluentProtected,300,10,39,12800.53,123.37522268295288
linearSwitchFromFluentProtected,300,10,40,12886.4,123.40667963027954
linearSwitchFromFluentProtected,300,10,41,12584.37,123.46272230148315
linearSwitchFromFluentProtected,300,10,42,12540.89,123.7034924030304
linearSwitchFromFluentProtected,300,10,43,12499.65,123.27871823310852
linearSwitchFromFluentProtected,300,10,44,12979.99,123.42057538032532
linearSwitchFromFluentProtected,300,10,45,12427.73,123.57548403739929
linearSwitchFromFluentProtected,300,10,46,12407.49,123.36809515953064
linearSwitchFromFluentProtected,300,10,47,12592.44,123.46121978759766
linearSwitchFromFluentProtected,300,10,48,12650.9,123.43765616416931
linearSwitchFromFluentProtected,300,10,49,12742.53,123.24884724617004
linearSwitchFromFluentProtected,300,10,50,12703.99,123.57046556472778
linearSwitchFromFluentProtected,300,10,51,12719.67,123.56089210510254
linearSwitchFromFluentProtected,300,10,52,12922.0,123.51564288139343
linearSwitchFromFluentProtected,300,10,53,12601.05,123.45413708686829
linearSwitchFromFluentProtected,300,10,54,12185.7,123.65939044952393
linearSwitchFromFluentProtected,300,10,55,13142.41,123.67244911193848
linearSwitchFromFluentProtected,300,10,56,12350.45,123.56559419631958
linearSwitchFromFluentProtected,300,10,57,12594.08,123.49052309989929
linearSwitchFromFluentProtected,300,10,58,12361.57,123.50889134407043
linearSwitchFromFluentProtected,300,10,59,12544.53,123.51761388778687
linearSwitchFromFluentProtected,300,10,60,12780.16,123.47311115264893
linearSwitchFromFluentProtected,300,10,61,12914.28,123.18456935882568
linearSwitchFromFluentProtected,300,10,62,12582.33,123.26924562454224
linearSwitchFromFluentProtected,300,10,63,13098.19,123.28480243682861
linearSwitchFromFluentProtected,300,10,64,12556.78,123.49649310112
linearSwitchFromFluentProtected,300,10,65,12789.48,123.36435198783875
linearSwitchFromFluentProtected,300,10,66,12088.23,123.5838737487793
linearSwitchFromFluentProtected,300,10,67,12440.96,123.62724328041077
linearSwitchFromFluentProtected,300,10,68,12603.45,123.93062424659729
linearSwitchFromFluentProtected,300,10,69,12911.63,123.5138292312622
linearSwitchFromFluentProtected,300,10,70,12256.38,123.56839179992676
linearSwitchFromFluentProtected,300,10,71,12856.63,123.41294407844543
linearSwitchFromFluentProtected,300,10,72,12863.62,123.59550189971924
linearSwitchFromFluentProtected,300,10,73,12628.52,123.31524848937988
linearSwitchFromFluentProtected,300,10,74,12876.24,123.33238458633423
linearSwitchFromFluentProtected,300,10,75,12055.95,123.43766522407532
linearSwitchFromFluentProtected,300,10,76,13094.02,123.46153378486633
linearSwitchFromFluentProtected,300,10,77,12538.02,123.47810649871826
linearSwitchFromFluentProtected,300,10,78,12986.48,123.56754970550537
linearSwitchFromFluentProtected,300,10,79,13083.25,123.45873808860779
linearSwitchFromFluentProtected,300,10,80,12606.71,123.68364238739014
linearSwitchFromFluentProtected,300,10,81,12637.35,123.62751126289368
linearSwitchFromFluentProtected,300,10,82,12168.22,123.65041184425354
linearSwitchFromFluentProtected,300,10,83,12750.85,123.4225480556488
linearSwitchFromFluentProtected,300,10,84,12108.29,123.63307094573975
linearSwitchFromFluentProtected,300,10,85,12374.32,123.571457862854
linearSwitchFromFluentProtected,300,10,86,12562.26,123.38237309455872
linearSwitchFromFluentProtected,300,10,87,12684.69,123.63300228118896
linearSwitchFromFluentProtected,300,10,88,12651.6,123.48626613616943
linearSwitchFromFluentProtected,300,10,89,12726.99,123.65225958824158
linearSwitchFromFluentProtected,300,10,90,12158.14,123.77906894683838
linearSwitchFromFluentProtected,300,10,91,12639.74,123.48213529586792
linearSwitchFromFluentProtected,300,10,92,12842.16,123.37301230430603
linearSwitchFromFluentProtected,300,10,93,12656.19,123.40864038467407
linearSwitchFromFluentProtected,300,10,94,12238.54,123.58496975898743
linearSwitchFromFluentProtected,300,10,95,12799.53,123.392662525177
linearSwitchFromFluentProtected,300,10,96,12104.77,123.6991856098175
linearSwitchFromFluentProtected,300,10,97,12909.53,123.73170590400696
linearSwitchFromFluentProtected,300,10,98,12493.53,123.52878069877625
linearSwitchFromFluentProtected,300,10,99,12767.66,123.520015001297
linearSwitchFromFluentProtected,300,20,0,12536.91,123.4120123386383
linearSwitchFromFluentProtected,300,20,1,13581.33,123.47865843772888
linearSwitchFromFluentProtected,300,20,2,13614.25,123.5823233127594
linearSwitchFromFluentProtected,300,20,3,12403.28,123.54001641273499
linearSwitchFromFluentProtected,300,20,4,13161.18,123.36862015724182
linearSwitchFromFluentProtected,300,20,5,13137.4,123.11225533485413
linearSwitchFromFluentProtected,300,20,6,12833.35,123.26936149597168
linearSwitchFromFluentProtected,300,20,7,12884.65,123.25593852996826
linearSwitchFromFluentProtected,300,20,8,13087.78,123.22833681106567
linearSwitchFromFluentProtected,300,20,9,13304.9,123.26575016975403
linearSwitchFromFluentProtected,300,20,10,13472.86,123.1145555973053
linearSwitchFromFluentProtected,300,20,11,13313.45,123.33910059928894
linearSwitchFromFluentProtected,300,20,12,13235.74,123.5535180568695
linearSwitchFromFluentProtected,300,20,13,13610.32,123.2115957736969
linearSwitchFromFluentProtected,300,20,14,13251.22,123.51431226730347
linearSwitchFromFluentProtected,300,20,15,12917.62,123.18987727165222
linearSwitchFromFluentProtected,300,20,16,12772.47,123.67444396018982
linearSwitchFromFluentProtected,300,20,17,13265.25,123.38903331756592
linearSwitchFromFluentProtected,300,20,18,13670.11,123.31246757507324
linearSwitchFromFluentProtected,300,20,19,13208.55,123.1669569015503
linearSwitchFromFluentProtected,300,20,20,13121.42,123.70002794265747
linearSwitchFromFluentProtected,300,20,21,13954.99,123.55106997489929
linearSwitchFromFluentProtected,300,20,22,13646.87,123.23538112640381
linearSwitchFromFluentProtected,300,20,23,12786.92,123.36396932601929
linearSwitchFromFluentProtected,300,20,24,13486.21,123.14816474914551
linearSwitchFromFluentProtected,300,20,25,13140.14,123.27966856956482
linearSwitchFromFluentProtected,300,20,26,13046.42,123.48714995384216
linearSwitchFromFluentProtected,300,20,27,13326.66,123.67862844467163
linearSwitchFromFluentProtected,300,20,28,12689.7,123.2487633228302
linearSwitchFromFluentProtected,300,20,29,12922.31,123.57774043083191
linearSwitchFromFluentProtected,300,20,30,13271.85,123.23236060142517
linearSwitchFromFluentProtected,300,20,31,13649.05,123.32452654838562
linearSwitchFromFluentProtected,300,20,32,13889.59,123.17208957672119
linearSwitchFromFluentProtected,300,20,33,13654.18,123.29295682907104
linearSwitchFromFluentProtected,300,20,34,13439.43,123.46787905693054
linearSwitchFromFluentProtected,300,20,35,12829.89,123.39226365089417
linearSwitchFromFluentProtected,300,20,36,13603.63,123.21277832984924
linearSwitchFromFluentProtected,300,20,37,12898.11,123.34159874916077
linearSwitchFromFluentProtected,300,20,38,13413.18,123.15391683578491
linearSwitchFromFluentProtected,300,20,39,13399.11,123.47386908531189
linearSwitchFromFluentProtected,300,20,40,13235.57,123.14245080947876
linearSwitchFromFluentProtected,300,20,41,13740.32,123.34182286262512
linearSwitchFromFluentProtected,300,20,42,13387.13,123.1485333442688
linearSwitchFromFluentProtected,300,20,43,12699.09,123.32916331291199
linearSwitchFromFluentProtected,300,20,44,13438.23,123.35770893096924
linearSwitchFromFluentProtected,300,20,45,12906.06,123.3275842666626
linearSwitchFromFluentProtected,300,20,46,12865.85,123.56553912162781
linearSwitchFromFluentProtected,300,20,47,13229.71,123.36625456809998
linearSwitchFromFluentProtected,300,20,48,13235.73,123.04856896400452
linearSwitchFromFluentProtected,300,20,49,12976.06,123.28382539749146
linearSwitchFromFluentProtected,300,20,50,13248.85,123.32335615158081
linearSwitchFromFluentProtected,300,20,51,13363.49,123.53956007957458
linearSwitchFromFluentProtected,300,20,52,13219.41,123.34499216079712
linearSwitchFromFluentProtected,300,20,53,13161.0,123.27960324287415
linearSwitchFromFluentProtected,300,20,54,13153.46,123.36252307891846
linearSwitchFromFluentProtected,300,20,55,13406.8,123.26484227180481
linearSwitchFromFluentProtected,300,20,56,13077.83,123.2053120136261
linearSwitchFromFluentProtected,300,20,57,13385.67,123.18462562561035
linearSwitchFromFluentProtected,300,20,58,13232.87,123.51940536499023
linearSwitchFromFluentProtected,300,20,59,13349.4,123.34900283813477
linearSwitchFromFluentProtected,300,20,60,12889.22,117.3383400440216
linearSwitchFromFluentProtected,300,20,61,13291.77,123.35945439338684
linearSwitchFromFluentProtected,300,20,62,12707.61,123.21984720230103
linearSwitchFromFluentProtected,300,20,63,13608.04,123.27274084091187
linearSwitchFromFluentProtected,300,20,64,13382.01,123.14486265182495
linearSwitchFromFluentProtected,300,20,65,13553.05,123.34651470184326
linearSwitchFromFluentProtected,300,20,66,12490.23,123.29791402816772
linearSwitchFromFluentProtected,300,20,67,13533.11,123.29042267799377
linearSwitchFromFluentProtected,300,20,68,13429.86,123.1973729133606
linearSwitchFromFluentProtected,300,20,69,12862.9,123.50157570838928
linearSwitchFromFluentProtected,300,20,70,13420.4,123.20404767990112
linearSwitchFromFluentProtected,300,20,71,13788.71,89.00303769111633
linearSwitchFromFluentProtected,300,20,72,13461.81,123.16742157936096
linearSwitchFromFluentProtected,300,20,73,13630.96,123.1258442401886
linearSwitchFromFluentProtected,300,20,74,13731.18,99.20528793334961
linearSwitchFromFluentProtected,300,20,75,12483.48,123.38798213005066
linearSwitchFromFluentProtected,300,20,76,13082.9,123.42322635650635
linearSwitchFromFluentProtected,300,20,77,13246.34,123.37922954559326
linearSwitchFromFluentProtected,300,20,78,12948.56,123.64555191993713
linearSwitchFromFluentProtected,300,20,79,13322.94,123.30366277694702
linearSwitchFromFluentProtected,300,20,80,13482.77,123.25227999687195
linearSwitchFromFluentProtected,300,20,81,12976.96,123.28126692771912
linearSwitchFromFluentProtected,300,20,82,13407.55,123.19188952445984
linearSwitchFromFluentProtected,300,20,83,13164.32,123.50709438323975
linearSwitchFromFluentProtected,300,20,84,12578.57,123.59744310379028
linearSwitchFromFluentProtected,300,20,85,13462.94,123.43636417388916
linearSwitchFromFluentProtected,300,20,86,13046.95,123.00603818893433
linearSwitchFromFluentProtected,300,20,87,13417.26,123.3762047290802
linearSwitchFromFluentProtected,300,20,88,13186.89,123.23989796638489
linearSwitchFromFluentProtected,300,20,89,13149.78,123.54340958595276
linearSwitchFromFluentProtected,300,20,90,12944.02,123.354660987854
linearSwitchFromFluentProtected,300,20,91,13083.19,123.45608353614807
linearSwitchFromFluentProtected,300,20,92,13544.01,123.15240621566772
linearSwitchFromFluentProtected,300,20,93,13129.08,123.10484075546265
linearSwitchFromFluentProtected,300,20,94,13187.82,123.14625382423401
linearSwitchFromFluentProtected,300,20,95,13555.49,123.1809241771698
linearSwitchFromFluentProtected,300,20,96,12886.08,123.28547239303589
linearSwitchFromFluentProtected,300,20,97,13355.93,123.37138724327087
linearSwitchFromFluentProtected,300,20,98,12753.74,123.37202954292297
linearSwitchFromFluentProtected,300,20,99,13079.46,123.4212896823883
linearSwitchFromFluentProtected,300,30,0,13050.04,123.18010830879211
linearSwitchFromFluentProtected,300,30,1,13958.19,123.15424418449402
linearSwitchFromFluentProtected,300,30,2,13751.79,123.09120798110962
linearSwitchFromFluentProtected,300,30,3,12940.05,123.14848470687866
linearSwitchFromFluentProtected,300,30,4,13186.01,122.98248982429504
linearSwitchFromFluentProtected,300,30,5,14117.07,123.3007140159607
linearSwitchFromFluentProtected,300,30,6,13136.96,122.96853685379028
linearSwitchFromFluentProtected,300,30,7,13383.34,122.99442791938782
linearSwitchFromFluentProtected,300,30,8,13477.86,123.13667798042297
linearSwitchFromFluentProtected,300,30,9,13583.64,122.93889212608337
linearSwitchFromFluentProtected,300,30,10,13761.72,123.38015580177307
linearSwitchFromFluentProtected,300,30,11,13837.97,123.07083082199097
linearSwitchFromFluentProtected,300,30,12,13682.33,122.80027770996094
linearSwitchFromFluentProtected,300,30,13,13995.82,123.2345335483551
linearSwitchFromFluentProtected,300,30,14,14022.24,123.31606578826904
linearSwitchFromFluentProtected,300,30,15,13634.21,123.04911684989929
linearSwitchFromFluentProtected,300,30,16,13721.06,123.02641296386719
linearSwitchFromFluentProtected,300,30,17,14030.04,123.23519563674927
linearSwitchFromFluentProtected,300,30,18,13977.61,123.17763257026672
linearSwitchFromFluentProtected,300,30,19,13680.94,122.91773462295532
linearSwitchFromFluentProtected,300,30,20,13474.38,123.22690391540527
linearSwitchFromFluentProtected,300,30,21,14068.53,122.83961701393127
linearSwitchFromFluentProtected,300,30,22,14156.31,122.76981449127197
linearSwitchFromFluentProtected,300,30,23,13401.51,123.19189929962158
linearSwitchFromFluentProtected,300,30,24,13896.15,123.04605221748352
linearSwitchFromFluentProtected,300,30,25,14136.41,123.12848544120789
linearSwitchFromFluentProtected,300,30,26,13234.55,123.11750102043152
linearSwitchFromFluentProtected,300,30,27,13769.53,123.22285795211792
linearSwitchFromFluentProtected,300,30,28,12900.06,123.00299191474915
linearSwitchFromFluentProtected,300,30,29,13203.48,123.12086009979248
linearSwitchFromFluentProtected,300,30,30,13677.7,122.92398715019226
linearSwitchFromFluentProtected,300,30,31,13903.79,122.8963532447815
linearSwitchFromFluentProtected,300,30,32,14205.27,71.09091925621033
linearSwitchFromFluentProtected,300,30,33,13793.76,123.35844397544861
linearSwitchFromFluentProtected,300,30,34,13676.71,123.304123878479
linearSwitchFromFluentProtected,300,30,35,13189.37,123.08078956604004
linearSwitchFromFluentProtected,300,30,36,13687.82,123.10447597503662
linearSwitchFromFluentProtected,300,30,37,13403.6,122.90900564193726
linearSwitchFromFluentProtected,300,30,38,13852.65,122.96707057952881
linearSwitchFromFluentProtected,300,30,39,14267.53,123.00118851661682
linearSwitchFromFluentProtected,300,30,40,13637.92,123.16117548942566
linearSwitchFromFluentProtected,300,30,41,13813.44,123.23847198486328
linearSwitchFromFluentProtected,300,30,42,13944.05,122.84404420852661
linearSwitchFromFluentProtected,300,30,43,13755.22,123.26294589042664
linearSwitchFromFluentProtected,300,30,44,14083.65,123.07888102531433
linearSwitchFromFluentProtected,300,30,45,13695.29,122.92258286476135
linearSwitchFromFluentProtected,300,30,46,13703.36,122.68127226829529
linearSwitchFromFluentProtected,300,30,47,13516.84,123.12640881538391
linearSwitchFromFluentProtected,300,30,48,13496.17,123.09512758255005
linearSwitchFromFluentProtected,300,30,49,13707.57,122.93080234527588
linearSwitchFromFluentProtected,300,30,50,13933.42,123.30733489990234
linearSwitchFromFluentProtected,300,30,51,13916.02,123.02970147132874
linearSwitchFromFluentProtected,300,30,52,13828.12,123.03549838066101
linearSwitchFromFluentProtected,300,30,53,13935.01,122.73075652122498
linearSwitchFromFluentProtected,300,30,54,13438.62,123.3204870223999
linearSwitchFromFluentProtected,300,30,55,13798.52,123.33021068572998
linearSwitchFromFluentProtected,300,30,56,14156.68,122.87450194358826
linearSwitchFromFluentProtected,300,30,57,13491.09,123.22041082382202
linearSwitchFromFluentProtected,300,30,58,13694.16,122.5543577671051
linearSwitchFromFluentProtected,300,30,59,13664.9,123.265056848526
linearSwitchFromFluentProtected,300,30,60,13567.04,122.64197993278503
linearSwitchFromFluentProtected,300,30,61,13731.62,122.959219455719
linearSwitchFromFluentProtected,300,30,62,13113.37,123.09138345718384
linearSwitchFromFluentProtected,300,30,63,14209.72,122.9089035987854
linearSwitchFromFluentProtected,300,30,64,13739.12,122.2983181476593
linearSwitchFromFluentProtected,300,30,65,13683.39,123.20421481132507
linearSwitchFromFluentProtected,300,30,66,13000.11,123.16571235656738
linearSwitchFromFluentProtected,300,30,67,13934.9,123.07929396629333
linearSwitchFromFluentProtected,300,30,68,14065.19,123.15368700027466
linearSwitchFromFluentProtected,300,30,69,13467.59,123.04610347747803
linearSwitchFromFluentProtected,300,30,70,14065.51,122.90358233451843
linearSwitchFromFluentProtected,300,30,71,14306.91,122.76371693611145
linearSwitchFromFluentProtected,300,30,72,13680.59,123.07542872428894
linearSwitchFromFluentProtected,300,30,73,13848.27,123.21420407295227
linearSwitchFromFluentProtected,300,30,74,13554.86,122.72593259811401
linearSwitchFromFluentProtected,300,30,75,13090.32,123.21529459953308
linearSwitchFromFluentProtected,300,30,76,13314.76,123.5063407421112
linearSwitchFromFluentProtected,300,30,77,13720.13,123.02878928184509
linearSwitchFromFluentProtected,300,30,78,13492.08,122.99076318740845
linearSwitchFromFluentProtected,300,30,79,13904.31,123.10987830162048
linearSwitchFromFluentProtected,300,30,80,13567.12,122.8854169845581
linearSwitchFromFluentProtected,300,30,81,13864.02,123.15545225143433
linearSwitchFromFluentProtected,300,30,82,13675.12,68.52038598060608
linearSwitchFromFluentProtected,300,30,83,13695.48,123.12057518959045
linearSwitchFromFluentProtected,300,30,84,12987.24,122.86047792434692
linearSwitchFromFluentProtected,300,30,85,13640.42,123.23189401626587
linearSwitchFromFluentProtected,300,30,86,13468.75,122.95225596427917
linearSwitchFromFluentProtected,300,30,87,13826.53,123.1557412147522
linearSwitchFromFluentProtected,300,30,88,13577.29,122.91293907165527
linearSwitchFromFluentProtected,300,30,89,13701.96,122.96533203125
linearSwitchFromFluentProtected,300,30,90,13535.44,123.2086193561554
linearSwitchFromFluentProtected,300,30,91,13338.47,123.25041007995605
linearSwitchFromFluentProtected,300,30,92,14276.71,123.0715606212616
linearSwitchFromFluentProtected,300,30,93,13631.61,95.1595549583435
linearSwitchFromFluentProtected,300,30,94,14034.56,122.918536901474
linearSwitchFromFluentProtected,300,30,95,13958.93,123.03494596481323
linearSwitchFromFluentProtected,300,30,96,13413.5,122.89712905883789
linearSwitchFromFluentProtected,300,30,97,13871.27,123.10654330253601
linearSwitchFromFluentProtected,300,30,98,13798.96,123.05310654640198
linearSwitchFromFluentProtected,300,30,99,13681.98,122.959965467453
linearSwitchFromFluentProtected,300,40,0,13310.93,122.77337145805359
linearSwitchFromFluentProtected,300,40,1,13866.09,36.595972776412964
linearSwitchFromFluentProtected,300,40,2,14604.14,122.72636318206787
linearSwitchFromFluentProtected,300,40,3,13285.19,122.98014283180237
linearSwitchFromFluentProtected,300,40,4,13964.7,122.79963803291321
linearSwitchFromFluentProtected,300,40,5,14804.41,37.669211626052856
linearSwitchFromFluentProtected,300,40,6,13566.85,122.7566888332367
linearSwitchFromFluentProtected,300,40,7,13920.76,55.28638243675232
linearSwitchFromFluentProtected,300,40,8,14139.07,108.21372151374817
linearSwitchFromFluentProtected,300,40,9,13804.67,122.641592502594
linearSwitchFromFluentProtected,300,40,10,14399.01,122.58512210845947
linearSwitchFromFluentProtected,300,40,11,14480.74,122.67650055885315
linearSwitchFromFluentProtected,300,40,12,13997.98,122.80314898490906
linearSwitchFromFluentProtected,300,40,13,14493.14,122.79587006568909
linearSwitchFromFluentProtected,300,40,14,14114.85,122.87581396102905
linearSwitchFromFluentProtected,300,40,15,14178.07,58.33361482620239
linearSwitchFromFluentProtected,300,40,16,13914.63,122.89040946960449
linearSwitchFromFluentProtected,300,40,17,14539.93,122.78188610076904
linearSwitchFromFluentProtected,300,40,18,14632.57,122.70254111289978
linearSwitchFromFluentProtected,300,40,19,13952.61,122.76183605194092
linearSwitchFromFluentProtected,300,40,20,14007.06,123.10750365257263
linearSwitchFromFluentProtected,300,40,21,14632.82,122.73503828048706
linearSwitchFromFluentProtected,300,40,22,14665.12,122.95369267463684
linearSwitchFromFluentProtected,300,40,23,13777.41,122.77074599266052
linearSwitchFromFluentProtected,300,40,24,14241.44,96.38750386238098
linearSwitchFromFluentProtected,300,40,25,14615.34,89.52374815940857
linearSwitchFromFluentProtected,300,40,26,13742.85,122.83537793159485
linearSwitchFromFluentProtected,300,40,27,14526.38,122.90858316421509
linearSwitchFromFluentProtected,300,40,28,13298.84,122.87805962562561
linearSwitchFromFluentProtected,300,40,29,13946.69,122.80809092521667
linearSwitchFromFluentProtected,300,40,30,14120.29,123.12457585334778
linearSwitchFromFluentProtected,300,40,31,15144.09,89.83937096595764
linearSwitchFromFluentProtected,300,40,32,14212.66,122.8061158657074
linearSwitchFromFluentProtected,300,40,33,14246.63,122.93897819519043
linearSwitchFromFluentProtected,300,40,34,14299.01,122.65471005439758
linearSwitchFromFluentProtected,300,40,35,13880.82,123.1162097454071
linearSwitchFromFluentProtected,300,40,36,14633.73,122.76280522346497
linearSwitchFromFluentProtected,300,40,37,13979.09,122.59509634971619
linearSwitchFromFluentProtected,300,40,38,14553.13,122.97417879104614
linearSwitchFromFluentProtected,300,40,39,14522.11,122.76042079925537
linearSwitchFromFluentProtected,300,40,40,14715.38,122.66266989707947
linearSwitchFromFluentProtected,300,40,41,14296.3,122.84870338439941
linearSwitchFromFluentProtected,300,40,42,14598.05,59.73571968078613
linearSwitchFromFluentProtected,300,40,43,13669.25,122.67710185050964
linearSwitchFromFluentProtected,300,40,44,14664.43,122.93808054924011
linearSwitchFromFluentProtected,300,40,45,13807.38,122.7239351272583
linearSwitchFromFluentProtected,300,40,46,14320.42,122.78029203414917
linearSwitchFromFluentProtected,300,40,47,13834.93,122.95237684249878
linearSwitchFromFluentProtected,300,40,48,13987.79,122.5577404499054
linearSwitchFromFluentProtected,300,40,49,14191.96,122.56208920478821
linearSwitchFromFluentProtected,300,40,50,14543.07,122.96986508369446
linearSwitchFromFluentProtected,300,40,51,14382.83,112.48656344413757
linearSwitchFromFluentProtected,300,40,52,14483.0,56.565717935562134
linearSwitchFromFluentProtected,300,40,53,14314.82,85.98795318603516
linearSwitchFromFluentProtected,300,40,54,13715.08,122.83720970153809
linearSwitchFromFluentProtected,300,40,55,14545.03,122.91208052635193
linearSwitchFromFluentProtected,300,40,56,14363.79,122.98455262184143
linearSwitchFromFluentProtected,300,40,57,13977.77,117.35581421852112
linearSwitchFromFluentProtected,300,40,58,13894.15,122.65957880020142
linearSwitchFromFluentProtected,300,40,59,14215.96,50.4148108959198
linearSwitchFromFluentProtected,300,40,60,13699.73,122.69152617454529
linearSwitchFromFluentProtected,300,40,61,14503.01,122.69393420219421
linearSwitchFromFluentProtected,300,40,62,13754.86,122.80592513084412
linearSwitchFromFluentProtected,300,40,63,14296.37,71.04834294319153
linearSwitchFromFluentProtected,300,40,64,14507.69,122.57665133476257
linearSwitchFromFluentProtected,300,40,65,14386.6,122.71349835395813
linearSwitchFromFluentProtected,300,40,66,13471.47,122.95523691177368
linearSwitchFromFluentProtected,300,40,67,14413.3,112.60989594459534
linearSwitchFromFluentProtected,300,40,68,14602.21,122.90977764129639
linearSwitchFromFluentProtected,300,40,69,14171.51,122.95572471618652
linearSwitchFromFluentProtected,300,40,70,14575.21,122.61066961288452
linearSwitchFromFluentProtected,300,40,71,14822.34,49.7879273891449
linearSwitchFromFluentProtected,300,40,72,14866.26,122.63184332847595
linearSwitchFromFluentProtected,300,40,73,14392.09,122.69279456138611
linearSwitchFromFluentProtected,300,40,74,14266.88,123.08333587646484
linearSwitchFromFluentProtected,300,40,75,13452.36,122.6844117641449
linearSwitchFromFluentProtected,300,40,76,14371.55,122.6773293018341
linearSwitchFromFluentProtected,300,40,77,14045.01,122.6224091053009
linearSwitchFromFluentProtected,300,40,78,14431.38,95.21367192268372
linearSwitchFromFluentProtected,300,40,79,14672.83,122.68625569343567
linearSwitchFromFluentProtected,300,40,80,14429.93,122.63497352600098
linearSwitchFromFluentProtected,300,40,81,14149.67,82.62477350234985
linearSwitchFromFluentProtected,300,40,82,13981.29,123.02208733558655
linearSwitchFromFluentProtected,300,40,83,14343.09,122.58303093910217
linearSwitchFromFluentProtected,300,40,84,13169.82,122.98120903968811
linearSwitchFromFluentProtected,300,40,85,14149.55,68.6799259185791
linearSwitchFromFluentProtected,300,40,86,14230.57,94.8781042098999
linearSwitchFromFluentProtected,300,40,87,14471.97,122.9666039943695
linearSwitchFromFluentProtected,300,40,88,13770.69,123.02513074874878
linearSwitchFromFluentProtected,300,40,89,14483.02,122.91021275520325
linearSwitchFromFluentProtected,300,40,90,13728.84,122.77387046813965
linearSwitchFromFluentProtected,300,40,91,13834.85,122.87769079208374
linearSwitchFromFluentProtected,300,40,92,14694.51,35.7860209941864
linearSwitchFromFluentProtected,300,40,93,13836.81,122.71736860275269
linearSwitchFromFluentProtected,300,40,94,14217.91,122.84350514411926
linearSwitchFromFluentProtected,300,40,95,14575.49,43.229244232177734
linearSwitchFromFluentProtected,300,40,96,13710.24,119.16066408157349
linearSwitchFromFluentProtected,300,40,97,14571.14,122.82183766365051
linearSwitchFromFluentProtected,300,40,98,13744.06,123.0091199874878
linearSwitchFromFluentProtected,300,40,99,14181.72,123.01550817489624
linearSwitchFromFluentProtected,300,50,0,14049.14,114.74314665794373
linearSwitchFromFluentProtected,300,50,1,14624.67,122.68333196640015
linearSwitchFromFluentProtected,300,50,2,15401.05,21.638392448425293
linearSwitchFromFluentProtected,300,50,3,13508.43,122.89571022987366
linearSwitchFromFluentProtected,300,50,4,14178.68,117.86902213096619
linearSwitchFromFluentProtected,300,50,5,14921.95,122.4987621307373
linearSwitchFromFluentProtected,300,50,6,14300.5,122.67587542533875
linearSwitchFromFluentProtected,300,50,7,14280.7,13.267290353775024
linearSwitchFromFluentProtected,300,50,8,14866.28,56.07497811317444
linearSwitchFromFluentProtected,300,50,9,15088.2,8.8998384475708
linearSwitchFromFluentProtected,300,50,10,14970.05,8.179681539535522
linearSwitchFromFluentProtected,300,50,11,14749.14,122.64758729934692
linearSwitchFromFluentProtected,300,50,12,14850.88,117.88300657272339
linearSwitchFromFluentProtected,300,50,13,14666.38,95.96762943267822
linearSwitchFromFluentProtected,300,50,14,14833.27,96.65884208679199
linearSwitchFromFluentProtected,300,50,15,14977.17,101.14828944206238
linearSwitchFromFluentProtected,300,50,16,14972.78,27.94590973854065
linearSwitchFromFluentProtected,300,50,17,14918.08,122.78928470611572
linearSwitchFromFluentProtected,300,50,18,14710.75,77.05512595176697
linearSwitchFromFluentProtected,300,50,19,14651.7,122.58094763755798
linearSwitchFromFluentProtected,300,50,20,14312.35,122.74140000343323
linearSwitchFromFluentProtected,300,50,21,14206.98,122.68513941764832
linearSwitchFromFluentProtected,300,50,22,15097.72,122.66044068336487
linearSwitchFromFluentProtected,300,50,23,14170.62,58.749584674835205
linearSwitchFromFluentProtected,300,50,24,15090.78,120.02218389511108
linearSwitchFromFluentProtected,300,50,25,15380.02,5.366450309753418
linearSwitchFromFluentProtected,300,50,26,14199.14,51.84385085105896
linearSwitchFromFluentProtected,300,50,27,14661.84,122.57596898078918
linearSwitchFromFluentProtected,300,50,28,14103.7,122.53839826583862
linearSwitchFromFluentProtected,300,50,29,14323.04,122.7068567276001
linearSwitchFromFluentProtected,300,50,30,14570.69,90.57185411453247
linearSwitchFromFluentProtected,300,50,31,15209.03,111.74588131904602
linearSwitchFromFluentProtected,300,50,32,14847.74,122.50364136695862
linearSwitchFromFluentProtected,300,50,33,14673.77,62.13247847557068
linearSwitchFromFluentProtected,300,50,34,14932.03,104.8286669254303
linearSwitchFromFluentProtected,300,50,35,14216.06,122.6190857887268
linearSwitchFromFluentProtected,300,50,36,14897.22,122.71882343292236
linearSwitchFromFluentProtected,300,50,37,14281.04,73.08342242240906
linearSwitchFromFluentProtected,300,50,38,14934.59,122.56414198875427
linearSwitchFromFluentProtected,300,50,39,15121.09,63.7898428440094
linearSwitchFromFluentProtected,300,50,40,15162.15,36.3073844909668
linearSwitchFromFluentProtected,300,50,41,14571.29,122.60840916633606
linearSwitchFromFluentProtected,300,50,42,14337.29,122.73759603500366
linearSwitchFromFluentProtected,300,50,43,14474.16,122.73554110527039
linearSwitchFromFluentProtected,300,50,44,15259.78,51.003090381622314
linearSwitchFromFluentProtected,300,50,45,14702.61,122.79301333427429
linearSwitchFromFluentProtected,300,50,46,14808.23,10.776156187057495
linearSwitchFromFluentProtected,300,50,47,14793.02,53.949296712875366
linearSwitchFromFluentProtected,300,50,48,14481.73,36.8489773273468
linearSwitchFromFluentProtected,300,50,49,14476.64,60.509941816329956
linearSwitchFromFluentProtected,300,50,50,15032.86,57.32647180557251
linearSwitchFromFluentProtected,300,50,51,15230.22,69.24248170852661
linearSwitchFromFluentProtected,300,50,52,14992.64,37.27937078475952
linearSwitchFromFluentProtected,300,50,53,14595.99,109.57782816886902
linearSwitchFromFluentProtected,300,50,54,14478.96,91.64315700531006
linearSwitchFromFluentProtected,300,50,55,14854.17,122.73214054107666
linearSwitchFromFluentProtected,300,50,56,15110.26,85.0917718410492
linearSwitchFromFluentProtected,300,50,57,14811.58,36.44863772392273
linearSwitchFromFluentProtected,300,50,58,14649.24,54.488466024398804
linearSwitchFromFluentProtected,300,50,59,15015.26,6.410017728805542
linearSwitchFromFluentProtected,300,50,60,14561.98,49.09930658340454
linearSwitchFromFluentProtected,300,50,61,14985.05,32.094130754470825
linearSwitchFromFluentProtected,300,50,62,14197.39,122.53003478050232
linearSwitchFromFluentProtected,300,50,63,15207.76,56.58288383483887
linearSwitchFromFluentProtected,300,50,64,14570.99,122.97578835487366
linearSwitchFromFluentProtected,300,50,65,14661.23,122.49324417114258
linearSwitchFromFluentProtected,300,50,66,13972.31,122.620445728302
linearSwitchFromFluentProtected,300,50,67,14720.51,14.69582724571228
linearSwitchFromFluentProtected,300,50,68,15096.63,122.60730242729187
linearSwitchFromFluentProtected,300,50,69,14622.72,122.75986361503601
linearSwitchFromFluentProtected,300,50,70,14959.74,91.46845698356628
linearSwitchFromFluentProtected,300,50,71,15224.98,46.77580118179321
linearSwitchFromFluentProtected,300,50,72,15059.11,58.950549840927124
linearSwitchFromFluentProtected,300,50,73,14582.07,83.63134670257568
linearSwitchFromFluentProtected,300,50,74,14634.62,122.51092314720154
linearSwitchFromFluentProtected,300,50,75,14042.25,122.58088064193726
linearSwitchFromFluentProtected,300,50,76,14434.79,122.70454549789429
linearSwitchFromFluentProtected,300,50,77,14573.33,85.24803972244263
linearSwitchFromFluentProtected,300,50,78,14580.7,122.8278284072876
linearSwitchFromFluentProtected,300,50,79,14771.74,122.73873710632324
linearSwitchFromFluentProtected,300,50,80,14709.05,109.63782620429993
linearSwitchFromFluentProtected,300,50,81,14716.62,17.766672372817993
linearSwitchFromFluentProtected,300,50,82,14829.53,114.11203813552856
linearSwitchFromFluentProtected,300,50,83,14555.56,91.57637000083923
linearSwitchFromFluentProtected,300,50,84,13651.18,122.73160243034363
linearSwitchFromFluentProtected,300,50,85,14818.48,36.41318869590759
linearSwitchFromFluentProtected,300,50,86,14151.16,122.64366483688354
linearSwitchFromFluentProtected,300,50,87,15012.75,37.38961696624756
linearSwitchFromFluentProtected,300,50,88,14601.75,122.78454875946045
linearSwitchFromFluentProtected,300,50,89,14632.95,109.95615196228027
linearSwitchFromFluentProtected,300,50,90,14045.41,122.63128972053528
linearSwitchFromFluentProtected,300,50,91,14490.88,86.73083066940308
linearSwitchFromFluentProtected,300,50,92,15119.01,122.44752597808838
linearSwitchFromFluentProtected,300,50,93,14494.28,79.41258263587952
linearSwitchFromFluentProtected,300,50,94,14807.03,40.00307631492615
linearSwitchFromFluentProtected,300,50,95,14923.77,122.71499037742615
linearSwitchFromFluentProtected,300,50,96,14548.5,65.41225528717041
linearSwitchFromFluentProtected,300,50,97,14564.47,36.374231815338135
linearSwitchFromFluentProtected,300,50,98,14787.89,69.12941575050354
linearSwitchFromFluentProtected,300,50,99,14497.71,122.83735537528992
linearSwitchFromFluentProtected,300,60,0,14806.95,3.027066946029663
linearSwitchFromFluentProtected,300,60,1,15351.49,26.200004816055298
linearSwitchFromFluentProtected,300,60,2,14951.24,25.421610593795776
linearSwitchFromFluentProtected,300,60,3,13975.51,122.55276465415955
linearSwitchFromFluentProtected,300,60,4,14739.51,35.9767050743103
linearSwitchFromFluentProtected,300,60,5,15219.82,14.880587100982666
linearSwitchFromFluentProtected,300,60,6,14866.72,43.92191028594971
linearSwitchFromFluentProtected,300,60,7,14814.67,77.4033784866333
linearSwitchFromFluentProtected,300,60,8,15350.75,3.3262546062469482
linearSwitchFromFluentProtected,300,60,9,15456.4,13.876935958862305
linearSwitchFromFluentProtected,300,60,10,14992.0,54.67735958099365
linearSwitchFromFluentProtected,300,60,11,15191.16,122.53494882583618
linearSwitchFromFluentProtected,300,60,12,15325.12,122.77517676353455
linearSwitchFromFluentProtected,300,60,13,15212.62,8.25169038772583
linearSwitchFromFluentProtected,300,60,14,15308.33,10.641639947891235
linearSwitchFromFluentProtected,300,60,15,15203.92,16.353137493133545
linearSwitchFromFluentProtected,300,60,16,14826.6,3.0667970180511475
linearSwitchFromFluentProtected,300,60,17,14991.45,7.856273412704468
linearSwitchFromFluentProtected,300,60,18,15107.35,6.592612266540527
linearSwitchFromFluentProtected,300,60,19,15017.12,122.51338815689087
linearSwitchFromFluentProtected,300,60,20,14719.87,72.71344017982483
linearSwitchFromFluentProtected,300,60,21,14816.7,106.67524003982544
linearSwitchFromFluentProtected,300,60,22,15377.82,24.329669713974
linearSwitchFromFluentProtected,300,60,23,14485.86,7.54472279548645
linearSwitchFromFluentProtected,300,60,24,15693.89,5.471535682678223
linearSwitchFromFluentProtected,300,60,25,15142.03,65.46186757087708
linearSwitchFromFluentProtected,300,60,26,14762.04,56.67549109458923
linearSwitchFromFluentProtected,300,60,27,15029.53,81.85264325141907
linearSwitchFromFluentProtected,300,60,28,14170.08,122.59263849258423
linearSwitchFromFluentProtected,300,60,29,14413.36,122.61210298538208
linearSwitchFromFluentProtected,300,60,30,15005.71,116.16823554039001
linearSwitchFromFluentProtected,300,60,31,15653.77,5.216439247131348
linearSwitchFromFluentProtected,300,60,32,15368.99,10.300317764282227
linearSwitchFromFluentProtected,300,60,33,15104.63,19.65982174873352
linearSwitchFromFluentProtected,300,60,34,15168.28,68.14040946960449
linearSwitchFromFluentProtected,300,60,35,14832.14,118.96880054473877
linearSwitchFromFluentProtected,300,60,36,15479.63,122.64813899993896
linearSwitchFromFluentProtected,300,60,37,14583.92,122.73288369178772
linearSwitchFromFluentProtected,300,60,38,15036.4,51.3150794506073
linearSwitchFromFluentProtected,300,60,39,15554.14,24.484114408493042
linearSwitchFromFluentProtected,300,60,40,15279.68,32.227800130844116
linearSwitchFromFluentProtected,300,60,41,14730.27,29.364397525787354
linearSwitchFromFluentProtected,300,60,42,14900.77,31.267452239990234
linearSwitchFromFluentProtected,300,60,43,14812.77,23.853951692581177
linearSwitchFromFluentProtected,300,60,44,15549.3,25.235506057739258
linearSwitchFromFluentProtected,300,60,45,14739.37,93.2515504360199
linearSwitchFromFluentProtected,300,60,46,15083.66,4.674618244171143
linearSwitchFromFluentProtected,300,60,47,14551.42,44.795753479003906
linearSwitchFromFluentProtected,300,60,48,14711.98,32.18070435523987
linearSwitchFromFluentProtected,300,60,49,15103.34,45.368857622146606
linearSwitchFromFluentProtected,300,60,50,15531.18,35.2927041053772
linearSwitchFromFluentProtected,300,60,51,15234.77,8.982876062393188
linearSwitchFromFluentProtected,300,60,52,14817.89,44.82940983772278
linearSwitchFromFluentProtected,300,60,53,14895.5,54.505627155303955
linearSwitchFromFluentProtected,300,60,54,14483.02,95.2952470779419
linearSwitchFromFluentProtected,300,60,55,15488.47,14.211355447769165
linearSwitchFromFluentProtected,300,60,56,15833.35,9.74908447265625
linearSwitchFromFluentProtected,300,60,57,15058.3,122.67148089408875
linearSwitchFromFluentProtected,300,60,58,14886.3,22.742145776748657
linearSwitchFromFluentProtected,300,60,59,14943.42,6.129616737365723
linearSwitchFromFluentProtected,300,60,60,14580.52,112.25826954841614
linearSwitchFromFluentProtected,300,60,61,15386.77,64.98310422897339
linearSwitchFromFluentProtected,300,60,62,14968.77,35.694793939590454
linearSwitchFromFluentProtected,300,60,63,15277.5,67.64572238922119
linearSwitchFromFluentProtected,300,60,64,14755.75,122.55734395980835
linearSwitchFromFluentProtected,300,60,65,15270.9,69.33540105819702
linearSwitchFromFluentProtected,300,60,66,14303.38,122.70197343826294
linearSwitchFromFluentProtected,300,60,67,15081.07,122.06705975532532
linearSwitchFromFluentProtected,300,60,68,15211.55,122.48006796836853
linearSwitchFromFluentProtected,300,60,69,14809.82,16.007498502731323
linearSwitchFromFluentProtected,300,60,70,15067.69,15.76143765449524
linearSwitchFromFluentProtected,300,60,71,15020.24,44.44116568565369
linearSwitchFromFluentProtected,300,60,72,15426.43,74.86067175865173
linearSwitchFromFluentProtected,300,60,73,15094.59,53.71599769592285
linearSwitchFromFluentProtected,300,60,74,15178.51,49.49144244194031
linearSwitchFromFluentProtected,300,60,75,14557.68,122.63726782798767
linearSwitchFromFluentProtected,300,60,76,14745.3,122.62280869483948
linearSwitchFromFluentProtected,300,60,77,14462.21,14.583391189575195
linearSwitchFromFluentProtected,300,60,78,14789.88,103.60037636756897
linearSwitchFromFluentProtected,300,60,79,15050.7,45.841506481170654
linearSwitchFromFluentProtected,300,60,80,15217.61,85.78146743774414
linearSwitchFromFluentProtected,300,60,81,14933.21,13.716500043869019
linearSwitchFromFluentProtected,300,60,82,14905.36,57.2074511051178
linearSwitchFromFluentProtected,300,60,83,15414.7,81.59188556671143
linearSwitchFromFluentProtected,300,60,84,13774.74,120.44111657142639
linearSwitchFromFluentProtected,300,60,85,15279.41,33.61514377593994
linearSwitchFromFluentProtected,300,60,86,14519.27,47.737669706344604
linearSwitchFromFluentProtected,300,60,87,14899.92,56.262333393096924
linearSwitchFromFluentProtected,300,60,88,14703.59,97.24168372154236
linearSwitchFromFluentProtected,300,60,89,15192.57,13.793336391448975
linearSwitchFromFluentProtected,300,60,90,14706.04,122.62449526786804
linearSwitchFromFluentProtected,300,60,91,15143.41,25.048603057861328
linearSwitchFromFluentProtected,300,60,92,15286.64,8.871604204177856
linearSwitchFromFluentProtected,300,60,93,15052.44,105.37787532806396
linearSwitchFromFluentProtected,300,60,94,14853.13,67.12029147148132
linearSwitchFromFluentProtected,300,60,95,15768.85,3.0007381439208984
linearSwitchFromFluentProtected,300,60,96,14834.35,4.239786863327026
linearSwitchFromFluentProtected,300,60,97,15449.37,33.62064480781555
linearSwitchFromFluentProtected,300,60,98,14843.14,122.51049280166626
linearSwitchFromFluentProtected,300,60,99,14610.64,122.82513236999512
linearSwitchFromFluentProtected,300,70,0,14895.14,7.789995431900024
linearSwitchFromFluentProtected,300,70,1,15354.71,45.43791055679321
linearSwitchFromFluentProtected,300,70,2,15456.27,21.06829071044922
linearSwitchFromFluentProtected,300,70,3,14187.66,23.912288904190063
linearSwitchFromFluentProtected,300,70,4,14596.48,35.88801860809326
linearSwitchFromFluentProtected,300,70,5,15601.08,30.717503786087036
linearSwitchFromFluentProtected,300,70,6,14871.9,115.83846044540405
linearSwitchFromFluentProtected,300,70,7,14787.89,3.723358392715454
linearSwitchFromFluentProtected,300,70,8,15796.42,5.4976866245269775
linearSwitchFromFluentProtected,300,70,9,15794.15,3.356044054031372
linearSwitchFromFluentProtected,300,70,10,15115.97,32.26179480552673
linearSwitchFromFluentProtected,300,70,11,15348.29,122.58220648765564
linearSwitchFromFluentProtected,300,70,12,15277.62,90.95941877365112
linearSwitchFromFluentProtected,300,70,13,15242.6,34.62848973274231
linearSwitchFromFluentProtected,300,70,14,15336.8,52.01559567451477
linearSwitchFromFluentProtected,300,70,15,15022.05,4.898250102996826
linearSwitchFromFluentProtected,300,70,16,15307.39,4.73457932472229
linearSwitchFromFluentProtected,300,70,17,15945.28,6.044844150543213
linearSwitchFromFluentProtected,300,70,18,15181.12,4.90772557258606
linearSwitchFromFluentProtected,300,70,19,15076.97,31.46304965019226
linearSwitchFromFluentProtected,300,70,20,14913.39,120.26391959190369
linearSwitchFromFluentProtected,300,70,21,15084.49,35.984357833862305
linearSwitchFromFluentProtected,300,70,22,15244.65,26.457111120224
linearSwitchFromFluentProtected,300,70,23,14853.28,23.721551656723022
linearSwitchFromFluentProtected,300,70,24,15606.13,32.24576020240784
linearSwitchFromFluentProtected,300,70,25,15410.47,18.84630560874939
linearSwitchFromFluentProtected,300,70,26,14919.43,16.605308532714844
linearSwitchFromFluentProtected,300,70,27,15022.1,24.839537620544434
linearSwitchFromFluentProtected,300,70,28,14253.24,64.56709861755371
linearSwitchFromFluentProtected,300,70,29,14748.17,102.31659007072449
linearSwitchFromFluentProtected,300,70,30,15725.71,9.859795570373535
linearSwitchFromFluentProtected,300,70,31,15776.01,6.775049924850464
linearSwitchFromFluentProtected,300,70,32,15192.83,4.41094183921814
linearSwitchFromFluentProtected,300,70,33,15008.85,79.65613865852356
linearSwitchFromFluentProtected,300,70,34,15855.93,3.600780725479126
linearSwitchFromFluentProtected,300,70,35,14793.69,69.9563000202179
linearSwitchFromFluentProtected,300,70,36,15887.37,43.90455198287964
linearSwitchFromFluentProtected,300,70,37,15054.44,37.136329650878906
linearSwitchFromFluentProtected,300,70,38,15484.08,58.88191771507263
linearSwitchFromFluentProtected,300,70,39,15724.24,15.527145147323608
linearSwitchFromFluentProtected,300,70,40,15608.14,21.72860622406006
linearSwitchFromFluentProtected,300,70,41,15202.47,77.78641986846924
linearSwitchFromFluentProtected,300,70,42,14853.96,10.757354021072388
linearSwitchFromFluentProtected,300,70,43,14838.59,13.72469425201416
linearSwitchFromFluentProtected,300,70,44,15667.86,23.828359365463257
linearSwitchFromFluentProtected,300,70,45,15253.13,39.68589949607849
linearSwitchFromFluentProtected,300,70,46,15036.08,5.117183208465576
linearSwitchFromFluentProtected,300,70,47,15114.5,28.659875631332397
linearSwitchFromFluentProtected,300,70,48,14826.44,101.20712924003601
linearSwitchFromFluentProtected,300,70,49,15456.65,3.887099027633667
linearSwitchFromFluentProtected,300,70,50,15452.71,5.826900482177734
linearSwitchFromFluentProtected,300,70,51,15565.65,29.006847143173218
linearSwitchFromFluentProtected,300,70,52,15233.35,40.939915895462036
linearSwitchFromFluentProtected,300,70,53,15072.22,122.52020239830017
linearSwitchFromFluentProtected,300,70,54,14757.79,14.638111114501953
linearSwitchFromFluentProtected,300,70,55,16008.98,3.7916338443756104
linearSwitchFromFluentProtected,300,70,56,15560.24,120.40725064277649
linearSwitchFromFluentProtected,300,70,57,15067.65,54.0610785484314
linearSwitchFromFluentProtected,300,70,58,15210.42,35.69502019882202
linearSwitchFromFluentProtected,300,70,59,15457.45,10.588803052902222
linearSwitchFromFluentProtected,300,70,60,14969.7,31.170886516571045
linearSwitchFromFluentProtected,300,70,61,15372.01,18.054044246673584
linearSwitchFromFluentProtected,300,70,62,14908.17,82.97463726997375
linearSwitchFromFluentProtected,300,70,63,15649.8,41.42415142059326
linearSwitchFromFluentProtected,300,70,64,15068.9,122.45372223854065
linearSwitchFromFluentProtected,300,70,65,15296.52,40.820555686950684
linearSwitchFromFluentProtected,300,70,66,14120.33,122.63960289955139
linearSwitchFromFluentProtected,300,70,67,15494.82,4.677122354507446
linearSwitchFromFluentProtected,300,70,68,15237.4,122.62214493751526
linearSwitchFromFluentProtected,300,70,69,14689.09,122.48265671730042
linearSwitchFromFluentProtected,300,70,70,15431.96,15.590136051177979
linearSwitchFromFluentProtected,300,70,71,15558.67,19.07978129386902
linearSwitchFromFluentProtected,300,70,72,15628.43,6.913344144821167
linearSwitchFromFluentProtected,300,70,73,15113.29,27.28622269630432
linearSwitchFromFluentProtected,300,70,74,15271.72,76.94365048408508
linearSwitchFromFluentProtected,300,70,75,14354.83,89.28893780708313
linearSwitchFromFluentProtected,300,70,76,15062.28,122.42658972740173
linearSwitchFromFluentProtected,300,70,77,15257.92,55.792317152023315
linearSwitchFromFluentProtected,300,70,78,14364.26,122.8445987701416
linearSwitchFromFluentProtected,300,70,79,15400.67,89.49102544784546
linearSwitchFromFluentProtected,300,70,80,15479.68,13.187264204025269
linearSwitchFromFluentProtected,300,70,81,15246.17,6.178985834121704
linearSwitchFromFluentProtected,300,70,82,15116.87,115.4597978591919
linearSwitchFromFluentProtected,300,70,83,15551.57,8.455890655517578
linearSwitchFromFluentProtected,300,70,84,14233.2,66.69736409187317
linearSwitchFromFluentProtected,300,70,85,15293.03,57.84142088890076
linearSwitchFromFluentProtected,300,70,86,14718.77,6.944067001342773
linearSwitchFromFluentProtected,300,70,87,15140.72,12.755481958389282
linearSwitchFromFluentProtected,300,70,88,15347.42,28.016467332839966
linearSwitchFromFluentProtected,300,70,89,14893.73,25.082937479019165
linearSwitchFromFluentProtected,300,70,90,15276.39,12.97376799583435
linearSwitchFromFluentProtected,300,70,91,15696.36,4.6621620655059814
linearSwitchFromFluentProtected,300,70,92,15662.92,82.62433862686157
linearSwitchFromFluentProtected,300,70,93,15183.08,9.939815282821655
linearSwitchFromFluentProtected,300,70,94,15121.13,75.56211185455322
linearSwitchFromFluentProtected,300,70,95,15699.02,17.20367193222046
linearSwitchFromFluentProtected,300,70,96,14870.07,5.783489465713501
linearSwitchFromFluentProtected,300,70,97,15698.84,19.701088428497314
linearSwitchFromFluentProtected,300,70,98,15179.82,19.472142696380615
linearSwitchFromFluentProtected,300,70,99,15006.78,12.980058193206787
linearSwitchFromFluentProtected,300,80,0,14860.7,5.8149213790893555
linearSwitchFromFluentProtected,300,80,1,15274.51,40.665818214416504
linearSwitchFromFluentProtected,300,80,2,15178.66,39.96479940414429
linearSwitchFromFluentProtected,300,80,3,14121.98,27.18339967727661
linearSwitchFromFluentProtected,300,80,4,14818.32,3.8816912174224854
linearSwitchFromFluentProtected,300,80,5,15734.55,33.73488187789917
linearSwitchFromFluentProtected,300,80,6,14834.26,68.9406681060791
linearSwitchFromFluentProtected,300,80,7,15030.3,4.98115348815918
linearSwitchFromFluentProtected,300,80,8,15564.56,4.925130605697632
linearSwitchFromFluentProtected,300,80,9,15633.16,2.7124390602111816
linearSwitchFromFluentProtected,300,80,10,15580.56,18.491327047348022
linearSwitchFromFluentProtected,300,80,11,15334.79,122.49677991867065
linearSwitchFromFluentProtected,300,80,12,15227.77,80.41590666770935
linearSwitchFromFluentProtected,300,80,13,15171.58,26.980738878250122
linearSwitchFromFluentProtected,300,80,14,15448.1,17.650299072265625
linearSwitchFromFluentProtected,300,80,15,15375.84,8.58243989944458
linearSwitchFromFluentProtected,300,80,16,15288.92,4.7973949909210205
linearSwitchFromFluentProtected,300,80,17,15447.42,7.660381317138672
linearSwitchFromFluentProtected,300,80,18,15196.64,5.818157911300659
linearSwitchFromFluentProtected,300,80,19,15093.76,122.82497763633728
linearSwitchFromFluentProtected,300,80,20,14876.5,122.534353017807
linearSwitchFromFluentProtected,300,80,21,15510.51,74.69455575942993
linearSwitchFromFluentProtected,300,80,22,15230.62,22.9819118976593
linearSwitchFromFluentProtected,300,80,23,14876.2,14.47020959854126
linearSwitchFromFluentProtected,300,80,24,15364.58,47.83903646469116
linearSwitchFromFluentProtected,300,80,25,15489.22,23.693620681762695
linearSwitchFromFluentProtected,300,80,26,14607.96,122.70651316642761
linearSwitchFromFluentProtected,300,80,27,15094.45,33.26967191696167
linearSwitchFromFluentProtected,300,80,28,14349.56,27.3958420753479
linearSwitchFromFluentProtected,300,80,29,14747.82,48.927754163742065
linearSwitchFromFluentProtected,300,80,30,DNF,DNF
linearSwitchFromFluentProtected,300,80,31,15695.65,5.56220817565918
linearSwitchFromFluentProtected,300,80,32,15377.93,122.46376991271973
linearSwitchFromFluentProtected,300,80,33,15253.66,39.000738859176636
linearSwitchFromFluentProtected,300,80,34,15427.61,31.582565784454346
linearSwitchFromFluentProtected,300,80,35,14723.69,122.52190589904785
linearSwitchFromFluentProtected,300,80,36,15590.89,96.26303720474243
linearSwitchFromFluentProtected,300,80,37,14836.17,33.029274463653564
linearSwitchFromFluentProtected,300,80,38,15723.91,54.482969760894775
linearSwitchFromFluentProtected,300,80,39,15674.32,96.45774388313293
linearSwitchFromFluentProtected,300,80,40,15725.61,23.90446949005127
linearSwitchFromFluentProtected,300,80,41,14947.33,122.60388398170471
linearSwitchFromFluentProtected,300,80,42,14962.31,4.587388277053833
linearSwitchFromFluentProtected,300,80,43,14943.66,79.86350512504578
linearSwitchFromFluentProtected,300,80,44,15808.29,4.884501934051514
linearSwitchFromFluentProtected,300,80,45,15236.9,29.00556492805481
linearSwitchFromFluentProtected,300,80,46,15095.49,36.37755608558655
linearSwitchFromFluentProtected,300,80,47,15301.95,11.73504090309143
linearSwitchFromFluentProtected,300,80,48,15023.76,5.858793020248413
linearSwitchFromFluentProtected,300,80,49,15129.68,83.4729528427124
linearSwitchFromFluentProtected,300,80,50,15267.94,10.96891474723816
linearSwitchFromFluentProtected,300,80,51,15323.96,57.20738482475281
linearSwitchFromFluentProtected,300,80,52,15251.63,11.993393182754517
linearSwitchFromFluentProtected,300,80,53,15000.92,122.6119954586029
linearSwitchFromFluentProtected,300,80,54,14853.74,6.608276605606079
linearSwitchFromFluentProtected,300,80,55,15716.06,12.180262804031372
linearSwitchFromFluentProtected,300,80,56,15930.44,3.257037401199341
linearSwitchFromFluentProtected,300,80,57,15064.97,122.73259854316711
linearSwitchFromFluentProtected,300,80,58,15262.96,5.200104236602783
linearSwitchFromFluentProtected,300,80,59,15298.5,31.0545175075531
linearSwitchFromFluentProtected,300,80,60,14817.32,6.8085784912109375
linearSwitchFromFluentProtected,300,80,61,15204.7,32.34939885139465
linearSwitchFromFluentProtected,300,80,62,14853.37,30.019440412521362
linearSwitchFromFluentProtected,300,80,63,15772.31,32.81154465675354
linearSwitchFromFluentProtected,300,80,64,15184.71,115.65212368965149
linearSwitchFromFluentProtected,300,80,65,15310.7,25.481855869293213
linearSwitchFromFluentProtected,300,80,66,14345.08,122.51567387580872
linearSwitchFromFluentProtected,300,80,67,15765.9,38.46042037010193
linearSwitchFromFluentProtected,300,80,68,15468.74,102.54672503471375
linearSwitchFromFluentProtected,300,80,69,15223.71,52.73253607749939
linearSwitchFromFluentProtected,300,80,70,15228.76,13.008013248443604
linearSwitchFromFluentProtected,300,80,71,15508.72,21.366177797317505
linearSwitchFromFluentProtected,300,80,72,15602.59,15.981384038925171
linearSwitchFromFluentProtected,300,80,73,15162.68,10.322693586349487
linearSwitchFromFluentProtected,300,80,74,15417.4,35.58102989196777
linearSwitchFromFluentProtected,300,80,75,14496.37,40.87808156013489
linearSwitchFromFluentProtected,300,80,76,15172.79,79.30157661437988
linearSwitchFromFluentProtected,300,80,77,14841.04,122.58176231384277
linearSwitchFromFluentProtected,300,80,78,14847.19,57.457831144332886
linearSwitchFromFluentProtected,300,80,79,15295.18,122.48134684562683
linearSwitchFromFluentProtected,300,80,80,15301.37,105.86449575424194
linearSwitchFromFluentProtected,300,80,81,15195.95,13.908668756484985
linearSwitchFromFluentProtected,300,80,82,15338.4,90.83622288703918
linearSwitchFromFluentProtected,300,80,83,15452.71,7.714105844497681
linearSwitchFromFluentProtected,300,80,84,13980.72,122.71767473220825
linearSwitchFromFluentProtected,300,80,85,15441.94,26.18952226638794
linearSwitchFromFluentProtected,300,80,86,14786.2,53.6543390750885
linearSwitchFromFluentProtected,300,80,87,15351.58,6.769158363342285
linearSwitchFromFluentProtected,300,80,88,15026.76,17.040565490722656
linearSwitchFromFluentProtected,300,80,89,15120.19,4.8267529010772705
linearSwitchFromFluentProtected,300,80,90,14701.32,122.4958565235138
linearSwitchFromFluentProtected,300,80,91,15393.66,54.41745948791504
linearSwitchFromFluentProtected,300,80,92,15836.21,33.50243306159973
linearSwitchFromFluentProtected,300,80,93,15409.1,15.2197585105896
linearSwitchFromFluentProtected,300,80,94,15549.18,14.342531442642212
linearSwitchFromFluentProtected,300,80,95,DNF,DNF
linearSwitchFromFluentProtected,300,80,96,15186.11,4.864563703536987
linearSwitchFromFluentProtected,300,80,97,15753.58,5.764968156814575
linearSwitchFromFluentProtected,300,80,98,15160.2,15.113652229309082
linearSwitchFromFluentProtected,300,80,99,14811.42,81.29874897003174
linearSwitchFromFluentv4,300,0,0,12054.05,121.29212784767151
linearSwitchFromFluentv4,300,0,1,12562.54,121.37415027618408
linearSwitchFromFluentv4,300,0,2,12560.14,121.36840724945068
linearSwitchFromFluentv4,300,0,3,11707.93,121.31563544273376
linearSwitchFromFluentv4,300,0,4,12201.11,121.31658935546875
linearSwitchFromFluentv4,300,0,5,12583.83,121.36459040641785
linearSwitchFromFluentv4,300,0,6,12086.1,121.34750938415527
linearSwitchFromFluentv4,300,0,7,11989.2,121.2973325252533
linearSwitchFromFluentv4,300,0,8,12203.38,121.35029292106628
linearSwitchFromFluentv4,300,0,9,12578.32,121.27572631835938
linearSwitchFromFluentv4,300,0,10,12632.42,121.34024405479431
linearSwitchFromFluentv4,300,0,11,12470.31,121.2984082698822
linearSwitchFromFluentv4,300,0,12,12410.03,121.3299400806427
linearSwitchFromFluentv4,300,0,13,12505.73,121.37074327468872
linearSwitchFromFluentv4,300,0,14,12517.06,121.33530616760254
linearSwitchFromFluentv4,300,0,15,12095.09,121.40503740310669
linearSwitchFromFluentv4,300,0,16,12171.64,121.40708875656128
linearSwitchFromFluentv4,300,0,17,12689.03,121.36125636100769
linearSwitchFromFluentv4,300,0,18,12315.79,121.40124297142029
linearSwitchFromFluentv4,300,0,19,12518.37,121.31043791770935
linearSwitchFromFluentv4,300,0,20,11942.17,121.41729402542114
linearSwitchFromFluentv4,300,0,21,12647.09,121.28692817687988
linearSwitchFromFluentv4,300,0,22,12463.07,121.3041467666626
linearSwitchFromFluentv4,300,0,23,12354.71,121.36378741264343
linearSwitchFromFluentv4,300,0,24,12354.63,121.30336117744446
linearSwitchFromFluentv4,300,0,25,12500.4,121.36973142623901
linearSwitchFromFluentv4,300,0,26,12212.76,121.2740170955658
linearSwitchFromFluentv4,300,0,27,12278.75,121.33509826660156
linearSwitchFromFluentv4,300,0,28,11891.63,121.28567290306091
linearSwitchFromFluentv4,300,0,29,11942.96,121.36818742752075
linearSwitchFromFluentv4,300,0,30,11992.12,121.33888053894043
linearSwitchFromFluentv4,300,0,31,12632.14,121.36411619186401
linearSwitchFromFluentv4,300,0,32,12283.18,121.36515998840332
linearSwitchFromFluentv4,300,0,33,12640.98,121.31226110458374
linearSwitchFromFluentv4,300,0,34,12329.66,121.32111525535583
linearSwitchFromFluentv4,300,0,35,12258.77,121.30877828598022
linearSwitchFromFluentv4,300,0,36,12694.15,121.31595873832703
linearSwitchFromFluentv4,300,0,37,12057.01,121.2897355556488
linearSwitchFromFluentv4,300,0,38,12471.08,121.35068702697754
linearSwitchFromFluentv4,300,0,39,12256.99,121.36619210243225
linearSwitchFromFluentv4,300,0,40,12273.07,121.31153082847595
linearSwitchFromFluentv4,300,0,41,12277.35,121.30626368522644
linearSwitchFromFluentv4,300,0,42,12766.95,121.32574486732483
linearSwitchFromFluentv4,300,0,43,12078.14,121.32667374610901
linearSwitchFromFluentv4,300,0,44,12329.66,121.35431861877441
linearSwitchFromFluentv4,300,0,45,12274.36,121.36448764801025
linearSwitchFromFluentv4,300,0,46,12064.64,121.36226272583008
linearSwitchFromFluentv4,300,0,47,11931.01,121.356210231781
linearSwitchFromFluentv4,300,0,48,12084.89,121.27592873573303
linearSwitchFromFluentv4,300,0,49,12378.13,121.30645251274109
linearSwitchFromFluentv4,300,0,50,12601.69,121.39324688911438
linearSwitchFromFluentv4,300,0,51,12620.77,121.34691786766052
linearSwitchFromFluentv4,300,0,52,12353.27,121.3266088962555
linearSwitchFromFluentv4,300,0,53,12578.11,121.37028741836548
linearSwitchFromFluentv4,300,0,54,12147.46,121.29421544075012
linearSwitchFromFluentv4,300,0,55,12213.71,121.34512495994568
linearSwitchFromFluentv4,300,0,56,12507.37,121.33024573326111
linearSwitchFromFluentv4,300,0,57,12534.42,121.33188772201538
linearSwitchFromFluentv4,300,0,58,12097.1,121.34367656707764
linearSwitchFromFluentv4,300,0,59,11990.52,121.31566524505615
linearSwitchFromFluentv4,300,0,60,12164.74,121.35010004043579
linearSwitchFromFluentv4,300,0,61,12622.43,121.35545516014099
linearSwitchFromFluentv4,300,0,62,11969.3,121.28474020957947
linearSwitchFromFluentv4,300,0,63,12744.23,121.30952525138855
linearSwitchFromFluentv4,300,0,64,12059.02,121.32523941993713
linearSwitchFromFluentv4,300,0,65,12683.34,121.30336904525757
linearSwitchFromFluentv4,300,0,66,11687.67,121.27201128005981
linearSwitchFromFluentv4,300,0,67,12086.8,121.27128958702087
linearSwitchFromFluentv4,300,0,68,12742.89,121.30478310585022
linearSwitchFromFluentv4,300,0,69,11846.13,121.31395363807678
linearSwitchFromFluentv4,300,0,70,12501.26,121.30757403373718
linearSwitchFromFluentv4,300,0,71,12459.57,121.39058923721313
linearSwitchFromFluentv4,300,0,72,12309.94,121.33583641052246
linearSwitchFromFluentv4,300,0,73,12444.74,121.37602663040161
linearSwitchFromFluentv4,300,0,74,12039.77,121.34543657302856
linearSwitchFromFluentv4,300,0,75,11666.79,121.38226556777954
linearSwitchFromFluentv4,300,0,76,12363.28,121.32904410362244
linearSwitchFromFluentv4,300,0,77,12355.65,121.29425072669983
linearSwitchFromFluentv4,300,0,78,12442.96,121.30191326141357
linearSwitchFromFluentv4,300,0,79,12540.88,121.33101916313171
linearSwitchFromFluentv4,300,0,80,12258.87,121.36891198158264
linearSwitchFromFluentv4,300,0,81,12068.91,121.38211345672607
linearSwitchFromFluentv4,300,0,82,12178.19,121.39934086799622
linearSwitchFromFluentv4,300,0,83,12588.37,121.35506343841553
linearSwitchFromFluentv4,300,0,84,11942.04,121.29463005065918
linearSwitchFromFluentv4,300,0,85,12437.21,121.32767629623413
linearSwitchFromFluentv4,300,0,86,12309.76,121.29416108131409
linearSwitchFromFluentv4,300,0,87,12566.47,121.31092977523804
linearSwitchFromFluentv4,300,0,88,12375.9,121.2924234867096
linearSwitchFromFluentv4,300,0,89,12414.61,121.31724143028259
linearSwitchFromFluentv4,300,0,90,12038.33,121.32106184959412
linearSwitchFromFluentv4,300,0,91,12122.83,121.29765272140503
linearSwitchFromFluentv4,300,0,92,12536.19,121.25135087966919
linearSwitchFromFluentv4,300,0,93,12511.54,121.35436987876892
linearSwitchFromFluentv4,300,0,94,12413.49,121.36163306236267
linearSwitchFromFluentv4,300,0,95,12358.4,121.32373189926147
linearSwitchFromFluentv4,300,0,96,11767.93,121.3528664112091
linearSwitchFromFluentv4,300,0,97,12658.46,121.38229274749756
linearSwitchFromFluentv4,300,0,98,12137.74,121.3093421459198
linearSwitchFromFluentv4,300,0,99,12317.3,121.25466966629028
linearSwitchFromFluentv4,300,10,0,12517.35,121.2933943271637
linearSwitchFromFluentv4,300,10,1,13487.71,121.32947182655334
linearSwitchFromFluentv4,300,10,2,13348.66,121.31877660751343
linearSwitchFromFluentv4,300,10,3,12718.33,121.25287938117981
linearSwitchFromFluentv4,300,10,4,13007.27,121.24486923217773
linearSwitchFromFluentv4,300,10,5,13423.34,121.30480980873108
linearSwitchFromFluentv4,300,10,6,12963.24,121.20097255706787
linearSwitchFromFluentv4,300,10,7,13002.98,121.14084219932556
linearSwitchFromFluentv4,300,10,8,12987.21,121.32397413253784
linearSwitchFromFluentv4,300,10,9,13301.58,121.31891918182373
linearSwitchFromFluentv4,300,10,10,13117.46,121.30607748031616
linearSwitchFromFluentv4,300,10,11,13131.1,121.21273374557495
linearSwitchFromFluentv4,300,10,12,12722.75,121.28643226623535
linearSwitchFromFluentv4,300,10,13,13378.79,121.3118782043457
linearSwitchFromFluentv4,300,10,14,13259.37,121.30442309379578
linearSwitchFromFluentv4,300,10,15,13110.4,121.3253607749939
linearSwitchFromFluentv4,300,10,16,12976.19,121.26715135574341
linearSwitchFromFluentv4,300,10,17,13178.29,121.23549175262451
linearSwitchFromFluentv4,300,10,18,13020.92,121.36351084709167
linearSwitchFromFluentv4,300,10,19,13502.17,121.29064679145813
linearSwitchFromFluentv4,300,10,20,12798.99,121.26325941085815
linearSwitchFromFluentv4,300,10,21,13107.8,121.28182053565979
linearSwitchFromFluentv4,300,10,22,13261.46,121.31900548934937
linearSwitchFromFluentv4,300,10,23,12824.56,121.3385009765625
linearSwitchFromFluentv4,300,10,24,13298.42,121.30852580070496
linearSwitchFromFluentv4,300,10,25,13483.02,121.31989765167236
linearSwitchFromFluentv4,300,10,26,12700.84,121.23198318481445
linearSwitchFromFluentv4,300,10,27,13057.14,121.30169820785522
linearSwitchFromFluentv4,300,10,28,12510.51,121.20479154586792
linearSwitchFromFluentv4,300,10,29,13013.69,121.29146671295166
linearSwitchFromFluentv4,300,10,30,13135.91,121.31598806381226
linearSwitchFromFluentv4,300,10,31,13525.06,121.25802421569824
linearSwitchFromFluentv4,300,10,32,13529.24,121.26506924629211
linearSwitchFromFluentv4,300,10,33,13074.73,121.24048089981079
linearSwitchFromFluentv4,300,10,34,13445.94,121.3005166053772
linearSwitchFromFluentv4,300,10,35,12922.48,121.30327200889587
linearSwitchFromFluentv4,300,10,36,13156.16,121.29027843475342
linearSwitchFromFluentv4,300,10,37,13426.09,121.19278454780579
linearSwitchFromFluentv4,300,10,38,13297.87,121.33539199829102
linearSwitchFromFluentv4,300,10,39,13303.88,121.26517963409424
linearSwitchFromFluentv4,300,10,40,13570.09,121.29211902618408
linearSwitchFromFluentv4,300,10,41,13075.16,121.36587762832642
linearSwitchFromFluentv4,300,10,42,13452.02,121.36749053001404
linearSwitchFromFluentv4,300,10,43,12956.49,121.16378617286682
linearSwitchFromFluentv4,300,10,44,13544.69,121.25672483444214
linearSwitchFromFluentv4,300,10,45,13236.93,121.28656268119812
linearSwitchFromFluentv4,300,10,46,12952.55,121.28188419342041
linearSwitchFromFluentv4,300,10,47,12842.65,121.28237175941467
linearSwitchFromFluentv4,300,10,48,13111.49,121.26483225822449
linearSwitchFromFluentv4,300,10,49,13456.8,121.21464538574219
linearSwitchFromFluentv4,300,10,50,13272.58,121.35351204872131
linearSwitchFromFluentv4,300,10,51,13286.64,121.2475266456604
linearSwitchFromFluentv4,300,10,52,13472.45,121.32599329948425
linearSwitchFromFluentv4,300,10,53,13101.25,121.24606585502625
linearSwitchFromFluentv4,300,10,54,12840.42,121.25836300849915
linearSwitchFromFluentv4,300,10,55,13671.13,121.34991097450256
linearSwitchFromFluentv4,300,10,56,13065.33,121.3260190486908
linearSwitchFromFluentv4,300,10,57,13102.05,121.26911687850952
linearSwitchFromFluentv4,300,10,58,12917.08,121.3143994808197
linearSwitchFromFluentv4,300,10,59,12903.47,121.28378891944885
linearSwitchFromFluentv4,300,10,60,13131.59,121.21717667579651
linearSwitchFromFluentv4,300,10,61,13437.06,121.288414478302
linearSwitchFromFluentv4,300,10,62,13314.99,121.19697642326355
linearSwitchFromFluentv4,300,10,63,13781.39,121.31110692024231
linearSwitchFromFluentv4,300,10,64,13060.98,121.32328629493713
linearSwitchFromFluentv4,300,10,65,13129.95,121.32668781280518
linearSwitchFromFluentv4,300,10,66,12748.66,121.22962737083435
linearSwitchFromFluentv4,300,10,67,13322.36,121.26397895812988
linearSwitchFromFluentv4,300,10,68,13566.19,121.3582284450531
linearSwitchFromFluentv4,300,10,69,13422.88,121.31278562545776
linearSwitchFromFluentv4,300,10,70,12933.11,121.27231812477112
linearSwitchFromFluentv4,300,10,71,13495.85,121.2690806388855
linearSwitchFromFluentv4,300,10,72,13442.56,121.26446485519409
linearSwitchFromFluentv4,300,10,73,13208.71,121.29548811912537
linearSwitchFromFluentv4,300,10,74,13382.83,121.23587965965271
linearSwitchFromFluentv4,300,10,75,12979.56,121.327796459198
linearSwitchFromFluentv4,300,10,76,13428.27,121.2735686302185
linearSwitchFromFluentv4,300,10,77,13058.06,121.26235914230347
linearSwitchFromFluentv4,300,10,78,13331.26,121.25347828865051
linearSwitchFromFluentv4,300,10,79,13402.76,121.24356055259705
linearSwitchFromFluentv4,300,10,80,13298.87,121.33507132530212
linearSwitchFromFluentv4,300,10,81,13109.08,121.28954005241394
linearSwitchFromFluentv4,300,10,82,13062.41,121.33773756027222
linearSwitchFromFluentv4,300,10,83,13430.77,121.28736448287964
linearSwitchFromFluentv4,300,10,84,12672.92,121.2140588760376
linearSwitchFromFluentv4,300,10,85,13207.78,121.33830261230469
linearSwitchFromFluentv4,300,10,86,12863.67,121.29734945297241
linearSwitchFromFluentv4,300,10,87,13230.65,121.36422753334045
linearSwitchFromFluentv4,300,10,88,13095.26,121.23393225669861
linearSwitchFromFluentv4,300,10,89,13222.51,121.28572225570679
linearSwitchFromFluentv4,300,10,90,12861.33,121.38894081115723
linearSwitchFromFluentv4,300,10,91,13214.09,121.30645370483398
linearSwitchFromFluentv4,300,10,92,13247.84,121.26670479774475
linearSwitchFromFluentv4,300,10,93,13183.09,121.25890970230103
linearSwitchFromFluentv4,300,10,94,13027.55,121.34166049957275
linearSwitchFromFluentv4,300,10,95,13380.8,121.22530889511108
linearSwitchFromFluentv4,300,10,96,12663.5,121.30612850189209
linearSwitchFromFluentv4,300,10,97,13488.59,121.32965278625488
linearSwitchFromFluentv4,300,10,98,13131.68,121.27846312522888
linearSwitchFromFluentv4,300,10,99,13187.13,121.27738666534424
linearSwitchFromFluentv4,300,20,0,13211.36,121.22718167304993
linearSwitchFromFluentv4,300,20,1,13961.19,121.2719202041626
linearSwitchFromFluentv4,300,20,2,14152.43,121.22658467292786
linearSwitchFromFluentv4,300,20,3,12889.68,121.17872643470764
linearSwitchFromFluentv4,300,20,4,13636.92,121.09490942955017
linearSwitchFromFluentv4,300,20,5,13704.0,121.14746689796448
linearSwitchFromFluentv4,300,20,6,13517.2,121.15006589889526
linearSwitchFromFluentv4,300,20,7,13421.33,121.14902210235596
linearSwitchFromFluentv4,300,20,8,13460.55,121.12466764450073
linearSwitchFromFluentv4,300,20,9,13742.02,121.17047715187073
linearSwitchFromFluentv4,300,20,10,13871.75,121.00993323326111
linearSwitchFromFluentv4,300,20,11,13693.52,121.10083484649658
linearSwitchFromFluentv4,300,20,12,13899.6,121.21267175674438
linearSwitchFromFluentv4,300,20,13,14077.05,121.15379214286804
linearSwitchFromFluentv4,300,20,14,13719.82,121.26040887832642
linearSwitchFromFluentv4,300,20,15,13526.24,121.07258248329163
linearSwitchFromFluentv4,300,20,16,13220.29,121.21953058242798
linearSwitchFromFluentv4,300,20,17,13785.47,121.12107515335083
linearSwitchFromFluentv4,300,20,18,13884.97,121.17249131202698
linearSwitchFromFluentv4,300,20,19,13769.31,120.95530152320862
linearSwitchFromFluentv4,300,20,20,13429.56,121.17567181587219
linearSwitchFromFluentv4,300,20,21,14257.77,121.21270656585693
linearSwitchFromFluentv4,300,20,22,14025.53,121.10538125038147
linearSwitchFromFluentv4,300,20,23,13301.62,121.16349649429321
linearSwitchFromFluentv4,300,20,24,13986.75,121.01804041862488
linearSwitchFromFluentv4,300,20,25,13837.26,121.04666233062744
linearSwitchFromFluentv4,300,20,26,13598.21,121.15580868721008
linearSwitchFromFluentv4,300,20,27,13875.19,121.2953667640686
linearSwitchFromFluentv4,300,20,28,13115.79,121.11643600463867
linearSwitchFromFluentv4,300,20,29,13541.84,121.1101016998291
linearSwitchFromFluentv4,300,20,30,13718.37,121.09074211120605
linearSwitchFromFluentv4,300,20,31,13925.25,120.99378085136414
linearSwitchFromFluentv4,300,20,32,14434.12,121.05183506011963
linearSwitchFromFluentv4,300,20,33,13961.41,121.1718921661377
linearSwitchFromFluentv4,300,20,34,13922.65,121.25631904602051
linearSwitchFromFluentv4,300,20,35,13427.1,121.25055718421936
linearSwitchFromFluentv4,300,20,36,14229.98,121.02720761299133
linearSwitchFromFluentv4,300,20,37,13512.7,121.01367616653442
linearSwitchFromFluentv4,300,20,38,13818.9,121.12221646308899
linearSwitchFromFluentv4,300,20,39,13955.69,121.1541907787323
linearSwitchFromFluentv4,300,20,40,13929.37,121.11825180053711
linearSwitchFromFluentv4,300,20,41,14367.8,121.11991095542908
linearSwitchFromFluentv4,300,20,42,13791.21,121.147789478302
linearSwitchFromFluentv4,300,20,43,13460.96,121.22491383552551
linearSwitchFromFluentv4,300,20,44,14251.05,121.23143768310547
linearSwitchFromFluentv4,300,20,45,13483.99,121.18137860298157
linearSwitchFromFluentv4,300,20,46,13289.91,121.24556136131287
linearSwitchFromFluentv4,300,20,47,13587.57,121.14117765426636
linearSwitchFromFluentv4,300,20,48,13694.27,121.04310894012451
linearSwitchFromFluentv4,300,20,49,13610.52,121.0974383354187
linearSwitchFromFluentv4,300,20,50,14037.92,121.22074270248413
linearSwitchFromFluentv4,300,20,51,13747.58,121.27130150794983
linearSwitchFromFluentv4,300,20,52,13686.47,121.22219729423523
linearSwitchFromFluentv4,300,20,53,14035.36,121.17296504974365
linearSwitchFromFluentv4,300,20,54,13735.33,121.15900921821594
linearSwitchFromFluentv4,300,20,55,14011.14,121.24650835990906
linearSwitchFromFluentv4,300,20,56,13680.27,121.15842366218567
linearSwitchFromFluentv4,300,20,57,13888.05,121.16539311408997
linearSwitchFromFluentv4,300,20,58,13684.73,121.19047522544861
linearSwitchFromFluentv4,300,20,59,13694.26,121.07203269004822
linearSwitchFromFluentv4,300,20,60,13303.45,121.09495425224304
linearSwitchFromFluentv4,300,20,61,13795.01,121.32269716262817
linearSwitchFromFluentv4,300,20,62,13256.38,121.13342356681824
linearSwitchFromFluentv4,300,20,63,14153.81,121.15150451660156
linearSwitchFromFluentv4,300,20,64,13905.98,121.13867354393005
linearSwitchFromFluentv4,300,20,65,13861.64,121.08009886741638
linearSwitchFromFluentv4,300,20,66,13066.13,121.11245536804199
linearSwitchFromFluentv4,300,20,67,14247.77,121.16369676589966
linearSwitchFromFluentv4,300,20,68,14124.42,121.22684168815613
linearSwitchFromFluentv4,300,20,69,13376.13,121.28848314285278
linearSwitchFromFluentv4,300,20,70,14094.48,121.11500239372253
linearSwitchFromFluentv4,300,20,71,14305.57,121.12119555473328
linearSwitchFromFluentv4,300,20,72,14108.0,121.01182675361633
linearSwitchFromFluentv4,300,20,73,13960.0,121.11231994628906
linearSwitchFromFluentv4,300,20,74,14101.55,120.98334097862244
linearSwitchFromFluentv4,300,20,75,13193.94,121.09798121452332
linearSwitchFromFluentv4,300,20,76,13861.21,121.2457070350647
linearSwitchFromFluentv4,300,20,77,13631.57,121.12683176994324
linearSwitchFromFluentv4,300,20,78,13588.6,121.2540864944458
linearSwitchFromFluentv4,300,20,79,13731.52,121.20343446731567
linearSwitchFromFluentv4,300,20,80,14128.66,121.1792426109314
linearSwitchFromFluentv4,300,20,81,13445.5,121.17603254318237
linearSwitchFromFluentv4,300,20,82,13895.68,121.00063872337341
linearSwitchFromFluentv4,300,20,83,13861.98,121.25143623352051
linearSwitchFromFluentv4,300,20,84,13009.35,121.23298120498657
linearSwitchFromFluentv4,300,20,85,13813.22,121.30506610870361
linearSwitchFromFluentv4,300,20,86,13481.58,120.9461817741394
linearSwitchFromFluentv4,300,20,87,14099.61,121.14949655532837
linearSwitchFromFluentv4,300,20,88,13681.91,121.09686732292175
linearSwitchFromFluentv4,300,20,89,13698.2,121.13806772232056
linearSwitchFromFluentv4,300,20,90,13576.12,121.19593405723572
linearSwitchFromFluentv4,300,20,91,13498.98,121.27643203735352
linearSwitchFromFluentv4,300,20,92,13956.95,121.14455389976501
linearSwitchFromFluentv4,300,20,93,13628.89,121.12301254272461
linearSwitchFromFluentv4,300,20,94,13851.95,121.17687368392944
linearSwitchFromFluentv4,300,20,95,14089.41,121.18735432624817
linearSwitchFromFluentv4,300,20,96,13280.84,121.14561319351196
linearSwitchFromFluentv4,300,20,97,13821.91,121.23689532279968
linearSwitchFromFluentv4,300,20,98,13430.0,121.23444151878357
linearSwitchFromFluentv4,300,20,99,13462.29,121.24141645431519
linearSwitchFromFluentv4,300,30,0,13586.4,121.00469207763672
linearSwitchFromFluentv4,300,30,1,14426.32,121.13360095024109
linearSwitchFromFluentv4,300,30,2,14244.01,120.95044493675232
linearSwitchFromFluentv4,300,30,3,13264.3,120.84838795661926
linearSwitchFromFluentv4,300,30,4,14036.47,120.93037009239197
linearSwitchFromFluentv4,300,30,5,14462.58,120.96963763237
linearSwitchFromFluentv4,300,30,6,13685.81,120.80160880088806
linearSwitchFromFluentv4,300,30,7,13779.45,120.85713958740234
linearSwitchFromFluentv4,300,30,8,14287.0,120.99646830558777
linearSwitchFromFluentv4,300,30,9,14190.53,120.89899396896362
linearSwitchFromFluentv4,300,30,10,14291.25,121.05156087875366
linearSwitchFromFluentv4,300,30,11,14241.36,120.9890604019165
linearSwitchFromFluentv4,300,30,12,14104.4,120.79158639907837
linearSwitchFromFluentv4,300,30,13,14458.92,121.02357316017151
linearSwitchFromFluentv4,300,30,14,14167.03,121.02051162719727
linearSwitchFromFluentv4,300,30,15,14173.72,121.01664900779724
linearSwitchFromFluentv4,300,30,16,14273.28,120.94454717636108
linearSwitchFromFluentv4,300,30,17,14597.98,121.05732583999634
linearSwitchFromFluentv4,300,30,18,14292.7,120.9019501209259
linearSwitchFromFluentv4,300,30,19,14139.83,120.85747218132019
linearSwitchFromFluentv4,300,30,20,14194.36,120.94872069358826
linearSwitchFromFluentv4,300,30,21,14598.49,120.849125623703
linearSwitchFromFluentv4,300,30,22,14599.34,120.78216075897217
linearSwitchFromFluentv4,300,30,23,14043.26,121.07603597640991
linearSwitchFromFluentv4,300,30,24,14146.97,121.03891205787659
linearSwitchFromFluentv4,300,30,25,14536.17,121.06712985038757
linearSwitchFromFluentv4,300,30,26,13740.37,120.90169525146484
linearSwitchFromFluentv4,300,30,27,14399.9,121.03471541404724
linearSwitchFromFluentv4,300,30,28,13408.16,120.89663124084473
linearSwitchFromFluentv4,300,30,29,13797.61,120.99251818656921
linearSwitchFromFluentv4,300,30,30,14157.7,120.88952302932739
linearSwitchFromFluentv4,300,30,31,14426.64,120.78114104270935
linearSwitchFromFluentv4,300,30,32,14498.75,120.9032347202301
linearSwitchFromFluentv4,300,30,33,14417.47,121.11967492103577
linearSwitchFromFluentv4,300,30,34,14274.55,121.02928805351257
linearSwitchFromFluentv4,300,30,35,13753.7,120.77886176109314
linearSwitchFromFluentv4,300,30,36,14596.8,120.86524295806885
linearSwitchFromFluentv4,300,30,37,14057.58,120.80994725227356
linearSwitchFromFluentv4,300,30,38,14468.34,121.06601738929749
linearSwitchFromFluentv4,300,30,39,14509.9,120.89494109153748
linearSwitchFromFluentv4,300,30,40,14201.59,121.01638126373291
linearSwitchFromFluentv4,300,30,41,14434.22,121.07630610466003
linearSwitchFromFluentv4,300,30,42,14265.27,120.89596033096313
linearSwitchFromFluentv4,300,30,43,14032.38,121.04320883750916
linearSwitchFromFluentv4,300,30,44,14809.38,120.8900535106659
linearSwitchFromFluentv4,300,30,45,14339.08,120.87136435508728
linearSwitchFromFluentv4,300,30,46,14071.05,120.7575614452362
linearSwitchFromFluentv4,300,30,47,13891.74,121.01352167129517
linearSwitchFromFluentv4,300,30,48,14107.38,121.06597948074341
linearSwitchFromFluentv4,300,30,49,14257.41,120.80149865150452
linearSwitchFromFluentv4,300,30,50,14582.62,121.104647397995
linearSwitchFromFluentv4,300,30,51,14389.82,120.84456539154053
linearSwitchFromFluentv4,300,30,52,14272.75,120.93476819992065
linearSwitchFromFluentv4,300,30,53,14459.66,120.73178148269653
linearSwitchFromFluentv4,300,30,54,13805.57,121.07077646255493
linearSwitchFromFluentv4,300,30,55,14364.85,121.03559565544128
linearSwitchFromFluentv4,300,30,56,14484.36,120.9419481754303
linearSwitchFromFluentv4,300,30,57,14139.48,121.01007223129272
linearSwitchFromFluentv4,300,30,58,14042.68,120.80129075050354
linearSwitchFromFluentv4,300,30,59,14093.05,121.18281531333923
linearSwitchFromFluentv4,300,30,60,14019.5,120.63929414749146
linearSwitchFromFluentv4,300,30,61,14532.15,120.79883933067322
linearSwitchFromFluentv4,300,30,62,13415.73,120.99567365646362
linearSwitchFromFluentv4,300,30,63,14618.7,120.81717538833618
linearSwitchFromFluentv4,300,30,64,14202.2,120.96539616584778
linearSwitchFromFluentv4,300,30,65,14249.06,120.98564529418945
linearSwitchFromFluentv4,300,30,66,13712.97,121.03229117393494
linearSwitchFromFluentv4,300,30,67,14365.67,120.95777750015259
linearSwitchFromFluentv4,300,30,68,14658.15,120.85247421264648
linearSwitchFromFluentv4,300,30,69,13933.51,120.86625838279724
linearSwitchFromFluentv4,300,30,70,14436.61,120.95598936080933
linearSwitchFromFluentv4,300,30,71,14526.53,120.69948744773865
linearSwitchFromFluentv4,300,30,72,14475.73,120.9008162021637
linearSwitchFromFluentv4,300,30,73,14663.98,121.0453314781189
linearSwitchFromFluentv4,300,30,74,14145.43,120.682776927948
linearSwitchFromFluentv4,300,30,75,13669.17,120.80703663825989
linearSwitchFromFluentv4,300,30,76,13924.18,121.0799913406372
linearSwitchFromFluentv4,300,30,77,14186.99,120.93603539466858
linearSwitchFromFluentv4,300,30,78,14164.31,120.81696510314941
linearSwitchFromFluentv4,300,30,79,14575.26,120.9609854221344
linearSwitchFromFluentv4,300,30,80,13998.06,120.89885187149048
linearSwitchFromFluentv4,300,30,81,14138.09,120.96321773529053
linearSwitchFromFluentv4,300,30,82,14239.55,120.93654465675354
linearSwitchFromFluentv4,300,30,83,14078.68,120.86188530921936
linearSwitchFromFluentv4,300,30,84,13357.13,120.73846006393433
linearSwitchFromFluentv4,300,30,85,14109.32,121.0285964012146
linearSwitchFromFluentv4,300,30,86,13922.45,120.88562798500061
linearSwitchFromFluentv4,300,30,87,14489.75,120.91419219970703
linearSwitchFromFluentv4,300,30,88,14072.64,120.87599587440491
linearSwitchFromFluentv4,300,30,89,14359.82,120.79126334190369
linearSwitchFromFluentv4,300,30,90,13829.34,121.07856607437134
linearSwitchFromFluentv4,300,30,91,14069.74,121.0419225692749
linearSwitchFromFluentv4,300,30,92,14553.37,120.83717775344849
linearSwitchFromFluentv4,300,30,93,14104.9,120.83738398551941
linearSwitchFromFluentv4,300,30,94,14348.95,120.91708016395569
linearSwitchFromFluentv4,300,30,95,14487.83,120.90017914772034
linearSwitchFromFluentv4,300,30,96,13868.99,120.99258685112
linearSwitchFromFluentv4,300,30,97,14314.05,120.94053268432617
linearSwitchFromFluentv4,300,30,98,14395.97,120.94736528396606
linearSwitchFromFluentv4,300,30,99,14235.3,120.82831525802612
linearSwitchFromFluentv4,300,40,0,14046.73,120.77517485618591
linearSwitchFromFluentv4,300,40,1,14512.69,120.6997811794281
linearSwitchFromFluentv4,300,40,2,14755.43,120.65411710739136
linearSwitchFromFluentv4,300,40,3,13648.2,120.78243064880371
linearSwitchFromFluentv4,300,40,4,14662.52,120.67172193527222
linearSwitchFromFluentv4,300,40,5,15135.73,120.61145782470703
linearSwitchFromFluentv4,300,40,6,13909.39,120.66443872451782
linearSwitchFromFluentv4,300,40,7,14434.67,120.5722131729126
linearSwitchFromFluentv4,300,40,8,14612.19,120.69884181022644
linearSwitchFromFluentv4,300,40,9,14678.89,120.64676403999329
linearSwitchFromFluentv4,300,40,10,15033.89,120.61956477165222
linearSwitchFromFluentv4,300,40,11,14862.52,120.85314607620239
linearSwitchFromFluentv4,300,40,12,14643.11,120.75138783454895
linearSwitchFromFluentv4,300,40,13,14918.56,120.6829948425293
linearSwitchFromFluentv4,300,40,14,14640.83,120.83989405632019
linearSwitchFromFluentv4,300,40,15,14586.41,120.67675161361694
linearSwitchFromFluentv4,300,40,16,14469.21,120.86163353919983
linearSwitchFromFluentv4,300,40,17,14914.28,120.66366958618164
linearSwitchFromFluentv4,300,40,18,15210.54,120.67183184623718
linearSwitchFromFluentv4,300,40,19,14660.6,120.62295818328857
linearSwitchFromFluentv4,300,40,20,14289.09,120.88192129135132
linearSwitchFromFluentv4,300,40,21,15004.19,120.75837635993958
linearSwitchFromFluentv4,300,40,22,14905.22,120.84616589546204
linearSwitchFromFluentv4,300,40,23,14217.3,120.6633095741272
linearSwitchFromFluentv4,300,40,24,14725.55,120.74742937088013
linearSwitchFromFluentv4,300,40,25,15120.64,120.80186915397644
linearSwitchFromFluentv4,300,40,26,14263.39,120.78215742111206
linearSwitchFromFluentv4,300,40,27,15073.39,120.91436982154846
linearSwitchFromFluentv4,300,40,28,13997.91,120.67486882209778
linearSwitchFromFluentv4,300,40,29,14430.01,120.68385624885559
linearSwitchFromFluentv4,300,40,30,14764.7,120.93120527267456
linearSwitchFromFluentv4,300,40,31,15663.1,120.78984022140503
linearSwitchFromFluentv4,300,40,32,14784.0,120.7395248413086
linearSwitchFromFluentv4,300,40,33,14758.07,120.94441866874695
linearSwitchFromFluentv4,300,40,34,15037.25,120.70448279380798
linearSwitchFromFluentv4,300,40,35,14269.03,120.87573742866516
linearSwitchFromFluentv4,300,40,36,15039.61,120.65151333808899
linearSwitchFromFluentv4,300,40,37,14388.94,120.64022898674011
linearSwitchFromFluentv4,300,40,38,14917.17,120.69724631309509
linearSwitchFromFluentv4,300,40,39,14890.6,120.7611997127533
linearSwitchFromFluentv4,300,40,40,15106.65,120.67936849594116
linearSwitchFromFluentv4,300,40,41,14665.55,120.80984735488892
linearSwitchFromFluentv4,300,40,42,14989.42,120.70391345024109
linearSwitchFromFluentv4,300,40,43,14508.85,120.63843536376953
linearSwitchFromFluentv4,300,40,44,15279.27,120.6532576084137
linearSwitchFromFluentv4,300,40,45,14784.25,120.73580145835876
linearSwitchFromFluentv4,300,40,46,14783.4,120.7864122390747
linearSwitchFromFluentv4,300,40,47,14204.74,120.7466630935669
linearSwitchFromFluentv4,300,40,48,14353.2,120.65881848335266
linearSwitchFromFluentv4,300,40,49,15008.76,120.67714595794678
linearSwitchFromFluentv4,300,40,50,15012.56,120.78308868408203
linearSwitchFromFluentv4,300,40,51,15053.49,120.76242470741272
linearSwitchFromFluentv4,300,40,52,14878.17,120.67463994026184
linearSwitchFromFluentv4,300,40,53,15037.35,120.66774344444275
linearSwitchFromFluentv4,300,40,54,14398.79,120.66773319244385
linearSwitchFromFluentv4,300,40,55,15158.39,120.86007761955261
linearSwitchFromFluentv4,300,40,56,15085.49,120.90072178840637
linearSwitchFromFluentv4,300,40,57,14472.93,120.64956545829773
linearSwitchFromFluentv4,300,40,58,14609.36,120.63304424285889
linearSwitchFromFluentv4,300,40,59,14674.01,120.98696088790894
linearSwitchFromFluentv4,300,40,60,14100.77,120.66121506690979
linearSwitchFromFluentv4,300,40,61,15082.22,120.66458654403687
linearSwitchFromFluentv4,300,40,62,14247.26,120.69022274017334
linearSwitchFromFluentv4,300,40,63,15048.89,120.71455574035645
linearSwitchFromFluentv4,300,40,64,14927.26,120.6583776473999
linearSwitchFromFluentv4,300,40,65,14872.35,120.76062560081482
linearSwitchFromFluentv4,300,40,66,13929.04,120.6646523475647
linearSwitchFromFluentv4,300,40,67,14979.24,120.89693307876587
linearSwitchFromFluentv4,300,40,68,15189.85,120.89345502853394
linearSwitchFromFluentv4,300,40,69,14695.07,121.018563747406
linearSwitchFromFluentv4,300,40,70,15093.21,120.62245488166809
linearSwitchFromFluentv4,300,40,71,15109.06,120.66573858261108
linearSwitchFromFluentv4,300,40,72,15124.1,120.64082026481628
linearSwitchFromFluentv4,300,40,73,15043.21,120.7617597579956
linearSwitchFromFluentv4,300,40,74,14755.48,120.93038654327393
linearSwitchFromFluentv4,300,40,75,14122.05,120.7371118068695
linearSwitchFromFluentv4,300,40,76,14698.07,120.66963744163513
linearSwitchFromFluentv4,300,40,77,14588.06,120.67246007919312
linearSwitchFromFluentv4,300,40,78,14908.61,120.6146285533905
linearSwitchFromFluentv4,300,40,79,15227.95,120.67963027954102
linearSwitchFromFluentv4,300,40,80,14977.02,120.76358819007874
linearSwitchFromFluentv4,300,40,81,14666.47,120.61194920539856
linearSwitchFromFluentv4,300,40,82,14593.18,120.91904473304749
linearSwitchFromFluentv4,300,40,83,14836.02,120.634441614151
linearSwitchFromFluentv4,300,40,84,13723.65,120.73342156410217
linearSwitchFromFluentv4,300,40,85,14718.43,120.83633089065552
linearSwitchFromFluentv4,300,40,86,14612.72,120.59408831596375
linearSwitchFromFluentv4,300,40,87,14739.98,120.93108630180359
linearSwitchFromFluentv4,300,40,88,14605.61,120.66085410118103
linearSwitchFromFluentv4,300,40,89,14937.99,120.84998154640198
linearSwitchFromFluentv4,300,40,90,14528.49,120.74692463874817
linearSwitchFromFluentv4,300,40,91,14285.71,120.85850811004639
linearSwitchFromFluentv4,300,40,92,15300.29,120.6388418674469
linearSwitchFromFluentv4,300,40,93,14559.88,120.67481660842896
linearSwitchFromFluentv4,300,40,94,14744.42,120.8308174610138
linearSwitchFromFluentv4,300,40,95,15429.41,120.64270353317261
linearSwitchFromFluentv4,300,40,96,14258.22,120.80607461929321
linearSwitchFromFluentv4,300,40,97,14955.13,120.68925046920776
linearSwitchFromFluentv4,300,40,98,14198.32,120.76425409317017
linearSwitchFromFluentv4,300,40,99,14848.54,120.78984022140503
linearSwitchFromFluentv4,300,50,0,14375.68,120.57994794845581
linearSwitchFromFluentv4,300,50,1,14958.66,120.65153121948242
linearSwitchFromFluentv4,300,50,2,15963.1,120.64805102348328
linearSwitchFromFluentv4,300,50,3,13951.23,120.64200377464294
linearSwitchFromFluentv4,300,50,4,14779.94,120.60461068153381
linearSwitchFromFluentv4,300,50,5,15612.08,120.61885809898376
linearSwitchFromFluentv4,300,50,6,14759.34,120.63260793685913
linearSwitchFromFluentv4,300,50,7,14845.83,120.53770279884338
linearSwitchFromFluentv4,300,50,8,15374.57,120.55126118659973
linearSwitchFromFluentv4,300,50,9,15416.35,120.55553793907166
linearSwitchFromFluentv4,300,50,10,15693.7,120.5525803565979
linearSwitchFromFluentv4,300,50,11,15361.47,120.6189227104187
linearSwitchFromFluentv4,300,50,12,15335.89,120.6233868598938
linearSwitchFromFluentv4,300,50,13,15026.38,120.61498236656189
linearSwitchFromFluentv4,300,50,14,15118.31,120.61184573173523
linearSwitchFromFluentv4,300,50,15,15256.93,120.58597564697266
linearSwitchFromFluentv4,300,50,16,15131.76,120.64198803901672
linearSwitchFromFluentv4,300,50,17,15407.44,120.72530889511108
linearSwitchFromFluentv4,300,50,18,15003.72,120.68319487571716
linearSwitchFromFluentv4,300,50,19,15052.67,120.57764387130737
linearSwitchFromFluentv4,300,50,20,14803.35,120.60164761543274
linearSwitchFromFluentv4,300,50,21,14756.06,120.69973254203796
linearSwitchFromFluentv4,300,50,22,15489.17,120.68714022636414
linearSwitchFromFluentv4,300,50,23,14875.51,120.6089677810669
linearSwitchFromFluentv4,300,50,24,15621.56,120.59260129928589
linearSwitchFromFluentv4,300,50,25,15765.45,120.56728315353394
linearSwitchFromFluentv4,300,50,26,14541.42,120.5702862739563
linearSwitchFromFluentv4,300,50,27,15150.64,120.63571739196777
linearSwitchFromFluentv4,300,50,28,14239.05,120.56672191619873
linearSwitchFromFluentv4,300,50,29,14743.67,120.63347864151001
linearSwitchFromFluentv4,300,50,30,15007.74,120.57544136047363
linearSwitchFromFluentv4,300,50,31,15514.97,120.57736802101135
linearSwitchFromFluentv4,300,50,32,15492.44,120.59823632240295
linearSwitchFromFluentv4,300,50,33,15144.42,120.60423612594604
linearSwitchFromFluentv4,300,50,34,15795.08,120.67415189743042
linearSwitchFromFluentv4,300,50,35,14672.07,120.61502957344055
linearSwitchFromFluentv4,300,50,36,15544.57,120.5839672088623
linearSwitchFromFluentv4,300,50,37,14856.1,120.63292503356934
linearSwitchFromFluentv4,300,50,38,15753.01,120.61967039108276
linearSwitchFromFluentv4,300,50,39,15708.55,120.57759213447571
linearSwitchFromFluentv4,300,50,40,15482.08,120.64205884933472
linearSwitchFromFluentv4,300,50,41,14953.54,120.62227630615234
linearSwitchFromFluentv4,300,50,42,15067.91,120.69808530807495
linearSwitchFromFluentv4,300,50,43,15048.3,120.66573667526245
linearSwitchFromFluentv4,300,50,44,15621.23,120.63332533836365
linearSwitchFromFluentv4,300,50,45,15129.48,120.65617656707764
linearSwitchFromFluentv4,300,50,46,15161.7,120.61942601203918
linearSwitchFromFluentv4,300,50,47,15087.34,120.56747937202454
linearSwitchFromFluentv4,300,50,48,14851.5,120.60605454444885
linearSwitchFromFluentv4,300,50,49,15242.26,120.59435892105103
linearSwitchFromFluentv4,300,50,50,15388.82,120.60530614852905
linearSwitchFromFluentv4,300,50,51,15699.32,120.77716326713562
linearSwitchFromFluentv4,300,50,52,15198.66,120.6104588508606
linearSwitchFromFluentv4,300,50,53,15344.44,120.66956424713135
linearSwitchFromFluentv4,300,50,54,14710.22,120.60214042663574
linearSwitchFromFluentv4,300,50,55,15470.23,120.62526321411133
linearSwitchFromFluentv4,300,50,56,15458.71,120.61189889907837
linearSwitchFromFluentv4,300,50,57,15281.91,120.5470244884491
linearSwitchFromFluentv4,300,50,58,15272.22,120.58976459503174
linearSwitchFromFluentv4,300,50,59,15532.19,120.56942558288574
linearSwitchFromFluentv4,300,50,60,15027.36,120.61363196372986
linearSwitchFromFluentv4,300,50,61,15716.5,120.59950256347656
linearSwitchFromFluentv4,300,50,62,14958.92,120.5707495212555
linearSwitchFromFluentv4,300,50,63,15714.02,120.56236028671265
linearSwitchFromFluentv4,300,50,64,14962.34,120.61485552787781
linearSwitchFromFluentv4,300,50,65,15094.59,120.63187670707703
linearSwitchFromFluentv4,300,50,66,14188.84,120.62834024429321
linearSwitchFromFluentv4,300,50,67,15355.66,120.62960052490234
linearSwitchFromFluentv4,300,50,68,15390.01,120.76076149940491
linearSwitchFromFluentv4,300,50,69,15029.86,120.67249894142151
linearSwitchFromFluentv4,300,50,70,15576.86,120.64069151878357
linearSwitchFromFluentv4,300,50,71,15538.45,120.58715581893921
linearSwitchFromFluentv4,300,50,72,15637.04,120.59577703475952
linearSwitchFromFluentv4,300,50,73,15150.31,120.68382596969604
linearSwitchFromFluentv4,300,50,74,15172.39,120.6144757270813
linearSwitchFromFluentv4,300,50,75,14557.49,120.61007356643677
linearSwitchFromFluentv4,300,50,76,15091.32,120.65541529655457
linearSwitchFromFluentv4,300,50,77,14878.1,120.60011792182922
linearSwitchFromFluentv4,300,50,78,15151.61,120.65041470527649
linearSwitchFromFluentv4,300,50,79,15184.56,120.68919920921326
linearSwitchFromFluentv4,300,50,80,15186.94,120.65247702598572
linearSwitchFromFluentv4,300,50,81,15144.54,120.58339977264404
linearSwitchFromFluentv4,300,50,82,15299.9,120.57218217849731
linearSwitchFromFluentv4,300,50,83,15042.52,120.63479089736938
linearSwitchFromFluentv4,300,50,84,14258.23,120.73161959648132
linearSwitchFromFluentv4,300,50,85,15348.31,120.62846422195435
linearSwitchFromFluentv4,300,50,86,14662.54,120.56582999229431
linearSwitchFromFluentv4,300,50,87,15645.07,120.59783959388733
linearSwitchFromFluentv4,300,50,88,15093.26,120.66967535018921
linearSwitchFromFluentv4,300,50,89,15236.33,120.6392011642456
linearSwitchFromFluentv4,300,50,90,14866.43,120.63423871994019
linearSwitchFromFluentv4,300,50,91,15069.49,120.77687811851501
linearSwitchFromFluentv4,300,50,92,15565.66,120.59848642349243
linearSwitchFromFluentv4,300,50,93,15098.22,120.7176775932312
linearSwitchFromFluentv4,300,50,94,15302.69,120.62543320655823
linearSwitchFromFluentv4,300,50,95,15523.99,120.60288834571838
linearSwitchFromFluentv4,300,50,96,14945.92,120.58664464950562
linearSwitchFromFluentv4,300,50,97,15085.31,120.57946372032166
linearSwitchFromFluentv4,300,50,98,15253.03,120.61147665977478
linearSwitchFromFluentv4,300,50,99,14895.16,120.67623829841614
linearSwitchFromFluentv4,300,60,0,15247.66,120.54051494598389
linearSwitchFromFluentv4,300,60,1,15661.0,120.63276410102844
linearSwitchFromFluentv4,300,60,2,15417.92,120.567049741745
linearSwitchFromFluentv4,300,60,3,14483.14,120.55943655967712
linearSwitchFromFluentv4,300,60,4,15153.6,120.55670213699341
linearSwitchFromFluentv4,300,60,5,15854.63,120.5816707611084
linearSwitchFromFluentv4,300,60,6,15168.85,120.55342698097229
linearSwitchFromFluentv4,300,60,7,14995.02,120.57339453697205
linearSwitchFromFluentv4,300,60,8,15675.45,120.56990504264832
linearSwitchFromFluentv4,300,60,9,15764.84,120.48557925224304
linearSwitchFromFluentv4,300,60,10,15601.36,120.53803157806396
linearSwitchFromFluentv4,300,60,11,15540.24,120.58398604393005
linearSwitchFromFluentv4,300,60,12,15642.14,120.6180911064148
linearSwitchFromFluentv4,300,60,13,15708.83,120.53884315490723
linearSwitchFromFluentv4,300,60,14,15839.86,120.56391549110413
linearSwitchFromFluentv4,300,60,15,15443.83,120.52963757514954
linearSwitchFromFluentv4,300,60,16,15408.21,120.58139705657959
linearSwitchFromFluentv4,300,60,17,15654.62,120.53469109535217
linearSwitchFromFluentv4,300,60,18,15541.47,120.59509873390198
linearSwitchFromFluentv4,300,60,19,15332.49,120.54352235794067
linearSwitchFromFluentv4,300,60,20,15329.72,120.56735014915466
linearSwitchFromFluentv4,300,60,21,15473.89,120.56693315505981
linearSwitchFromFluentv4,300,60,22,15949.31,120.58458518981934
linearSwitchFromFluentv4,300,60,23,14885.97,120.55063033103943
linearSwitchFromFluentv4,300,60,24,15983.7,120.50021409988403
linearSwitchFromFluentv4,300,60,25,15648.53,120.5867702960968
linearSwitchFromFluentv4,300,60,26,15048.45,120.58613157272339
linearSwitchFromFluentv4,300,60,27,15681.13,120.5861074924469
linearSwitchFromFluentv4,300,60,28,14714.77,120.6003577709198
linearSwitchFromFluentv4,300,60,29,14984.74,120.60374140739441
linearSwitchFromFluentv4,300,60,30,15474.53,120.58946752548218
linearSwitchFromFluentv4,300,60,31,16158.88,120.52305102348328
linearSwitchFromFluentv4,300,60,32,15624.93,120.54703140258789
linearSwitchFromFluentv4,300,60,33,15811.09,120.60270643234253
linearSwitchFromFluentv4,300,60,34,15581.82,120.65696811676025
linearSwitchFromFluentv4,300,60,35,15020.31,120.59486365318298
linearSwitchFromFluentv4,300,60,36,15942.73,120.58084154129028
linearSwitchFromFluentv4,300,60,37,15167.98,120.61791801452637
linearSwitchFromFluentv4,300,60,38,15847.75,120.80079245567322
linearSwitchFromFluentv4,300,60,39,15958.2,120.55065965652466
linearSwitchFromFluentv4,300,60,40,15907.69,120.59068846702576
linearSwitchFromFluentv4,300,60,41,15225.43,120.56788325309753
linearSwitchFromFluentv4,300,60,42,15407.86,120.61378002166748
linearSwitchFromFluentv4,300,60,43,15287.84,120.57444620132446
linearSwitchFromFluentv4,300,60,44,15922.17,120.53952765464783
linearSwitchFromFluentv4,300,60,45,15271.7,120.60117197036743
linearSwitchFromFluentv4,300,60,46,15405.62,120.59441804885864
linearSwitchFromFluentv4,300,60,47,15087.94,120.5597403049469
linearSwitchFromFluentv4,300,60,48,14977.87,120.58359932899475
linearSwitchFromFluentv4,300,60,49,15652.22,120.5706136226654
linearSwitchFromFluentv4,300,60,50,15773.61,120.69713401794434
linearSwitchFromFluentv4,300,60,51,15799.44,120.56611752510071
linearSwitchFromFluentv4,300,60,52,15505.32,120.5877959728241
linearSwitchFromFluentv4,300,60,53,15731.33,120.55080223083496
linearSwitchFromFluentv4,300,60,54,14939.9,120.57694363594055
linearSwitchFromFluentv4,300,60,55,16124.29,120.56574726104736
linearSwitchFromFluentv4,300,60,56,16244.69,120.52890658378601
linearSwitchFromFluentv4,300,60,57,15346.92,120.63512063026428
linearSwitchFromFluentv4,300,60,58,15609.76,120.60461854934692
linearSwitchFromFluentv4,300,60,59,15407.99,120.54176020622253
linearSwitchFromFluentv4,300,60,60,15129.93,120.56568193435669
linearSwitchFromFluentv4,300,60,61,15837.6,120.55598425865173
linearSwitchFromFluentv4,300,60,62,15338.46,120.5790433883667
linearSwitchFromFluentv4,300,60,63,15785.76,120.625009059906
linearSwitchFromFluentv4,300,60,64,15407.3,120.60972428321838
linearSwitchFromFluentv4,300,60,65,15552.78,120.59655022621155
linearSwitchFromFluentv4,300,60,66,14593.83,120.57876491546631
linearSwitchFromFluentv4,300,60,67,15636.79,120.59038090705872
linearSwitchFromFluentv4,300,60,68,15859.73,120.6091525554657
linearSwitchFromFluentv4,300,60,69,15352.26,120.54452157020569
linearSwitchFromFluentv4,300,60,70,15764.13,120.5764582157135
linearSwitchFromFluentv4,300,60,71,15560.83,120.5735011100769
linearSwitchFromFluentv4,300,60,72,15778.95,120.5635678768158
linearSwitchFromFluentv4,300,60,73,15787.41,120.55041027069092
linearSwitchFromFluentv4,300,60,74,15611.34,120.57215738296509
linearSwitchFromFluentv4,300,60,75,14838.28,120.57324743270874
linearSwitchFromFluentv4,300,60,76,15350.7,120.64571118354797
linearSwitchFromFluentv4,300,60,77,15280.23,120.56101536750793
linearSwitchFromFluentv4,300,60,78,15157.31,120.6343207359314
linearSwitchFromFluentv4,300,60,79,15484.4,120.60755681991577
linearSwitchFromFluentv4,300,60,80,15497.96,120.7333915233612
linearSwitchFromFluentv4,300,60,81,15379.6,120.57108306884766
linearSwitchFromFluentv4,300,60,82,15580.83,120.68098306655884
linearSwitchFromFluentv4,300,60,83,15941.76,120.55904364585876
linearSwitchFromFluentv4,300,60,84,14242.16,120.57860469818115
linearSwitchFromFluentv4,300,60,85,15614.66,120.57265710830688
linearSwitchFromFluentv4,300,60,86,15086.29,120.56519508361816
linearSwitchFromFluentv4,300,60,87,15498.31,120.59391403198242
linearSwitchFromFluentv4,300,60,88,15419.89,120.60230875015259
linearSwitchFromFluentv4,300,60,89,15618.05,120.51196527481079
linearSwitchFromFluentv4,300,60,90,14957.19,120.61436676979065
linearSwitchFromFluentv4,300,60,91,15545.73,120.60558009147644
linearSwitchFromFluentv4,300,60,92,16006.52,120.54021835327148
linearSwitchFromFluentv4,300,60,93,15575.96,120.63071799278259
linearSwitchFromFluentv4,300,60,94,15513.94,120.6153199672699
linearSwitchFromFluentv4,300,60,95,16214.73,120.49491238594055
linearSwitchFromFluentv4,300,60,96,15374.63,120.54002547264099
linearSwitchFromFluentv4,300,60,97,15777.2,120.60692405700684
linearSwitchFromFluentv4,300,60,98,15372.35,120.6045196056366
linearSwitchFromFluentv4,300,60,99,15189.26,120.6173996925354
linearSwitchFromRandom,300,0,0,11625.18,120.07659482955933
linearSwitchFromRandom,300,0,1,12001.39,120.08690237998962
linearSwitchFromRandom,300,0,2,11914.16,120.0995192527771
linearSwitchFromRandom,300,0,3,11621.06,120.0946478843689
linearSwitchFromRandom,300,0,4,12146.83,120.07647156715393
linearSwitchFromRandom,300,0,5,12071.79,120.08963775634766
linearSwitchFromRandom,300,0,6,11760.83,120.0795361995697
linearSwitchFromRandom,300,0,7,11520.63,120.0823266506195
linearSwitchFromRandom,300,0,8,12011.03,120.07653307914734
linearSwitchFromRandom,300,0,9,12146.29,120.08287334442139
linearSwitchFromRandom,300,0,10,12163.81,120.08866167068481
linearSwitchFromRandom,300,0,11,12249.38,120.08860802650452
linearSwitchFromRandom,300,0,12,11941.81,120.07105422019958
linearSwitchFromRandom,300,0,13,12195.37,120.08788180351257
linearSwitchFromRandom,300,0,14,12426.23,120.09010601043701
linearSwitchFromRandom,300,0,15,11888.4,120.09127688407898
linearSwitchFromRandom,300,0,16,11740.06,120.08053708076477
linearSwitchFromRandom,300,0,17,12276.37,120.08627223968506
linearSwitchFromRandom,300,0,18,12001.56,120.08014273643494
linearSwitchFromRandom,300,0,19,12216.13,120.08713221549988
linearSwitchFromRandom,300,0,20,11708.62,120.07209658622742
linearSwitchFromRandom,300,0,21,12382.91,120.08369183540344
linearSwitchFromRandom,300,0,22,12049.86,120.09051537513733
linearSwitchFromRandom,300,0,23,11747.25,120.08804154396057
linearSwitchFromRandom,300,0,24,12063.12,120.09246253967285
linearSwitchFromRandom,300,0,25,12246.92,120.08841943740845
linearSwitchFromRandom,300,0,26,11801.33,120.09894967079163
linearSwitchFromRandom,300,0,27,11924.5,120.088796377182
linearSwitchFromRandom,300,0,28,11591.66,120.08852887153625
linearSwitchFromRandom,300,0,29,11854.8,120.08822989463806
linearSwitchFromRandom,300,0,30,11918.21,120.0763771533966
linearSwitchFromRandom,300,0,31,12038.05,120.08484172821045
linearSwitchFromRandom,300,0,32,11831.93,120.09987282752991
linearSwitchFromRandom,300,0,33,12050.0,120.07643938064575
linearSwitchFromRandom,300,0,34,11993.51,120.07717275619507
linearSwitchFromRandom,300,0,35,12123.66,120.09800386428833
linearSwitchFromRandom,300,0,36,12146.99,120.0843813419342
linearSwitchFromRandom,300,0,37,11643.19,120.07667422294617
linearSwitchFromRandom,300,0,38,12144.24,120.06846880912781
linearSwitchFromRandom,300,0,39,11858.36,120.08295822143555
linearSwitchFromRandom,300,0,40,11857.29,120.08839178085327
linearSwitchFromRandom,300,0,41,12053.66,120.07696461677551
linearSwitchFromRandom,300,0,42,12405.87,120.06852650642395
linearSwitchFromRandom,300,0,43,11737.53,120.09253525733948
linearSwitchFromRandom,300,0,44,12089.67,120.0805094242096
linearSwitchFromRandom,300,0,45,12027.1,120.09403538703918
linearSwitchFromRandom,300,0,46,11961.48,120.09148788452148
linearSwitchFromRandom,300,0,47,11661.06,120.08221578598022
linearSwitchFromRandom,300,0,48,11803.78,120.07946681976318
linearSwitchFromRandom,300,0,49,11898.62,120.08818221092224
linearSwitchFromRandom,300,0,50,12394.56,120.08338570594788
linearSwitchFromRandom,300,0,51,12308.98,120.08347225189209
linearSwitchFromRandom,300,0,52,11990.76,120.08997964859009
linearSwitchFromRandom,300,0,53,12407.42,120.09380745887756
linearSwitchFromRandom,300,0,54,11722.9,120.0820426940918
linearSwitchFromRandom,300,0,55,12205.3,120.08145642280579
linearSwitchFromRandom,300,0,56,12348.47,120.08505773544312
linearSwitchFromRandom,300,0,57,12364.01,120.0871889591217
linearSwitchFromRandom,300,0,58,11723.56,120.09593224525452
linearSwitchFromRandom,300,0,59,11824.32,120.08413434028625
linearSwitchFromRandom,300,0,60,11606.18,120.08970332145691
linearSwitchFromRandom,300,0,61,12346.81,120.10451674461365
linearSwitchFromRandom,300,0,62,11550.98,120.08575654029846
linearSwitchFromRandom,300,0,63,12351.3,120.09517407417297
linearSwitchFromRandom,300,0,64,11862.9,120.09045958518982
linearSwitchFromRandom,300,0,65,12311.36,120.08490681648254
linearSwitchFromRandom,300,0,66,11326.25,120.08968687057495
linearSwitchFromRandom,300,0,67,12060.69,120.096346616745
linearSwitchFromRandom,300,0,68,12348.94,120.08555316925049
linearSwitchFromRandom,300,0,69,11887.43,120.07682824134827
linearSwitchFromRandom,300,0,70,12238.99,120.07754182815552
linearSwitchFromRandom,300,0,71,11917.79,120.07871007919312
linearSwitchFromRandom,300,0,72,11927.2,120.08716154098511
linearSwitchFromRandom,300,0,73,12119.48,120.08348441123962
linearSwitchFromRandom,300,0,74,11788.46,120.0741229057312
linearSwitchFromRandom,300,0,75,11390.18,120.08677458763123
linearSwitchFromRandom,300,0,76,11770.11,120.07587051391602
linearSwitchFromRandom,300,0,77,11984.6,120.080890417099
linearSwitchFromRandom,300,0,78,12449.24,120.08743190765381
linearSwitchFromRandom,300,0,79,12101.7,120.09960460662842
linearSwitchFromRandom,300,0,80,11802.15,120.08904981613159
linearSwitchFromRandom,300,0,81,11754.06,120.07040810585022
linearSwitchFromRandom,300,0,82,11782.48,120.09330248832703
linearSwitchFromRandom,300,0,83,12394.97,120.0884599685669
linearSwitchFromRandom,300,0,84,11599.12,120.08550453186035
linearSwitchFromRandom,300,0,85,12167.56,120.08229970932007
linearSwitchFromRandom,300,0,86,12034.08,120.0916998386383
linearSwitchFromRandom,300,0,87,12243.78,120.08503746986389
linearSwitchFromRandom,300,0,88,12037.66,120.08777689933777
linearSwitchFromRandom,300,0,89,12050.12,120.0864098072052
linearSwitchFromRandom,300,0,90,11930.82,120.09450364112854
linearSwitchFromRandom,300,0,91,12003.76,120.08400702476501
linearSwitchFromRandom,300,0,92,12187.97,120.09117412567139
linearSwitchFromRandom,300,0,93,12121.84,120.08453130722046
linearSwitchFromRandom,300,0,94,11845.39,120.08871102333069
linearSwitchFromRandom,300,0,95,11864.88,120.08611345291138
linearSwitchFromRandom,300,0,96,11460.07,120.09274053573608
linearSwitchFromRandom,300,0,97,12205.4,120.0862500667572
linearSwitchFromRandom,300,0,98,12141.15,120.07882833480835
linearSwitchFromRandom,300,0,99,12126.23,120.07939577102661
linearSwitchFromRandom,300,10,0,12309.41,120.08690810203552
linearSwitchFromRandom,300,10,1,12949.45,120.08913993835449
linearSwitchFromRandom,300,10,2,12979.22,120.09521460533142
linearSwitchFromRandom,300,10,3,12244.77,120.09925603866577
linearSwitchFromRandom,300,10,4,12874.66,120.09231615066528
linearSwitchFromRandom,300,10,5,13013.01,120.10152244567871
linearSwitchFromRandom,300,10,6,12857.0,120.08008456230164
linearSwitchFromRandom,300,10,7,12465.07,120.09116291999817
linearSwitchFromRandom,300,10,8,12545.77,120.08283400535583
linearSwitchFromRandom,300,10,9,13056.35,120.09055614471436
linearSwitchFromRandom,300,10,10,12623.69,120.07693862915039
linearSwitchFromRandom,300,10,11,12418.6,120.08171844482422
linearSwitchFromRandom,300,10,12,12583.21,120.06626510620117
linearSwitchFromRandom,300,10,13,13063.05,120.08430361747742
linearSwitchFromRandom,300,10,14,12940.31,120.08371233940125
linearSwitchFromRandom,300,10,15,12951.52,120.0675539970398
linearSwitchFromRandom,300,10,16,12772.18,120.09559512138367
linearSwitchFromRandom,300,10,17,12738.58,120.08701086044312
linearSwitchFromRandom,300,10,18,12475.17,120.08434748649597
linearSwitchFromRandom,300,10,19,13077.25,120.09247183799744
linearSwitchFromRandom,300,10,20,12397.96,120.08849215507507
linearSwitchFromRandom,300,10,21,12715.47,120.09048342704773
linearSwitchFromRandom,300,10,22,13019.39,120.09302258491516
linearSwitchFromRandom,300,10,23,12586.65,120.07484292984009
linearSwitchFromRandom,300,10,24,12814.2,120.08445167541504
linearSwitchFromRandom,300,10,25,13442.17,120.087641954422
linearSwitchFromRandom,300,10,26,12365.55,120.08494782447815
linearSwitchFromRandom,300,10,27,12736.19,120.08351469039917
linearSwitchFromRandom,300,10,28,12371.49,120.09290742874146
linearSwitchFromRandom,300,10,29,12526.43,120.09336996078491
linearSwitchFromRandom,300,10,30,12593.6,120.07334232330322
linearSwitchFromRandom,300,10,31,13187.45,120.08420634269714
linearSwitchFromRandom,300,10,32,13283.1,120.09023213386536
linearSwitchFromRandom,300,10,33,12701.63,120.08704710006714
linearSwitchFromRandom,300,10,34,13125.34,120.07613945007324
linearSwitchFromRandom,300,10,35,12381.28,120.09632182121277
linearSwitchFromRandom,300,10,36,12879.02,120.09208798408508
linearSwitchFromRandom,300,10,37,12886.97,120.09911179542542
linearSwitchFromRandom,300,10,38,13101.23,120.07747530937195
linearSwitchFromRandom,300,10,39,12728.03,120.1000030040741
linearSwitchFromRandom,300,10,40,12993.89,120.10031795501709
linearSwitchFromRandom,300,10,41,12820.89,120.07877516746521
linearSwitchFromRandom,300,10,42,12851.07,120.06559681892395
linearSwitchFromRandom,300,10,43,12558.91,120.09078550338745
linearSwitchFromRandom,300,10,44,12873.77,120.079669713974
linearSwitchFromRandom,300,10,45,12598.05,120.07265043258667
linearSwitchFromRandom,300,10,46,12691.6,120.09058475494385
linearSwitchFromRandom,300,10,47,12601.47,120.08366322517395
linearSwitchFromRandom,300,10,48,12833.19,120.07891726493835
linearSwitchFromRandom,300,10,49,13273.02,120.09051895141602
linearSwitchFromRandom,300,10,50,13133.42,120.084228515625
linearSwitchFromRandom,300,10,51,13166.8,120.08216047286987
linearSwitchFromRandom,300,10,52,13122.62,120.08961725234985
linearSwitchFromRandom,300,10,53,12646.71,120.09051299095154
linearSwitchFromRandom,300,10,54,12620.28,120.0791003704071
linearSwitchFromRandom,300,10,55,13076.44,120.07921028137207
linearSwitchFromRandom,300,10,56,12864.81,120.08068633079529
linearSwitchFromRandom,300,10,57,12663.85,120.08653140068054
linearSwitchFromRandom,300,10,58,12266.38,120.09635353088379
linearSwitchFromRandom,300,10,59,12611.68,120.08323287963867
linearSwitchFromRandom,300,10,60,12700.85,120.08642387390137
linearSwitchFromRandom,300,10,61,13171.6,120.10845899581909
linearSwitchFromRandom,300,10,62,12677.69,120.08569979667664
linearSwitchFromRandom,300,10,63,13654.14,120.08951354026794
linearSwitchFromRandom,300,10,64,12792.97,120.09130096435547
linearSwitchFromRandom,300,10,65,12881.9,120.08203840255737
linearSwitchFromRandom,300,10,66,12352.89,120.088702917099
linearSwitchFromRandom,300,10,67,12667.22,120.0860652923584
linearSwitchFromRandom,300,10,68,13374.68,120.08390736579895
linearSwitchFromRandom,300,10,69,13129.26,120.07461333274841
linearSwitchFromRandom,300,10,70,12508.37,120.07555294036865
linearSwitchFromRandom,300,10,71,12864.39,120.08670997619629
linearSwitchFromRandom,300,10,72,13348.24,120.09434747695923
linearSwitchFromRandom,300,10,73,12686.72,120.08626341819763
linearSwitchFromRandom,300,10,74,13012.1,120.08428645133972
linearSwitchFromRandom,300,10,75,12329.77,120.09043383598328
linearSwitchFromRandom,300,10,76,13098.1,120.09981894493103
linearSwitchFromRandom,300,10,77,12471.88,120.0897445678711
linearSwitchFromRandom,300,10,78,12927.38,120.09050345420837
linearSwitchFromRandom,300,10,79,13183.99,120.09637188911438
linearSwitchFromRandom,300,10,80,13175.49,120.08343958854675
linearSwitchFromRandom,300,10,81,12924.67,120.0726089477539
linearSwitchFromRandom,300,10,82,12575.51,120.09124374389648
linearSwitchFromRandom,300,10,83,13053.84,120.08371543884277
linearSwitchFromRandom,300,10,84,12243.13,120.08376240730286
linearSwitchFromRandom,300,10,85,12808.29,120.07671642303467
linearSwitchFromRandom,300,10,86,12599.87,120.07426285743713
linearSwitchFromRandom,300,10,87,13072.06,120.08210253715515
linearSwitchFromRandom,300,10,88,12829.77,120.09738278388977
linearSwitchFromRandom,300,10,89,12899.49,120.08552241325378
linearSwitchFromRandom,300,10,90,12785.5,120.08747220039368
linearSwitchFromRandom,300,10,91,12963.03,120.08113241195679
linearSwitchFromRandom,300,10,92,12777.2,120.09359431266785
linearSwitchFromRandom,300,10,93,12791.84,120.08076500892639
linearSwitchFromRandom,300,10,94,12896.66,120.09701657295227
linearSwitchFromRandom,300,10,95,12875.52,120.08408045768738
linearSwitchFromRandom,300,10,96,12648.33,120.08692216873169
linearSwitchFromRandom,300,10,97,13318.96,120.08961892127991
linearSwitchFromRandom,300,10,98,12812.95,120.07531237602234
linearSwitchFromRandom,300,10,99,12608.91,120.07706809043884
linearSwitchFromRandom,300,20,0,12935.84,120.08481335639954
linearSwitchFromRandom,300,20,1,13475.82,120.09036755561829
linearSwitchFromRandom,300,20,2,13821.49,120.0929765701294
linearSwitchFromRandom,300,20,3,12564.29,120.09729266166687
linearSwitchFromRandom,300,20,4,13328.01,120.09110116958618
linearSwitchFromRandom,300,20,5,13584.62,120.09839177131653
linearSwitchFromRandom,300,20,6,12795.79,120.08784437179565
linearSwitchFromRandom,300,20,7,12824.16,120.09706854820251
linearSwitchFromRandom,300,20,8,13383.8,120.08959126472473
linearSwitchFromRandom,300,20,9,13691.1,120.10205292701721
linearSwitchFromRandom,300,20,10,13465.08,120.09737014770508
linearSwitchFromRandom,300,20,11,13098.57,120.08590769767761
linearSwitchFromRandom,300,20,12,12999.2,120.07734632492065
linearSwitchFromRandom,300,20,13,13613.05,120.09483575820923
linearSwitchFromRandom,300,20,14,13647.64,120.09228992462158
linearSwitchFromRandom,300,20,15,13303.07,120.06852078437805
linearSwitchFromRandom,300,20,16,12870.42,120.09343075752258
linearSwitchFromRandom,300,20,17,13362.13,120.08452033996582
linearSwitchFromRandom,300,20,18,13545.85,120.08290576934814
linearSwitchFromRandom,300,20,19,13590.23,120.0802354812622
linearSwitchFromRandom,300,20,20,13117.05,120.06560850143433
linearSwitchFromRandom,300,20,21,14244.06,120.08894395828247
linearSwitchFromRandom,300,20,22,13679.77,120.0948498249054
linearSwitchFromRandom,300,20,23,13167.89,120.07077670097351
linearSwitchFromRandom,300,20,24,13205.36,120.08855748176575
linearSwitchFromRandom,300,20,25,13378.06,120.08640575408936
linearSwitchFromRandom,300,20,26,13170.62,120.0855929851532
linearSwitchFromRandom,300,20,27,13583.48,120.07955169677734
linearSwitchFromRandom,300,20,28,12847.95,120.09641027450562
linearSwitchFromRandom,300,20,29,13451.33,120.08188128471375
linearSwitchFromRandom,300,20,30,13533.25,120.07085680961609
linearSwitchFromRandom,300,20,31,13139.64,120.07558679580688
linearSwitchFromRandom,300,20,32,13842.55,120.0877754688263
linearSwitchFromRandom,300,20,33,13434.08,120.08256244659424
linearSwitchFromRandom,300,20,34,13477.42,120.07332158088684
linearSwitchFromRandom,300,20,35,12879.48,120.09535574913025
linearSwitchFromRandom,300,20,36,13548.17,120.08006310462952
linearSwitchFromRandom,300,20,37,13396.79,120.0952353477478
linearSwitchFromRandom,300,20,38,13331.93,120.07773327827454
linearSwitchFromRandom,300,20,39,13590.83,120.09551644325256
linearSwitchFromRandom,300,20,40,13655.49,120.08756566047668
linearSwitchFromRandom,300,20,41,13731.68,120.07579135894775
linearSwitchFromRandom,300,20,42,13545.35,120.07300853729248
linearSwitchFromRandom,300,20,43,12983.85,120.09769654273987
linearSwitchFromRandom,300,20,44,13816.63,120.08647298812866
linearSwitchFromRandom,300,20,45,13293.73,120.10077905654907
linearSwitchFromRandom,300,20,46,13084.1,120.09881615638733
linearSwitchFromRandom,300,20,47,13333.96,120.08976984024048
linearSwitchFromRandom,300,20,48,13098.94,120.08763289451599
linearSwitchFromRandom,300,20,49,13504.87,120.09477257728577
linearSwitchFromRandom,300,20,50,13701.3,120.09120082855225
linearSwitchFromRandom,300,20,51,13654.73,120.09191012382507
linearSwitchFromRandom,300,20,52,13188.6,120.0967206954956
linearSwitchFromRandom,300,20,53,13361.04,120.08846640586853
linearSwitchFromRandom,300,20,54,13207.56,120.08123254776001
linearSwitchFromRandom,300,20,55,13593.64,120.07814359664917
linearSwitchFromRandom,300,20,56,13266.08,120.08455920219421
linearSwitchFromRandom,300,20,57,13690.62,120.08154845237732
linearSwitchFromRandom,300,20,58,13387.49,120.09443068504333
linearSwitchFromRandom,300,20,59,13058.39,120.0794575214386
linearSwitchFromRandom,300,20,60,12396.16,120.08360719680786
linearSwitchFromRandom,300,20,61,13617.34,120.08592414855957
linearSwitchFromRandom,300,20,62,12934.74,120.08166074752808
linearSwitchFromRandom,300,20,63,13490.23,120.08723020553589
linearSwitchFromRandom,300,20,64,13549.36,120.08635020256042
linearSwitchFromRandom,300,20,65,13621.21,120.07930612564087
linearSwitchFromRandom,300,20,66,12818.69,120.08890843391418
linearSwitchFromRandom,300,20,67,13647.23,120.08287525177002
linearSwitchFromRandom,300,20,68,13591.83,120.08343434333801
linearSwitchFromRandom,300,20,69,13131.83,120.07120752334595
linearSwitchFromRandom,300,20,70,13149.74,120.07129001617432
linearSwitchFromRandom,300,20,71,13954.32,120.08403992652893
linearSwitchFromRandom,300,20,72,13769.62,120.08946943283081
linearSwitchFromRandom,300,20,73,13454.8,120.10934519767761
linearSwitchFromRandom,300,20,74,13919.39,120.07921051979065
linearSwitchFromRandom,300,20,75,12809.39,120.08676052093506
linearSwitchFromRandom,300,20,76,13198.83,120.09575390815735
linearSwitchFromRandom,300,20,77,13132.9,120.08526992797852
linearSwitchFromRandom,300,20,78,13434.77,120.08514165878296
linearSwitchFromRandom,300,20,79,13443.85,120.09863758087158
linearSwitchFromRandom,300,20,80,13622.42,120.08992028236389
linearSwitchFromRandom,300,20,81,13024.85,120.07086277008057
linearSwitchFromRandom,300,20,82,13119.92,120.09258818626404
linearSwitchFromRandom,300,20,83,13449.3,120.07055735588074
linearSwitchFromRandom,300,20,84,12721.24,120.08612656593323
linearSwitchFromRandom,300,20,85,13390.19,120.08085799217224
linearSwitchFromRandom,300,20,86,13327.06,120.08593392372131
linearSwitchFromRandom,300,20,87,13769.8,120.08420753479004
linearSwitchFromRandom,300,20,88,13451.85,120.09286618232727
linearSwitchFromRandom,300,20,89,13468.29,120.08748745918274
linearSwitchFromRandom,300,20,90,13289.91,120.0881142616272
linearSwitchFromRandom,300,20,91,13247.85,120.08415365219116
linearSwitchFromRandom,300,20,92,13322.17,120.09519505500793
linearSwitchFromRandom,300,20,93,13492.13,120.08348560333252
linearSwitchFromRandom,300,20,94,13360.18,120.10041117668152
linearSwitchFromRandom,300,20,95,13524.79,120.08779525756836
linearSwitchFromRandom,300,20,96,13352.81,120.08927273750305
linearSwitchFromRandom,300,20,97,13321.56,120.08326745033264
linearSwitchFromRandom,300,20,98,13134.75,120.07691192626953
linearSwitchFromRandom,300,20,99,13397.57,120.07841873168945
linearSwitchFromRandom,300,30,0,13069.83,120.08792066574097
linearSwitchFromRandom,300,30,1,13709.6,120.09132218360901
linearSwitchFromRandom,300,30,2,13793.74,120.0905511379242
linearSwitchFromRandom,300,30,3,13283.88,120.09792304039001
linearSwitchFromRandom,300,30,4,13521.33,120.09386253356934
linearSwitchFromRandom,300,30,5,14182.35,120.0993423461914
linearSwitchFromRandom,300,30,6,13164.6,120.08501029014587
linearSwitchFromRandom,300,30,7,13507.27,120.09742760658264
linearSwitchFromRandom,300,30,8,13682.58,120.09270405769348
linearSwitchFromRandom,300,30,9,13267.14,120.10482215881348
linearSwitchFromRandom,300,30,10,14080.08,120.0850772857666
linearSwitchFromRandom,300,30,11,14025.37,120.07670283317566
linearSwitchFromRandom,300,30,12,13838.94,120.067134141922
linearSwitchFromRandom,300,30,13,13862.27,120.08439302444458
linearSwitchFromRandom,300,30,14,13615.7,120.08360815048218
linearSwitchFromRandom,300,30,15,13595.83,120.07004976272583
linearSwitchFromRandom,300,30,16,13774.17,120.09488916397095
linearSwitchFromRandom,300,30,17,14276.0,120.09196400642395
linearSwitchFromRandom,300,30,18,13677.86,120.0856511592865
linearSwitchFromRandom,300,30,19,13838.16,120.0911033153534
linearSwitchFromRandom,300,30,20,13829.12,120.08289575576782
linearSwitchFromRandom,300,30,21,14144.5,120.08798599243164
linearSwitchFromRandom,300,30,22,13995.97,120.09189343452454
linearSwitchFromRandom,300,30,23,13700.47,120.07430124282837
linearSwitchFromRandom,300,30,24,13737.59,120.09474229812622
linearSwitchFromRandom,300,30,25,14301.1,120.08607077598572
linearSwitchFromRandom,300,30,26,13294.33,120.08248114585876
linearSwitchFromRandom,300,30,27,13788.1,120.0791244506836
linearSwitchFromRandom,300,30,28,12948.65,120.08933210372925
linearSwitchFromRandom,300,30,29,13476.36,120.09228444099426
linearSwitchFromRandom,300,30,30,13916.98,120.07159376144409
linearSwitchFromRandom,300,30,31,13933.86,120.0817358493805
linearSwitchFromRandom,300,30,32,14071.2,120.08766198158264
linearSwitchFromRandom,300,30,33,14040.75,120.08467698097229
linearSwitchFromRandom,300,30,34,13903.96,120.07344245910645
linearSwitchFromRandom,300,30,35,13584.59,120.09490513801575
linearSwitchFromRandom,300,30,36,14339.32,120.08664894104004
linearSwitchFromRandom,300,30,37,13544.88,120.09559559822083
linearSwitchFromRandom,300,30,38,13639.09,120.07475972175598
linearSwitchFromRandom,300,30,39,14284.77,120.09513854980469
linearSwitchFromRandom,300,30,40,13862.87,120.09808039665222
linearSwitchFromRandom,300,30,41,13900.55,120.06988334655762
linearSwitchFromRandom,300,30,42,14003.48,120.0679099559784
linearSwitchFromRandom,300,30,43,13497.95,120.09101343154907
linearSwitchFromRandom,300,30,44,14172.92,120.08199000358582
linearSwitchFromRandom,300,30,45,13909.52,120.07366228103638
linearSwitchFromRandom,300,30,46,13404.96,120.07859587669373
linearSwitchFromRandom,300,30,47,13096.4,120.08399629592896
linearSwitchFromRandom,300,30,48,13708.64,120.08322644233704
linearSwitchFromRandom,300,30,49,13365.78,120.09068417549133
linearSwitchFromRandom,300,30,50,13930.61,120.08585166931152
linearSwitchFromRandom,300,30,51,13602.74,120.08741593360901
linearSwitchFromRandom,300,30,52,13599.57,120.09384179115295
linearSwitchFromRandom,300,30,53,13968.4,120.09117031097412
linearSwitchFromRandom,300,30,54,13299.54,120.08068704605103
linearSwitchFromRandom,300,30,55,13668.05,120.08497977256775
linearSwitchFromRandom,300,30,56,13950.48,120.08627128601074
linearSwitchFromRandom,300,30,57,13360.66,120.08758592605591
linearSwitchFromRandom,300,30,58,13586.72,120.10054779052734
linearSwitchFromRandom,300,30,59,13614.84,120.08465719223022
linearSwitchFromRandom,300,30,60,13433.54,120.08334136009216
linearSwitchFromRandom,300,30,61,14094.34,120.10518646240234
linearSwitchFromRandom,300,30,62,13329.05,120.08817172050476
linearSwitchFromRandom,300,30,63,14185.46,120.09450602531433
linearSwitchFromRandom,300,30,64,13677.86,120.09102153778076
linearSwitchFromRandom,300,30,65,14100.87,120.1130747795105
linearSwitchFromRandom,300,30,66,13228.56,120.09153914451599
linearSwitchFromRandom,300,30,67,14173.11,120.09123229980469
linearSwitchFromRandom,300,30,68,14335.69,120.08793544769287
linearSwitchFromRandom,300,30,69,13666.92,120.07796573638916
linearSwitchFromRandom,300,30,70,14097.08,120.06827020645142
linearSwitchFromRandom,300,30,71,13929.25,120.08029508590698
linearSwitchFromRandom,300,30,72,14003.8,120.08124423027039
linearSwitchFromRandom,300,30,73,13766.17,120.08623242378235
linearSwitchFromRandom,300,30,74,13940.29,120.07405686378479
linearSwitchFromRandom,300,30,75,13183.79,120.0795431137085
linearSwitchFromRandom,300,30,76,13572.6,120.08794093132019
linearSwitchFromRandom,300,30,77,13360.71,120.08691596984863
linearSwitchFromRandom,300,30,78,13733.85,120.07888793945312
linearSwitchFromRandom,300,30,79,13884.24,120.09325695037842
linearSwitchFromRandom,300,30,80,13429.28,120.09258985519409
linearSwitchFromRandom,300,30,81,13540.41,120.07162141799927
linearSwitchFromRandom,300,30,82,13783.65,120.09400534629822
linearSwitchFromRandom,300,30,83,13762.12,120.08306622505188
linearSwitchFromRandom,300,30,84,13338.1,120.0848958492279
linearSwitchFromRandom,300,30,85,13568.33,120.0958833694458
linearSwitchFromRandom,300,30,86,13561.36,120.07740998268127
linearSwitchFromRandom,300,30,87,13987.84,120.07998013496399
linearSwitchFromRandom,300,30,88,13653.03,120.09184980392456
linearSwitchFromRandom,300,30,89,14058.21,120.08724093437195
linearSwitchFromRandom,300,30,90,13520.62,120.08966159820557
linearSwitchFromRandom,300,30,91,13672.43,120.0841875076294
linearSwitchFromRandom,300,30,92,14206.62,120.07955622673035
linearSwitchFromRandom,300,30,93,13653.93,120.07775974273682
linearSwitchFromRandom,300,30,94,13974.86,120.08804392814636
linearSwitchFromRandom,300,30,95,14041.72,120.08012318611145
linearSwitchFromRandom,300,30,96,13246.8,120.09203124046326
linearSwitchFromRandom,300,30,97,14357.02,120.07915568351746
linearSwitchFromRandom,300,30,98,14106.83,120.07131576538086
linearSwitchFromRandom,300,30,99,13675.72,120.07372903823853
linearSwitchFromRandom,300,40,0,13614.13,120.08117747306824
linearSwitchFromRandom,300,40,1,14226.75,120.09225416183472
linearSwitchFromRandom,300,40,2,14096.06,120.09058237075806
linearSwitchFromRandom,300,40,3,13175.91,120.09028840065002
linearSwitchFromRandom,300,40,4,14466.99,120.08890891075134
linearSwitchFromRandom,300,40,5,14219.56,120.08893203735352
linearSwitchFromRandom,300,40,6,13662.27,120.08743715286255
linearSwitchFromRandom,300,40,7,13738.88,120.09525632858276
linearSwitchFromRandom,300,40,8,14192.39,120.08400416374207
linearSwitchFromRandom,300,40,9,13908.8,120.09242987632751
linearSwitchFromRandom,300,40,10,14759.13,120.07794451713562
linearSwitchFromRandom,300,40,11,13990.8,120.08097624778748
linearSwitchFromRandom,300,40,12,14252.58,120.0706672668457
linearSwitchFromRandom,300,40,13,14554.96,120.09189987182617
linearSwitchFromRandom,300,40,14,13943.27,120.08331203460693
linearSwitchFromRandom,300,40,15,14531.1,120.06551885604858
linearSwitchFromRandom,300,40,16,14210.64,120.09290885925293
linearSwitchFromRandom,300,40,17,14442.23,120.08824276924133
linearSwitchFromRandom,300,40,18,14493.99,120.08841109275818
linearSwitchFromRandom,300,40,19,14411.56,120.09377121925354
linearSwitchFromRandom,300,40,20,13673.61,120.07219862937927
linearSwitchFromRandom,300,40,21,14569.06,120.08681631088257
linearSwitchFromRandom,300,40,22,14451.26,120.09780478477478
linearSwitchFromRandom,300,40,23,13810.15,120.07050800323486
linearSwitchFromRandom,300,40,24,14345.3,120.08609199523926
linearSwitchFromRandom,300,40,25,14861.17,120.0841715335846
linearSwitchFromRandom,300,40,26,13895.48,120.07967376708984
linearSwitchFromRandom,300,40,27,14552.35,120.07557201385498
linearSwitchFromRandom,300,40,28,13063.94,120.08758401870728
linearSwitchFromRandom,300,40,29,13915.06,120.09091877937317
linearSwitchFromRandom,300,40,30,14421.32,120.06788206100464
linearSwitchFromRandom,300,40,31,14749.76,120.07318043708801
linearSwitchFromRandom,300,40,32,14423.46,120.08921194076538
linearSwitchFromRandom,300,40,33,14348.98,120.11126708984375
linearSwitchFromRandom,300,40,34,14208.11,120.07071590423584
linearSwitchFromRandom,300,40,35,13807.98,120.09545421600342
linearSwitchFromRandom,300,40,36,14684.7,120.08352947235107
linearSwitchFromRandom,300,40,37,14122.29,120.09715342521667
linearSwitchFromRandom,300,40,38,14819.29,120.07597804069519
linearSwitchFromRandom,300,40,39,14475.32,120.09539198875427
linearSwitchFromRandom,300,40,40,14700.98,120.09301614761353
linearSwitchFromRandom,300,40,41,14181.83,120.07570195198059
linearSwitchFromRandom,300,40,42,14281.97,120.07035660743713
linearSwitchFromRandom,300,40,43,14142.71,120.08707165718079
linearSwitchFromRandom,300,40,44,14390.3,120.08578872680664
linearSwitchFromRandom,300,40,45,14225.89,120.08883738517761
linearSwitchFromRandom,300,40,46,13873.0,120.09649586677551
linearSwitchFromRandom,300,40,47,13558.01,120.0874981880188
linearSwitchFromRandom,300,40,48,13764.96,120.08545422554016
linearSwitchFromRandom,300,40,49,14785.53,120.0886070728302
linearSwitchFromRandom,300,40,50,14502.77,120.08711457252502
linearSwitchFromRandom,300,40,51,14397.44,120.08293437957764
linearSwitchFromRandom,300,40,52,14368.98,120.09110808372498
linearSwitchFromRandom,300,40,53,14150.36,120.09355092048645
linearSwitchFromRandom,300,40,54,14057.15,120.08252501487732
linearSwitchFromRandom,300,40,55,14531.73,120.08083653450012
linearSwitchFromRandom,300,40,56,14685.31,120.08595609664917
linearSwitchFromRandom,300,40,57,14315.36,120.0853214263916
linearSwitchFromRandom,300,40,58,13895.82,120.09754633903503
linearSwitchFromRandom,300,40,59,14226.63,120.0876305103302
linearSwitchFromRandom,300,40,60,13693.5,120.09291887283325
linearSwitchFromRandom,300,40,61,14846.4,120.09943771362305
linearSwitchFromRandom,300,40,62,13739.66,120.08488917350769
linearSwitchFromRandom,300,40,63,14212.46,120.0910975933075
linearSwitchFromRandom,300,40,64,14204.83,120.10023212432861
linearSwitchFromRandom,300,40,65,14292.7,120.07490658760071
linearSwitchFromRandom,300,40,66,13085.88,120.08518171310425
linearSwitchFromRandom,300,40,67,14468.25,120.08076453208923
linearSwitchFromRandom,300,40,68,14694.22,120.07703733444214
linearSwitchFromRandom,300,40,69,14357.2,120.07497310638428
linearSwitchFromRandom,300,40,70,14573.21,120.07438492774963
linearSwitchFromRandom,300,40,71,14667.71,120.088045835495
linearSwitchFromRandom,300,40,72,14596.42,120.09192514419556
linearSwitchFromRandom,300,40,73,14652.2,120.09295725822449
linearSwitchFromRandom,300,40,74,14358.77,120.08180856704712
linearSwitchFromRandom,300,40,75,13242.76,120.08826065063477
linearSwitchFromRandom,300,40,76,14177.07,120.09214949607849
linearSwitchFromRandom,300,40,77,13880.31,120.08264136314392
linearSwitchFromRandom,300,40,78,14320.47,120.08148980140686
linearSwitchFromRandom,300,40,79,14740.85,120.07657384872437
linearSwitchFromRandom,300,40,80,14239.35,120.08970046043396
linearSwitchFromRandom,300,40,81,14441.0,120.07176661491394
linearSwitchFromRandom,300,40,82,14174.65,120.0953106880188
linearSwitchFromRandom,300,40,83,14351.44,120.08021068572998
linearSwitchFromRandom,300,40,84,13382.1,120.08346271514893
linearSwitchFromRandom,300,40,85,14304.29,120.08120036125183
linearSwitchFromRandom,300,40,86,13853.62,120.08209896087646
linearSwitchFromRandom,300,40,87,14230.41,120.0927996635437
linearSwitchFromRandom,300,40,88,14379.25,120.09589672088623
linearSwitchFromRandom,300,40,89,14709.63,120.08132290840149
linearSwitchFromRandom,300,40,90,14004.95,120.08622241020203
linearSwitchFromRandom,300,40,91,13798.04,120.07643055915833
linearSwitchFromRandom,300,40,92,14870.77,120.09399628639221
linearSwitchFromRandom,300,40,93,13999.06,120.08091902732849
linearSwitchFromRandom,300,40,94,14261.71,120.09774160385132
linearSwitchFromRandom,300,40,95,14825.43,120.08224868774414
linearSwitchFromRandom,300,40,96,14041.3,120.09312748908997
linearSwitchFromRandom,300,40,97,14742.03,120.08728909492493
linearSwitchFromRandom,300,40,98,13758.6,120.07515835762024
linearSwitchFromRandom,300,40,99,14298.37,120.07203483581543
linearSwitchFromRandom,300,50,0,14167.21,120.09338426589966
linearSwitchFromRandom,300,50,1,14633.7,120.0812463760376
linearSwitchFromRandom,300,50,2,15225.71,120.08289122581482
linearSwitchFromRandom,300,50,3,13470.17,120.09577083587646
linearSwitchFromRandom,300,50,4,14252.42,120.06989097595215
linearSwitchFromRandom,300,50,5,15215.41,120.09298133850098
linearSwitchFromRandom,300,50,6,14040.02,120.09312868118286
linearSwitchFromRandom,300,50,7,14383.6,120.08536028862
linearSwitchFromRandom,300,50,8,15203.77,120.08466577529907
linearSwitchFromRandom,300,50,9,14728.16,120.09893417358398
linearSwitchFromRandom,300,50,10,15080.71,120.08118343353271
linearSwitchFromRandom,300,50,11,14565.23,120.07908749580383
linearSwitchFromRandom,300,50,12,15098.79,120.07309484481812
linearSwitchFromRandom,300,50,13,15176.56,120.0802071094513
linearSwitchFromRandom,300,50,14,14857.5,120.07960057258606
linearSwitchFromRandom,300,50,15,15048.44,120.07497096061707
linearSwitchFromRandom,300,50,16,14389.87,120.08695435523987
linearSwitchFromRandom,300,50,17,14796.54,120.07606554031372
linearSwitchFromRandom,300,50,18,14551.08,120.07449102401733
linearSwitchFromRandom,300,50,19,14755.99,120.09173536300659
linearSwitchFromRandom,300,50,20,14231.26,120.08246564865112
linearSwitchFromRandom,300,50,21,14618.62,120.08698582649231
linearSwitchFromRandom,300,50,22,15088.98,120.09262800216675
linearSwitchFromRandom,300,50,23,13947.82,120.09604477882385
linearSwitchFromRandom,300,50,24,15209.33,120.09772300720215
linearSwitchFromRandom,300,50,25,15460.4,120.07111024856567
linearSwitchFromRandom,300,50,26,13963.49,120.09302997589111
linearSwitchFromRandom,300,50,27,14792.18,120.09477615356445
linearSwitchFromRandom,300,50,28,13721.77,120.09470987319946
linearSwitchFromRandom,300,50,29,14198.62,120.08917880058289
linearSwitchFromRandom,300,50,30,14527.84,120.08083772659302
linearSwitchFromRandom,300,50,31,15224.68,120.08719968795776
linearSwitchFromRandom,300,50,32,15198.42,120.08948636054993
linearSwitchFromRandom,300,50,33,14447.99,120.07470512390137
linearSwitchFromRandom,300,50,34,15332.77,120.0706262588501
linearSwitchFromRandom,300,50,35,14205.12,120.0896348953247
linearSwitchFromRandom,300,50,36,14900.67,120.09477257728577
linearSwitchFromRandom,300,50,37,14200.66,120.08363151550293
linearSwitchFromRandom,300,50,38,14958.11,120.07027840614319
linearSwitchFromRandom,300,50,39,15175.57,120.0799081325531
linearSwitchFromRandom,300,50,40,15226.05,120.08620357513428
linearSwitchFromRandom,300,50,41,14986.87,120.07634043693542
linearSwitchFromRandom,300,50,42,14676.35,120.0689001083374
linearSwitchFromRandom,300,50,43,14439.6,120.07132244110107
linearSwitchFromRandom,300,50,44,15275.04,120.08062791824341
linearSwitchFromRandom,300,50,45,14554.0,120.08339333534241
linearSwitchFromRandom,300,50,46,14648.79,120.09356641769409
linearSwitchFromRandom,300,50,47,14357.04,120.08640384674072
linearSwitchFromRandom,300,50,48,14497.55,120.08333468437195
linearSwitchFromRandom,300,50,49,14898.98,120.09562158584595
linearSwitchFromRandom,300,50,50,15196.77,120.08059906959534
linearSwitchFromRandom,300,50,51,14992.46,120.08562803268433
linearSwitchFromRandom,300,50,52,14723.39,120.07353329658508
linearSwitchFromRandom,300,50,53,14899.66,120.08516955375671
linearSwitchFromRandom,300,50,54,14236.29,120.08421277999878
linearSwitchFromRandom,300,50,55,14953.95,120.09052634239197
linearSwitchFromRandom,300,50,56,14776.2,120.08725237846375
linearSwitchFromRandom,300,50,57,14401.49,120.08033061027527
linearSwitchFromRandom,300,50,58,15121.15,120.08205914497375
linearSwitchFromRandom,300,50,59,14890.44,120.07861876487732
linearSwitchFromRandom,300,50,60,14540.66,120.07250595092773
linearSwitchFromRandom,300,50,61,14717.1,120.09854245185852
linearSwitchFromRandom,300,50,62,14198.65,120.10008883476257
linearSwitchFromRandom,300,50,63,15113.9,120.08428072929382
linearSwitchFromRandom,300,50,64,14549.68,120.07807874679565
linearSwitchFromRandom,300,50,65,14535.44,120.07523202896118
linearSwitchFromRandom,300,50,66,14016.42,120.0875449180603
linearSwitchFromRandom,300,50,67,14497.49,120.08494734764099
linearSwitchFromRandom,300,50,68,14891.49,120.09084916114807
linearSwitchFromRandom,300,50,69,14679.72,120.07062268257141
linearSwitchFromRandom,300,50,70,14988.97,120.07200527191162
linearSwitchFromRandom,300,50,71,15031.33,120.07061815261841
linearSwitchFromRandom,300,50,72,14932.33,120.0876636505127
linearSwitchFromRandom,300,50,73,14824.33,120.08800959587097
linearSwitchFromRandom,300,50,74,14706.08,120.08477640151978
linearSwitchFromRandom,300,50,75,13982.7,120.08276915550232
linearSwitchFromRandom,300,50,76,14477.39,120.08511281013489
linearSwitchFromRandom,300,50,77,13842.53,120.08045196533203
linearSwitchFromRandom,300,50,78,14764.71,120.08503484725952
linearSwitchFromRandom,300,50,79,15009.6,120.10181927680969
linearSwitchFromRandom,300,50,80,14567.16,120.09115815162659
linearSwitchFromRandom,300,50,81,14519.01,120.07737588882446
linearSwitchFromRandom,300,50,82,14653.51,120.09451961517334
linearSwitchFromRandom,300,50,83,15036.87,120.08382272720337
linearSwitchFromRandom,300,50,84,13783.07,120.0843722820282
linearSwitchFromRandom,300,50,85,14726.48,120.08094120025635
linearSwitchFromRandom,300,50,86,14558.71,120.07560539245605
linearSwitchFromRandom,300,50,87,15134.04,120.08352589607239
linearSwitchFromRandom,300,50,88,14734.36,120.09257221221924
linearSwitchFromRandom,300,50,89,14607.34,120.08848810195923
linearSwitchFromRandom,300,50,90,14191.15,120.08639287948608
linearSwitchFromRandom,300,50,91,14819.4,120.0811083316803
linearSwitchFromRandom,300,50,92,15438.6,120.0908727645874
linearSwitchFromRandom,300,50,93,14429.52,120.08001899719238
linearSwitchFromRandom,300,50,94,14545.43,120.09381747245789
linearSwitchFromRandom,300,50,95,14994.06,120.08243918418884
linearSwitchFromRandom,300,50,96,14435.0,120.07916903495789
linearSwitchFromRandom,300,50,97,14748.74,120.07739806175232
linearSwitchFromRandom,300,50,98,14588.27,120.0743465423584
linearSwitchFromRandom,300,50,99,14484.41,120.0728828907013
linearSwitchFromRandom,300,60,0,14540.69,120.08278203010559
linearSwitchFromRandom,300,60,1,15313.27,120.07852792739868
linearSwitchFromRandom,300,60,2,15236.61,120.08917784690857
linearSwitchFromRandom,300,60,3,13858.96,120.09209442138672
linearSwitchFromRandom,300,60,4,15039.61,120.07300019264221
linearSwitchFromRandom,300,60,5,15316.32,120.09923315048218
linearSwitchFromRandom,300,60,6,14784.13,120.0796012878418
linearSwitchFromRandom,300,60,7,14604.03,120.0846037864685
linearSwitchFromRandom,300,60,8,15080.82,120.0808219909668
linearSwitchFromRandom,300,60,9,15273.56,120.09563970565796
linearSwitchFromRandom,300,60,10,14831.58,120.08937287330627
linearSwitchFromRandom,300,60,11,14922.89,120.08282423019409
linearSwitchFromRandom,300,60,12,15319.31,120.09928059577942
linearSwitchFromRandom,300,60,13,14936.64,120.09176468849182
linearSwitchFromRandom,300,60,14,15153.24,120.10231256484985
linearSwitchFromRandom,300,60,15,15070.5,120.08563756942749
linearSwitchFromRandom,300,60,16,14555.27,120.07620668411255
linearSwitchFromRandom,300,60,17,14743.45,120.09074664115906
linearSwitchFromRandom,300,60,18,14760.02,120.07796335220337
linearSwitchFromRandom,300,60,19,14604.03,120.08297753334045
linearSwitchFromRandom,300,60,20,14735.85,120.06718873977661
linearSwitchFromRandom,300,60,21,14489.09,120.08439612388611
linearSwitchFromRandom,300,60,22,15225.12,120.08711838722229
linearSwitchFromRandom,300,60,23,14530.09,120.08329129219055
linearSwitchFromRandom,300,60,24,15374.8,120.09042930603027
linearSwitchFromRandom,300,60,25,14872.59,120.09135055541992
linearSwitchFromRandom,300,60,26,14642.82,120.08617401123047
linearSwitchFromRandom,300,60,27,15237.23,120.07935190200806
linearSwitchFromRandom,300,60,28,14043.32,120.08844757080078
linearSwitchFromRandom,300,60,29,14906.5,120.09878778457642
linearSwitchFromRandom,300,60,30,14877.86,120.06988716125488
linearSwitchFromRandom,300,60,31,15584.9,120.08426809310913
linearSwitchFromRandom,300,60,32,14869.76,120.09278297424316
linearSwitchFromRandom,300,60,33,15138.21,120.07270550727844
linearSwitchFromRandom,300,60,34,15240.15,120.0699553489685
linearSwitchFromRandom,300,60,35,14319.03,120.08890438079834
linearSwitchFromRandom,300,60,36,15615.48,120.08373785018921
linearSwitchFromRandom,300,60,37,14606.97,120.07846522331238
linearSwitchFromRandom,300,60,38,15135.16,120.0757486820221
linearSwitchFromRandom,300,60,39,15268.76,120.08840918540955
linearSwitchFromRandom,300,60,40,15251.2,120.09050869941711
linearSwitchFromRandom,300,60,41,14982.55,120.07305526733398
linearSwitchFromRandom,300,60,42,15123.58,120.06805372238159
linearSwitchFromRandom,300,60,43,14259.36,120.07109904289246
linearSwitchFromRandom,300,60,44,15378.07,120.08441638946533
linearSwitchFromRandom,300,60,45,14658.44,120.08458542823792
linearSwitchFromRandom,300,60,46,14728.44,120.09629511833191
linearSwitchFromRandom,300,60,47,14809.92,120.07864356040955
linearSwitchFromRandom,300,60,48,14581.52,120.08380341529846
linearSwitchFromRandom,300,60,49,14854.58,120.09186339378357
linearSwitchFromRandom,300,60,50,15179.18,120.0800211429596
linearSwitchFromRandom,300,60,51,15495.93,120.07978081703186
linearSwitchFromRandom,300,60,52,15179.27,120.08716011047363
linearSwitchFromRandom,300,60,53,15497.29,120.09496521949768
linearSwitchFromRandom,300,60,54,14416.81,120.07809400558472
linearSwitchFromRandom,300,60,55,15465.55,120.09336543083191
linearSwitchFromRandom,300,60,56,15788.93,120.08141136169434
linearSwitchFromRandom,300,60,57,15001.24,120.08163714408875
linearSwitchFromRandom,300,60,58,14997.24,120.09524440765381
linearSwitchFromRandom,300,60,59,15177.52,120.07773208618164
linearSwitchFromRandom,300,60,60,14521.81,120.08296012878418
linearSwitchFromRandom,300,60,61,15346.83,120.0970287322998
linearSwitchFromRandom,300,60,62,14516.47,120.0836546421051
linearSwitchFromRandom,300,60,63,14995.36,120.08865571022034
linearSwitchFromRandom,300,60,64,14925.46,120.08438634872437
linearSwitchFromRandom,300,60,65,15363.47,120.08012533187866
linearSwitchFromRandom,300,60,66,14036.77,120.08583736419678
linearSwitchFromRandom,300,60,67,14657.95,120.08818292617798
linearSwitchFromRandom,300,60,68,15353.82,120.07634687423706
linearSwitchFromRandom,300,60,69,14883.2,120.07128930091858
linearSwitchFromRandom,300,60,70,14786.21,120.07143878936768
linearSwitchFromRandom,300,60,71,15031.36,120.08049941062927
linearSwitchFromRandom,300,60,72,15464.91,120.07922649383545
linearSwitchFromRandom,300,60,73,14783.47,120.08349180221558
linearSwitchFromRandom,300,60,74,14806.11,120.07436084747314
linearSwitchFromRandom,300,60,75,14118.12,120.08959007263184
linearSwitchFromRandom,300,60,76,14997.31,120.09843850135803
linearSwitchFromRandom,300,60,77,14580.76,120.07791948318481
linearSwitchFromRandom,300,60,78,14794.55,120.07845211029053
linearSwitchFromRandom,300,60,79,15259.62,120.09812521934509
linearSwitchFromRandom,300,60,80,14656.22,120.08448338508606
linearSwitchFromRandom,300,60,81,14521.25,120.07310819625854
linearSwitchFromRandom,300,60,82,14827.79,120.10208892822266
linearSwitchFromRandom,300,60,83,15501.0,120.07982921600342
linearSwitchFromRandom,300,60,84,13688.66,120.08426189422607
linearSwitchFromRandom,300,60,85,15275.02,120.0849277973175
linearSwitchFromRandom,300,60,86,14325.14,120.07582354545593
linearSwitchFromRandom,300,60,87,15388.91,120.0828549861908
linearSwitchFromRandom,300,60,88,14979.88,120.09092140197754
linearSwitchFromRandom,300,60,89,15086.52,120.0833067893982
linearSwitchFromRandom,300,60,90,14252.62,120.09163546562195
linearSwitchFromRandom,300,60,91,15348.52,120.07816338539124
linearSwitchFromRandom,300,60,92,15499.81,120.09101939201355
linearSwitchFromRandom,300,60,93,15233.33,120.07960510253906
linearSwitchFromRandom,300,60,94,14942.13,120.09487271308899
linearSwitchFromRandom,300,60,95,15636.21,120.08023142814636
linearSwitchFromRandom,300,60,96,14555.07,120.08752393722534
linearSwitchFromRandom,300,60,97,15553.16,120.08361673355103
linearSwitchFromRandom,300,60,98,15013.83,120.07165122032166
linearSwitchFromRandom,300,60,99,14497.16,120.07159972190857
linearSwitchFromRandomv4,300,0,0,11479.74,120.10162806510925
linearSwitchFromRandomv4,300,0,1,12199.87,120.09057974815369
linearSwitchFromRandomv4,300,0,2,12037.78,120.10339188575745
linearSwitchFromRandomv4,300,0,3,11494.77,120.10343933105469
linearSwitchFromRandomv4,300,0,4,11895.1,120.08263111114502
linearSwitchFromRandomv4,300,0,5,11898.68,120.09826397895813
linearSwitchFromRandomv4,300,0,6,11823.76,120.08504509925842
linearSwitchFromRandomv4,300,0,7,11575.79,120.09181904792786
linearSwitchFromRandomv4,300,0,8,11823.71,120.08857440948486
linearSwitchFromRandomv4,300,0,9,12223.84,120.10370969772339
linearSwitchFromRandomv4,300,0,10,11734.2,120.09373927116394
linearSwitchFromRandomv4,300,0,11,12073.44,120.0841166973114
linearSwitchFromRandomv4,300,0,12,11971.49,120.07461643218994
linearSwitchFromRandomv4,300,0,13,12024.06,120.09520053863525
linearSwitchFromRandomv4,300,0,14,12631.52,120.09707999229431
linearSwitchFromRandomv4,300,0,15,11553.59,120.09698700904846
linearSwitchFromRandomv4,300,0,16,11908.16,120.0866711139679
linearSwitchFromRandomv4,300,0,17,12330.37,120.09248495101929
linearSwitchFromRandomv4,300,0,18,12123.72,120.0859546661377
linearSwitchFromRandomv4,300,0,19,12192.04,120.09113907814026
linearSwitchFromRandomv4,300,0,20,11506.96,120.07785892486572
linearSwitchFromRandomv4,300,0,21,12289.99,120.08896160125732
linearSwitchFromRandomv4,300,0,22,12173.46,120.09520626068115
linearSwitchFromRandomv4,300,0,23,11869.77,120.09997344017029
linearSwitchFromRandomv4,300,0,24,12008.87,120.09654235839844
linearSwitchFromRandomv4,300,0,25,12165.95,120.09187626838684
linearSwitchFromRandomv4,300,0,26,11895.78,120.0985357761383
linearSwitchFromRandomv4,300,0,27,11791.06,120.09139561653137
linearSwitchFromRandomv4,300,0,28,11646.45,120.08869981765747
linearSwitchFromRandomv4,300,0,29,11879.02,120.0900502204895
linearSwitchFromRandomv4,300,0,30,11884.55,120.09389352798462
linearSwitchFromRandomv4,300,0,31,12358.37,120.08482623100281
linearSwitchFromRandomv4,300,0,32,11992.28,120.09683752059937
linearSwitchFromRandomv4,300,0,33,12288.88,120.07740759849548
linearSwitchFromRandomv4,300,0,34,12179.54,120.07768154144287
linearSwitchFromRandomv4,300,0,35,11979.91,120.09929633140564
linearSwitchFromRandomv4,300,0,36,12254.46,120.09275984764099
linearSwitchFromRandomv4,300,0,37,11700.21,120.08664035797119
linearSwitchFromRandomv4,300,0,38,12229.49,120.07895421981812
linearSwitchFromRandomv4,300,0,39,12037.03,120.08839464187622
linearSwitchFromRandomv4,300,0,40,12125.5,120.09278273582458
linearSwitchFromRandomv4,300,0,41,12145.31,120.08270978927612
linearSwitchFromRandomv4,300,0,42,12210.99,120.0767662525177
linearSwitchFromRandomv4,300,0,43,11945.83,120.07906293869019
linearSwitchFromRandomv4,300,0,44,12016.95,120.0877251625061
linearSwitchFromRandomv4,300,0,45,12048.99,120.07977271080017
linearSwitchFromRandomv4,300,0,46,11659.99,120.09771013259888
linearSwitchFromRandomv4,300,0,47,11790.64,120.101065158844
linearSwitchFromRandomv4,300,0,48,11710.8,120.08729863166809
linearSwitchFromRandomv4,300,0,49,12169.2,120.09620690345764
linearSwitchFromRandomv4,300,0,50,12090.96,120.08899426460266
linearSwitchFromRandomv4,300,0,51,12332.06,120.08939051628113
linearSwitchFromRandomv4,300,0,52,12180.36,120.09750008583069
linearSwitchFromRandomv4,300,0,53,12162.28,120.0976300239563
linearSwitchFromRandomv4,300,0,54,11867.76,120.0881040096283
linearSwitchFromRandomv4,300,0,55,12050.32,120.08524084091187
linearSwitchFromRandomv4,300,0,56,12247.68,120.08817195892334
linearSwitchFromRandomv4,300,0,57,12347.16,120.09029984474182
linearSwitchFromRandomv4,300,0,58,11999.21,120.10307049751282
linearSwitchFromRandomv4,300,0,59,11670.94,120.08593845367432
linearSwitchFromRandomv4,300,0,60,11742.49,120.08527684211731
linearSwitchFromRandomv4,300,0,61,12112.64,120.10903239250183
linearSwitchFromRandomv4,300,0,62,11657.84,120.08812284469604
linearSwitchFromRandomv4,300,0,63,12293.72,120.09450960159302
linearSwitchFromRandomv4,300,0,64,12113.74,120.09394979476929
linearSwitchFromRandomv4,300,0,65,12246.28,120.08537745475769
linearSwitchFromRandomv4,300,0,66,11507.12,120.09317636489868
linearSwitchFromRandomv4,300,0,67,11811.81,120.08742666244507
linearSwitchFromRandomv4,300,0,68,12135.83,120.08580112457275
linearSwitchFromRandomv4,300,0,69,11702.19,120.07745718955994
linearSwitchFromRandomv4,300,0,70,12175.57,120.07745218276978
linearSwitchFromRandomv4,300,0,71,12228.28,120.08526659011841
linearSwitchFromRandomv4,300,0,72,11928.81,120.0942895412445
linearSwitchFromRandomv4,300,0,73,11992.52,120.09555912017822
linearSwitchFromRandomv4,300,0,74,11830.11,120.08485269546509
linearSwitchFromRandomv4,300,0,75,11369.85,120.09347558021545
linearSwitchFromRandomv4,300,0,76,11742.1,120.09924554824829
linearSwitchFromRandomv4,300,0,77,12082.28,120.08979988098145
linearSwitchFromRandomv4,300,0,78,12068.91,120.08954167366028
linearSwitchFromRandomv4,300,0,79,11991.62,120.10582423210144
linearSwitchFromRandomv4,300,0,80,11745.72,120.09739708900452
linearSwitchFromRandomv4,300,0,81,11774.08,120.07703709602356
linearSwitchFromRandomv4,300,0,82,11766.3,120.09997582435608
linearSwitchFromRandomv4,300,0,83,12397.1,120.08903098106384
linearSwitchFromRandomv4,300,0,84,11552.46,120.0920295715332
linearSwitchFromRandomv4,300,0,85,12054.45,120.08658766746521
linearSwitchFromRandomv4,300,0,86,11781.69,120.08255052566528
linearSwitchFromRandomv4,300,0,87,12237.01,120.08977317810059
linearSwitchFromRandomv4,300,0,88,12184.2,120.09839105606079
linearSwitchFromRandomv4,300,0,89,11806.34,120.09244990348816
linearSwitchFromRandomv4,300,0,90,11587.11,120.10132026672363
linearSwitchFromRandomv4,300,0,91,12047.17,120.08767056465149
linearSwitchFromRandomv4,300,0,92,12018.47,120.09614539146423
linearSwitchFromRandomv4,300,0,93,12003.81,120.08835458755493
linearSwitchFromRandomv4,300,0,94,12161.49,120.09058666229248
linearSwitchFromRandomv4,300,0,95,11920.57,120.08978319168091
linearSwitchFromRandomv4,300,0,96,11312.07,120.10494637489319
linearSwitchFromRandomv4,300,0,97,12310.87,120.08582139015198
linearSwitchFromRandomv4,300,0,98,11976.89,120.0960681438446
linearSwitchFromRandomv4,300,0,99,11954.97,120.08445453643799
linearSwitchFromRandomv4,300,10,0,11837.92,120.0887086391449
linearSwitchFromRandomv4,300,10,1,13106.57,120.09407067298889
linearSwitchFromRandomv4,300,10,2,13027.64,120.09610629081726
linearSwitchFromRandomv4,300,10,3,12222.64,120.09577417373657
linearSwitchFromRandomv4,300,10,4,12560.54,120.09884595870972
linearSwitchFromRandomv4,300,10,5,12981.82,120.09635019302368
linearSwitchFromRandomv4,300,10,6,12799.43,120.08292746543884
linearSwitchFromRandomv4,300,10,7,12463.33,120.10018968582153
linearSwitchFromRandomv4,300,10,8,12699.06,120.10108995437622
linearSwitchFromRandomv4,300,10,9,12734.21,120.10452198982239
linearSwitchFromRandomv4,300,10,10,12865.27,120.08579540252686
linearSwitchFromRandomv4,300,10,11,12469.05,120.08751559257507
linearSwitchFromRandomv4,300,10,12,12217.1,120.07706236839294
linearSwitchFromRandomv4,300,10,13,13189.32,120.08465886116028
linearSwitchFromRandomv4,300,10,14,13034.45,120.09201097488403
linearSwitchFromRandomv4,300,10,15,12877.0,120.0764229297638
linearSwitchFromRandomv4,300,10,16,12720.29,120.10296630859375
linearSwitchFromRandomv4,300,10,17,12734.63,120.09458804130554
linearSwitchFromRandomv4,300,10,18,12633.93,120.09348773956299
linearSwitchFromRandomv4,300,10,19,13041.35,120.09959602355957
linearSwitchFromRandomv4,300,10,20,12826.73,120.07452774047852
linearSwitchFromRandomv4,300,10,21,12730.62,120.09769320487976
linearSwitchFromRandomv4,300,10,22,12950.61,120.10537648200989
linearSwitchFromRandomv4,300,10,23,12550.68,120.0801465511322
linearSwitchFromRandomv4,300,10,24,13042.69,120.07958340644836
linearSwitchFromRandomv4,300,10,25,13238.94,120.09298038482666
linearSwitchFromRandomv4,300,10,26,12460.11,120.08954238891602
linearSwitchFromRandomv4,300,10,27,12782.99,120.08689022064209
linearSwitchFromRandomv4,300,10,28,12214.19,120.09623074531555
linearSwitchFromRandomv4,300,10,29,12637.29,120.08285880088806
linearSwitchFromRandomv4,300,10,30,12912.33,120.07678389549255
linearSwitchFromRandomv4,300,10,31,13100.25,120.10391283035278
linearSwitchFromRandomv4,300,10,32,13281.97,120.09274053573608
linearSwitchFromRandomv4,300,10,33,12905.08,120.08847236633301
linearSwitchFromRandomv4,300,10,34,12788.69,120.07830667495728
linearSwitchFromRandomv4,300,10,35,12478.59,120.10040473937988
linearSwitchFromRandomv4,300,10,36,13082.86,120.08585095405579
linearSwitchFromRandomv4,300,10,37,12979.33,120.09984993934631
linearSwitchFromRandomv4,300,10,38,13114.89,120.0783224105835
linearSwitchFromRandomv4,300,10,39,12849.69,120.0996561050415
linearSwitchFromRandomv4,300,10,40,13091.99,120.09723377227783
linearSwitchFromRandomv4,300,10,41,12921.42,120.07793664932251
linearSwitchFromRandomv4,300,10,42,12952.3,120.075350522995
linearSwitchFromRandomv4,300,10,43,12492.97,120.0941379070282
linearSwitchFromRandomv4,300,10,44,13169.37,120.08948707580566
linearSwitchFromRandomv4,300,10,45,12546.87,120.09150862693787
linearSwitchFromRandomv4,300,10,46,12541.98,120.1010193824768
linearSwitchFromRandomv4,300,10,47,12571.27,120.0888159275055
linearSwitchFromRandomv4,300,10,48,12973.82,120.08800745010376
linearSwitchFromRandomv4,300,10,49,13013.66,120.09611010551453
linearSwitchFromRandomv4,300,10,50,13020.39,120.08979678153992
linearSwitchFromRandomv4,300,10,51,13025.17,120.08829355239868
linearSwitchFromRandomv4,300,10,52,12785.43,120.10294032096863
linearSwitchFromRandomv4,300,10,53,12886.17,120.0987057685852
linearSwitchFromRandomv4,300,10,54,12363.82,120.08635115623474
linearSwitchFromRandomv4,300,10,55,13361.8,120.08614754676819
linearSwitchFromRandomv4,300,10,56,12617.04,120.0911602973938
linearSwitchFromRandomv4,300,10,57,12868.03,120.09186506271362
linearSwitchFromRandomv4,300,10,58,12643.87,120.10692715644836
linearSwitchFromRandomv4,300,10,59,12678.62,120.08687782287598
linearSwitchFromRandomv4,300,10,60,13059.03,120.09209203720093
linearSwitchFromRandomv4,300,10,61,12671.61,120.1038703918457
linearSwitchFromRandomv4,300,10,62,12800.67,120.09214162826538
linearSwitchFromRandomv4,300,10,63,13373.54,120.09500408172607
linearSwitchFromRandomv4,300,10,64,12488.71,120.09459900856018
linearSwitchFromRandomv4,300,10,65,12712.25,120.08572840690613
linearSwitchFromRandomv4,300,10,66,12489.5,120.09389901161194
linearSwitchFromRandomv4,300,10,67,12883.69,120.08982539176941
linearSwitchFromRandomv4,300,10,68,13032.94,120.0945303440094
linearSwitchFromRandomv4,300,10,69,12876.1,120.07838606834412
linearSwitchFromRandomv4,300,10,70,12641.17,120.07799768447876
linearSwitchFromRandomv4,300,10,71,13010.35,120.09079813957214
linearSwitchFromRandomv4,300,10,72,12933.65,120.09452223777771
linearSwitchFromRandomv4,300,10,73,12834.14,120.099440574646
linearSwitchFromRandomv4,300,10,74,12797.4,120.08648610115051
linearSwitchFromRandomv4,300,10,75,12200.12,120.0929446220398
linearSwitchFromRandomv4,300,10,76,12899.6,120.09831881523132
linearSwitchFromRandomv4,300,10,77,12425.6,120.09676003456116
linearSwitchFromRandomv4,300,10,78,12965.09,120.08869528770447
linearSwitchFromRandomv4,300,10,79,12852.42,120.10512113571167
linearSwitchFromRandomv4,300,10,80,12742.0,120.09773468971252
linearSwitchFromRandomv4,300,10,81,12718.83,120.07852745056152
linearSwitchFromRandomv4,300,10,82,12862.26,120.08443689346313
linearSwitchFromRandomv4,300,10,83,13028.35,120.0890679359436
linearSwitchFromRandomv4,300,10,84,11977.79,120.0919451713562
linearSwitchFromRandomv4,300,10,85,13014.97,120.0984091758728
linearSwitchFromRandomv4,300,10,86,12509.25,120.08274149894714
linearSwitchFromRandomv4,300,10,87,12676.43,120.08972120285034
linearSwitchFromRandomv4,300,10,88,12495.37,120.0993447303772
linearSwitchFromRandomv4,300,10,89,12919.81,120.09226703643799
linearSwitchFromRandomv4,300,10,90,12745.25,120.09397196769714
linearSwitchFromRandomv4,300,10,91,13071.28,120.08831834793091
linearSwitchFromRandomv4,300,10,92,12908.98,120.10012292861938
linearSwitchFromRandomv4,300,10,93,12857.79,120.08754205703735
linearSwitchFromRandomv4,300,10,94,12498.36,120.10322737693787
linearSwitchFromRandomv4,300,10,95,12772.79,120.08865356445312
linearSwitchFromRandomv4,300,10,96,12383.01,120.11566758155823
linearSwitchFromRandomv4,300,10,97,12912.26,120.08698415756226
linearSwitchFromRandomv4,300,10,98,12934.38,120.08067059516907
linearSwitchFromRandomv4,300,10,99,12731.95,120.0814003944397
linearSwitchFromRandomv4,300,20,0,12480.49,120.09018564224243
linearSwitchFromRandomv4,300,20,1,13625.02,120.08838272094727
linearSwitchFromRandomv4,300,20,2,13957.53,120.09808993339539
linearSwitchFromRandomv4,300,20,3,12601.39,120.10008454322815
linearSwitchFromRandomv4,300,20,4,13178.82,120.08653831481934
linearSwitchFromRandomv4,300,20,5,13361.8,120.10087323188782
linearSwitchFromRandomv4,300,20,6,12985.69,120.08852910995483
linearSwitchFromRandomv4,300,20,7,12634.83,120.0994725227356
linearSwitchFromRandomv4,300,20,8,13017.03,120.09224891662598
linearSwitchFromRandomv4,300,20,9,13259.05,120.09937047958374
linearSwitchFromRandomv4,300,20,10,13447.43,120.08590197563171
linearSwitchFromRandomv4,300,20,11,13017.93,120.08695387840271
linearSwitchFromRandomv4,300,20,12,13607.06,120.07973146438599
linearSwitchFromRandomv4,300,20,13,13779.42,120.09366989135742
linearSwitchFromRandomv4,300,20,14,13469.2,120.09264802932739
linearSwitchFromRandomv4,300,20,15,13154.04,120.07493185997009
linearSwitchFromRandomv4,300,20,16,13143.53,120.08848094940186
linearSwitchFromRandomv4,300,20,17,13041.96,120.0953848361969
linearSwitchFromRandomv4,300,20,18,13621.48,120.09943914413452
linearSwitchFromRandomv4,300,20,19,13402.96,120.09829330444336
linearSwitchFromRandomv4,300,20,20,13220.25,120.0759346485138
linearSwitchFromRandomv4,300,20,21,13853.11,120.0980167388916
linearSwitchFromRandomv4,300,20,22,13700.47,120.1003065109253
linearSwitchFromRandomv4,300,20,23,13361.92,120.07974982261658
linearSwitchFromRandomv4,300,20,24,13508.91,120.09518504142761
linearSwitchFromRandomv4,300,20,25,13720.39,120.09190130233765
linearSwitchFromRandomv4,300,20,26,13220.96,120.08636951446533
linearSwitchFromRandomv4,300,20,27,13644.82,120.0841805934906
linearSwitchFromRandomv4,300,20,28,12662.3,120.09766411781311
linearSwitchFromRandomv4,300,20,29,12891.67,120.09922695159912
linearSwitchFromRandomv4,300,20,30,13335.9,120.07791471481323
linearSwitchFromRandomv4,300,20,31,13421.04,120.08754706382751
linearSwitchFromRandomv4,300,20,32,13589.23,120.09272408485413
linearSwitchFromRandomv4,300,20,33,13367.72,120.08931732177734
linearSwitchFromRandomv4,300,20,34,13278.14,120.0784981250763
linearSwitchFromRandomv4,300,20,35,12794.49,120.10121011734009
linearSwitchFromRandomv4,300,20,36,14068.14,120.08494544029236
linearSwitchFromRandomv4,300,20,37,13386.01,120.0928144454956
linearSwitchFromRandomv4,300,20,38,13239.37,120.07790541648865
linearSwitchFromRandomv4,300,20,39,13323.18,120.0994565486908
linearSwitchFromRandomv4,300,20,40,13509.97,120.10605573654175
linearSwitchFromRandomv4,300,20,41,13862.11,120.07953000068665
linearSwitchFromRandomv4,300,20,42,13664.56,120.07383513450623
linearSwitchFromRandomv4,300,20,43,12740.31,120.09836673736572
linearSwitchFromRandomv4,300,20,44,13626.72,120.0856864452362
linearSwitchFromRandomv4,300,20,45,13326.16,120.08030080795288
linearSwitchFromRandomv4,300,20,46,13264.42,120.09614872932434
linearSwitchFromRandomv4,300,20,47,13116.0,120.08885765075684
linearSwitchFromRandomv4,300,20,48,13289.08,120.08717060089111
linearSwitchFromRandomv4,300,20,49,13307.18,120.08473014831543
linearSwitchFromRandomv4,300,20,50,13492.0,120.09010815620422
linearSwitchFromRandomv4,300,20,51,13691.35,120.09705829620361
linearSwitchFromRandomv4,300,20,52,13372.57,120.09778594970703
linearSwitchFromRandomv4,300,20,53,13567.96,120.08641934394836
linearSwitchFromRandomv4,300,20,54,13080.18,120.08738136291504
linearSwitchFromRandomv4,300,20,55,13728.55,120.08877635002136
linearSwitchFromRandomv4,300,20,56,13425.3,120.0892505645752
linearSwitchFromRandomv4,300,20,57,13393.65,120.0890760421753
linearSwitchFromRandomv4,300,20,58,13410.31,120.10220122337341
linearSwitchFromRandomv4,300,20,59,13267.45,120.08731937408447
linearSwitchFromRandomv4,300,20,60,13022.79,120.09267282485962
linearSwitchFromRandomv4,300,20,61,13764.53,120.10748171806335
linearSwitchFromRandomv4,300,20,62,12689.33,120.0914454460144
linearSwitchFromRandomv4,300,20,63,13623.61,120.09565877914429
linearSwitchFromRandomv4,300,20,64,13638.44,120.09573006629944
linearSwitchFromRandomv4,300,20,65,13348.15,120.08519124984741
linearSwitchFromRandomv4,300,20,66,12859.95,120.09588742256165
linearSwitchFromRandomv4,300,20,67,13589.32,120.08829307556152
linearSwitchFromRandomv4,300,20,68,13979.07,120.08534121513367
linearSwitchFromRandomv4,300,20,69,13049.12,120.07739496231079
linearSwitchFromRandomv4,300,20,70,13593.97,120.08715677261353
linearSwitchFromRandomv4,300,20,71,13779.59,120.0893030166626
linearSwitchFromRandomv4,300,20,72,13718.38,120.08849596977234
linearSwitchFromRandomv4,300,20,73,13444.6,120.09813618659973
linearSwitchFromRandomv4,300,20,74,13563.53,120.09202361106873
linearSwitchFromRandomv4,300,20,75,12615.57,120.09361267089844
linearSwitchFromRandomv4,300,20,76,13368.19,120.0966465473175
linearSwitchFromRandomv4,300,20,77,13292.99,120.08607125282288
linearSwitchFromRandomv4,300,20,78,13500.11,120.08831477165222
linearSwitchFromRandomv4,300,20,79,13387.35,120.09826588630676
linearSwitchFromRandomv4,300,20,80,13365.06,120.09629535675049
linearSwitchFromRandomv4,300,20,81,13297.24,120.07773423194885
linearSwitchFromRandomv4,300,20,82,13455.93,120.08611512184143
linearSwitchFromRandomv4,300,20,83,13501.89,120.09131741523743
linearSwitchFromRandomv4,300,20,84,12700.69,120.09329771995544
linearSwitchFromRandomv4,300,20,85,13318.08,120.08932280540466
linearSwitchFromRandomv4,300,20,86,13182.36,120.08282256126404
linearSwitchFromRandomv4,300,20,87,13547.62,120.09076023101807
linearSwitchFromRandomv4,300,20,88,13371.98,120.09756517410278
linearSwitchFromRandomv4,300,20,89,13074.2,120.09346508979797
linearSwitchFromRandomv4,300,20,90,12943.43,120.09391617774963
linearSwitchFromRandomv4,300,20,91,13178.48,120.08765411376953
linearSwitchFromRandomv4,300,20,92,13589.56,120.08341431617737
linearSwitchFromRandomv4,300,20,93,13400.11,120.08769202232361
linearSwitchFromRandomv4,300,20,94,13508.77,120.08782005310059
linearSwitchFromRandomv4,300,20,95,13737.08,120.08880543708801
linearSwitchFromRandomv4,300,20,96,13002.73,120.09635734558105
linearSwitchFromRandomv4,300,20,97,13502.88,120.08880567550659
linearSwitchFromRandomv4,300,20,98,13020.19,120.08048844337463
linearSwitchFromRandomv4,300,20,99,13288.17,120.08134937286377
linearSwitchFromRandomv4,300,30,0,13180.27,120.0894386768341
linearSwitchFromRandomv4,300,30,1,13650.18,120.08921194076538
linearSwitchFromRandomv4,300,30,2,13693.32,120.09727621078491
linearSwitchFromRandomv4,300,30,3,13040.39,120.09764909744263
linearSwitchFromRandomv4,300,30,4,13370.31,120.10543966293335
linearSwitchFromRandomv4,300,30,5,14142.46,120.1000804901123
linearSwitchFromRandomv4,300,30,6,13321.77,120.087806224823
linearSwitchFromRandomv4,300,30,7,13273.71,120.0978171825409
linearSwitchFromRandomv4,300,30,8,13940.8,120.09136199951172
linearSwitchFromRandomv4,300,30,9,13875.43,120.09359240531921
linearSwitchFromRandomv4,300,30,10,13832.5,120.0853579044342
linearSwitchFromRandomv4,300,30,11,13882.81,120.08845257759094
linearSwitchFromRandomv4,300,30,12,13723.44,120.07580709457397
linearSwitchFromRandomv4,300,30,13,14205.26,120.09334659576416
linearSwitchFromRandomv4,300,30,14,13810.44,120.09001231193542
linearSwitchFromRandomv4,300,30,15,13874.7,120.0756585597992
linearSwitchFromRandomv4,300,30,16,13493.76,120.10110688209534
linearSwitchFromRandomv4,300,30,17,14219.84,120.09343910217285
linearSwitchFromRandomv4,300,30,18,14159.57,120.08876967430115
linearSwitchFromRandomv4,300,30,19,13681.68,120.09862446784973
linearSwitchFromRandomv4,300,30,20,13757.57,120.07543563842773
linearSwitchFromRandomv4,300,30,21,14507.79,120.09539031982422
linearSwitchFromRandomv4,300,30,22,14342.5,120.10506176948547
linearSwitchFromRandomv4,300,30,23,13389.52,120.0974292755127
linearSwitchFromRandomv4,300,30,24,13651.51,120.09556174278259
linearSwitchFromRandomv4,300,30,25,14002.68,120.09350395202637
linearSwitchFromRandomv4,300,30,26,13416.23,120.08857440948486
linearSwitchFromRandomv4,300,30,27,13867.44,120.09201741218567
linearSwitchFromRandomv4,300,30,28,12747.19,120.09638500213623
linearSwitchFromRandomv4,300,30,29,13444.61,120.09753918647766
linearSwitchFromRandomv4,300,30,30,14110.33,120.07715559005737
linearSwitchFromRandomv4,300,30,31,13670.68,120.08700656890869
linearSwitchFromRandomv4,300,30,32,13863.88,120.09349274635315
linearSwitchFromRandomv4,300,30,33,13816.12,120.08838629722595
linearSwitchFromRandomv4,300,30,34,13974.19,120.07905697822571
linearSwitchFromRandomv4,300,30,35,13532.69,120.09318256378174
linearSwitchFromRandomv4,300,30,36,14279.7,120.08513069152832
linearSwitchFromRandomv4,300,30,37,13881.54,120.09975123405457
linearSwitchFromRandomv4,300,30,38,13921.54,120.07956862449646
linearSwitchFromRandomv4,300,30,39,14279.51,120.09900832176208
linearSwitchFromRandomv4,300,30,40,13785.84,120.10148000717163
linearSwitchFromRandomv4,300,30,41,14077.92,120.07976198196411
linearSwitchFromRandomv4,300,30,42,13599.23,120.08100843429565
linearSwitchFromRandomv4,300,30,43,13945.45,120.09739685058594
linearSwitchFromRandomv4,300,30,44,14470.77,120.08769345283508
linearSwitchFromRandomv4,300,30,45,13864.81,120.08027648925781
linearSwitchFromRandomv4,300,30,46,13474.85,120.09954690933228
linearSwitchFromRandomv4,300,30,47,13433.59,120.08847832679749
linearSwitchFromRandomv4,300,30,48,13707.75,120.08671116828918
linearSwitchFromRandomv4,300,30,49,13848.0,120.09676599502563
linearSwitchFromRandomv4,300,30,50,14240.72,120.09081649780273
linearSwitchFromRandomv4,300,30,51,13798.4,120.09057188034058
linearSwitchFromRandomv4,300,30,52,13886.55,120.09620070457458
linearSwitchFromRandomv4,300,30,53,13938.65,120.09803295135498
linearSwitchFromRandomv4,300,30,54,13704.08,120.0928316116333
linearSwitchFromRandomv4,300,30,55,14018.14,120.08687090873718
linearSwitchFromRandomv4,300,30,56,13807.86,120.09480834007263
linearSwitchFromRandomv4,300,30,57,13506.81,120.09087181091309
linearSwitchFromRandomv4,300,30,58,14012.55,120.10304164886475
linearSwitchFromRandomv4,300,30,59,13640.79,120.08712530136108
linearSwitchFromRandomv4,300,30,60,13573.39,120.09355425834656
linearSwitchFromRandomv4,300,30,61,14238.13,120.09943699836731
linearSwitchFromRandomv4,300,30,62,12910.99,120.0903000831604
linearSwitchFromRandomv4,300,30,63,14370.0,120.09375500679016
linearSwitchFromRandomv4,300,30,64,13538.53,120.09289574623108
linearSwitchFromRandomv4,300,30,65,13984.46,120.08374524116516
linearSwitchFromRandomv4,300,30,66,13392.07,120.09263443946838
linearSwitchFromRandomv4,300,30,67,13976.83,120.08874273300171
linearSwitchFromRandomv4,300,30,68,13943.23,120.08658528327942
linearSwitchFromRandomv4,300,30,69,13537.74,120.08218908309937
linearSwitchFromRandomv4,300,30,70,13728.14,120.07854318618774
linearSwitchFromRandomv4,300,30,71,13774.9,120.07679772377014
linearSwitchFromRandomv4,300,30,72,14059.23,120.09414005279541
linearSwitchFromRandomv4,300,30,73,13758.43,120.08815145492554
linearSwitchFromRandomv4,300,30,74,13980.84,120.08476638793945
linearSwitchFromRandomv4,300,30,75,13249.92,120.0889732837677
linearSwitchFromRandomv4,300,30,76,13669.66,120.09812426567078
linearSwitchFromRandomv4,300,30,77,13774.99,120.08945560455322
linearSwitchFromRandomv4,300,30,78,13577.81,120.09456133842468
linearSwitchFromRandomv4,300,30,79,13922.83,120.10639190673828
linearSwitchFromRandomv4,300,30,80,13608.76,120.09360647201538
linearSwitchFromRandomv4,300,30,81,13530.84,120.07910823822021
linearSwitchFromRandomv4,300,30,82,13591.75,120.09911918640137
linearSwitchFromRandomv4,300,30,83,13926.97,120.09101462364197
linearSwitchFromRandomv4,300,30,84,13111.39,120.09159326553345
linearSwitchFromRandomv4,300,30,85,13741.02,120.0854823589325
linearSwitchFromRandomv4,300,30,86,13548.26,120.07528591156006
linearSwitchFromRandomv4,300,30,87,14088.36,120.09148359298706
linearSwitchFromRandomv4,300,30,88,13957.18,120.09762167930603
linearSwitchFromRandomv4,300,30,89,13994.47,120.09282422065735
linearSwitchFromRandomv4,300,30,90,13716.62,120.09372615814209
linearSwitchFromRandomv4,300,30,91,13447.51,120.08899235725403
linearSwitchFromRandomv4,300,30,92,14241.85,120.10004234313965
linearSwitchFromRandomv4,300,30,93,13783.71,120.0882956981659
linearSwitchFromRandomv4,300,30,94,13902.51,120.10436606407166
linearSwitchFromRandomv4,300,30,95,14205.68,120.08926916122437
linearSwitchFromRandomv4,300,30,96,13523.24,120.08568620681763
linearSwitchFromRandomv4,300,30,97,14097.14,120.08647847175598
linearSwitchFromRandomv4,300,30,98,13647.07,120.08018136024475
linearSwitchFromRandomv4,300,30,99,13626.02,120.08438229560852
linearSwitchFromRandomv4,300,40,0,13427.49,120.07648015022278
linearSwitchFromRandomv4,300,40,1,14100.33,120.09422326087952
linearSwitchFromRandomv4,300,40,2,14165.65,120.09189820289612
linearSwitchFromRandomv4,300,40,3,13473.7,120.09823966026306
linearSwitchFromRandomv4,300,40,4,14388.04,120.09511184692383
linearSwitchFromRandomv4,300,40,5,14522.56,120.09923005104065
linearSwitchFromRandomv4,300,40,6,13766.43,120.0874536037445
linearSwitchFromRandomv4,300,40,7,13720.65,120.09303307533264
linearSwitchFromRandomv4,300,40,8,14453.69,120.09150195121765
linearSwitchFromRandomv4,300,40,9,14246.67,120.09829521179199
linearSwitchFromRandomv4,300,40,10,14751.78,120.08447909355164
linearSwitchFromRandomv4,300,40,11,14183.29,120.08913969993591
linearSwitchFromRandomv4,300,40,12,14444.2,120.0772066116333
linearSwitchFromRandomv4,300,40,13,14650.28,120.09205079078674
linearSwitchFromRandomv4,300,40,14,14052.85,120.09097909927368
linearSwitchFromRandomv4,300,40,15,14332.53,120.10259962081909
linearSwitchFromRandomv4,300,40,16,13661.25,120.10190081596375
linearSwitchFromRandomv4,300,40,17,14206.21,120.09485602378845
linearSwitchFromRandomv4,300,40,18,14363.51,120.09356713294983
linearSwitchFromRandomv4,300,40,19,14354.06,120.10028886795044
linearSwitchFromRandomv4,300,40,20,13974.59,120.07622170448303
linearSwitchFromRandomv4,300,40,21,14713.18,120.09837746620178
linearSwitchFromRandomv4,300,40,22,14372.04,120.09521079063416
linearSwitchFromRandomv4,300,40,23,13962.82,120.08022379875183
linearSwitchFromRandomv4,300,40,24,14265.42,120.09349727630615
linearSwitchFromRandomv4,300,40,25,14523.27,120.09345722198486
linearSwitchFromRandomv4,300,40,26,13869.44,120.0901095867157
linearSwitchFromRandomv4,300,40,27,14409.88,120.0868444442749
linearSwitchFromRandomv4,300,40,28,13550.43,120.09715366363525
linearSwitchFromRandomv4,300,40,29,13917.84,120.09900999069214
linearSwitchFromRandomv4,300,40,30,14540.15,120.08550333976746
linearSwitchFromRandomv4,300,40,31,14975.56,120.08652377128601
linearSwitchFromRandomv4,300,40,32,14663.5,120.08657431602478
linearSwitchFromRandomv4,300,40,33,14514.85,120.08962726593018
linearSwitchFromRandomv4,300,40,34,14197.2,120.07897448539734
linearSwitchFromRandomv4,300,40,35,13754.46,120.09873151779175
linearSwitchFromRandomv4,300,40,36,14179.88,120.0844624042511
linearSwitchFromRandomv4,300,40,37,14181.2,120.08166527748108
linearSwitchFromRandomv4,300,40,38,14205.55,120.07980751991272
linearSwitchFromRandomv4,300,40,39,14736.73,120.09183526039124
linearSwitchFromRandomv4,300,40,40,14598.59,120.10079717636108
linearSwitchFromRandomv4,300,40,41,13883.96,120.08220076560974
linearSwitchFromRandomv4,300,40,42,14726.47,120.07429051399231
linearSwitchFromRandomv4,300,40,43,13960.0,120.09737920761108
linearSwitchFromRandomv4,300,40,44,14698.92,120.08883142471313
linearSwitchFromRandomv4,300,40,45,14250.28,120.07950043678284
linearSwitchFromRandomv4,300,40,46,14091.04,120.10456728935242
linearSwitchFromRandomv4,300,40,47,13888.98,120.08945941925049
linearSwitchFromRandomv4,300,40,48,13888.99,120.08516144752502
linearSwitchFromRandomv4,300,40,49,14761.85,120.0971417427063
linearSwitchFromRandomv4,300,40,50,14515.39,120.08791923522949
linearSwitchFromRandomv4,300,40,51,14489.27,120.0906093120575
linearSwitchFromRandomv4,300,40,52,14334.87,120.09852743148804
linearSwitchFromRandomv4,300,40,53,14304.75,120.09980034828186
linearSwitchFromRandomv4,300,40,54,13871.78,120.08714818954468
linearSwitchFromRandomv4,300,40,55,14889.39,120.08987712860107
linearSwitchFromRandomv4,300,40,56,14648.65,120.09020113945007
linearSwitchFromRandomv4,300,40,57,13933.82,120.08989262580872
linearSwitchFromRandomv4,300,40,58,14327.97,120.10156512260437
linearSwitchFromRandomv4,300,40,59,14192.0,120.08797478675842
linearSwitchFromRandomv4,300,40,60,13468.76,120.0851058959961
linearSwitchFromRandomv4,300,40,61,14632.79,120.10887002944946
linearSwitchFromRandomv4,300,40,62,13472.6,120.090087890625
linearSwitchFromRandomv4,300,40,63,14438.32,120.09488606452942
linearSwitchFromRandomv4,300,40,64,14671.01,120.10016536712646
linearSwitchFromRandomv4,300,40,65,14415.41,120.08474111557007
linearSwitchFromRandomv4,300,40,66,13438.29,120.09342670440674
linearSwitchFromRandomv4,300,40,67,14245.43,120.08989310264587
linearSwitchFromRandomv4,300,40,68,14641.28,120.08714032173157
linearSwitchFromRandomv4,300,40,69,14032.38,120.076336145401
linearSwitchFromRandomv4,300,40,70,14485.81,120.09416317939758
linearSwitchFromRandomv4,300,40,71,14687.9,120.08867359161377
linearSwitchFromRandomv4,300,40,72,14475.8,120.09415817260742
linearSwitchFromRandomv4,300,40,73,14534.72,120.09429454803467
linearSwitchFromRandomv4,300,40,74,14400.87,120.08869433403015
linearSwitchFromRandomv4,300,40,75,13527.57,120.09197568893433
linearSwitchFromRandomv4,300,40,76,14013.02,120.09742188453674
linearSwitchFromRandomv4,300,40,77,14246.02,120.08831000328064
linearSwitchFromRandomv4,300,40,78,14263.62,120.08799362182617
linearSwitchFromRandomv4,300,40,79,14575.26,120.10688853263855
linearSwitchFromRandomv4,300,40,80,14278.76,120.09662628173828
linearSwitchFromRandomv4,300,40,81,14010.32,120.07927989959717
linearSwitchFromRandomv4,300,40,82,14007.21,120.10267066955566
linearSwitchFromRandomv4,300,40,83,14397.18,120.08940029144287
linearSwitchFromRandomv4,300,40,84,13579.28,120.09415745735168
linearSwitchFromRandomv4,300,40,85,14321.31,120.09592866897583
linearSwitchFromRandomv4,300,40,86,14377.03,120.0838930606842
linearSwitchFromRandomv4,300,40,87,14226.32,120.09035229682922
linearSwitchFromRandomv4,300,40,88,14530.04,120.09910178184509
linearSwitchFromRandomv4,300,40,89,14537.4,120.09437680244446
linearSwitchFromRandomv4,300,40,90,13929.86,120.09414529800415
linearSwitchFromRandomv4,300,40,91,13826.29,120.08996033668518
linearSwitchFromRandomv4,300,40,92,14502.57,120.0820562839508
linearSwitchFromRandomv4,300,40,93,14101.96,120.08799147605896
linearSwitchFromRandomv4,300,40,94,14312.72,120.09519529342651
linearSwitchFromRandomv4,300,40,95,15043.83,120.08896708488464
linearSwitchFromRandomv4,300,40,96,13665.97,120.09097361564636
linearSwitchFromRandomv4,300,40,97,14219.87,120.08674502372742
linearSwitchFromRandomv4,300,40,98,13766.49,120.08108592033386
linearSwitchFromRandomv4,300,40,99,14177.71,120.08409714698792
linearSwitchFromRandomv4,300,50,0,13667.66,120.10019135475159
linearSwitchFromRandomv4,300,50,1,14593.58,120.09028458595276
linearSwitchFromRandomv4,300,50,2,15237.88,120.09087467193604
linearSwitchFromRandomv4,300,50,3,13857.93,120.10122799873352
linearSwitchFromRandomv4,300,50,4,14169.94,120.09020400047302
linearSwitchFromRandomv4,300,50,5,14725.46,120.09966111183167
linearSwitchFromRandomv4,300,50,6,13658.62,120.0936529636383
linearSwitchFromRandomv4,300,50,7,14153.0,120.08968567848206
linearSwitchFromRandomv4,300,50,8,15161.85,120.09397768974304
linearSwitchFromRandomv4,300,50,9,14919.31,120.10362267494202
linearSwitchFromRandomv4,300,50,10,14905.08,120.09146738052368
linearSwitchFromRandomv4,300,50,11,14595.17,120.08787679672241
linearSwitchFromRandomv4,300,50,12,14646.95,120.07643365859985
linearSwitchFromRandomv4,300,50,13,14853.27,120.08422064781189
linearSwitchFromRandomv4,300,50,14,14626.21,120.08867406845093
linearSwitchFromRandomv4,300,50,15,14980.44,120.07779049873352
linearSwitchFromRandomv4,300,50,16,14394.55,120.08479118347168
linearSwitchFromRandomv4,300,50,17,15020.32,120.08055353164673
linearSwitchFromRandomv4,300,50,18,14419.12,120.10001254081726
linearSwitchFromRandomv4,300,50,19,14796.39,120.09423613548279
linearSwitchFromRandomv4,300,50,20,14540.89,120.0926079750061
linearSwitchFromRandomv4,300,50,21,14587.03,120.08606719970703
linearSwitchFromRandomv4,300,50,22,15018.53,120.09634470939636
linearSwitchFromRandomv4,300,50,23,14203.47,120.08659625053406
linearSwitchFromRandomv4,300,50,24,15434.08,120.0997941493988
linearSwitchFromRandomv4,300,50,25,15020.19,120.09796714782715
linearSwitchFromRandomv4,300,50,26,13854.03,120.10025143623352
linearSwitchFromRandomv4,300,50,27,14775.67,120.0960202217102
linearSwitchFromRandomv4,300,50,28,13823.75,120.09431338310242
linearSwitchFromRandomv4,300,50,29,14095.95,120.09004068374634
linearSwitchFromRandomv4,300,50,30,14196.02,120.08142042160034
linearSwitchFromRandomv4,300,50,31,15217.51,120.09414196014404
linearSwitchFromRandomv4,300,50,32,14777.68,120.095712184906
linearSwitchFromRandomv4,300,50,33,15029.01,120.08348751068115
linearSwitchFromRandomv4,300,50,34,14805.73,120.07823634147644
linearSwitchFromRandomv4,300,50,35,14067.13,120.09121131896973
linearSwitchFromRandomv4,300,50,36,14840.1,120.09778189659119
linearSwitchFromRandomv4,300,50,37,14381.36,120.08688187599182
linearSwitchFromRandomv4,300,50,38,15077.78,120.0807638168335
linearSwitchFromRandomv4,300,50,39,14777.06,120.09015274047852
linearSwitchFromRandomv4,300,50,40,15114.14,120.09400629997253
linearSwitchFromRandomv4,300,50,41,14753.74,120.0820541381836
linearSwitchFromRandomv4,300,50,42,14598.72,120.07692360877991
linearSwitchFromRandomv4,300,50,43,14733.87,120.0797598361969
linearSwitchFromRandomv4,300,50,44,15486.5,120.08974719047546
linearSwitchFromRandomv4,300,50,45,14440.6,120.0910325050354
linearSwitchFromRandomv4,300,50,46,14516.43,120.09825944900513
linearSwitchFromRandomv4,300,50,47,14728.72,120.08907294273376
linearSwitchFromRandomv4,300,50,48,14578.71,120.08521294593811
linearSwitchFromRandomv4,300,50,49,14891.07,120.09408187866211
linearSwitchFromRandomv4,300,50,50,15046.86,120.10169911384583
linearSwitchFromRandomv4,300,50,51,15255.4,120.09494853019714
linearSwitchFromRandomv4,300,50,52,15083.38,120.09667897224426
linearSwitchFromRandomv4,300,50,53,15223.9,120.09211421012878
linearSwitchFromRandomv4,300,50,54,14512.59,120.09059953689575
linearSwitchFromRandomv4,300,50,55,14938.55,120.09711170196533
linearSwitchFromRandomv4,300,50,56,15212.62,120.09025025367737
linearSwitchFromRandomv4,300,50,57,14690.96,120.08704018592834
linearSwitchFromRandomv4,300,50,58,14556.59,120.09248661994934
linearSwitchFromRandomv4,300,50,59,14667.63,120.0937819480896
linearSwitchFromRandomv4,300,50,60,14359.3,120.07426619529724
linearSwitchFromRandomv4,300,50,61,15262.12,120.1031424999237
linearSwitchFromRandomv4,300,50,62,14482.73,120.09732007980347
linearSwitchFromRandomv4,300,50,63,15350.79,120.09459233283997
linearSwitchFromRandomv4,300,50,64,14466.04,120.09817004203796
linearSwitchFromRandomv4,300,50,65,14513.74,120.08148980140686
linearSwitchFromRandomv4,300,50,66,13520.08,120.09073972702026
linearSwitchFromRandomv4,300,50,67,14686.88,120.10023951530457
linearSwitchFromRandomv4,300,50,68,14891.22,120.09513568878174
linearSwitchFromRandomv4,300,50,69,14553.72,120.07756328582764
linearSwitchFromRandomv4,300,50,70,15295.25,120.07834935188293
linearSwitchFromRandomv4,300,50,71,14916.99,120.08813166618347
linearSwitchFromRandomv4,300,50,72,14935.07,120.09275197982788
linearSwitchFromRandomv4,300,50,73,14757.58,120.09759449958801
linearSwitchFromRandomv4,300,50,74,14517.72,120.08471727371216
linearSwitchFromRandomv4,300,50,75,14106.16,120.09266948699951
linearSwitchFromRandomv4,300,50,76,14514.83,120.08908486366272
linearSwitchFromRandomv4,300,50,77,14391.29,120.090829372406
linearSwitchFromRandomv4,300,50,78,14767.74,120.08732914924622
linearSwitchFromRandomv4,300,50,79,14575.62,120.09463381767273
linearSwitchFromRandomv4,300,50,80,15121.04,120.09739351272583
linearSwitchFromRandomv4,300,50,81,14911.37,120.07778859138489
linearSwitchFromRandomv4,300,50,82,14717.35,120.10082149505615
linearSwitchFromRandomv4,300,50,83,14956.07,120.08789324760437
linearSwitchFromRandomv4,300,50,84,14019.99,120.09200167655945
linearSwitchFromRandomv4,300,50,85,14988.04,120.08424091339111
linearSwitchFromRandomv4,300,50,86,14375.69,120.08291530609131
linearSwitchFromRandomv4,300,50,87,14784.58,120.08772993087769
linearSwitchFromRandomv4,300,50,88,15113.19,120.09948229789734
linearSwitchFromRandomv4,300,50,89,14533.5,120.08664894104004
linearSwitchFromRandomv4,300,50,90,14367.51,120.09233546257019
linearSwitchFromRandomv4,300,50,91,14872.04,120.09345960617065
linearSwitchFromRandomv4,300,50,92,14534.33,120.10007762908936
linearSwitchFromRandomv4,300,50,93,14602.21,120.08895373344421
linearSwitchFromRandomv4,300,50,94,14887.27,120.10242700576782
linearSwitchFromRandomv4,300,50,95,15054.93,120.08991599082947
linearSwitchFromRandomv4,300,50,96,13868.19,120.09459519386292
linearSwitchFromRandomv4,300,50,97,14959.75,120.08731460571289
linearSwitchFromRandomv4,300,50,98,14422.92,120.07450485229492
linearSwitchFromRandomv4,300,50,99,14554.84,120.08179497718811
linearSwitchFromRandomv4,300,60,0,14165.45,120.09087538719177
linearSwitchFromRandomv4,300,60,1,15035.3,120.0889298915863
linearSwitchFromRandomv4,300,60,2,14721.03,120.09064817428589
linearSwitchFromRandomv4,300,60,3,13868.36,120.09957671165466
linearSwitchFromRandomv4,300,60,4,14514.48,120.08496165275574
linearSwitchFromRandomv4,300,60,5,15074.1,120.1006293296814
linearSwitchFromRandomv4,300,60,6,14371.02,120.08599519729614
linearSwitchFromRandomv4,300,60,7,14790.24,120.09308242797852
linearSwitchFromRandomv4,300,60,8,15449.75,120.0899703502655
linearSwitchFromRandomv4,300,60,9,15212.68,120.09759497642517
linearSwitchFromRandomv4,300,60,10,15141.31,120.09244441986084
linearSwitchFromRandomv4,300,60,11,14944.61,120.08813834190369
linearSwitchFromRandomv4,300,60,12,14716.24,120.0893440246582
linearSwitchFromRandomv4,300,60,13,15294.76,120.1000280380249
linearSwitchFromRandomv4,300,60,14,14955.9,120.10361385345459
linearSwitchFromRandomv4,300,60,15,14594.33,120.09670758247375
linearSwitchFromRandomv4,300,60,16,14750.26,120.0870041847229
linearSwitchFromRandomv4,300,60,17,14938.41,120.09085273742676
linearSwitchFromRandomv4,300,60,18,14744.45,120.08650827407837
linearSwitchFromRandomv4,300,60,19,15100.79,120.08126282691956
linearSwitchFromRandomv4,300,60,20,14864.32,120.07741332054138
linearSwitchFromRandomv4,300,60,21,15067.85,120.0858268737793
linearSwitchFromRandomv4,300,60,22,15322.06,120.09715962409973
linearSwitchFromRandomv4,300,60,23,14489.18,120.09225368499756
linearSwitchFromRandomv4,300,60,24,15282.26,120.09664845466614
linearSwitchFromRandomv4,300,60,25,15064.85,120.09221816062927
linearSwitchFromRandomv4,300,60,26,14474.1,120.09054207801819
linearSwitchFromRandomv4,300,60,27,14707.26,120.08701252937317
linearSwitchFromRandomv4,300,60,28,14030.39,120.08936381340027
linearSwitchFromRandomv4,300,60,29,14574.41,120.07874321937561
linearSwitchFromRandomv4,300,60,30,14662.89,120.07934403419495
linearSwitchFromRandomv4,300,60,31,15739.73,120.08908247947693
linearSwitchFromRandomv4,300,60,32,14966.76,120.09581398963928
linearSwitchFromRandomv4,300,60,33,15437.89,120.08174657821655
linearSwitchFromRandomv4,300,60,34,14934.98,120.07878017425537
linearSwitchFromRandomv4,300,60,35,14454.02,120.09852600097656
linearSwitchFromRandomv4,300,60,36,15504.21,120.08544969558716
linearSwitchFromRandomv4,300,60,37,14747.88,120.0885066986084
linearSwitchFromRandomv4,300,60,38,15474.69,120.07957315444946
linearSwitchFromRandomv4,300,60,39,15499.17,120.08850598335266
linearSwitchFromRandomv4,300,60,40,15379.55,120.09651112556458
linearSwitchFromRandomv4,300,60,41,14747.25,120.08275079727173
linearSwitchFromRandomv4,300,60,42,15034.47,120.07580661773682
linearSwitchFromRandomv4,300,60,43,14349.81,120.0790662765503
linearSwitchFromRandomv4,300,60,44,15227.79,120.08763837814331
linearSwitchFromRandomv4,300,60,45,14571.07,120.08746290206909
linearSwitchFromRandomv4,300,60,46,14835.13,120.09943270683289
linearSwitchFromRandomv4,300,60,47,14833.64,120.08798885345459
linearSwitchFromRandomv4,300,60,48,14687.16,120.0875346660614
linearSwitchFromRandomv4,300,60,49,14926.02,120.09462356567383
linearSwitchFromRandomv4,300,60,50,14794.67,120.0890486240387
linearSwitchFromRandomv4,300,60,51,15458.87,120.08888602256775
linearSwitchFromRandomv4,300,60,52,14661.1,120.09752297401428
linearSwitchFromRandomv4,300,60,53,15254.5,120.09171462059021
linearSwitchFromRandomv4,300,60,54,14732.16,120.08728075027466
linearSwitchFromRandomv4,300,60,55,15986.63,120.08334136009216
linearSwitchFromRandomv4,300,60,56,15603.56,120.09101700782776
linearSwitchFromRandomv4,300,60,57,14654.57,120.08876872062683
linearSwitchFromRandomv4,300,60,58,14818.5,120.10288000106812
linearSwitchFromRandomv4,300,60,59,15050.6,120.08623957633972
linearSwitchFromRandomv4,300,60,60,14218.82,120.09428644180298
linearSwitchFromRandomv4,300,60,61,15178.77,120.10779070854187
linearSwitchFromRandomv4,300,60,62,14679.1,120.0894455909729
linearSwitchFromRandomv4,300,60,63,14854.53,120.09421825408936
linearSwitchFromRandomv4,300,60,64,15151.82,120.09349727630615
linearSwitchFromRandomv4,300,60,65,15179.08,120.08003640174866
linearSwitchFromRandomv4,300,60,66,13690.4,120.09318423271179
linearSwitchFromRandomv4,300,60,67,14508.63,120.08837294578552
linearSwitchFromRandomv4,300,60,68,14890.2,120.08727669715881
linearSwitchFromRandomv4,300,60,69,14848.26,120.0775043964386
linearSwitchFromRandomv4,300,60,70,15422.45,120.07711219787598
linearSwitchFromRandomv4,300,60,71,14995.87,120.08972930908203
linearSwitchFromRandomv4,300,60,72,15258.49,120.09083104133606
linearSwitchFromRandomv4,300,60,73,15180.3,120.0943238735199
linearSwitchFromRandomv4,300,60,74,15019.15,120.088613986969
linearSwitchFromRandomv4,300,60,75,14401.86,120.09976530075073
linearSwitchFromRandomv4,300,60,76,15045.87,120.09918332099915
linearSwitchFromRandomv4,300,60,77,14788.75,120.08784627914429
linearSwitchFromRandomv4,300,60,78,14765.64,120.08680438995361
linearSwitchFromRandomv4,300,60,79,15106.05,120.10672426223755
linearSwitchFromRandomv4,300,60,80,14860.43,120.09327459335327
linearSwitchFromRandomv4,300,60,81,14542.08,120.07652568817139
linearSwitchFromRandomv4,300,60,82,14875.62,120.10540843009949
linearSwitchFromRandomv4,300,60,83,15062.98,120.08981490135193
linearSwitchFromRandomv4,300,60,84,13661.31,120.09319186210632
linearSwitchFromRandomv4,300,60,85,15223.94,120.08774948120117
linearSwitchFromRandomv4,300,60,86,14865.74,120.08320355415344
linearSwitchFromRandomv4,300,60,87,14807.27,120.08988165855408
linearSwitchFromRandomv4,300,60,88,15056.35,120.10050106048584
linearSwitchFromRandomv4,300,60,89,14905.51,120.09260940551758
linearSwitchFromRandomv4,300,60,90,14729.84,120.0994815826416
linearSwitchFromRandomv4,300,60,91,15260.76,120.08779859542847
linearSwitchFromRandomv4,300,60,92,15739.31,120.09893798828125
linearSwitchFromRandomv4,300,60,93,15134.83,120.08732795715332
linearSwitchFromRandomv4,300,60,94,15021.58,120.1046211719513
linearSwitchFromRandomv4,300,60,95,15401.11,120.09331703186035
linearSwitchFromRandomv4,300,60,96,14883.96,120.09114360809326
linearSwitchFromRandomv4,300,60,97,15149.67,120.08909940719604
linearSwitchFromRandomv4,300,60,98,14915.21,120.08062601089478
linearSwitchFromRandomv4,300,60,99,15091.08,120.08052802085876
randomSwitchFromFluent,300,0,0,11455.89,7.728899717330933
randomSwitchFromFluent,300,0,1,11853.85,7.515178442001343
randomSwitchFromFluent,300,0,2,11774.9,7.758041858673096
randomSwitchFromFluent,300,0,3,11135.18,7.562736749649048
randomSwitchFromFluent,300,0,4,11668.09,7.580440282821655
randomSwitchFromFluent,300,0,5,11747.74,7.479816913604736
randomSwitchFromFluent,300,0,6,11242.96,7.727676153182983
randomSwitchFromFluent,300,0,7,11458.56,7.54909086227417
randomSwitchFromFluent,300,0,8,11452.62,7.418200731277466
randomSwitchFromFluent,300,0,9,11880.98,7.263530969619751
randomSwitchFromFluent,300,0,10,11861.27,7.631603479385376
randomSwitchFromFluent,300,0,11,11482.59,7.3074798583984375
randomSwitchFromFluent,300,0,12,11808.57,7.3750340938568115
randomSwitchFromFluent,300,0,13,11892.28,7.565182447433472
randomSwitchFromFluent,300,0,14,11891.81,7.768357515335083
randomSwitchFromFluent,300,0,15,11402.9,7.49621844291687
randomSwitchFromFluent,300,0,16,11404.48,7.739948511123657
randomSwitchFromFluent,300,0,17,11626.72,7.429358243942261
randomSwitchFromFluent,300,0,18,11594.45,7.901832580566406
randomSwitchFromFluent,300,0,19,11699.26,7.484012603759766
randomSwitchFromFluent,300,0,20,11249.61,7.675273180007935
randomSwitchFromFluent,300,0,21,12026.26,7.398183584213257
randomSwitchFromFluent,300,0,22,11730.21,7.507639646530151
randomSwitchFromFluent,300,0,23,11607.72,7.579948425292969
randomSwitchFromFluent,300,0,24,11747.15,7.549042701721191
randomSwitchFromFluent,300,0,25,11936.12,7.509435176849365
randomSwitchFromFluent,300,0,26,11486.11,7.2386674880981445
randomSwitchFromFluent,300,0,27,11623.77,7.7003912925720215
randomSwitchFromFluent,300,0,28,11205.46,7.456113338470459
randomSwitchFromFluent,300,0,29,11292.37,7.661339521408081
randomSwitchFromFluent,300,0,30,11352.55,7.523549795150757
randomSwitchFromFluent,300,0,31,11819.48,7.526416540145874
randomSwitchFromFluent,300,0,32,11546.23,7.969079494476318
randomSwitchFromFluent,300,0,33,11924.98,7.357869625091553
randomSwitchFromFluent,300,0,34,11562.16,7.525671720504761
randomSwitchFromFluent,300,0,35,11741.57,7.631225824356079
randomSwitchFromFluent,300,0,36,11885.16,7.687492847442627
randomSwitchFromFluent,300,0,37,11327.79,7.5886218547821045
randomSwitchFromFluent,300,0,38,11740.61,7.446477890014648
randomSwitchFromFluent,300,0,39,11457.96,7.7647387981414795
randomSwitchFromFluent,300,0,40,11516.64,7.656716346740723
randomSwitchFromFluent,300,0,41,11679.04,7.435310363769531
randomSwitchFromFluent,300,0,42,12042.5,7.561198472976685
randomSwitchFromFluent,300,0,43,11538.25,7.613127708435059
randomSwitchFromFluent,300,0,44,11530.24,8.057567834854126
randomSwitchFromFluent,300,0,45,11596.71,7.629005193710327
randomSwitchFromFluent,300,0,46,11417.98,7.621588706970215
randomSwitchFromFluent,300,0,47,11122.89,7.6891210079193115
randomSwitchFromFluent,300,0,48,11343.61,7.553993463516235
randomSwitchFromFluent,300,0,49,11593.36,7.425220489501953
randomSwitchFromFluent,300,0,50,11993.99,8.068469047546387
randomSwitchFromFluent,300,0,51,11855.97,7.584451675415039
randomSwitchFromFluent,300,0,52,11735.55,7.566254138946533
randomSwitchFromFluent,300,0,53,11962.8,7.841119289398193
randomSwitchFromFluent,300,0,54,11401.49,7.453969717025757
randomSwitchFromFluent,300,0,55,11413.72,7.561445713043213
randomSwitchFromFluent,300,0,56,11885.68,7.8286519050598145
randomSwitchFromFluent,300,0,57,11976.23,7.858251333236694
randomSwitchFromFluent,300,0,58,11475.33,7.4195592403411865
randomSwitchFromFluent,300,0,59,11372.21,7.220275402069092
randomSwitchFromFluent,300,0,60,11495.66,7.437499284744263
randomSwitchFromFluent,300,0,61,11890.1,7.668749570846558
randomSwitchFromFluent,300,0,62,11222.77,7.756973028182983
randomSwitchFromFluent,300,0,63,12098.26,7.486098051071167
randomSwitchFromFluent,300,0,64,11442.56,7.3679749965667725
randomSwitchFromFluent,300,0,65,11874.94,7.461930513381958
randomSwitchFromFluent,300,0,66,11216.64,7.358578443527222
randomSwitchFromFluent,300,0,67,11435.38,7.4412782192230225
randomSwitchFromFluent,300,0,68,11987.01,7.286377906799316
randomSwitchFromFluent,300,0,69,11059.21,7.6356201171875
randomSwitchFromFluent,300,0,70,11782.36,7.5092339515686035
randomSwitchFromFluent,300,0,71,11790.75,7.586964130401611
randomSwitchFromFluent,300,0,72,11604.11,7.517114639282227
randomSwitchFromFluent,300,0,73,11765.87,7.799858093261719
randomSwitchFromFluent,300,0,74,11458.18,7.653292655944824
randomSwitchFromFluent,300,0,75,11019.83,7.503145217895508
randomSwitchFromFluent,300,0,76,11596.39,7.73967170715332
randomSwitchFromFluent,300,0,77,11578.42,7.3047590255737305
randomSwitchFromFluent,300,0,78,11927.02,7.278908014297485
randomSwitchFromFluent,300,0,79,11737.14,7.528607130050659
randomSwitchFromFluent,300,0,80,11696.45,7.39918065071106
randomSwitchFromFluent,300,0,81,11050.64,7.354910373687744
randomSwitchFromFluent,300,0,82,11273.34,7.512125015258789
randomSwitchFromFluent,300,0,83,11777.76,7.653194904327393
randomSwitchFromFluent,300,0,84,11261.75,7.47529411315918
randomSwitchFromFluent,300,0,85,11697.52,7.268383502960205
randomSwitchFromFluent,300,0,86,11491.79,7.625723600387573
randomSwitchFromFluent,300,0,87,11710.59,7.31254506111145
randomSwitchFromFluent,300,0,88,11448.34,7.575941801071167
randomSwitchFromFluent,300,0,89,11496.46,7.594756364822388
randomSwitchFromFluent,300,0,90,11234.34,7.573768138885498
randomSwitchFromFluent,300,0,91,11606.43,7.641331672668457
randomSwitchFromFluent,300,0,92,11895.88,7.440785884857178
randomSwitchFromFluent,300,0,93,11634.25,7.742650985717773
randomSwitchFromFluent,300,0,94,11482.74,7.363108158111572
randomSwitchFromFluent,300,0,95,11549.34,7.511162757873535
randomSwitchFromFluent,300,0,96,11187.17,7.632562875747681
randomSwitchFromFluent,300,0,97,11571.26,7.348461151123047
randomSwitchFromFluent,300,0,98,11568.72,7.435937404632568
randomSwitchFromFluent,300,0,99,11590.14,7.522298574447632
randomSwitchFromFluent,300,10,0,11970.82,7.389031410217285
randomSwitchFromFluent,300,10,1,12921.91,7.415297031402588
randomSwitchFromFluent,300,10,2,12621.3,7.2814226150512695
randomSwitchFromFluent,300,10,3,12031.3,7.444974899291992
randomSwitchFromFluent,300,10,4,12381.14,7.563310146331787
randomSwitchFromFluent,300,10,5,12669.04,7.453812122344971
randomSwitchFromFluent,300,10,6,12473.19,7.116147518157959
randomSwitchFromFluent,300,10,7,12143.67,7.3988916873931885
randomSwitchFromFluent,300,10,8,12296.07,7.479381799697876
randomSwitchFromFluent,300,10,9,12541.1,7.402979850769043
randomSwitchFromFluent,300,10,10,12476.4,7.441283226013184
randomSwitchFromFluent,300,10,11,12579.44,7.171778917312622
randomSwitchFromFluent,300,10,12,12166.13,7.565449953079224
randomSwitchFromFluent,300,10,13,12690.51,7.5862250328063965
randomSwitchFromFluent,300,10,14,12586.32,7.158001899719238
randomSwitchFromFluent,300,10,15,12432.21,7.471677541732788
randomSwitchFromFluent,300,10,16,12316.25,7.358064413070679
randomSwitchFromFluent,300,10,17,12487.07,7.473475933074951
randomSwitchFromFluent,300,10,18,12414.83,7.619784832000732
randomSwitchFromFluent,300,10,19,12763.49,7.316672086715698
randomSwitchFromFluent,300,10,20,12240.4,7.531975984573364
randomSwitchFromFluent,300,10,21,12228.82,7.309399127960205
randomSwitchFromFluent,300,10,22,12595.46,7.445574522018433
randomSwitchFromFluent,300,10,23,12141.77,7.325296640396118
randomSwitchFromFluent,300,10,24,12473.47,7.374840021133423
randomSwitchFromFluent,300,10,25,12691.23,7.4076409339904785
randomSwitchFromFluent,300,10,26,11985.9,7.571125507354736
randomSwitchFromFluent,300,10,27,12269.54,7.374784469604492
randomSwitchFromFluent,300,10,28,11888.09,7.383360385894775
randomSwitchFromFluent,300,10,29,12211.81,7.475203275680542
randomSwitchFromFluent,300,10,30,12219.34,7.5471696853637695
randomSwitchFromFluent,300,10,31,12668.66,7.369915723800659
randomSwitchFromFluent,300,10,32,12866.51,7.182369232177734
randomSwitchFromFluent,300,10,33,12374.51,7.516855001449585
randomSwitchFromFluent,300,10,34,12697.03,7.536008596420288
randomSwitchFromFluent,300,10,35,12025.84,7.447627067565918
randomSwitchFromFluent,300,10,36,12425.41,7.309710741043091
randomSwitchFromFluent,300,10,37,12810.61,7.301623344421387
randomSwitchFromFluent,300,10,38,12692.37,7.512234687805176
randomSwitchFromFluent,300,10,39,12596.74,7.556490659713745
randomSwitchFromFluent,300,10,40,12756.8,7.48702597618103
randomSwitchFromFluent,300,10,41,12366.67,7.558581352233887
randomSwitchFromFluent,300,10,42,12751.18,7.57450008392334
randomSwitchFromFluent,300,10,43,12284.01,7.003326177597046
randomSwitchFromFluent,300,10,44,12733.39,7.338666915893555
randomSwitchFromFluent,300,10,45,12431.87,7.269124746322632
randomSwitchFromFluent,300,10,46,12365.8,7.336719989776611
randomSwitchFromFluent,300,10,47,12361.12,7.458138942718506
randomSwitchFromFluent,300,10,48,12426.32,7.585185766220093
randomSwitchFromFluent,300,10,49,12557.55,7.470151662826538
randomSwitchFromFluent,300,10,50,12559.59,7.460229158401489
randomSwitchFromFluent,300,10,51,12551.29,7.518775463104248
randomSwitchFromFluent,300,10,52,12784.05,7.318821668624878
randomSwitchFromFluent,300,10,53,12432.6,7.5317933559417725
randomSwitchFromFluent,300,10,54,12034.65,7.517486095428467
randomSwitchFromFluent,300,10,55,13128.25,7.460279703140259
randomSwitchFromFluent,300,10,56,12269.52,7.417743682861328
randomSwitchFromFluent,300,10,57,12420.23,7.408514022827148
randomSwitchFromFluent,300,10,58,12272.54,7.229191303253174
randomSwitchFromFluent,300,10,59,12223.4,7.091099500656128
randomSwitchFromFluent,300,10,60,12575.33,7.335124254226685
randomSwitchFromFluent,300,10,61,12642.21,7.553730010986328
randomSwitchFromFluent,300,10,62,12502.17,7.520032644271851
randomSwitchFromFluent,300,10,63,13017.72,7.185457706451416
randomSwitchFromFluent,300,10,64,12463.77,7.477485656738281
randomSwitchFromFluent,300,10,65,12529.74,7.295140504837036
randomSwitchFromFluent,300,10,66,11886.74,7.301694393157959
randomSwitchFromFluent,300,10,67,12351.49,7.337337493896484
randomSwitchFromFluent,300,10,68,12680.84,7.515769004821777
randomSwitchFromFluent,300,10,69,12696.16,7.644284248352051
randomSwitchFromFluent,300,10,70,12110.57,7.433535575866699
randomSwitchFromFluent,300,10,71,12602.37,7.317140340805054
randomSwitchFromFluent,300,10,72,12699.8,7.221168279647827
randomSwitchFromFluent,300,10,73,12492.34,7.477111101150513
randomSwitchFromFluent,300,10,74,12635.85,7.2481160163879395
randomSwitchFromFluent,300,10,75,12258.86,7.634045839309692
randomSwitchFromFluent,300,10,76,12810.3,7.502600431442261
randomSwitchFromFluent,300,10,77,12254.83,7.447727918624878
randomSwitchFromFluent,300,10,78,12791.99,7.068033933639526
randomSwitchFromFluent,300,10,79,12864.73,7.354907512664795
randomSwitchFromFluent,300,10,80,12661.99,7.524961233139038
randomSwitchFromFluent,300,10,81,12579.12,7.339974880218506
randomSwitchFromFluent,300,10,82,12126.67,7.648322343826294
randomSwitchFromFluent,300,10,83,12528.2,7.288159370422363
randomSwitchFromFluent,300,10,84,11959.51,7.453754901885986
randomSwitchFromFluent,300,10,85,12271.3,7.400907754898071
randomSwitchFromFluent,300,10,86,12263.11,7.44763970375061
randomSwitchFromFluent,300,10,87,12454.83,7.340600490570068
randomSwitchFromFluent,300,10,88,12501.32,7.309580564498901
randomSwitchFromFluent,300,10,89,12543.22,7.574569940567017
randomSwitchFromFluent,300,10,90,12042.12,7.4532318115234375
randomSwitchFromFluent,300,10,91,12459.44,7.114682912826538
randomSwitchFromFluent,300,10,92,12663.68,7.096559762954712
randomSwitchFromFluent,300,10,93,12419.28,7.223432779312134
randomSwitchFromFluent,300,10,94,12123.06,7.494174957275391
randomSwitchFromFluent,300,10,95,12617.97,7.407928705215454
randomSwitchFromFluent,300,10,96,11781.35,7.361122369766235
randomSwitchFromFluent,300,10,97,12597.83,7.164628505706787
randomSwitchFromFluent,300,10,98,12414.07,7.329533576965332
randomSwitchFromFluent,300,10,99,12560.57,7.308614492416382
randomSwitchFromFluent,300,20,0,12619.76,7.4200615882873535
randomSwitchFromFluent,300,20,1,13259.71,7.2425377368927
randomSwitchFromFluent,300,20,2,13444.15,7.37906813621521
randomSwitchFromFluent,300,20,3,12245.33,7.173424959182739
randomSwitchFromFluent,300,20,4,12815.38,6.918529272079468
randomSwitchFromFluent,300,20,5,12860.65,7.335127353668213
randomSwitchFromFluent,300,20,6,12829.74,7.430048942565918
randomSwitchFromFluent,300,20,7,12725.66,7.209813356399536
randomSwitchFromFluent,300,20,8,12904.6,7.115033864974976
randomSwitchFromFluent,300,20,9,13049.86,7.293354511260986
randomSwitchFromFluent,300,20,10,13304.34,7.2217631340026855
randomSwitchFromFluent,300,20,11,13070.9,6.845438718795776
randomSwitchFromFluent,300,20,12,13184.44,7.3707356452941895
randomSwitchFromFluent,300,20,13,13455.53,7.443562746047974
randomSwitchFromFluent,300,20,14,13052.38,7.564958333969116
randomSwitchFromFluent,300,20,15,12886.15,7.1638100147247314
randomSwitchFromFluent,300,20,16,12451.64,7.361931324005127
randomSwitchFromFluent,300,20,17,13098.82,7.26166558265686
randomSwitchFromFluent,300,20,18,13502.04,7.20396614074707
randomSwitchFromFluent,300,20,19,13147.8,7.114877462387085
randomSwitchFromFluent,300,20,20,12846.1,7.277609825134277
randomSwitchFromFluent,300,20,21,13607.23,7.358078241348267
randomSwitchFromFluent,300,20,22,13267.87,7.3826704025268555
randomSwitchFromFluent,300,20,23,12674.31,7.186509132385254
randomSwitchFromFluent,300,20,24,13140.59,6.8887529373168945
randomSwitchFromFluent,300,20,25,12896.14,7.101714372634888
randomSwitchFromFluent,300,20,26,12928.13,7.496626853942871
randomSwitchFromFluent,300,20,27,13213.1,7.377655029296875
randomSwitchFromFluent,300,20,28,12580.08,7.486083030700684
randomSwitchFromFluent,300,20,29,12937.88,7.398671627044678
randomSwitchFromFluent,300,20,30,13221.74,7.226900100708008
randomSwitchFromFluent,300,20,31,13413.77,6.884807825088501
randomSwitchFromFluent,300,20,32,13712.72,7.19122314453125
randomSwitchFromFluent,300,20,33,13507.77,7.281436443328857
randomSwitchFromFluent,300,20,34,13099.51,7.2773277759552
randomSwitchFromFluent,300,20,35,12690.85,7.4554502964019775
randomSwitchFromFluent,300,20,36,13372.91,7.537168741226196
randomSwitchFromFluent,300,20,37,12787.57,7.0758936405181885
randomSwitchFromFluent,300,20,38,13155.14,7.174752712249756
randomSwitchFromFluent,300,20,39,13176.18,7.160531282424927
randomSwitchFromFluent,300,20,40,13001.27,7.245004177093506
randomSwitchFromFluent,300,20,41,13349.3,6.9327123165130615
randomSwitchFromFluent,300,20,42,13129.14,7.361880302429199
randomSwitchFromFluent,300,20,43,12547.66,7.051378965377808
randomSwitchFromFluent,300,20,44,13182.68,7.304662704467773
randomSwitchFromFluent,300,20,45,12718.61,7.380654335021973
randomSwitchFromFluent,300,20,46,12773.48,7.535992383956909
randomSwitchFromFluent,300,20,47,13029.92,6.961947441101074
randomSwitchFromFluent,300,20,48,12973.63,6.944652318954468
randomSwitchFromFluent,300,20,49,12790.67,7.174099683761597
randomSwitchFromFluent,300,20,50,13181.98,7.4597954750061035
randomSwitchFromFluent,300,20,51,13239.78,7.286818027496338
randomSwitchFromFluent,300,20,52,13108.13,7.381077289581299
randomSwitchFromFluent,300,20,53,13015.97,7.389847755432129
randomSwitchFromFluent,300,20,54,12964.89,7.074802398681641
randomSwitchFromFluent,300,20,55,13422.29,7.304120063781738
randomSwitchFromFluent,300,20,56,12937.7,7.046148777008057
randomSwitchFromFluent,300,20,57,13187.23,7.234455108642578
randomSwitchFromFluent,300,20,58,12961.7,7.260849237442017
randomSwitchFromFluent,300,20,59,12925.94,7.02021050453186
randomSwitchFromFluent,300,20,60,12671.88,7.157323598861694
randomSwitchFromFluent,300,20,61,13294.77,7.220647096633911
randomSwitchFromFluent,300,20,62,12438.19,7.187072277069092
randomSwitchFromFluent,300,20,63,13292.78,7.094866514205933
randomSwitchFromFluent,300,20,64,13235.32,7.0045530796051025
randomSwitchFromFluent,300,20,65,13277.19,7.203884840011597
randomSwitchFromFluent,300,20,66,12272.95,7.104195833206177
randomSwitchFromFluent,300,20,67,13386.18,7.235950946807861
randomSwitchFromFluent,300,20,68,13465.34,7.537611961364746
randomSwitchFromFluent,300,20,69,12764.86,7.3602540493011475
randomSwitchFromFluent,300,20,70,13280.5,7.223354339599609
randomSwitchFromFluent,300,20,71,13790.41,7.260385274887085
randomSwitchFromFluent,300,20,72,13406.11,7.114780902862549
randomSwitchFromFluent,300,20,73,13227.86,7.133107662200928
randomSwitchFromFluent,300,20,74,13519.81,7.00069522857666
randomSwitchFromFluent,300,20,75,12241.64,7.112006187438965
randomSwitchFromFluent,300,20,76,12805.11,7.251054048538208
randomSwitchFromFluent,300,20,77,13063.65,7.303577423095703
randomSwitchFromFluent,300,20,78,12934.2,7.391445636749268
randomSwitchFromFluent,300,20,79,13031.32,7.280393600463867
randomSwitchFromFluent,300,20,80,13504.3,7.2921953201293945
randomSwitchFromFluent,300,20,81,12696.56,7.1571574211120605
randomSwitchFromFluent,300,20,82,13246.04,7.068124771118164
randomSwitchFromFluent,300,20,83,13005.57,7.355225563049316
randomSwitchFromFluent,300,20,84,12446.97,7.25461745262146
randomSwitchFromFluent,300,20,85,13082.65,7.189173221588135
randomSwitchFromFluent,300,20,86,12817.73,7.1577558517456055
randomSwitchFromFluent,300,20,87,13192.29,7.343259334564209
randomSwitchFromFluent,300,20,88,13068.43,7.343991279602051
randomSwitchFromFluent,300,20,89,13007.46,7.060641288757324
randomSwitchFromFluent,300,20,90,12650.07,7.4483253955841064
randomSwitchFromFluent,300,20,91,12935.89,7.187011241912842
randomSwitchFromFluent,300,20,92,13183.97,7.032326698303223
randomSwitchFromFluent,300,20,93,13039.64,7.222668647766113
randomSwitchFromFluent,300,20,94,13014.39,7.3442089557647705
randomSwitchFromFluent,300,20,95,13384.96,7.270348787307739
randomSwitchFromFluent,300,20,96,12508.63,7.158588171005249
randomSwitchFromFluent,300,20,97,13162.55,7.097017288208008
randomSwitchFromFluent,300,20,98,12704.87,7.238576412200928
randomSwitchFromFluent,300,20,99,12771.02,7.416074752807617
randomSwitchFromFluent,300,30,0,12905.45,7.036076307296753
randomSwitchFromFluent,300,30,1,13760.97,7.192947626113892
randomSwitchFromFluent,300,30,2,13510.3,7.174201488494873
randomSwitchFromFluent,300,30,3,12749.91,7.112710237503052
randomSwitchFromFluent,300,30,4,13176.64,6.924081563949585
randomSwitchFromFluent,300,30,5,13749.58,6.848582983016968
randomSwitchFromFluent,300,30,6,13033.45,6.887083053588867
randomSwitchFromFluent,300,30,7,13282.32,6.8176655769348145
randomSwitchFromFluent,300,30,8,13476.14,6.74917197227478
randomSwitchFromFluent,300,30,9,13611.85,6.89830756187439
randomSwitchFromFluent,300,30,10,13522.85,6.91518235206604
randomSwitchFromFluent,300,30,11,13389.54,7.055414915084839
randomSwitchFromFluent,300,30,12,13467.56,6.9927732944488525
randomSwitchFromFluent,300,30,13,13728.3,6.928587436676025
randomSwitchFromFluent,300,30,14,13502.53,6.775067567825317
randomSwitchFromFluent,300,30,15,13353.72,7.170201539993286
randomSwitchFromFluent,300,30,16,13415.62,7.0050132274627686
randomSwitchFromFluent,300,30,17,13963.4,6.974445104598999
randomSwitchFromFluent,300,30,18,13573.9,6.850952863693237
randomSwitchFromFluent,300,30,19,13440.81,6.933401107788086
randomSwitchFromFluent,300,30,20,13553.69,7.176633834838867
randomSwitchFromFluent,300,30,21,13712.66,6.622502326965332
randomSwitchFromFluent,300,30,22,14006.15,6.71283483505249
randomSwitchFromFluent,300,30,23,13126.83,7.285137176513672
randomSwitchFromFluent,300,30,24,13513.91,7.118098497390747
randomSwitchFromFluent,300,30,25,13777.4,7.257965087890625
randomSwitchFromFluent,300,30,26,13073.52,7.097956418991089
randomSwitchFromFluent,300,30,27,13413.06,7.061321973800659
randomSwitchFromFluent,300,30,28,12609.76,7.019297361373901
randomSwitchFromFluent,300,30,29,12901.67,7.012409210205078
randomSwitchFromFluent,300,30,30,13519.19,6.8873162269592285
randomSwitchFromFluent,300,30,31,13710.51,6.658954620361328
randomSwitchFromFluent,300,30,32,13866.02,6.722108364105225
randomSwitchFromFluent,300,30,33,13685.63,7.192285060882568
randomSwitchFromFluent,300,30,34,13407.37,7.110577821731567
randomSwitchFromFluent,300,30,35,13126.89,6.773746013641357
randomSwitchFromFluent,300,30,36,13628.52,6.921579599380493
randomSwitchFromFluent,300,30,37,13230.1,6.676132678985596
randomSwitchFromFluent,300,30,38,13792.84,7.067782878875732
randomSwitchFromFluent,300,30,39,13825.64,6.730440378189087
randomSwitchFromFluent,300,30,40,13493.05,7.397785186767578
randomSwitchFromFluent,300,30,41,13599.0,7.279170513153076
randomSwitchFromFluent,300,30,42,13579.91,7.0355541706085205
randomSwitchFromFluent,300,30,43,13439.62,7.3110034465789795
randomSwitchFromFluent,300,30,44,13889.41,6.851552724838257
randomSwitchFromFluent,300,30,45,13674.96,6.987624406814575
randomSwitchFromFluent,300,30,46,13418.92,6.868680953979492
randomSwitchFromFluent,300,30,47,13144.06,7.131512641906738
randomSwitchFromFluent,300,30,48,13370.1,7.315865516662598
randomSwitchFromFluent,300,30,49,13476.38,6.867792367935181
randomSwitchFromFluent,300,30,50,13618.04,7.091213226318359
randomSwitchFromFluent,300,30,51,13594.34,6.7982494831085205
randomSwitchFromFluent,300,30,52,13455.02,7.2519402503967285
randomSwitchFromFluent,300,30,53,13832.77,6.783320665359497
randomSwitchFromFluent,300,30,54,13200.16,7.2420032024383545
randomSwitchFromFluent,300,30,55,13652.44,7.243710994720459
randomSwitchFromFluent,300,30,56,13893.5,7.090057611465454
randomSwitchFromFluent,300,30,57,13226.92,7.005786657333374
randomSwitchFromFluent,300,30,58,13337.95,6.643990516662598
randomSwitchFromFluent,300,30,59,13404.08,7.023358106613159
randomSwitchFromFluent,300,30,60,13352.42,6.731310606002808
randomSwitchFromFluent,300,30,61,13687.08,6.8828840255737305
randomSwitchFromFluent,300,30,62,12629.24,6.994933128356934
randomSwitchFromFluent,300,30,63,13938.7,6.614405393600464
randomSwitchFromFluent,300,30,64,13552.97,6.783854246139526
randomSwitchFromFluent,300,30,65,13460.59,7.208175897598267
randomSwitchFromFluent,300,30,66,12924.17,7.056818008422852
randomSwitchFromFluent,300,30,67,13693.55,7.226105690002441
randomSwitchFromFluent,300,30,68,14058.88,6.820210933685303
randomSwitchFromFluent,300,30,69,13068.86,6.858686208724976
randomSwitchFromFluent,300,30,70,13843.23,6.927928924560547
randomSwitchFromFluent,300,30,71,13831.27,6.514160871505737
randomSwitchFromFluent,300,30,72,13714.78,6.881087303161621
randomSwitchFromFluent,300,30,73,13661.05,7.320942163467407
randomSwitchFromFluent,300,30,74,13450.08,7.0388243198394775
randomSwitchFromFluent,300,30,75,12817.17,6.8427650928497314
randomSwitchFromFluent,300,30,76,12934.92,7.076596975326538
randomSwitchFromFluent,300,30,77,13507.72,6.826572895050049
randomSwitchFromFluent,300,30,78,13387.24,6.554116487503052
randomSwitchFromFluent,300,30,79,13650.78,6.937716722488403
randomSwitchFromFluent,300,30,80,13275.82,7.016734838485718
randomSwitchFromFluent,300,30,81,13507.08,6.679388523101807
randomSwitchFromFluent,300,30,82,13434.98,6.700996160507202
randomSwitchFromFluent,300,30,83,13312.25,6.8476035594940186
randomSwitchFromFluent,300,30,84,12730.35,6.647063493728638
randomSwitchFromFluent,300,30,85,13398.69,6.778010606765747
randomSwitchFromFluent,300,30,86,13216.74,6.580238580703735
randomSwitchFromFluent,300,30,87,13630.12,6.99857759475708
randomSwitchFromFluent,300,30,88,13337.9,7.2983558177948
randomSwitchFromFluent,300,30,89,13475.65,6.754242658615112
randomSwitchFromFluent,300,30,90,13205.84,7.144005060195923
randomSwitchFromFluent,300,30,91,13238.49,7.04015040397644
randomSwitchFromFluent,300,30,92,13872.72,6.675430774688721
randomSwitchFromFluent,300,30,93,13356.99,7.1133270263671875
randomSwitchFromFluent,300,30,94,13700.65,6.673786163330078
randomSwitchFromFluent,300,30,95,13611.83,6.66965913772583
randomSwitchFromFluent,300,30,96,13190.45,6.873972177505493
randomSwitchFromFluent,300,30,97,13560.37,7.2007057666778564
randomSwitchFromFluent,300,30,98,13572.04,6.933164596557617
randomSwitchFromFluent,300,30,99,13324.72,6.750732421875
randomSwitchFromFluent,300,40,0,13215.38,6.864678859710693
randomSwitchFromFluent,300,40,1,13697.34,6.957437753677368
randomSwitchFromFluent,300,40,2,14277.9,6.839983940124512
randomSwitchFromFluent,300,40,3,13029.1,6.877743482589722
randomSwitchFromFluent,300,40,4,13881.32,6.553252458572388
randomSwitchFromFluent,300,40,5,14512.88,6.311499357223511
randomSwitchFromFluent,300,40,6,13256.7,6.612751483917236
randomSwitchFromFluent,300,40,7,13772.1,6.445900917053223
randomSwitchFromFluent,300,40,8,13920.39,6.854583740234375
randomSwitchFromFluent,300,40,9,13621.7,6.938674688339233
randomSwitchFromFluent,300,40,10,14263.67,6.633347272872925
randomSwitchFromFluent,300,40,11,14146.0,6.923887014389038
randomSwitchFromFluent,300,40,12,13642.3,6.846441268920898
randomSwitchFromFluent,300,40,13,14234.58,6.706340789794922
randomSwitchFromFluent,300,40,14,14029.6,7.008693218231201
randomSwitchFromFluent,300,40,15,13961.7,6.592473983764648
randomSwitchFromFluent,300,40,16,13781.72,7.032516002655029
randomSwitchFromFluent,300,40,17,14215.23,6.55912184715271
randomSwitchFromFluent,300,40,18,14428.77,6.470298528671265
randomSwitchFromFluent,300,40,19,13720.62,6.7243053913116455
randomSwitchFromFluent,300,40,20,13641.74,6.8099753856658936
randomSwitchFromFluent,300,40,21,14230.98,6.503577709197998
randomSwitchFromFluent,300,40,22,14193.9,6.590938329696655
randomSwitchFromFluent,300,40,23,13511.87,7.0406646728515625
randomSwitchFromFluent,300,40,24,14062.41,6.58010721206665
randomSwitchFromFluent,300,40,25,14231.54,6.70418906211853
randomSwitchFromFluent,300,40,26,13435.09,6.687294006347656
randomSwitchFromFluent,300,40,27,14188.95,6.701863527297974
randomSwitchFromFluent,300,40,28,13273.34,6.908293962478638
randomSwitchFromFluent,300,40,29,13566.82,6.573438882827759
randomSwitchFromFluent,300,40,30,14081.26,7.0582275390625
randomSwitchFromFluent,300,40,31,14818.47,6.8134284019470215
randomSwitchFromFluent,300,40,32,13972.38,6.904548406600952
randomSwitchFromFluent,300,40,33,14108.31,7.110497713088989
randomSwitchFromFluent,300,40,34,14140.24,6.847046613693237
randomSwitchFromFluent,300,40,35,13618.25,7.033028602600098
randomSwitchFromFluent,300,40,36,14335.51,6.751069068908691
randomSwitchFromFluent,300,40,37,13821.97,6.666815280914307
randomSwitchFromFluent,300,40,38,14168.03,6.576712131500244
randomSwitchFromFluent,300,40,39,14303.11,6.509874105453491
randomSwitchFromFluent,300,40,40,14396.08,6.559150695800781
randomSwitchFromFluent,300,40,41,14062.72,6.63875412940979
randomSwitchFromFluent,300,40,42,14337.48,6.818776607513428
randomSwitchFromFluent,300,40,43,13503.59,6.739306926727295
randomSwitchFromFluent,300,40,44,14277.14,6.728130578994751
randomSwitchFromFluent,300,40,45,13890.06,6.916485786437988
randomSwitchFromFluent,300,40,46,14027.41,6.77186918258667
randomSwitchFromFluent,300,40,47,13643.42,6.618305206298828
randomSwitchFromFluent,300,40,48,13613.05,6.494224309921265
randomSwitchFromFluent,300,40,49,14379.49,6.728797912597656
randomSwitchFromFluent,300,40,50,14268.56,6.616903066635132
randomSwitchFromFluent,300,40,51,14441.12,6.772655725479126
randomSwitchFromFluent,300,40,52,14174.76,6.693745136260986
randomSwitchFromFluent,300,40,53,14292.29,6.7452311515808105
randomSwitchFromFluent,300,40,54,13545.82,6.8094871044158936
randomSwitchFromFluent,300,40,55,14307.83,6.8052122592926025
randomSwitchFromFluent,300,40,56,14260.03,6.975975036621094
randomSwitchFromFluent,300,40,57,13865.44,6.738779067993164
randomSwitchFromFluent,300,40,58,13559.25,6.620707750320435
randomSwitchFromFluent,300,40,59,13924.45,6.965403079986572
randomSwitchFromFluent,300,40,60,13490.05,6.504461765289307
randomSwitchFromFluent,300,40,61,14304.53,6.5108606815338135
randomSwitchFromFluent,300,40,62,13562.51,6.741286754608154
randomSwitchFromFluent,300,40,63,14133.0,6.604256868362427
randomSwitchFromFluent,300,40,64,14167.91,6.611376762390137
randomSwitchFromFluent,300,40,65,14080.6,6.6148154735565186
randomSwitchFromFluent,300,40,66,13312.8,6.779796600341797
randomSwitchFromFluent,300,40,67,14220.53,6.937234401702881
randomSwitchFromFluent,300,40,68,14302.87,6.628640651702881
randomSwitchFromFluent,300,40,69,14227.88,7.248246192932129
randomSwitchFromFluent,300,40,70,14263.98,6.450831890106201
randomSwitchFromFluent,300,40,71,14411.93,6.781064748764038
randomSwitchFromFluent,300,40,72,14475.73,6.6224095821380615
randomSwitchFromFluent,300,40,73,14197.99,6.792722940444946
randomSwitchFromFluent,300,40,74,13937.48,7.078825950622559
randomSwitchFromFluent,300,40,75,13382.37,6.884957551956177
randomSwitchFromFluent,300,40,76,13985.03,6.752015590667725
randomSwitchFromFluent,300,40,77,13926.75,6.549841642379761
randomSwitchFromFluent,300,40,78,14123.1,6.616030216217041
randomSwitchFromFluent,300,40,79,14336.27,6.758780479431152
randomSwitchFromFluent,300,40,80,14140.32,6.976438283920288
randomSwitchFromFluent,300,40,81,13943.06,6.564262628555298
randomSwitchFromFluent,300,40,82,13866.29,7.126923084259033
randomSwitchFromFluent,300,40,83,14205.44,6.801205396652222
randomSwitchFromFluent,300,40,84,12975.58,6.622966051101685
randomSwitchFromFluent,300,40,85,13802.71,6.491185188293457
randomSwitchFromFluent,300,40,86,13987.43,6.5291337966918945
randomSwitchFromFluent,300,40,87,14043.87,6.661097764968872
randomSwitchFromFluent,300,40,88,13568.79,6.504756689071655
randomSwitchFromFluent,300,40,89,14191.34,7.003267765045166
randomSwitchFromFluent,300,40,90,13676.47,6.856489658355713
randomSwitchFromFluent,300,40,91,13696.49,6.749998569488525
randomSwitchFromFluent,300,40,92,14448.07,6.673444747924805
randomSwitchFromFluent,300,40,93,13629.73,6.680778503417969
randomSwitchFromFluent,300,40,94,14027.04,6.9400389194488525
randomSwitchFromFluent,300,40,95,14589.56,6.622186899185181
randomSwitchFromFluent,300,40,96,13601.95,7.0731751918792725
randomSwitchFromFluent,300,40,97,14326.85,6.565764904022217
randomSwitchFromFluent,300,40,98,13527.91,6.569826364517212
randomSwitchFromFluent,300,40,99,13940.02,6.937368154525757
randomSwitchFromFluent,300,50,0,13719.49,6.435770750045776
randomSwitchFromFluent,300,50,1,14332.54,6.774139165878296
randomSwitchFromFluent,300,50,2,15260.29,6.672436952590942
randomSwitchFromFluent,300,50,3,13203.95,6.70874810218811
randomSwitchFromFluent,300,50,4,13876.05,6.655379295349121
randomSwitchFromFluent,300,50,5,14531.5,6.6213908195495605
randomSwitchFromFluent,300,50,6,14048.31,6.568789482116699
randomSwitchFromFluent,300,50,7,14095.1,6.653417587280273
randomSwitchFromFluent,300,50,8,14660.36,6.730468034744263
randomSwitchFromFluent,300,50,9,14838.71,6.536036729812622
randomSwitchFromFluent,300,50,10,14958.39,6.693941354751587
randomSwitchFromFluent,300,50,11,14614.34,6.5576159954071045
randomSwitchFromFluent,300,50,12,14572.72,6.638092517852783
randomSwitchFromFluent,300,50,13,14483.09,6.591364860534668
randomSwitchFromFluent,300,50,14,14484.58,6.6193132400512695
randomSwitchFromFluent,300,50,15,14565.24,6.487327337265015
randomSwitchFromFluent,300,50,16,14546.78,6.530420303344727
randomSwitchFromFluent,300,50,17,14599.32,7.110249042510986
randomSwitchFromFluent,300,50,18,14432.25,6.926807641983032
randomSwitchFromFluent,300,50,19,14292.8,6.489560842514038
randomSwitchFromFluent,300,50,20,14232.82,6.4939141273498535
randomSwitchFromFluent,300,50,21,13945.37,6.798532724380493
randomSwitchFromFluent,300,50,22,14831.01,6.570221185684204
randomSwitchFromFluent,300,50,23,14038.07,6.937785387039185
randomSwitchFromFluent,300,50,24,14896.44,6.325345516204834
randomSwitchFromFluent,300,50,25,15236.73,6.804536819458008
randomSwitchFromFluent,300,50,26,14024.8,6.895337343215942
randomSwitchFromFluent,300,50,27,14269.85,6.552791595458984
randomSwitchFromFluent,300,50,28,13659.78,6.504083156585693
randomSwitchFromFluent,300,50,29,14049.6,6.664661169052124
randomSwitchFromFluent,300,50,30,14254.7,6.807334661483765
randomSwitchFromFluent,300,50,31,14840.64,6.294690847396851
randomSwitchFromFluent,300,50,32,14648.83,6.759878873825073
randomSwitchFromFluent,300,50,33,14386.79,6.858785629272461
randomSwitchFromFluent,300,50,34,14901.84,6.864811658859253
randomSwitchFromFluent,300,50,35,13891.91,6.629932403564453
randomSwitchFromFluent,300,50,36,14800.85,6.651257276535034
randomSwitchFromFluent,300,50,37,13995.1,6.870667934417725
randomSwitchFromFluent,300,50,38,14724.9,6.598010540008545
randomSwitchFromFluent,300,50,39,14857.81,6.759657859802246
randomSwitchFromFluent,300,50,40,14836.83,6.777639150619507
randomSwitchFromFluent,300,50,41,14318.22,6.5927040576934814
randomSwitchFromFluent,300,50,42,14317.88,6.6095051765441895
randomSwitchFromFluent,300,50,43,14084.7,6.4323670864105225
randomSwitchFromFluent,300,50,44,14929.6,6.523911714553833
randomSwitchFromFluent,300,50,45,14394.99,6.795984268188477
randomSwitchFromFluent,300,50,46,14483.44,6.4989237785339355
randomSwitchFromFluent,300,50,47,14512.48,6.612403631210327
randomSwitchFromFluent,300,50,48,14019.01,6.5295233726501465
randomSwitchFromFluent,300,50,49,14435.14,6.624300003051758
randomSwitchFromFluent,300,50,50,14641.21,6.4246580600738525
randomSwitchFromFluent,300,50,51,14878.74,6.704971075057983
randomSwitchFromFluent,300,50,52,14550.81,6.191817760467529
randomSwitchFromFluent,300,50,53,14506.58,6.570323944091797
randomSwitchFromFluent,300,50,54,14124.52,6.329024314880371
randomSwitchFromFluent,300,50,55,14881.77,6.879427433013916
randomSwitchFromFluent,300,50,56,14782.68,6.635695695877075
randomSwitchFromFluent,300,50,57,14485.17,6.663599014282227
randomSwitchFromFluent,300,50,58,14601.5,6.716860055923462
randomSwitchFromFluent,300,50,59,14856.43,6.79191780090332
randomSwitchFromFluent,300,50,60,14269.87,6.419408321380615
randomSwitchFromFluent,300,50,61,14870.18,6.6862874031066895
randomSwitchFromFluent,300,50,62,14099.76,6.395714044570923
randomSwitchFromFluent,300,50,63,14979.57,6.524318218231201
randomSwitchFromFluent,300,50,64,14300.42,6.644757032394409
randomSwitchFromFluent,300,50,65,14362.63,6.809014558792114
randomSwitchFromFluent,300,50,66,13648.97,6.449928045272827
randomSwitchFromFluent,300,50,67,14670.76,6.596465349197388
randomSwitchFromFluent,300,50,68,14837.92,6.495103597640991
randomSwitchFromFluent,300,50,69,14311.23,6.494027137756348
randomSwitchFromFluent,300,50,70,14972.15,6.559058904647827
randomSwitchFromFluent,300,50,71,14898.08,6.492594003677368
randomSwitchFromFluent,300,50,72,14953.43,6.68824577331543
randomSwitchFromFluent,300,50,73,14338.14,6.651439666748047
randomSwitchFromFluent,300,50,74,14595.77,6.527979373931885
randomSwitchFromFluent,300,50,75,13707.92,6.545480251312256
randomSwitchFromFluent,300,50,76,14171.38,6.673117637634277
randomSwitchFromFluent,300,50,77,14131.09,6.320355653762817
randomSwitchFromFluent,300,50,78,14335.74,6.466099500656128
randomSwitchFromFluent,300,50,79,14431.81,6.448488235473633
randomSwitchFromFluent,300,50,80,14607.65,6.659529447555542
randomSwitchFromFluent,300,50,81,14508.36,6.571882724761963
randomSwitchFromFluent,300,50,82,14529.72,6.715190649032593
randomSwitchFromFluent,300,50,83,14514.01,6.506333827972412
randomSwitchFromFluent,300,50,84,13582.28,6.58554482460022
randomSwitchFromFluent,300,50,85,14670.8,6.636072158813477
randomSwitchFromFluent,300,50,86,13886.58,6.322008848190308
randomSwitchFromFluent,300,50,87,14975.75,6.793410062789917
randomSwitchFromFluent,300,50,88,14324.55,6.687285900115967
randomSwitchFromFluent,300,50,89,14370.62,6.447259426116943
randomSwitchFromFluent,300,50,90,13949.52,6.422613859176636
randomSwitchFromFluent,300,50,91,14141.88,6.804077386856079
randomSwitchFromFluent,300,50,92,14814.09,6.576575994491577
randomSwitchFromFluent,300,50,93,14290.87,6.824110984802246
randomSwitchFromFluent,300,50,94,14743.08,6.737270832061768
randomSwitchFromFluent,300,50,95,14645.94,6.83808159828186
randomSwitchFromFluent,300,50,96,14161.54,6.607231855392456
randomSwitchFromFluent,300,50,97,14334.8,6.646344423294067
randomSwitchFromFluent,300,50,98,14559.38,6.654864072799683
randomSwitchFromFluent,300,50,99,14190.32,6.625814914703369
randomSwitchFromFluent,300,60,0,14642.68,6.852006435394287
randomSwitchFromFluent,300,60,1,15102.18,6.722405433654785
randomSwitchFromFluent,300,60,2,14768.13,6.742503881454468
randomSwitchFromFluent,300,60,3,13696.94,6.4464194774627686
randomSwitchFromFluent,300,60,4,14451.66,6.468177795410156
randomSwitchFromFluent,300,60,5,15042.81,6.764596223831177
randomSwitchFromFluent,300,60,6,14546.31,6.728677034378052
randomSwitchFromFluent,300,60,7,14551.03,6.315664768218994
randomSwitchFromFluent,300,60,8,15181.75,6.486017227172852
randomSwitchFromFluent,300,60,9,15044.22,6.458375453948975
randomSwitchFromFluent,300,60,10,14815.96,6.458749771118164
randomSwitchFromFluent,300,60,11,14921.7,6.4698052406311035
randomSwitchFromFluent,300,60,12,15044.12,6.7878124713897705
randomSwitchFromFluent,300,60,13,15108.41,6.827707767486572
randomSwitchFromFluent,300,60,14,15166.14,6.482495069503784
randomSwitchFromFluent,300,60,15,14772.38,6.557110071182251
randomSwitchFromFluent,300,60,16,14715.86,6.5158371925354
randomSwitchFromFluent,300,60,17,14835.15,6.752798795700073
randomSwitchFromFluent,300,60,18,14938.66,6.677466154098511
randomSwitchFromFluent,300,60,19,14511.3,6.433109521865845
randomSwitchFromFluent,300,60,20,14423.84,6.6918909549713135
randomSwitchFromFluent,300,60,21,14621.66,6.803372383117676
randomSwitchFromFluent,300,60,22,15225.88,6.671719074249268
randomSwitchFromFluent,300,60,23,14389.24,6.648940086364746
randomSwitchFromFluent,300,60,24,15415.4,6.532632350921631
randomSwitchFromFluent,300,60,25,14824.77,6.428348779678345
randomSwitchFromFluent,300,60,26,14517.71,6.503275156021118
randomSwitchFromFluent,300,60,27,14768.91,6.589319467544556
randomSwitchFromFluent,300,60,28,14026.46,6.408271551132202
randomSwitchFromFluent,300,60,29,14389.9,6.339384317398071
randomSwitchFromFluent,300,60,30,14683.28,6.596178770065308
randomSwitchFromFluent,300,60,31,15468.91,6.485531330108643
randomSwitchFromFluent,300,60,32,15154.09,6.586296558380127
randomSwitchFromFluent,300,60,33,14946.44,6.911509990692139
randomSwitchFromFluent,300,60,34,14949.44,6.749637126922607
randomSwitchFromFluent,300,60,35,14365.75,6.478960990905762
randomSwitchFromFluent,300,60,36,15089.66,6.411713123321533
randomSwitchFromFluent,300,60,37,14476.26,6.453556537628174
randomSwitchFromFluent,300,60,38,14782.2,6.96738338470459
randomSwitchFromFluent,300,60,39,15286.0,6.602588176727295
randomSwitchFromFluent,300,60,40,15307.24,6.835222244262695
randomSwitchFromFluent,300,60,41,14419.39,6.533277988433838
randomSwitchFromFluent,300,60,42,14753.54,6.7241129875183105
randomSwitchFromFluent,300,60,43,14624.42,6.519568204879761
randomSwitchFromFluent,300,60,44,15349.57,6.5226500034332275
randomSwitchFromFluent,300,60,45,14597.91,6.506249189376831
randomSwitchFromFluent,300,60,46,14815.96,6.413734674453735
randomSwitchFromFluent,300,60,47,14628.94,6.594391345977783
randomSwitchFromFluent,300,60,48,14516.86,6.843080043792725
randomSwitchFromFluent,300,60,49,14693.76,6.564294338226318
randomSwitchFromFluent,300,60,50,15183.92,6.528844833374023
randomSwitchFromFluent,300,60,51,15129.26,6.397180795669556
randomSwitchFromFluent,300,60,52,14582.56,6.6935505867004395
randomSwitchFromFluent,300,60,53,14864.63,6.498189210891724
randomSwitchFromFluent,300,60,54,14273.9,6.565504789352417
randomSwitchFromFluent,300,60,55,15456.01,6.532756805419922
randomSwitchFromFluent,300,60,56,15707.49,6.671964406967163
randomSwitchFromFluent,300,60,57,14742.17,6.472367763519287
randomSwitchFromFluent,300,60,58,14630.23,6.522305965423584
randomSwitchFromFluent,300,60,59,14704.55,6.474656105041504
randomSwitchFromFluent,300,60,60,14486.99,6.7799975872039795
randomSwitchFromFluent,300,60,61,14896.86,6.550734043121338
randomSwitchFromFluent,300,60,62,14562.22,6.3979575634002686
randomSwitchFromFluent,300,60,63,15055.42,6.430129289627075
randomSwitchFromFluent,300,60,64,14421.81,6.472525119781494
randomSwitchFromFluent,300,60,65,14882.43,6.404116630554199
randomSwitchFromFluent,300,60,66,13842.84,6.596240282058716
randomSwitchFromFluent,300,60,67,14885.45,6.88661789894104
randomSwitchFromFluent,300,60,68,15001.79,6.649254083633423
randomSwitchFromFluent,300,60,69,14397.51,6.494617462158203
randomSwitchFromFluent,300,60,70,14975.66,6.794846296310425
randomSwitchFromFluent,300,60,71,14645.05,6.531129360198975
randomSwitchFromFluent,300,60,72,15139.35,6.61667537689209
randomSwitchFromFluent,300,60,73,14831.56,6.494985580444336
randomSwitchFromFluent,300,60,74,14981.02,6.4275124073028564
randomSwitchFromFluent,300,60,75,14128.37,6.539398431777954
randomSwitchFromFluent,300,60,76,14428.48,6.712945461273193
randomSwitchFromFluent,300,60,77,14361.08,6.302422285079956
randomSwitchFromFluent,300,60,78,14439.94,6.486393690109253
randomSwitchFromFluent,300,60,79,14757.26,6.7475316524505615
randomSwitchFromFluent,300,60,80,14812.69,6.57493257522583
randomSwitchFromFluent,300,60,81,14718.99,6.587826251983643
randomSwitchFromFluent,300,60,82,14714.98,6.566388845443726
randomSwitchFromFluent,300,60,83,15227.42,6.730514287948608
randomSwitchFromFluent,300,60,84,13406.81,6.463465929031372
randomSwitchFromFluent,300,60,85,15015.98,6.819740533828735
randomSwitchFromFluent,300,60,86,14262.5,6.782862901687622
randomSwitchFromFluent,300,60,87,14740.39,6.639429569244385
randomSwitchFromFluent,300,60,88,14737.14,6.821270227432251
randomSwitchFromFluent,300,60,89,14762.57,6.550256013870239
randomSwitchFromFluent,300,60,90,14351.0,6.635930776596069
randomSwitchFromFluent,300,60,91,15021.13,6.494485855102539
randomSwitchFromFluent,300,60,92,15124.35,6.435284852981567
randomSwitchFromFluent,300,60,93,14838.99,6.5264928340911865
randomSwitchFromFluent,300,60,94,14764.08,6.53021502494812
randomSwitchFromFluent,300,60,95,15666.45,6.68744969367981
randomSwitchFromFluent,300,60,96,14409.13,6.28077244758606
randomSwitchFromFluent,300,60,97,15217.97,6.437695741653442
randomSwitchFromFluent,300,60,98,14666.71,6.836886882781982
randomSwitchFromFluent,300,60,99,14490.82,6.777254104614258
randomSwitchFromFluent,300,70,0,14627.85,6.5077290534973145
randomSwitchFromFluent,300,70,1,14897.64,6.545464038848877
randomSwitchFromFluent,300,70,2,15061.06,6.575563907623291
randomSwitchFromFluent,300,70,3,14024.56,6.442211389541626
randomSwitchFromFluent,300,70,4,14638.27,6.744884014129639
randomSwitchFromFluent,300,70,5,15299.71,6.583220481872559
randomSwitchFromFluent,300,70,6,14691.06,6.800602197647095
randomSwitchFromFluent,300,70,7,14826.28,6.651445388793945
randomSwitchFromFluent,300,70,8,15550.15,6.569060564041138
randomSwitchFromFluent,300,70,9,15272.81,6.412353038787842
randomSwitchFromFluent,300,70,10,15020.0,6.565806150436401
randomSwitchFromFluent,300,70,11,15118.49,6.712151050567627
randomSwitchFromFluent,300,70,12,15033.29,6.5125439167022705
randomSwitchFromFluent,300,70,13,15045.13,6.520841836929321
randomSwitchFromFluent,300,70,14,15185.83,6.42672872543335
randomSwitchFromFluent,300,70,15,14682.76,6.687648296356201
randomSwitchFromFluent,300,70,16,15031.35,6.481571674346924
randomSwitchFromFluent,300,70,17,15698.69,6.669133186340332
randomSwitchFromFluent,300,70,18,14860.89,6.8249006271362305
randomSwitchFromFluent,300,70,19,14868.34,6.417771100997925
randomSwitchFromFluent,300,70,20,14719.56,6.577404022216797
randomSwitchFromFluent,300,70,21,14904.23,6.852428197860718
randomSwitchFromFluent,300,70,22,15303.92,6.878647089004517
randomSwitchFromFluent,300,70,23,14623.1,6.572734355926514
randomSwitchFromFluent,300,70,24,15269.56,6.535735130310059
randomSwitchFromFluent,300,70,25,14946.82,6.373568296432495
randomSwitchFromFluent,300,70,26,14728.46,6.499191761016846
randomSwitchFromFluent,300,70,27,14859.97,6.922014236450195
randomSwitchFromFluent,300,70,28,14004.51,6.528276443481445
randomSwitchFromFluent,300,70,29,14272.98,6.634722948074341
randomSwitchFromFluent,300,70,30,15308.73,6.551311492919922
randomSwitchFromFluent,300,70,31,15459.91,6.413376569747925
randomSwitchFromFluent,300,70,32,15116.61,6.706953763961792
randomSwitchFromFluent,300,70,33,14764.52,6.650282382965088
randomSwitchFromFluent,300,70,34,15568.47,6.402969598770142
randomSwitchFromFluent,300,70,35,14503.17,6.633859872817993
randomSwitchFromFluent,300,70,36,15624.84,6.40166711807251
randomSwitchFromFluent,300,70,37,14753.52,6.181720733642578
randomSwitchFromFluent,300,70,38,15284.24,6.762157201766968
randomSwitchFromFluent,300,70,39,15478.29,6.665356397628784
randomSwitchFromFluent,300,70,40,15101.42,6.7132956981658936
randomSwitchFromFluent,300,70,41,14950.17,6.545992851257324
randomSwitchFromFluent,300,70,42,14818.27,6.79378867149353
randomSwitchFromFluent,300,70,43,14771.56,6.621917009353638
randomSwitchFromFluent,300,70,44,15141.89,6.1216840744018555
randomSwitchFromFluent,300,70,45,15035.91,6.749952554702759
randomSwitchFromFluent,300,70,46,14742.37,6.73580527305603
randomSwitchFromFluent,300,70,47,14724.79,6.519160032272339
randomSwitchFromFluent,300,70,48,14595.15,6.607850551605225
randomSwitchFromFluent,300,70,49,15135.36,6.873263835906982
randomSwitchFromFluent,300,70,50,15295.44,6.593018531799316
randomSwitchFromFluent,300,70,51,15204.99,6.4503867626190186
randomSwitchFromFluent,300,70,52,15127.64,6.689982175827026
randomSwitchFromFluent,300,70,53,14754.0,6.411684036254883
randomSwitchFromFluent,300,70,54,14413.34,6.778371810913086
randomSwitchFromFluent,300,70,55,15731.75,6.786149501800537
randomSwitchFromFluent,300,70,56,15126.15,6.368650436401367
randomSwitchFromFluent,300,70,57,14563.8,6.698563098907471
randomSwitchFromFluent,300,70,58,14996.14,6.646510601043701
randomSwitchFromFluent,300,70,59,15529.15,6.739855527877808
randomSwitchFromFluent,300,70,60,14655.66,6.369970083236694
randomSwitchFromFluent,300,70,61,15060.24,6.544847726821899
randomSwitchFromFluent,300,70,62,14690.6,6.634382963180542
randomSwitchFromFluent,300,70,63,15376.47,6.602703809738159
randomSwitchFromFluent,300,70,64,14728.62,6.540887355804443
randomSwitchFromFluent,300,70,65,14922.56,6.3429200649261475
randomSwitchFromFluent,300,70,66,13817.1,6.8471691608428955
randomSwitchFromFluent,300,70,67,15355.64,6.59776759147644
randomSwitchFromFluent,300,70,68,15165.01,6.823643684387207
randomSwitchFromFluent,300,70,69,14466.46,6.479750156402588
randomSwitchFromFluent,300,70,70,15020.25,6.28026008605957
randomSwitchFromFluent,300,70,71,15208.43,6.5261547565460205
randomSwitchFromFluent,300,70,72,15166.6,6.361364126205444
randomSwitchFromFluent,300,70,73,14851.39,6.457665920257568
randomSwitchFromFluent,300,70,74,14877.64,6.279467582702637
randomSwitchFromFluent,300,70,75,14098.83,6.411170244216919
randomSwitchFromFluent,300,70,76,14979.27,6.625256776809692
randomSwitchFromFluent,300,70,77,14932.61,6.324104309082031
randomSwitchFromFluent,300,70,78,14336.63,6.995012521743774
randomSwitchFromFluent,300,70,79,15108.87,6.416226863861084
randomSwitchFromFluent,300,70,80,15136.63,6.674973964691162
randomSwitchFromFluent,300,70,81,14972.58,6.6610565185546875
randomSwitchFromFluent,300,70,82,14730.9,6.536473035812378
randomSwitchFromFluent,300,70,83,15276.75,6.322791337966919
randomSwitchFromFluent,300,70,84,13949.44,6.386108160018921
randomSwitchFromFluent,300,70,85,15034.42,6.6688923835754395
randomSwitchFromFluent,300,70,86,14645.56,6.34079909324646
randomSwitchFromFluent,300,70,87,14863.69,6.69217324256897
randomSwitchFromFluent,300,70,88,15004.02,6.550693511962891
randomSwitchFromFluent,300,70,89,14809.9,6.384894609451294
randomSwitchFromFluent,300,70,90,14809.55,6.496700286865234
randomSwitchFromFluent,300,70,91,15243.16,6.482724189758301
randomSwitchFromFluent,300,70,92,15486.34,6.43073582649231
randomSwitchFromFluent,300,70,93,14994.59,6.62448525428772
randomSwitchFromFluent,300,70,94,14904.57,6.930540084838867
randomSwitchFromFluent,300,70,95,15467.58,6.528727293014526
randomSwitchFromFluent,300,70,96,14547.95,6.292097568511963
randomSwitchFromFluent,300,70,97,15401.49,6.34205436706543
randomSwitchFromFluent,300,70,98,14978.4,6.265805244445801
randomSwitchFromFluent,300,70,99,14708.66,6.7357964515686035
randomSwitchFromFluent,300,80,0,14548.69,6.600550174713135
randomSwitchFromFluent,300,80,1,15135.77,6.619380950927734
randomSwitchFromFluent,300,80,2,15093.07,6.275255918502808
randomSwitchFromFluent,300,80,3,14116.64,6.66807222366333
randomSwitchFromFluent,300,80,4,14870.57,6.490938186645508
randomSwitchFromFluent,300,80,5,15454.91,6.448529243469238
randomSwitchFromFluent,300,80,6,14716.19,6.658235788345337
randomSwitchFromFluent,300,80,7,14924.04,6.5911829471588135
randomSwitchFromFluent,300,80,8,15426.52,6.584958076477051
randomSwitchFromFluent,300,80,9,15164.58,6.342432737350464
randomSwitchFromFluent,300,80,10,15220.87,6.34245491027832
randomSwitchFromFluent,300,80,11,15132.93,6.55917501449585
randomSwitchFromFluent,300,80,12,14992.06,6.741376638412476
randomSwitchFromFluent,300,80,13,15035.47,6.593834638595581
randomSwitchFromFluent,300,80,14,15205.41,6.656530857086182
randomSwitchFromFluent,300,80,15,15058.04,6.615350723266602
randomSwitchFromFluent,300,80,16,15213.67,6.297309637069702
randomSwitchFromFluent,300,80,17,15353.03,6.515115261077881
randomSwitchFromFluent,300,80,18,14969.25,6.6378748416900635
randomSwitchFromFluent,300,80,19,14771.63,6.459355354309082
randomSwitchFromFluent,300,80,20,14767.9,6.434388637542725
randomSwitchFromFluent,300,80,21,15274.06,6.674739360809326
randomSwitchFromFluent,300,80,22,15021.17,6.692423343658447
randomSwitchFromFluent,300,80,23,14625.95,6.4668614864349365
randomSwitchFromFluent,300,80,24,15145.06,6.747561931610107
randomSwitchFromFluent,300,80,25,15148.72,6.256747484207153
randomSwitchFromFluent,300,80,26,14299.15,6.670886039733887
randomSwitchFromFluent,300,80,27,14701.74,6.748078346252441
randomSwitchFromFluent,300,80,28,14182.73,6.676309108734131
randomSwitchFromFluent,300,80,29,14483.89,6.414499998092651
randomSwitchFromFluent,300,80,30,DNF,DNF
randomSwitchFromFluent,300,80,31,15643.02,6.51087760925293
randomSwitchFromFluent,300,80,32,15026.88,6.457656383514404
randomSwitchFromFluent,300,80,33,15199.47,6.604364395141602
randomSwitchFromFluent,300,80,34,15155.22,6.614645004272461
randomSwitchFromFluent,300,80,35,14381.32,6.532078504562378
randomSwitchFromFluent,300,80,36,15269.46,6.584451198577881
randomSwitchFromFluent,300,80,37,14790.33,6.6142072677612305
randomSwitchFromFluent,300,80,38,15332.04,6.310182332992554
randomSwitchFromFluent,300,80,39,15263.66,6.496267080307007
randomSwitchFromFluent,300,80,40,15245.36,6.495210886001587
randomSwitchFromFluent,300,80,41,14738.75,6.380561828613281
randomSwitchFromFluent,300,80,42,14938.94,6.571711540222168
randomSwitchFromFluent,300,80,43,14766.56,6.690118789672852
randomSwitchFromFluent,300,80,44,15547.0,6.379554510116577
randomSwitchFromFluent,300,80,45,14837.23,6.25751805305481
randomSwitchFromFluent,300,80,46,14953.16,6.776223182678223
randomSwitchFromFluent,300,80,47,14978.7,6.607893705368042
randomSwitchFromFluent,300,80,48,14981.63,6.559842348098755
randomSwitchFromFluent,300,80,49,14785.75,6.547273874282837
randomSwitchFromFluent,300,80,50,15031.92,6.498234033584595
randomSwitchFromFluent,300,80,51,14949.7,6.337853670120239
randomSwitchFromFluent,300,80,52,15250.08,6.719906568527222
randomSwitchFromFluent,300,80,53,14730.22,6.361640214920044
randomSwitchFromFluent,300,80,54,14552.0,6.492644786834717
randomSwitchFromFluent,300,80,55,15605.03,6.6366894245147705
randomSwitchFromFluent,300,80,56,15742.11,6.345516681671143
randomSwitchFromFluent,300,80,57,14749.41,6.465787649154663
randomSwitchFromFluent,300,80,58,15096.22,6.5551605224609375
randomSwitchFromFluent,300,80,59,15098.85,6.410308122634888
randomSwitchFromFluent,300,80,60,14706.7,6.616302967071533
randomSwitchFromFluent,300,80,61,15231.32,6.738211393356323
randomSwitchFromFluent,300,80,62,14645.6,6.303421258926392
randomSwitchFromFluent,300,80,63,15379.27,6.677167177200317
randomSwitchFromFluent,300,80,64,14831.74,6.477322816848755
randomSwitchFromFluent,300,80,65,15004.65,6.595307111740112
randomSwitchFromFluent,300,80,66,14251.8,6.610437631607056
randomSwitchFromFluent,300,80,67,15433.23,6.664986610412598
randomSwitchFromFluent,300,80,68,15253.92,6.483516216278076
randomSwitchFromFluent,300,80,69,14937.75,6.34345269203186
randomSwitchFromFluent,300,80,70,15198.14,6.553030252456665
randomSwitchFromFluent,300,80,71,14963.31,6.493147850036621
randomSwitchFromFluent,300,80,72,15261.53,6.611557722091675
randomSwitchFromFluent,300,80,73,14995.6,6.625292778015137
randomSwitchFromFluent,300,80,74,15227.41,6.44381856918335
randomSwitchFromFluent,300,80,75,14202.08,6.490189790725708
randomSwitchFromFluent,300,80,76,14883.2,6.732226371765137
randomSwitchFromFluent,300,80,77,14527.87,6.317732095718384
randomSwitchFromFluent,300,80,78,14674.18,6.5586559772491455
randomSwitchFromFluent,300,80,79,15154.53,6.66190505027771
randomSwitchFromFluent,300,80,80,14921.0,6.639621257781982
randomSwitchFromFluent,300,80,81,14814.61,6.8089635372161865
randomSwitchFromFluent,300,80,82,15011.1,6.829599618911743
randomSwitchFromFluent,300,80,83,15143.43,6.477270126342773
randomSwitchFromFluent,300,80,84,13671.45,6.442006826400757
randomSwitchFromFluent,300,80,85,15224.15,6.628559827804565
randomSwitchFromFluent,300,80,86,14416.51,6.705861806869507
randomSwitchFromFluent,300,80,87,15255.79,6.7007224559783936
randomSwitchFromFluent,300,80,88,14898.17,6.625549793243408
randomSwitchFromFluent,300,80,89,15017.75,6.5336925983428955
randomSwitchFromFluent,300,80,90,14782.27,6.822664499282837
randomSwitchFromFluent,300,80,91,15057.31,6.554579734802246
randomSwitchFromFluent,300,80,92,15517.3,6.353119373321533
randomSwitchFromFluent,300,80,93,15144.95,6.5577356815338135
randomSwitchFromFluent,300,80,94,15395.34,6.717892169952393
randomSwitchFromFluent,300,80,95,DNF,DNF
randomSwitchFromFluent,300,80,96,15002.87,6.5077805519104
randomSwitchFromFluent,300,80,97,15489.44,6.57552695274353
randomSwitchFromFluent,300,80,98,15111.42,6.5229332447052
randomSwitchFromFluent,300,80,99,14456.1,6.844804525375366
randomSwitchFromFluent,300,90,0,14599.3,6.474509000778198
randomSwitchFromFluent,300,90,1,14871.42,6.516515016555786
randomSwitchFromFluent,300,90,2,14933.0,6.285652160644531
randomSwitchFromFluent,300,90,3,14140.95,6.4931957721710205
randomSwitchFromFluent,300,90,4,14988.41,6.664000511169434
randomSwitchFromFluent,300,90,5,15458.55,6.392161130905151
randomSwitchFromFluent,300,90,6,14707.37,6.711474895477295
randomSwitchFromFluent,300,90,7,14929.97,6.435321569442749
randomSwitchFromFluent,300,90,8,15504.99,6.487265110015869
randomSwitchFromFluent,300,90,9,15375.61,6.36684513092041
randomSwitchFromFluent,300,90,10,15218.01,6.672981023788452
randomSwitchFromFluent,300,90,11,15235.57,6.760614395141602
randomSwitchFromFluent,300,90,12,15079.67,6.806888103485107
randomSwitchFromFluent,300,90,13,15378.79,6.438065528869629
randomSwitchFromFluent,300,90,14,15297.0,6.736326217651367
randomSwitchFromFluent,300,90,15,15142.57,6.408002853393555
randomSwitchFromFluent,300,90,16,15060.91,6.423692464828491
randomSwitchFromFluent,300,90,17,15253.09,6.626553297042847
randomSwitchFromFluent,300,90,18,15082.16,6.666249752044678
randomSwitchFromFluent,300,90,19,15023.87,6.700016736984253
randomSwitchFromFluent,300,90,20,14791.96,6.625027894973755
randomSwitchFromFluent,300,90,21,15069.55,6.738463401794434
randomSwitchFromFluent,300,90,22,14905.93,6.804540157318115
randomSwitchFromFluent,300,90,23,14634.44,6.430791616439819
randomSwitchFromFluent,300,90,24,15350.24,6.86397647857666
randomSwitchFromFluent,300,90,25,15208.52,6.434634685516357
randomSwitchFromFluent,300,90,26,14352.85,6.444986343383789
randomSwitchFromFluent,300,90,27,14745.46,6.500446081161499
randomSwitchFromFluent,300,90,28,14074.07,6.741174936294556
randomSwitchFromFluent,300,90,29,14305.57,6.521352529525757
randomSwitchFromFluent,300,90,30,15294.27,6.588184833526611
randomSwitchFromFluent,300,90,31,15653.16,6.5348310470581055
randomSwitchFromFluent,300,90,32,14959.54,6.614274978637695
randomSwitchFromFluent,300,90,33,15159.89,6.860119819641113
randomSwitchFromFluent,300,90,34,15332.54,6.7246716022491455
randomSwitchFromFluent,300,90,35,14411.45,6.705530166625977
randomSwitchFromFluent,300,90,36,15325.81,6.9023027420043945
randomSwitchFromFluent,300,90,37,14767.89,6.673624038696289
randomSwitchFromFluent,300,90,38,15347.79,6.38765025138855
randomSwitchFromFluent,300,90,39,15416.96,6.505207061767578
randomSwitchFromFluent,300,90,40,15397.17,6.411872386932373
randomSwitchFromFluent,300,90,41,14809.38,6.740994215011597
randomSwitchFromFluent,300,90,42,14826.65,6.642898082733154
randomSwitchFromFluent,300,90,43,14723.23,6.6301047801971436
randomSwitchFromFluent,300,90,44,15226.46,6.3945159912109375
randomSwitchFromFluent,300,90,45,15045.91,6.685669422149658
randomSwitchFromFluent,300,90,46,14861.47,6.735263347625732
randomSwitchFromFluent,300,90,47,15045.61,6.311326265335083
randomSwitchFromFluent,300,90,48,14556.21,6.477123022079468
randomSwitchFromFluent,300,90,49,14706.1,6.515934467315674
randomSwitchFromFluent,300,90,50,15588.8,6.325544357299805
randomSwitchFromFluent,300,90,51,15335.84,6.414139270782471
randomSwitchFromFluent,300,90,52,15187.86,6.423881530761719
randomSwitchFromFluent,300,90,53,14814.39,6.457580089569092
randomSwitchFromFluent,300,90,54,14451.72,6.634676218032837
randomSwitchFromFluent,300,90,55,15658.51,6.317911624908447
randomSwitchFromFluent,300,90,56,15756.75,6.667654752731323
randomSwitchFromFluent,300,90,57,14964.04,6.893438339233398
randomSwitchFromFluent,300,90,58,14839.02,6.401094198226929
randomSwitchFromFluent,300,90,59,15195.78,6.446413993835449
randomSwitchFromFluent,300,90,60,14978.72,6.592504262924194
randomSwitchFromFluent,300,90,61,14929.18,6.527773857116699
randomSwitchFromFluent,300,90,62,14823.4,6.366425275802612
randomSwitchFromFluent,300,90,63,15240.47,6.633762359619141
randomSwitchFromFluent,300,90,64,14887.59,6.393662452697754
randomSwitchFromFluent,300,90,65,15159.84,6.62076473236084
randomSwitchFromFluent,300,90,66,14087.97,6.33807110786438
randomSwitchFromFluent,300,90,67,15126.24,6.784488677978516
randomSwitchFromFluent,300,90,68,15275.81,6.462852478027344
randomSwitchFromFluent,300,90,69,14542.82,6.663946628570557
randomSwitchFromFluent,300,90,70,15092.57,6.2984747886657715
randomSwitchFromFluent,300,90,71,15321.61,6.519721508026123
randomSwitchFromFluent,300,90,72,15153.44,6.39421010017395
randomSwitchFromFluent,300,90,73,14817.86,6.596997022628784
randomSwitchFromFluent,300,90,74,15198.45,6.46943736076355
randomSwitchFromFluent,300,90,75,14205.25,6.355841398239136
randomSwitchFromFluent,300,90,76,14980.12,6.511159420013428
randomSwitchFromFluent,300,90,77,14989.6,6.596700191497803
randomSwitchFromFluent,300,90,78,14662.28,6.477013349533081
randomSwitchFromFluent,300,90,79,15121.97,6.846658706665039
randomSwitchFromFluent,300,90,80,15114.15,6.88943076133728
randomSwitchFromFluent,300,90,81,14871.63,6.753651142120361
randomSwitchFromFluent,300,90,82,14910.99,6.520868301391602
randomSwitchFromFluent,300,90,83,15226.7,6.404770612716675
randomSwitchFromFluent,300,90,84,13679.83,6.543161630630493
randomSwitchFromFluent,300,90,85,15378.97,6.232283592224121
randomSwitchFromFluent,300,90,86,14699.62,6.66250467300415
randomSwitchFromFluent,300,90,87,15136.7,6.76739764213562
randomSwitchFromFluent,300,90,88,14589.81,6.580193996429443
randomSwitchFromFluent,300,90,89,15223.08,6.571207046508789
randomSwitchFromFluent,300,90,90,14893.26,6.506300449371338
randomSwitchFromFluent,300,90,91,15179.75,6.5329461097717285
randomSwitchFromFluent,300,90,92,15404.19,6.540022373199463
randomSwitchFromFluent,300,90,93,14905.67,6.495700120925903
randomSwitchFromFluent,300,90,94,15218.87,6.846073389053345
randomSwitchFromFluent,300,90,95,15809.47,6.637825965881348
randomSwitchFromFluent,300,90,96,14807.37,6.683722496032715
randomSwitchFromFluent,300,90,97,15492.97,6.548983573913574
randomSwitchFromFluent,300,90,98,14948.11,6.6393141746521
randomSwitchFromFluent,300,90,99,14623.88,6.289177894592285
randomSwitchFromFluent,300,100,0,14681.27,6.4158031940460205
randomSwitchFromFluent,300,100,1,15451.13,6.38837456703186
randomSwitchFromFluent,300,100,2,15065.57,6.336204528808594
randomSwitchFromFluent,300,100,3,13900.88,6.4418957233428955
randomSwitchFromFluent,300,100,4,14946.68,6.5081706047058105
randomSwitchFromFluent,300,100,5,15432.1,6.492467641830444
randomSwitchFromFluent,300,100,6,14639.26,6.481945276260376
randomSwitchFromFluent,300,100,7,14894.66,6.609600782394409
randomSwitchFromFluent,300,100,8,15549.98,6.442526817321777
randomSwitchFromFluent,300,100,9,15254.07,6.174836158752441
randomSwitchFromFluent,300,100,10,15188.38,6.4736926555633545
randomSwitchFromFluent,300,100,11,14888.83,6.611476421356201
randomSwitchFromFluent,300,100,12,14929.93,6.822532415390015
randomSwitchFromFluent,300,100,13,15177.92,6.657270193099976
randomSwitchFromFluent,300,100,14,15226.42,6.607472658157349
randomSwitchFromFluent,300,100,15,15359.96,6.550506114959717
randomSwitchFromFluent,300,100,16,14985.44,6.505980968475342
randomSwitchFromFluent,300,100,17,15251.43,6.6702563762664795
randomSwitchFromFluent,300,100,18,14841.52,6.341604232788086
randomSwitchFromFluent,300,100,19,15200.57,6.461275815963745
randomSwitchFromFluent,300,100,20,14688.72,6.49857234954834
randomSwitchFromFluent,300,100,21,15154.13,6.5805253982543945
randomSwitchFromFluent,300,100,22,15075.18,6.8453369140625
randomSwitchFromFluent,300,100,23,14639.47,6.912740468978882
randomSwitchFromFluent,300,100,24,15476.49,6.696512699127197
randomSwitchFromFluent,300,100,25,15219.0,6.742689371109009
randomSwitchFromFluent,300,100,26,14355.4,6.456137180328369
randomSwitchFromFluent,300,100,27,14809.34,6.55490255355835
randomSwitchFromFluent,300,100,28,14032.95,6.5083794593811035
randomSwitchFromFluent,300,100,29,14321.22,6.5723795890808105
randomSwitchFromFluent,300,100,30,15099.11,6.517866611480713
randomSwitchFromFluent,300,100,31,15622.02,6.37636923789978
randomSwitchFromFluent,300,100,32,15182.81,6.835489749908447
randomSwitchFromFluent,300,100,33,15327.64,6.616729736328125
randomSwitchFromFluent,300,100,34,15488.16,6.476892948150635
randomSwitchFromFluent,300,100,35,14305.96,6.552093029022217
randomSwitchFromFluent,300,100,36,15240.73,6.46430516242981
randomSwitchFromFluent,300,100,37,14865.7,6.479094982147217
randomSwitchFromFluent,300,100,38,15247.52,6.292505979537964
randomSwitchFromFluent,300,100,39,15314.46,6.667569875717163
randomSwitchFromFluent,300,100,40,15414.17,6.515711784362793
randomSwitchFromFluent,300,100,41,14879.27,6.81856894493103
randomSwitchFromFluent,300,100,42,14899.85,6.695969343185425
randomSwitchFromFluent,300,100,43,14604.61,6.2801594734191895
randomSwitchFromFluent,300,100,44,15349.46,6.559279680252075
randomSwitchFromFluent,300,100,45,15071.95,6.51640248298645
randomSwitchFromFluent,300,100,46,14786.06,6.7655029296875
randomSwitchFromFluent,300,100,47,15161.02,6.406343936920166
randomSwitchFromFluent,300,100,48,14632.66,6.4042723178863525
randomSwitchFromFluent,300,100,49,14767.43,6.357083320617676
randomSwitchFromFluent,300,100,50,15144.13,6.628849029541016
randomSwitchFromFluent,300,100,51,15381.05,6.774384260177612
randomSwitchFromFluent,300,100,52,15177.25,6.540688514709473
randomSwitchFromFluent,300,100,53,14712.29,6.322259187698364
randomSwitchFromFluent,300,100,54,14566.15,6.601002931594849
randomSwitchFromFluent,300,100,55,15550.12,6.573355674743652
randomSwitchFromFluent,300,100,56,15825.77,6.586885929107666
randomSwitchFromFluent,300,100,57,14865.23,6.721413850784302
randomSwitchFromFluent,300,100,58,14648.45,6.556587219238281
randomSwitchFromFluent,300,100,59,15361.16,6.521488428115845
randomSwitchFromFluent,300,100,60,14933.15,6.638259649276733
randomSwitchFromFluent,300,100,61,15123.27,6.642600774765015
randomSwitchFromFluent,300,100,62,14723.34,6.6410980224609375
randomSwitchFromFluent,300,100,63,14994.77,6.648287773132324
randomSwitchFromFluent,300,100,64,14979.08,6.312585830688477
randomSwitchFromFluent,300,100,65,15097.71,6.640561103820801
randomSwitchFromFluent,300,100,66,14181.47,6.343620777130127
randomSwitchFromFluent,300,100,67,14957.66,6.7209153175354
randomSwitchFromFluent,300,100,68,15262.45,6.546828746795654
randomSwitchFromFluent,300,100,69,14578.95,6.3804802894592285
randomSwitchFromFluent,300,100,70,15012.54,6.733402967453003
randomSwitchFromFluent,300,100,71,15229.2,6.311138868331909
randomSwitchFromFluent,300,100,72,15190.47,6.442656993865967
randomSwitchFromFluent,300,100,73,14997.39,6.580036401748657
randomSwitchFromFluent,300,100,74,15225.06,6.331523418426514
randomSwitchFromFluent,300,100,75,14165.32,6.242004871368408
randomSwitchFromFluent,300,100,76,14796.5,6.701460361480713
randomSwitchFromFluent,300,100,77,14906.37,6.819837331771851
randomSwitchFromFluent,300,100,78,14863.18,6.459095478057861
randomSwitchFromFluent,300,100,79,15000.42,6.85548734664917
randomSwitchFromFluent,300,100,80,15179.8,6.315404176712036
randomSwitchFromFluent,300,100,81,14805.18,6.601637840270996
randomSwitchFromFluent,300,100,82,14822.62,6.655850648880005
randomSwitchFromFluent,300,100,83,15217.51,6.424509525299072
randomSwitchFromFluent,300,100,84,13716.27,6.539190292358398
randomSwitchFromFluent,300,100,85,15574.86,6.424206733703613
randomSwitchFromFluent,300,100,86,14580.62,6.717042684555054
randomSwitchFromFluent,300,100,87,15177.98,6.539777755737305
randomSwitchFromFluent,300,100,88,14708.94,6.447245359420776
randomSwitchFromFluent,300,100,89,14998.95,6.818800210952759
randomSwitchFromFluent,300,100,90,14799.81,6.446135520935059
randomSwitchFromFluent,300,100,91,15150.19,6.375854253768921
randomSwitchFromFluent,300,100,92,15225.53,6.4334447383880615
randomSwitchFromFluent,300,100,93,14922.27,6.409212827682495
randomSwitchFromFluent,300,100,94,15161.58,6.585647821426392
randomSwitchFromFluent,300,100,95,15996.59,6.5880467891693115
randomSwitchFromFluent,300,100,96,15074.05,6.591049432754517
randomSwitchFromFluent,300,100,97,15567.16,6.614588499069214
randomSwitchFromFluent,300,100,98,15424.33,6.645925045013428
randomSwitchFromFluent,300,100,99,14699.92,6.213073253631592
randomSwitchFromRandom,300,0,0,10669.37,7.938987731933594
randomSwitchFromRandom,300,0,1,10829.34,8.076080083847046
randomSwitchFromRandom,300,0,2,10950.32,7.848233938217163
randomSwitchFromRandom,300,0,3,10560.31,7.946635961532593
randomSwitchFromRandom,300,0,4,10936.51,7.932538986206055
randomSwitchFromRandom,300,0,5,10900.7,7.807752370834351
randomSwitchFromRandom,300,0,6,10528.31,7.713917970657349
randomSwitchFromRandom,300,0,7,10653.89,7.972134113311768
randomSwitchFromRandom,300,0,8,10935.8,8.103350400924683
randomSwitchFromRandom,300,0,9,10898.22,7.9284937381744385
randomSwitchFromRandom,300,0,10,11118.52,7.9541449546813965
randomSwitchFromRandom,300,0,11,11090.86,7.862886905670166
randomSwitchFromRandom,300,0,12,10711.21,7.931036710739136
randomSwitchFromRandom,300,0,13,11126.14,8.069916725158691
randomSwitchFromRandom,300,0,14,10983.56,7.833171129226685
randomSwitchFromRandom,300,0,15,10825.23,7.891604900360107
randomSwitchFromRandom,300,0,16,10969.94,8.027484893798828
randomSwitchFromRandom,300,0,17,11243.92,7.791703701019287
randomSwitchFromRandom,300,0,18,10912.4,7.916141748428345
randomSwitchFromRandom,300,0,19,11085.15,7.851858377456665
randomSwitchFromRandom,300,0,20,10584.63,8.104825258255005
randomSwitchFromRandom,300,0,21,11097.55,7.920458555221558
randomSwitchFromRandom,300,0,22,10969.61,7.928743600845337
randomSwitchFromRandom,300,0,23,10866.48,8.100671529769897
randomSwitchFromRandom,300,0,24,10969.1,7.759321451187134
randomSwitchFromRandom,300,0,25,11071.13,7.839613199234009
randomSwitchFromRandom,300,0,26,10928.23,7.936465740203857
randomSwitchFromRandom,300,0,27,10634.2,7.825714111328125
randomSwitchFromRandom,300,0,28,10609.99,7.877362966537476
randomSwitchFromRandom,300,0,29,10835.19,7.802900552749634
randomSwitchFromRandom,300,0,30,10710.97,7.827961444854736
randomSwitchFromRandom,300,0,31,10930.46,7.767776966094971
randomSwitchFromRandom,300,0,32,10937.91,7.908298969268799
randomSwitchFromRandom,300,0,33,11034.72,7.668699502944946
randomSwitchFromRandom,300,0,34,10876.99,8.029611825942993
randomSwitchFromRandom,300,0,35,10985.91,8.033268213272095
randomSwitchFromRandom,300,0,36,11059.74,7.877427339553833
randomSwitchFromRandom,300,0,37,10552.54,8.061257123947144
randomSwitchFromRandom,300,0,38,11041.18,8.112659215927124
randomSwitchFromRandom,300,0,39,10979.53,7.8024797439575195
randomSwitchFromRandom,300,0,40,10910.62,7.808614730834961
randomSwitchFromRandom,300,0,41,10978.95,7.855942964553833
randomSwitchFromRandom,300,0,42,11080.55,8.153645515441895
randomSwitchFromRandom,300,0,43,10680.36,7.869141578674316
randomSwitchFromRandom,300,0,44,10984.34,7.879787921905518
randomSwitchFromRandom,300,0,45,10970.76,7.997480154037476
randomSwitchFromRandom,300,0,46,10761.0,7.983121156692505
randomSwitchFromRandom,300,0,47,10726.88,7.974881410598755
randomSwitchFromRandom,300,0,48,10514.42,7.871498346328735
randomSwitchFromRandom,300,0,49,10763.94,7.779128551483154
randomSwitchFromRandom,300,0,50,11353.76,7.852827787399292
randomSwitchFromRandom,300,0,51,11530.36,8.111626148223877
randomSwitchFromRandom,300,0,52,11213.21,7.926142930984497
randomSwitchFromRandom,300,0,53,11050.81,7.8833091259002686
randomSwitchFromRandom,300,0,54,10682.7,7.957863807678223
randomSwitchFromRandom,300,0,55,10726.13,8.019749879837036
randomSwitchFromRandom,300,0,56,10851.51,7.852216720581055
randomSwitchFromRandom,300,0,57,11342.77,8.198221445083618
randomSwitchFromRandom,300,0,58,10622.38,7.882080078125
randomSwitchFromRandom,300,0,59,10902.81,8.120373725891113
randomSwitchFromRandom,300,0,60,10551.14,7.983093976974487
randomSwitchFromRandom,300,0,61,11083.15,7.8252058029174805
randomSwitchFromRandom,300,0,62,10527.69,8.068657875061035
randomSwitchFromRandom,300,0,63,11169.98,7.92332649230957
randomSwitchFromRandom,300,0,64,10908.3,7.968069076538086
randomSwitchFromRandom,300,0,65,10941.19,7.753403663635254
randomSwitchFromRandom,300,0,66,10559.86,7.741062879562378
randomSwitchFromRandom,300,0,67,10669.43,7.850788116455078
randomSwitchFromRandom,300,0,68,11213.16,7.967713832855225
randomSwitchFromRandom,300,0,69,10716.07,7.98161768913269
randomSwitchFromRandom,300,0,70,10952.2,8.166505336761475
randomSwitchFromRandom,300,0,71,11187.15,8.052634239196777
randomSwitchFromRandom,300,0,72,10765.3,8.084620714187622
randomSwitchFromRandom,300,0,73,10989.28,7.962478876113892
randomSwitchFromRandom,300,0,74,10724.62,8.147039413452148
randomSwitchFromRandom,300,0,75,10543.94,7.94603705406189
randomSwitchFromRandom,300,0,76,10797.42,7.941007614135742
randomSwitchFromRandom,300,0,77,10949.37,7.934398174285889
randomSwitchFromRandom,300,0,78,10805.22,7.921043634414673
randomSwitchFromRandom,300,0,79,11024.36,8.01544713973999
randomSwitchFromRandom,300,0,80,10907.83,7.764301061630249
randomSwitchFromRandom,300,0,81,10789.11,8.246575355529785
randomSwitchFromRandom,300,0,82,10728.93,7.8106231689453125
randomSwitchFromRandom,300,0,83,11104.36,7.930545091629028
randomSwitchFromRandom,300,0,84,10369.1,7.909104585647583
randomSwitchFromRandom,300,0,85,10845.98,7.938755512237549
randomSwitchFromRandom,300,0,86,10850.91,8.074965000152588
randomSwitchFromRandom,300,0,87,10978.17,7.846368789672852
randomSwitchFromRandom,300,0,88,10890.0,8.194254875183105
randomSwitchFromRandom,300,0,89,10996.74,7.9600934982299805
randomSwitchFromRandom,300,0,90,10868.36,8.013344287872314
randomSwitchFromRandom,300,0,91,10789.18,7.885281562805176
randomSwitchFromRandom,300,0,92,10970.28,7.8285980224609375
randomSwitchFromRandom,300,0,93,10982.42,7.933507442474365
randomSwitchFromRandom,300,0,94,10892.65,8.077804327011108
randomSwitchFromRandom,300,0,95,10862.7,7.821382522583008
randomSwitchFromRandom,300,0,96,10708.64,8.087905406951904
randomSwitchFromRandom,300,0,97,10977.54,7.910367488861084
randomSwitchFromRandom,300,0,98,11010.67,8.312890529632568
randomSwitchFromRandom,300,0,99,11033.86,8.138926267623901
randomSwitchFromRandom,300,10,0,10654.55,7.963464736938477
randomSwitchFromRandom,300,10,1,11591.74,8.209585905075073
randomSwitchFromRandom,300,10,2,11630.83,8.349769353866577
randomSwitchFromRandom,300,10,3,11088.27,9.077176094055176
randomSwitchFromRandom,300,10,4,11517.81,7.924253940582275
randomSwitchFromRandom,300,10,5,12009.1,8.21086072921753
randomSwitchFromRandom,300,10,6,11312.33,8.122308731079102
randomSwitchFromRandom,300,10,7,11238.72,7.795587778091431
randomSwitchFromRandom,300,10,8,11412.99,8.035080194473267
randomSwitchFromRandom,300,10,9,11524.0,8.117384195327759
randomSwitchFromRandom,300,10,10,11554.3,8.095285654067993
randomSwitchFromRandom,300,10,11,11622.95,7.929126739501953
randomSwitchFromRandom,300,10,12,11526.58,8.102533340454102
randomSwitchFromRandom,300,10,13,11298.81,8.11659550666809
randomSwitchFromRandom,300,10,14,11702.52,8.165834188461304
randomSwitchFromRandom,300,10,15,11451.56,8.230040788650513
randomSwitchFromRandom,300,10,16,11273.05,8.005702257156372
randomSwitchFromRandom,300,10,17,11396.27,8.066970348358154
randomSwitchFromRandom,300,10,18,11154.65,8.045861721038818
randomSwitchFromRandom,300,10,19,11573.88,8.105223417282104
randomSwitchFromRandom,300,10,20,11287.54,8.556541919708252
randomSwitchFromRandom,300,10,21,11771.72,7.92181921005249
randomSwitchFromRandom,300,10,22,11478.38,8.112262725830078
randomSwitchFromRandom,300,10,23,11513.03,8.121167421340942
randomSwitchFromRandom,300,10,24,11508.15,8.180107116699219
randomSwitchFromRandom,300,10,25,11681.78,8.379453182220459
randomSwitchFromRandom,300,10,26,11348.05,7.840242862701416
randomSwitchFromRandom,300,10,27,11275.78,7.96849513053894
randomSwitchFromRandom,300,10,28,11104.85,8.027867794036865
randomSwitchFromRandom,300,10,29,11284.9,8.159102201461792
randomSwitchFromRandom,300,10,30,11645.53,8.021072626113892
randomSwitchFromRandom,300,10,31,11928.37,7.926052570343018
randomSwitchFromRandom,300,10,32,11786.34,8.15446400642395
randomSwitchFromRandom,300,10,33,11519.35,7.9916465282440186
randomSwitchFromRandom,300,10,34,11505.89,9.064598798751831
randomSwitchFromRandom,300,10,35,11305.33,8.085729360580444
randomSwitchFromRandom,300,10,36,11737.25,8.15962290763855
randomSwitchFromRandom,300,10,37,11244.6,8.384113788604736
randomSwitchFromRandom,300,10,38,11414.73,8.155936002731323
randomSwitchFromRandom,300,10,39,11758.17,8.039562225341797
randomSwitchFromRandom,300,10,40,12067.29,8.017355918884277
randomSwitchFromRandom,300,10,41,11380.15,8.042805194854736
randomSwitchFromRandom,300,10,42,11694.63,7.9969871044158936
randomSwitchFromRandom,300,10,43,11316.05,7.775379419326782
randomSwitchFromRandom,300,10,44,11489.2,8.149406671524048
randomSwitchFromRandom,300,10,45,11120.36,8.619989395141602
randomSwitchFromRandom,300,10,46,11384.26,8.10392165184021
randomSwitchFromRandom,300,10,47,11541.36,8.18843674659729
randomSwitchFromRandom,300,10,48,11199.04,8.150975942611694
randomSwitchFromRandom,300,10,49,11659.09,8.186391353607178
randomSwitchFromRandom,300,10,50,11634.69,8.083688735961914
randomSwitchFromRandom,300,10,51,11545.85,8.067924976348877
randomSwitchFromRandom,300,10,52,11943.85,8.37028169631958
randomSwitchFromRandom,300,10,53,11614.23,8.135235071182251
randomSwitchFromRandom,300,10,54,11070.22,8.078518390655518
randomSwitchFromRandom,300,10,55,11872.4,8.15723180770874
randomSwitchFromRandom,300,10,56,11611.49,8.049027681350708
randomSwitchFromRandom,300,10,57,11183.44,8.027058124542236
randomSwitchFromRandom,300,10,58,11191.54,8.14100980758667
randomSwitchFromRandom,300,10,59,11496.34,8.211841344833374
randomSwitchFromRandom,300,10,60,11459.62,7.8305933475494385
randomSwitchFromRandom,300,10,61,11572.39,8.056050062179565
randomSwitchFromRandom,300,10,62,11627.19,8.23521089553833
randomSwitchFromRandom,300,10,63,11771.76,8.19565200805664
randomSwitchFromRandom,300,10,64,11387.45,8.007025241851807
randomSwitchFromRandom,300,10,65,11234.8,8.442887306213379
randomSwitchFromRandom,300,10,66,10879.95,8.26572561264038
randomSwitchFromRandom,300,10,67,11931.19,7.9180567264556885
randomSwitchFromRandom,300,10,68,11597.02,7.961778879165649
randomSwitchFromRandom,300,10,69,11668.49,8.172906875610352
randomSwitchFromRandom,300,10,70,11252.12,8.438154697418213
randomSwitchFromRandom,300,10,71,11552.52,8.079074144363403
randomSwitchFromRandom,300,10,72,11830.91,7.9509382247924805
randomSwitchFromRandom,300,10,73,11522.34,8.144826173782349
randomSwitchFromRandom,300,10,74,11900.75,8.034186363220215
randomSwitchFromRandom,300,10,75,11081.01,8.13401746749878
randomSwitchFromRandom,300,10,76,11698.54,8.125969648361206
randomSwitchFromRandom,300,10,77,11132.82,8.353957176208496
randomSwitchFromRandom,300,10,78,11822.48,8.188458442687988
randomSwitchFromRandom,300,10,79,11714.49,8.255975008010864
randomSwitchFromRandom,300,10,80,11685.77,8.022458791732788
randomSwitchFromRandom,300,10,81,11398.93,8.259275436401367
randomSwitchFromRandom,300,10,82,11160.32,7.984767913818359
randomSwitchFromRandom,300,10,83,11654.51,8.027306318283081
randomSwitchFromRandom,300,10,84,10938.52,7.924246549606323
randomSwitchFromRandom,300,10,85,11687.14,8.116490840911865
randomSwitchFromRandom,300,10,86,11247.73,7.999165058135986
randomSwitchFromRandom,300,10,87,11469.79,7.819502592086792
randomSwitchFromRandom,300,10,88,11392.69,7.932955026626587
randomSwitchFromRandom,300,10,89,11850.64,7.954977512359619
randomSwitchFromRandom,300,10,90,11473.03,8.017780065536499
randomSwitchFromRandom,300,10,91,11904.53,7.898107528686523
randomSwitchFromRandom,300,10,92,11672.66,7.865727663040161
randomSwitchFromRandom,300,10,93,11572.57,7.98674464225769
randomSwitchFromRandom,300,10,94,11349.99,8.01740312576294
randomSwitchFromRandom,300,10,95,11663.71,7.999313116073608
randomSwitchFromRandom,300,10,96,11351.41,7.970291614532471
randomSwitchFromRandom,300,10,97,12069.26,8.053225755691528
randomSwitchFromRandom,300,10,98,11513.27,8.12164306640625
randomSwitchFromRandom,300,10,99,11620.79,8.226569890975952
randomSwitchFromRandom,300,20,0,11608.68,8.125806331634521
randomSwitchFromRandom,300,20,1,11972.45,7.921236276626587
randomSwitchFromRandom,300,20,2,12266.27,8.009696006774902
randomSwitchFromRandom,300,20,3,11364.03,8.172162771224976
randomSwitchFromRandom,300,20,4,11695.23,8.006853580474854
randomSwitchFromRandom,300,20,5,11651.18,8.051645517349243
randomSwitchFromRandom,300,20,6,11938.02,8.163504600524902
randomSwitchFromRandom,300,20,7,11505.48,8.065477848052979
randomSwitchFromRandom,300,20,8,11527.7,8.029581785202026
randomSwitchFromRandom,300,20,9,11546.36,8.019532918930054
randomSwitchFromRandom,300,20,10,12016.24,8.303494691848755
randomSwitchFromRandom,300,20,11,12159.29,8.246292352676392
randomSwitchFromRandom,300,20,12,11720.38,8.181465148925781
randomSwitchFromRandom,300,20,13,11813.69,8.171395778656006
randomSwitchFromRandom,300,20,14,12044.54,8.05073094367981
randomSwitchFromRandom,300,20,15,11850.06,8.571425914764404
randomSwitchFromRandom,300,20,16,11720.96,8.592591524124146
randomSwitchFromRandom,300,20,17,12174.22,8.15537166595459
randomSwitchFromRandom,300,20,18,12442.14,8.214243650436401
randomSwitchFromRandom,300,20,19,11787.07,8.23163652420044
randomSwitchFromRandom,300,20,20,11630.12,8.467942237854004
randomSwitchFromRandom,300,20,21,12162.33,8.348781108856201
randomSwitchFromRandom,300,20,22,11994.74,8.39620590209961
randomSwitchFromRandom,300,20,23,11607.67,8.044800281524658
randomSwitchFromRandom,300,20,24,11781.82,7.883486986160278
randomSwitchFromRandom,300,20,25,12158.2,8.05641770362854
randomSwitchFromRandom,300,20,26,11980.89,8.005729913711548
randomSwitchFromRandom,300,20,27,12151.81,8.138227701187134
randomSwitchFromRandom,300,20,28,11554.05,9.235499858856201
randomSwitchFromRandom,300,20,29,12067.55,10.056598901748657
randomSwitchFromRandom,300,20,30,12112.81,8.423563957214355
randomSwitchFromRandom,300,20,31,12233.02,8.087889194488525
randomSwitchFromRandom,300,20,32,12284.72,8.196120738983154
randomSwitchFromRandom,300,20,33,11730.72,8.083552122116089
randomSwitchFromRandom,300,20,34,12027.6,8.392739295959473
randomSwitchFromRandom,300,20,35,11518.17,9.359820365905762
randomSwitchFromRandom,300,20,36,12449.25,8.350149631500244
randomSwitchFromRandom,300,20,37,11841.11,7.956667900085449
randomSwitchFromRandom,300,20,38,12018.0,8.559202671051025
randomSwitchFromRandom,300,20,39,11795.56,7.835440158843994
randomSwitchFromRandom,300,20,40,12249.59,10.01117753982544
randomSwitchFromRandom,300,20,41,12327.11,8.4704270362854
randomSwitchFromRandom,300,20,42,12550.2,8.49340271949768
randomSwitchFromRandom,300,20,43,11407.05,8.665042638778687
randomSwitchFromRandom,300,20,44,12417.79,8.111334562301636
randomSwitchFromRandom,300,20,45,11926.69,8.468262910842896
randomSwitchFromRandom,300,20,46,12204.14,8.967017889022827
randomSwitchFromRandom,300,20,47,11761.01,7.962614297866821
randomSwitchFromRandom,300,20,48,11784.67,8.081016063690186
randomSwitchFromRandom,300,20,49,11846.26,7.989721775054932
randomSwitchFromRandom,300,20,50,12095.72,7.9543375968933105
randomSwitchFromRandom,300,20,51,11902.28,8.042466640472412
randomSwitchFromRandom,300,20,52,11928.35,8.127652883529663
randomSwitchFromRandom,300,20,53,12073.17,8.663908958435059
randomSwitchFromRandom,300,20,54,11980.24,7.861896753311157
randomSwitchFromRandom,300,20,55,11983.46,8.048684358596802
randomSwitchFromRandom,300,20,56,11723.64,7.981258153915405
randomSwitchFromRandom,300,20,57,12049.75,7.997352123260498
randomSwitchFromRandom,300,20,58,11966.66,8.053774118423462
randomSwitchFromRandom,300,20,59,12017.03,8.287023782730103
randomSwitchFromRandom,300,20,60,11626.52,8.063751935958862
randomSwitchFromRandom,300,20,61,12104.7,9.528823852539062
randomSwitchFromRandom,300,20,62,11593.73,8.001136541366577
randomSwitchFromRandom,300,20,63,12444.71,8.10876727104187
randomSwitchFromRandom,300,20,64,11781.32,7.962968826293945
randomSwitchFromRandom,300,20,65,11712.72,8.401342153549194
randomSwitchFromRandom,300,20,66,11833.81,7.946745157241821
randomSwitchFromRandom,300,20,67,11800.87,7.949590444564819
randomSwitchFromRandom,300,20,68,12236.36,8.078532695770264
randomSwitchFromRandom,300,20,69,11943.67,8.387957334518433
randomSwitchFromRandom,300,20,70,11762.63,8.181570291519165
randomSwitchFromRandom,300,20,71,11895.79,8.141391515731812
randomSwitchFromRandom,300,20,72,12079.43,8.847365856170654
randomSwitchFromRandom,300,20,73,11538.53,7.937823295593262
randomSwitchFromRandom,300,20,74,11788.16,8.09585428237915
randomSwitchFromRandom,300,20,75,11208.19,8.070214986801147
randomSwitchFromRandom,300,20,76,11933.54,8.510867357254028
randomSwitchFromRandom,300,20,77,11828.87,8.182112216949463
randomSwitchFromRandom,300,20,78,11812.49,8.088707208633423
randomSwitchFromRandom,300,20,79,11770.23,8.262744665145874
randomSwitchFromRandom,300,20,80,12024.94,8.151220083236694
randomSwitchFromRandom,300,20,81,11935.12,8.642555236816406
randomSwitchFromRandom,300,20,82,12008.39,8.12186050415039
randomSwitchFromRandom,300,20,83,11957.34,7.902121305465698
randomSwitchFromRandom,300,20,84,11550.2,7.894660234451294
randomSwitchFromRandom,300,20,85,11902.15,8.057377576828003
randomSwitchFromRandom,300,20,86,11770.91,8.476555824279785
randomSwitchFromRandom,300,20,87,12356.66,8.19405484199524
randomSwitchFromRandom,300,20,88,11873.86,8.104711294174194
randomSwitchFromRandom,300,20,89,11908.46,8.027245283126831
randomSwitchFromRandom,300,20,90,11772.65,8.079200029373169
randomSwitchFromRandom,300,20,91,11875.21,7.921892881393433
randomSwitchFromRandom,300,20,92,11934.33,8.176454544067383
randomSwitchFromRandom,300,20,93,11885.45,8.046583652496338
randomSwitchFromRandom,300,20,94,11754.15,7.8766562938690186
randomSwitchFromRandom,300,20,95,12069.74,7.900449752807617
randomSwitchFromRandom,300,20,96,11511.12,7.945928335189819
randomSwitchFromRandom,300,20,97,12036.74,7.872706890106201
randomSwitchFromRandom,300,20,98,11845.2,8.316359996795654
randomSwitchFromRandom,300,20,99,12139.72,8.435609817504883
randomSwitchFromRandom,300,30,0,11948.41,8.176666021347046
randomSwitchFromRandom,300,30,1,12366.25,9.762923955917358
randomSwitchFromRandom,300,30,2,12314.26,9.858496189117432
randomSwitchFromRandom,300,30,3,11769.56,9.687433958053589
randomSwitchFromRandom,300,30,4,11973.26,8.658689022064209
randomSwitchFromRandom,300,30,5,12581.87,9.24382495880127
randomSwitchFromRandom,300,30,6,11737.48,8.225847721099854
randomSwitchFromRandom,300,30,7,11846.35,8.037794589996338
randomSwitchFromRandom,300,30,8,12062.14,8.338119268417358
randomSwitchFromRandom,300,30,9,12200.16,8.227865219116211
randomSwitchFromRandom,300,30,10,12718.66,8.088099956512451
randomSwitchFromRandom,300,30,11,12475.47,8.216552495956421
randomSwitchFromRandom,300,30,12,12095.1,8.497823476791382
randomSwitchFromRandom,300,30,13,12358.38,8.282352924346924
randomSwitchFromRandom,300,30,14,12377.29,8.061259746551514
randomSwitchFromRandom,300,30,15,11998.07,8.393235683441162
randomSwitchFromRandom,300,30,16,12002.31,8.821434497833252
randomSwitchFromRandom,300,30,17,12565.75,8.268258333206177
randomSwitchFromRandom,300,30,18,12055.16,8.059977531433105
randomSwitchFromRandom,300,30,19,12114.93,8.310313701629639
randomSwitchFromRandom,300,30,20,12596.22,8.654484510421753
randomSwitchFromRandom,300,30,21,13014.86,8.565077543258667
randomSwitchFromRandom,300,30,22,12278.43,8.301195859909058
randomSwitchFromRandom,300,30,23,11976.62,8.193766593933105
randomSwitchFromRandom,300,30,24,12106.76,8.019519090652466
randomSwitchFromRandom,300,30,25,12483.65,8.105180740356445
randomSwitchFromRandom,300,30,26,11869.68,7.907796144485474
randomSwitchFromRandom,300,30,27,12074.11,8.19208812713623
randomSwitchFromRandom,300,30,28,11858.78,9.348893880844116
randomSwitchFromRandom,300,30,29,12079.04,8.398348569869995
randomSwitchFromRandom,300,30,30,11979.15,8.305457353591919
randomSwitchFromRandom,300,30,31,12445.76,8.009143114089966
randomSwitchFromRandom,300,30,32,12665.42,8.129258155822754
randomSwitchFromRandom,300,30,33,12608.95,8.116045236587524
randomSwitchFromRandom,300,30,34,12184.34,8.294645309448242
randomSwitchFromRandom,300,30,35,12137.75,9.263736724853516
randomSwitchFromRandom,300,30,36,12602.78,8.583384275436401
randomSwitchFromRandom,300,30,37,12089.34,7.9744226932525635
randomSwitchFromRandom,300,30,38,12129.34,8.517923593521118
randomSwitchFromRandom,300,30,39,12811.8,8.099891662597656
randomSwitchFromRandom,300,30,40,12453.16,9.752909421920776
randomSwitchFromRandom,300,30,41,12829.17,8.693294763565063
randomSwitchFromRandom,300,30,42,12297.54,8.521065711975098
randomSwitchFromRandom,300,30,43,12635.03,8.629934549331665
randomSwitchFromRandom,300,30,44,12351.32,8.157963752746582
randomSwitchFromRandom,300,30,45,12379.25,8.42891001701355
randomSwitchFromRandom,300,30,46,11937.43,9.07697319984436
randomSwitchFromRandom,300,30,47,12067.81,7.90206241607666
randomSwitchFromRandom,300,30,48,12037.76,8.214099645614624
randomSwitchFromRandom,300,30,49,12021.53,8.172548294067383
randomSwitchFromRandom,300,30,50,12482.41,8.086735486984253
randomSwitchFromRandom,300,30,51,12678.19,8.058280944824219
randomSwitchFromRandom,300,30,52,12312.33,8.115143537521362
randomSwitchFromRandom,300,30,53,12606.14,8.642178773880005
randomSwitchFromRandom,300,30,54,11956.69,7.854142904281616
randomSwitchFromRandom,300,30,55,12733.8,8.190455913543701
randomSwitchFromRandom,300,30,56,12196.89,8.040854454040527
randomSwitchFromRandom,300,30,57,12317.47,8.117877960205078
randomSwitchFromRandom,300,30,58,12430.56,7.9006898403167725
randomSwitchFromRandom,300,30,59,12402.57,8.234134197235107
randomSwitchFromRandom,300,30,60,12071.34,7.924459218978882
randomSwitchFromRandom,300,30,61,12599.06,8.845901012420654
randomSwitchFromRandom,300,30,62,12218.34,8.273057460784912
randomSwitchFromRandom,300,30,63,13012.07,8.258396863937378
randomSwitchFromRandom,300,30,64,12480.0,8.205687761306763
randomSwitchFromRandom,300,30,65,12473.52,8.457689762115479
randomSwitchFromRandom,300,30,66,11847.08,8.078452825546265
randomSwitchFromRandom,300,30,67,12376.47,8.098529577255249
randomSwitchFromRandom,300,30,68,12880.85,8.155596017837524
randomSwitchFromRandom,300,30,69,12441.66,8.934952735900879
randomSwitchFromRandom,300,30,70,12508.85,8.617140054702759
randomSwitchFromRandom,300,30,71,11982.86,8.12112545967102
randomSwitchFromRandom,300,30,72,12518.52,8.824996948242188
randomSwitchFromRandom,300,30,73,12216.93,8.099531650543213
randomSwitchFromRandom,300,30,74,12147.59,8.106915712356567
randomSwitchFromRandom,300,30,75,11661.23,8.000150680541992
randomSwitchFromRandom,300,30,76,12245.29,8.185690879821777
randomSwitchFromRandom,300,30,77,12033.44,7.978242874145508
randomSwitchFromRandom,300,30,78,12030.31,7.897731781005859
randomSwitchFromRandom,300,30,79,12338.78,8.363943099975586
randomSwitchFromRandom,300,30,80,12087.42,9.446393013000488
randomSwitchFromRandom,300,30,81,12403.04,8.539876461029053
randomSwitchFromRandom,300,30,82,11956.57,7.966210126876831
randomSwitchFromRandom,300,30,83,11898.07,7.941384553909302
randomSwitchFromRandom,300,30,84,12369.64,8.090224981307983
randomSwitchFromRandom,300,30,85,12210.85,8.02549409866333
randomSwitchFromRandom,300,30,86,12107.57,8.111101388931274
randomSwitchFromRandom,300,30,87,12765.88,8.064514875411987
randomSwitchFromRandom,300,30,88,12111.92,8.158942222595215
randomSwitchFromRandom,300,30,89,12215.39,8.072121381759644
randomSwitchFromRandom,300,30,90,12387.62,8.185793399810791
randomSwitchFromRandom,300,30,91,12035.93,7.95698618888855
randomSwitchFromRandom,300,30,92,12668.52,8.225440979003906
randomSwitchFromRandom,300,30,93,12491.86,8.149088382720947
randomSwitchFromRandom,300,30,94,12556.35,8.054349184036255
randomSwitchFromRandom,300,30,95,12466.94,7.98684024810791
randomSwitchFromRandom,300,30,96,11819.6,8.057698726654053
randomSwitchFromRandom,300,30,97,12194.53,8.036415338516235
randomSwitchFromRandom,300,30,98,12250.21,8.284071922302246
randomSwitchFromRandom,300,30,99,12149.64,8.432396650314331
randomSwitchFromRandom,300,40,0,12002.55,8.827470779418945
randomSwitchFromRandom,300,40,1,12564.52,8.286779165267944
randomSwitchFromRandom,300,40,2,12843.26,8.283682584762573
randomSwitchFromRandom,300,40,3,11682.84,8.668845891952515
randomSwitchFromRandom,300,40,4,12483.96,9.734083652496338
randomSwitchFromRandom,300,40,5,12984.58,9.232613325119019
randomSwitchFromRandom,300,40,6,12244.49,8.16931414604187
randomSwitchFromRandom,300,40,7,12162.7,8.647097826004028
randomSwitchFromRandom,300,40,8,12408.94,9.01784062385559
randomSwitchFromRandom,300,40,9,12489.98,8.753941059112549
randomSwitchFromRandom,300,40,10,13303.64,8.29086422920227
randomSwitchFromRandom,300,40,11,12548.57,7.922294616699219
randomSwitchFromRandom,300,40,12,12654.72,8.75221848487854
randomSwitchFromRandom,300,40,13,13183.73,8.288587093353271
randomSwitchFromRandom,300,40,14,12611.44,8.13147759437561
randomSwitchFromRandom,300,40,15,12752.29,8.527840375900269
randomSwitchFromRandom,300,40,16,12292.14,8.155405282974243
randomSwitchFromRandom,300,40,17,12725.85,8.379766941070557
randomSwitchFromRandom,300,40,18,13187.95,8.167623043060303
randomSwitchFromRandom,300,40,19,12875.92,8.45868444442749
randomSwitchFromRandom,300,40,20,12355.43,8.426087617874146
randomSwitchFromRandom,300,40,21,12777.58,9.309848308563232
randomSwitchFromRandom,300,40,22,12325.59,9.197543382644653
randomSwitchFromRandom,300,40,23,12584.2,8.275781869888306
randomSwitchFromRandom,300,40,24,12932.63,8.37863540649414
randomSwitchFromRandom,300,40,25,13072.72,8.537204027175903
randomSwitchFromRandom,300,40,26,12023.37,8.024571895599365
randomSwitchFromRandom,300,40,27,12662.86,8.118369817733765
randomSwitchFromRandom,300,40,28,12137.27,10.37977147102356
randomSwitchFromRandom,300,40,29,12187.31,8.172159194946289
randomSwitchFromRandom,300,40,30,12835.83,8.493734359741211
randomSwitchFromRandom,300,40,31,13361.89,8.273077011108398
randomSwitchFromRandom,300,40,32,12694.14,8.1475350856781
randomSwitchFromRandom,300,40,33,12401.59,8.311973333358765
randomSwitchFromRandom,300,40,34,12525.74,8.27534532546997
randomSwitchFromRandom,300,40,35,12112.74,8.56422758102417
randomSwitchFromRandom,300,40,36,12926.2,8.554302453994751
randomSwitchFromRandom,300,40,37,12600.25,8.11514139175415
randomSwitchFromRandom,300,40,38,12893.96,8.80815601348877
randomSwitchFromRandom,300,40,39,12595.73,8.802484273910522
randomSwitchFromRandom,300,40,40,12737.92,8.807543992996216
randomSwitchFromRandom,300,40,41,13026.58,8.46146559715271
randomSwitchFromRandom,300,40,42,12741.89,8.51367998123169
randomSwitchFromRandom,300,40,43,12521.35,9.58551812171936
randomSwitchFromRandom,300,40,44,12718.92,8.172465562820435
randomSwitchFromRandom,300,40,45,12715.56,8.625323295593262
randomSwitchFromRandom,300,40,46,12693.32,8.281238317489624
randomSwitchFromRandom,300,40,47,12619.78,8.138941764831543
randomSwitchFromRandom,300,40,48,12590.8,8.082039594650269
randomSwitchFromRandom,300,40,49,12284.12,7.91891622543335
randomSwitchFromRandom,300,40,50,12601.06,7.866178750991821
randomSwitchFromRandom,300,40,51,13144.42,8.063733339309692
randomSwitchFromRandom,300,40,52,13107.64,8.051311016082764
randomSwitchFromRandom,300,40,53,12727.9,8.280944585800171
randomSwitchFromRandom,300,40,54,12367.12,8.071186542510986
randomSwitchFromRandom,300,40,55,13285.78,8.275476932525635
randomSwitchFromRandom,300,40,56,12789.87,8.06796646118164
randomSwitchFromRandom,300,40,57,12645.42,8.144894361495972
randomSwitchFromRandom,300,40,58,12868.06,9.526602983474731
randomSwitchFromRandom,300,40,59,13147.28,8.103896379470825
randomSwitchFromRandom,300,40,60,12180.14,8.6895911693573
randomSwitchFromRandom,300,40,61,12840.41,8.581669807434082
randomSwitchFromRandom,300,40,62,11965.67,7.945162296295166
randomSwitchFromRandom,300,40,63,12681.86,9.512077808380127
randomSwitchFromRandom,300,40,64,12616.59,8.064018249511719
randomSwitchFromRandom,300,40,65,12591.34,8.493772983551025
randomSwitchFromRandom,300,40,66,11940.83,8.069530248641968
randomSwitchFromRandom,300,40,67,12399.04,8.071376085281372
randomSwitchFromRandom,300,40,68,13000.23,8.1866135597229
randomSwitchFromRandom,300,40,69,12756.74,8.469744205474854
randomSwitchFromRandom,300,40,70,12613.56,8.807244539260864
randomSwitchFromRandom,300,40,71,13071.57,8.239826679229736
randomSwitchFromRandom,300,40,72,12795.95,9.64231014251709
randomSwitchFromRandom,300,40,73,13052.01,9.65805721282959
randomSwitchFromRandom,300,40,74,12983.81,8.109904289245605
randomSwitchFromRandom,300,40,75,11905.51,9.07761263847351
randomSwitchFromRandom,300,40,76,12435.91,8.583978652954102
randomSwitchFromRandom,300,40,77,12234.81,7.948591709136963
randomSwitchFromRandom,300,40,78,12641.81,8.126500129699707
randomSwitchFromRandom,300,40,79,12817.38,7.929553270339966
randomSwitchFromRandom,300,40,80,12582.13,9.423454999923706
randomSwitchFromRandom,300,40,81,12697.26,8.659430980682373
randomSwitchFromRandom,300,40,82,12484.22,8.627215385437012
randomSwitchFromRandom,300,40,83,12923.46,8.08224105834961
randomSwitchFromRandom,300,40,84,11637.73,8.785888433456421
randomSwitchFromRandom,300,40,85,12633.09,8.108955144882202
randomSwitchFromRandom,300,40,86,12519.16,8.735002994537354
randomSwitchFromRandom,300,40,87,13209.75,8.188266515731812
randomSwitchFromRandom,300,40,88,12729.44,9.035086631774902
randomSwitchFromRandom,300,40,89,12671.64,8.064170360565186
randomSwitchFromRandom,300,40,90,12495.89,8.092713356018066
randomSwitchFromRandom,300,40,91,12340.32,7.969789266586304
randomSwitchFromRandom,300,40,92,13045.64,8.034663915634155
randomSwitchFromRandom,300,40,93,12416.77,8.119619369506836
randomSwitchFromRandom,300,40,94,12224.67,8.451897859573364
randomSwitchFromRandom,300,40,95,13149.51,8.236178636550903
randomSwitchFromRandom,300,40,96,11988.66,8.27217984199524
randomSwitchFromRandom,300,40,97,12855.3,8.197173357009888
randomSwitchFromRandom,300,40,98,12031.97,8.411553382873535
randomSwitchFromRandom,300,40,99,12566.25,8.427779912948608
randomSwitchFromRandom,300,50,0,12467.97,9.488300323486328
randomSwitchFromRandom,300,50,1,12816.49,9.765433549880981
randomSwitchFromRandom,300,50,2,13126.05,8.4057936668396
randomSwitchFromRandom,300,50,3,12069.83,8.483171224594116
randomSwitchFromRandom,300,50,4,12841.88,8.07144021987915
randomSwitchFromRandom,300,50,5,13752.25,9.506469488143921
randomSwitchFromRandom,300,50,6,12678.36,8.12550163269043
randomSwitchFromRandom,300,50,7,12917.03,8.210417747497559
randomSwitchFromRandom,300,50,8,13001.68,9.041204690933228
randomSwitchFromRandom,300,50,9,13091.98,11.13999342918396
randomSwitchFromRandom,300,50,10,13067.9,8.157402992248535
randomSwitchFromRandom,300,50,11,13334.75,8.379977941513062
randomSwitchFromRandom,300,50,12,12697.46,8.275528907775879
randomSwitchFromRandom,300,50,13,13078.11,8.563897609710693
randomSwitchFromRandom,300,50,14,12447.22,7.948284149169922
randomSwitchFromRandom,300,50,15,12742.86,8.596518516540527
randomSwitchFromRandom,300,50,16,12500.48,9.044754266738892
randomSwitchFromRandom,300,50,17,13050.99,8.055760860443115
randomSwitchFromRandom,300,50,18,13086.21,8.389162063598633
randomSwitchFromRandom,300,50,19,12685.97,8.403751850128174
randomSwitchFromRandom,300,50,20,12803.67,8.131970167160034
randomSwitchFromRandom,300,50,21,12679.57,7.899725437164307
randomSwitchFromRandom,300,50,22,13375.02,8.37800145149231
randomSwitchFromRandom,300,50,23,13219.04,8.968536853790283
randomSwitchFromRandom,300,50,24,13301.58,9.310109615325928
randomSwitchFromRandom,300,50,25,13507.63,8.267153263092041
randomSwitchFromRandom,300,50,26,12337.78,8.753847599029541
randomSwitchFromRandom,300,50,27,12623.47,8.480592489242554
randomSwitchFromRandom,300,50,28,12515.85,8.564565181732178
randomSwitchFromRandom,300,50,29,12736.69,8.254509687423706
randomSwitchFromRandom,300,50,30,12729.51,8.68325662612915
randomSwitchFromRandom,300,50,31,13742.44,8.21970510482788
randomSwitchFromRandom,300,50,32,13015.21,8.377816915512085
randomSwitchFromRandom,300,50,33,13001.97,8.17319130897522
randomSwitchFromRandom,300,50,34,13004.33,9.8671133518219
randomSwitchFromRandom,300,50,35,12656.13,8.466412782669067
randomSwitchFromRandom,300,50,36,12970.55,8.182406663894653
randomSwitchFromRandom,300,50,37,12975.42,10.449743270874023
randomSwitchFromRandom,300,50,38,13237.06,8.542332172393799
randomSwitchFromRandom,300,50,39,13762.99,9.628698110580444
randomSwitchFromRandom,300,50,40,12995.36,8.984666109085083
randomSwitchFromRandom,300,50,41,12701.5,9.714675903320312
randomSwitchFromRandom,300,50,42,12720.32,8.6575345993042
randomSwitchFromRandom,300,50,43,12507.09,7.945869207382202
randomSwitchFromRandom,300,50,44,13211.9,9.689114093780518
randomSwitchFromRandom,300,50,45,12856.22,8.305144786834717
randomSwitchFromRandom,300,50,46,12706.99,8.290522813796997
randomSwitchFromRandom,300,50,47,12875.31,9.097325325012207
randomSwitchFromRandom,300,50,48,13144.05,8.82152271270752
randomSwitchFromRandom,300,50,49,12716.07,8.118788242340088
randomSwitchFromRandom,300,50,50,13160.15,9.350475311279297
randomSwitchFromRandom,300,50,51,13494.96,8.42026162147522
randomSwitchFromRandom,300,50,52,13137.59,8.190030097961426
randomSwitchFromRandom,300,50,53,13060.86,8.21921157836914
randomSwitchFromRandom,300,50,54,12906.93,8.29932451248169
randomSwitchFromRandom,300,50,55,13127.69,8.341158628463745
randomSwitchFromRandom,300,50,56,13164.84,9.739818811416626
randomSwitchFromRandom,300,50,57,12910.93,8.714406251907349
randomSwitchFromRandom,300,50,58,12811.75,8.240339994430542
randomSwitchFromRandom,300,50,59,13172.35,8.703174591064453
randomSwitchFromRandom,300,50,60,12662.58,8.402319431304932
randomSwitchFromRandom,300,50,61,12914.35,8.289890050888062
randomSwitchFromRandom,300,50,62,12855.44,9.754472970962524
randomSwitchFromRandom,300,50,63,13303.24,8.467081069946289
randomSwitchFromRandom,300,50,64,12834.5,8.690181970596313
randomSwitchFromRandom,300,50,65,13338.68,8.374672412872314
randomSwitchFromRandom,300,50,66,12473.24,8.939341306686401
randomSwitchFromRandom,300,50,67,12672.67,8.090179681777954
randomSwitchFromRandom,300,50,68,13300.13,8.421132564544678
randomSwitchFromRandom,300,50,69,13200.83,8.649386405944824
randomSwitchFromRandom,300,50,70,13006.09,9.254737377166748
randomSwitchFromRandom,300,50,71,13199.07,8.251362085342407
randomSwitchFromRandom,300,50,72,13427.7,8.692404985427856
randomSwitchFromRandom,300,50,73,12824.14,8.928598880767822
randomSwitchFromRandom,300,50,74,13217.18,8.374390125274658
randomSwitchFromRandom,300,50,75,12275.46,8.059978723526001
randomSwitchFromRandom,300,50,76,12657.62,9.311988830566406
randomSwitchFromRandom,300,50,77,12423.47,8.111249685287476
randomSwitchFromRandom,300,50,78,12775.13,8.492106676101685
randomSwitchFromRandom,300,50,79,13200.83,8.379761695861816
randomSwitchFromRandom,300,50,80,12991.15,8.5770742893219
randomSwitchFromRandom,300,50,81,13203.07,8.934065818786621
randomSwitchFromRandom,300,50,82,13295.38,8.71811819076538
randomSwitchFromRandom,300,50,83,13397.24,8.41392207145691
randomSwitchFromRandom,300,50,84,12158.15,8.728290796279907
randomSwitchFromRandom,300,50,85,12958.56,8.433705568313599
randomSwitchFromRandom,300,50,86,12886.6,8.53079891204834
randomSwitchFromRandom,300,50,87,13646.74,8.87119197845459
randomSwitchFromRandom,300,50,88,12929.4,8.016402959823608
randomSwitchFromRandom,300,50,89,12954.51,9.246902465820312
randomSwitchFromRandom,300,50,90,12842.5,8.503159761428833
randomSwitchFromRandom,300,50,91,12639.3,9.350016593933105
randomSwitchFromRandom,300,50,92,13169.73,7.997357606887817
randomSwitchFromRandom,300,50,93,12857.03,8.15707015991211
randomSwitchFromRandom,300,50,94,12864.83,9.069494247436523
randomSwitchFromRandom,300,50,95,13246.26,8.380172491073608
randomSwitchFromRandom,300,50,96,12830.46,9.27372431755066
randomSwitchFromRandom,300,50,97,13230.14,8.137266635894775
randomSwitchFromRandom,300,50,98,12623.12,8.441509485244751
randomSwitchFromRandom,300,50,99,12397.98,8.535733699798584
randomSwitchFromRandom,300,60,0,12641.67,7.996192216873169
randomSwitchFromRandom,300,60,1,13543.43,8.754419088363647
randomSwitchFromRandom,300,60,2,13151.7,8.530671119689941
randomSwitchFromRandom,300,60,3,12170.39,8.250399351119995
randomSwitchFromRandom,300,60,4,13269.38,8.787078142166138
randomSwitchFromRandom,300,60,5,13838.94,9.174842119216919
randomSwitchFromRandom,300,60,6,13131.36,9.350730657577515
randomSwitchFromRandom,300,60,7,12660.18,8.26188850402832
randomSwitchFromRandom,300,60,8,13185.16,8.775286197662354
randomSwitchFromRandom,300,60,9,13224.21,8.07247805595398
randomSwitchFromRandom,300,60,10,13428.56,8.1031334400177
randomSwitchFromRandom,300,60,11,13109.69,8.763437986373901
randomSwitchFromRandom,300,60,12,13169.77,8.671254634857178
randomSwitchFromRandom,300,60,13,13234.67,9.71946668624878
randomSwitchFromRandom,300,60,14,13508.05,8.457073211669922
randomSwitchFromRandom,300,60,15,13334.39,8.46059799194336
randomSwitchFromRandom,300,60,16,13176.74,8.498562812805176
randomSwitchFromRandom,300,60,17,13299.55,8.242496252059937
randomSwitchFromRandom,300,60,18,13195.29,8.430902242660522
randomSwitchFromRandom,300,60,19,13012.72,8.187714338302612
randomSwitchFromRandom,300,60,20,13251.39,8.434788942337036
randomSwitchFromRandom,300,60,21,12994.81,9.227694034576416
randomSwitchFromRandom,300,60,22,13487.52,9.666973352432251
randomSwitchFromRandom,300,60,23,12788.94,8.062791347503662
randomSwitchFromRandom,300,60,24,13455.6,8.334221839904785
randomSwitchFromRandom,300,60,25,12994.8,8.128105163574219
randomSwitchFromRandom,300,60,26,13616.33,8.546583890914917
randomSwitchFromRandom,300,60,27,13079.65,8.045965909957886
randomSwitchFromRandom,300,60,28,12970.02,9.365419387817383
randomSwitchFromRandom,300,60,29,12860.28,8.253896474838257
randomSwitchFromRandom,300,60,30,13152.51,8.304976463317871
randomSwitchFromRandom,300,60,31,13673.49,8.959604501724243
randomSwitchFromRandom,300,60,32,13268.54,8.455263376235962
randomSwitchFromRandom,300,60,33,12897.15,9.263711214065552
randomSwitchFromRandom,300,60,34,13447.76,8.343998908996582
randomSwitchFromRandom,300,60,35,12749.15,8.299703598022461
randomSwitchFromRandom,300,60,36,13570.9,8.956401586532593
randomSwitchFromRandom,300,60,37,13036.91,8.464219093322754
randomSwitchFromRandom,300,60,38,13234.86,8.550812005996704
randomSwitchFromRandom,300,60,39,13501.77,8.179043054580688
randomSwitchFromRandom,300,60,40,13648.32,8.242916345596313
randomSwitchFromRandom,300,60,41,13415.63,8.511438369750977
randomSwitchFromRandom,300,60,42,13322.73,8.608720541000366
randomSwitchFromRandom,300,60,43,13246.24,8.36506175994873
randomSwitchFromRandom,300,60,44,13510.56,9.69231653213501
randomSwitchFromRandom,300,60,45,13206.44,8.271853685379028
randomSwitchFromRandom,300,60,46,12576.88,8.217020988464355
randomSwitchFromRandom,300,60,47,13573.54,9.148712873458862
randomSwitchFromRandom,300,60,48,12915.86,9.476347208023071
randomSwitchFromRandom,300,60,49,13266.11,8.968490839004517
randomSwitchFromRandom,300,60,50,13302.13,9.84425950050354
randomSwitchFromRandom,300,60,51,13026.69,8.432739734649658
randomSwitchFromRandom,300,60,52,13081.45,8.59442663192749
randomSwitchFromRandom,300,60,53,13184.06,8.442063331604004
randomSwitchFromRandom,300,60,54,13131.33,9.944050788879395
randomSwitchFromRandom,300,60,55,13512.21,8.256498336791992
randomSwitchFromRandom,300,60,56,13662.77,8.312713861465454
randomSwitchFromRandom,300,60,57,13270.61,9.620813369750977
randomSwitchFromRandom,300,60,58,12941.73,9.265102863311768
randomSwitchFromRandom,300,60,59,13525.58,9.543031930923462
randomSwitchFromRandom,300,60,60,12669.21,8.112504482269287
randomSwitchFromRandom,300,60,61,13714.87,8.522767066955566
randomSwitchFromRandom,300,60,62,12983.84,9.972306251525879
randomSwitchFromRandom,300,60,63,13652.75,8.92015528678894
randomSwitchFromRandom,300,60,64,13268.28,8.910760402679443
randomSwitchFromRandom,300,60,65,13366.79,8.555583953857422
randomSwitchFromRandom,300,60,66,12587.86,9.419417381286621
randomSwitchFromRandom,300,60,67,13008.72,9.580382585525513
randomSwitchFromRandom,300,60,68,13896.08,9.048337459564209
randomSwitchFromRandom,300,60,69,13400.74,8.212344884872437
randomSwitchFromRandom,300,60,70,13018.44,8.40466833114624
randomSwitchFromRandom,300,60,71,13450.89,9.08678650856018
randomSwitchFromRandom,300,60,72,13582.31,9.036910772323608
randomSwitchFromRandom,300,60,73,12913.11,8.577958106994629
randomSwitchFromRandom,300,60,74,13589.71,8.153377771377563
randomSwitchFromRandom,300,60,75,12830.47,8.26366639137268
randomSwitchFromRandom,300,60,76,12880.43,8.188820600509644
randomSwitchFromRandom,300,60,77,12895.4,9.143901586532593
randomSwitchFromRandom,300,60,78,13175.26,9.47411823272705
randomSwitchFromRandom,300,60,79,13295.85,8.082946538925171
randomSwitchFromRandom,300,60,80,12787.69,8.211914539337158
randomSwitchFromRandom,300,60,81,12868.91,8.227815389633179
randomSwitchFromRandom,300,60,82,13169.99,8.417499542236328
randomSwitchFromRandom,300,60,83,13608.81,8.093963384628296
randomSwitchFromRandom,300,60,84,11995.56,8.211126804351807
randomSwitchFromRandom,300,60,85,12926.57,8.426643133163452
randomSwitchFromRandom,300,60,86,13000.82,8.507155656814575
randomSwitchFromRandom,300,60,87,13803.59,8.401017665863037
randomSwitchFromRandom,300,60,88,13303.19,8.117398500442505
randomSwitchFromRandom,300,60,89,12999.86,8.401386737823486
randomSwitchFromRandom,300,60,90,12835.47,9.121553421020508
randomSwitchFromRandom,300,60,91,13349.1,8.093564987182617
randomSwitchFromRandom,300,60,92,13692.47,8.396140813827515
randomSwitchFromRandom,300,60,93,12917.24,7.946757555007935
randomSwitchFromRandom,300,60,94,13274.55,8.83482551574707
randomSwitchFromRandom,300,60,95,13944.06,9.52046251296997
randomSwitchFromRandom,300,60,96,12901.99,9.331446170806885
randomSwitchFromRandom,300,60,97,13427.66,9.328477382659912
randomSwitchFromRandom,300,60,98,12797.49,8.196224451065063
randomSwitchFromRandom,300,60,99,12564.5,8.18994688987732
randomSwitchFromRandom,300,70,0,13287.43,8.768745183944702
randomSwitchFromRandom,300,70,1,13383.11,8.570834159851074
randomSwitchFromRandom,300,70,2,13297.54,8.392803430557251
randomSwitchFromRandom,300,70,3,12816.24,8.343082189559937
randomSwitchFromRandom,300,70,4,13327.31,8.966708660125732
randomSwitchFromRandom,300,70,5,13245.01,9.291131019592285
randomSwitchFromRandom,300,70,6,13079.09,8.263522863388062
randomSwitchFromRandom,300,70,7,13052.22,8.197766780853271
randomSwitchFromRandom,300,70,8,13346.16,8.7944974899292
randomSwitchFromRandom,300,70,9,13016.58,8.08815622329712
randomSwitchFromRandom,300,70,10,13386.99,8.1928551197052
randomSwitchFromRandom,300,70,11,13458.31,8.885808229446411
randomSwitchFromRandom,300,70,12,12926.51,8.096374750137329
randomSwitchFromRandom,300,70,13,13751.24,9.261478424072266
randomSwitchFromRandom,300,70,14,13678.21,8.470621347427368
randomSwitchFromRandom,300,70,15,13251.63,8.247262477874756
randomSwitchFromRandom,300,70,16,13482.85,8.494640111923218
randomSwitchFromRandom,300,70,17,13325.89,8.135278940200806
randomSwitchFromRandom,300,70,18,13539.97,8.754765033721924
randomSwitchFromRandom,300,70,19,13094.15,7.9221532344818115
randomSwitchFromRandom,300,70,20,12829.21,8.215842723846436
randomSwitchFromRandom,300,70,21,13247.88,8.43684720993042
randomSwitchFromRandom,300,70,22,13299.31,9.531385898590088
randomSwitchFromRandom,300,70,23,12891.19,8.150607347488403
randomSwitchFromRandom,300,70,24,13382.59,8.641224145889282
randomSwitchFromRandom,300,70,25,12764.71,7.99281120300293
randomSwitchFromRandom,300,70,26,12928.5,8.103790521621704
randomSwitchFromRandom,300,70,27,13471.55,8.244004011154175
randomSwitchFromRandom,300,70,28,12616.16,9.26071548461914
randomSwitchFromRandom,300,70,29,12991.39,8.056395292282104
randomSwitchFromRandom,300,70,30,13277.99,8.580201387405396
randomSwitchFromRandom,300,70,31,13699.11,8.988223552703857
randomSwitchFromRandom,300,70,32,13330.84,8.330048322677612
randomSwitchFromRandom,300,70,33,13579.14,9.329416513442993
randomSwitchFromRandom,300,70,34,13580.2,8.394995927810669
randomSwitchFromRandom,300,70,35,13260.66,8.06863808631897
randomSwitchFromRandom,300,70,36,13656.47,8.83732557296753
randomSwitchFromRandom,300,70,37,13215.57,8.623873949050903
randomSwitchFromRandom,300,70,38,14110.16,8.441134214401245
randomSwitchFromRandom,300,70,39,13378.92,8.112780094146729
randomSwitchFromRandom,300,70,40,13576.44,8.013623237609863
randomSwitchFromRandom,300,70,41,13356.26,8.366820096969604
randomSwitchFromRandom,300,70,42,13312.94,8.463381052017212
randomSwitchFromRandom,300,70,43,12735.24,8.125118017196655
randomSwitchFromRandom,300,70,44,13898.92,9.549365282058716
randomSwitchFromRandom,300,70,45,13338.49,8.431466817855835
randomSwitchFromRandom,300,70,46,13480.47,8.201117753982544
randomSwitchFromRandom,300,70,47,13125.22,8.954079389572144
randomSwitchFromRandom,300,70,48,12695.67,9.363034725189209
randomSwitchFromRandom,300,70,49,12781.4,8.795279026031494
randomSwitchFromRandom,300,70,50,13455.43,9.819223165512085
randomSwitchFromRandom,300,70,51,13621.52,8.410203695297241
randomSwitchFromRandom,300,70,52,13584.08,8.269686222076416
randomSwitchFromRandom,300,70,53,13186.44,8.168956518173218
randomSwitchFromRandom,300,70,54,12698.63,9.827823638916016
randomSwitchFromRandom,300,70,55,13613.32,8.196253538131714
randomSwitchFromRandom,300,70,56,14115.29,8.356305122375488
randomSwitchFromRandom,300,70,57,13317.26,9.983538150787354
randomSwitchFromRandom,300,70,58,13291.86,8.218959331512451
randomSwitchFromRandom,300,70,59,13564.52,8.143950700759888
randomSwitchFromRandom,300,70,60,12957.39,8.07418966293335
randomSwitchFromRandom,300,70,61,13299.63,8.274314403533936
randomSwitchFromRandom,300,70,62,12995.47,8.045763969421387
randomSwitchFromRandom,300,70,63,13846.48,8.356619358062744
randomSwitchFromRandom,300,70,64,12807.93,8.615749835968018
randomSwitchFromRandom,300,70,65,13594.39,7.944206476211548
randomSwitchFromRandom,300,70,66,12693.06,8.143990516662598
randomSwitchFromRandom,300,70,67,13291.54,8.586812496185303
randomSwitchFromRandom,300,70,68,13690.64,8.585479974746704
randomSwitchFromRandom,300,70,69,13444.54,8.331384420394897
randomSwitchFromRandom,300,70,70,13099.28,8.30864953994751
randomSwitchFromRandom,300,70,71,13119.33,8.173647403717041
randomSwitchFromRandom,300,70,72,13648.75,8.072158813476562
randomSwitchFromRandom,300,70,73,13529.39,8.158955335617065
randomSwitchFromRandom,300,70,74,13418.47,9.168827056884766
randomSwitchFromRandom,300,70,75,12241.99,8.054091930389404
randomSwitchFromRandom,300,70,76,14093.13,8.314815044403076
randomSwitchFromRandom,300,70,77,13088.0,8.09115481376648
randomSwitchFromRandom,300,70,78,12907.19,8.438348531723022
randomSwitchFromRandom,300,70,79,13392.96,8.141405820846558
randomSwitchFromRandom,300,70,80,12678.41,8.091119050979614
randomSwitchFromRandom,300,70,81,13640.28,8.450316905975342
randomSwitchFromRandom,300,70,82,12966.35,8.38072657585144
randomSwitchFromRandom,300,70,83,13478.13,8.635660171508789
randomSwitchFromRandom,300,70,84,12304.26,8.058888912200928
randomSwitchFromRandom,300,70,85,13425.63,9.706508874893188
randomSwitchFromRandom,300,70,86,12921.03,8.250387907028198
randomSwitchFromRandom,300,70,87,13247.34,7.994188547134399
randomSwitchFromRandom,300,70,88,13195.66,8.327250480651855
randomSwitchFromRandom,300,70,89,13632.49,8.141649961471558
randomSwitchFromRandom,300,70,90,12817.88,8.125635862350464
randomSwitchFromRandom,300,70,91,13757.78,9.021048307418823
randomSwitchFromRandom,300,70,92,13889.9,8.310898542404175
randomSwitchFromRandom,300,70,93,13311.06,9.740567684173584
randomSwitchFromRandom,300,70,94,13479.57,9.758888244628906
randomSwitchFromRandom,300,70,95,13622.15,8.472837686538696
randomSwitchFromRandom,300,70,96,13103.82,8.232575416564941
randomSwitchFromRandom,300,70,97,13362.03,8.34930419921875
randomSwitchFromRandom,300,70,98,12713.25,8.306094646453857
randomSwitchFromRandom,300,70,99,13353.72,8.620110273361206
randomSwitchFromRandom,300,80,0,12977.36,8.386828184127808
randomSwitchFromRandom,300,80,1,12877.64,9.49305534362793
randomSwitchFromRandom,300,80,2,13290.34,8.335989952087402
randomSwitchFromRandom,300,80,3,13028.67,8.420740604400635
randomSwitchFromRandom,300,80,4,13147.16,8.006793737411499
randomSwitchFromRandom,300,80,5,13407.32,8.322513818740845
randomSwitchFromRandom,300,80,6,12988.81,8.52818512916565
randomSwitchFromRandom,300,80,7,13253.31,8.227348804473877
randomSwitchFromRandom,300,80,8,13950.0,8.363664627075195
randomSwitchFromRandom,300,80,9,13302.46,9.848236560821533
randomSwitchFromRandom,300,80,10,13216.09,9.247849941253662
randomSwitchFromRandom,300,80,11,13352.27,8.854909658432007
randomSwitchFromRandom,300,80,12,13777.78,8.42043399810791
randomSwitchFromRandom,300,80,13,14126.17,8.445829153060913
randomSwitchFromRandom,300,80,14,13327.74,9.071186542510986
randomSwitchFromRandom,300,80,15,13668.02,8.51613736152649
randomSwitchFromRandom,300,80,16,13005.85,8.369762659072876
randomSwitchFromRandom,300,80,17,13604.24,7.979636192321777
randomSwitchFromRandom,300,80,18,13101.56,8.068546533584595
randomSwitchFromRandom,300,80,19,13238.35,8.284692525863647
randomSwitchFromRandom,300,80,20,13525.25,8.391571521759033
randomSwitchFromRandom,300,80,21,13764.83,8.492618322372437
randomSwitchFromRandom,300,80,22,13501.93,8.950309753417969
randomSwitchFromRandom,300,80,23,13156.93,9.375001192092896
randomSwitchFromRandom,300,80,24,13852.53,8.116663455963135
randomSwitchFromRandom,300,80,25,13460.13,8.100244522094727
randomSwitchFromRandom,300,80,26,13087.88,8.218366146087646
randomSwitchFromRandom,300,80,27,13185.29,9.697179317474365
randomSwitchFromRandom,300,80,28,12760.6,8.203952074050903
randomSwitchFromRandom,300,80,29,12778.06,8.270571231842041
randomSwitchFromRandom,300,80,30,13372.98,8.486016750335693
randomSwitchFromRandom,300,80,31,13967.93,8.424251556396484
randomSwitchFromRandom,300,80,32,13634.41,8.544276714324951
randomSwitchFromRandom,300,80,33,13031.45,8.21518874168396
randomSwitchFromRandom,300,80,34,13339.5,8.408543109893799
randomSwitchFromRandom,300,80,35,12535.61,8.052862644195557
randomSwitchFromRandom,300,80,36,13826.01,8.830568552017212
randomSwitchFromRandom,300,80,37,13270.22,8.871694803237915
randomSwitchFromRandom,300,80,38,13670.68,8.2962646484375
randomSwitchFromRandom,300,80,39,13777.53,8.348571300506592
randomSwitchFromRandom,300,80,40,13673.69,8.22019338607788
randomSwitchFromRandom,300,80,41,13431.64,8.32136058807373
randomSwitchFromRandom,300,80,42,12832.01,8.625091075897217
randomSwitchFromRandom,300,80,43,13029.02,8.08975863456726
randomSwitchFromRandom,300,80,44,13412.33,8.19110631942749
randomSwitchFromRandom,300,80,45,13325.39,8.46070122718811
randomSwitchFromRandom,300,80,46,13481.46,8.17829942703247
randomSwitchFromRandom,300,80,47,13344.2,8.873998880386353
randomSwitchFromRandom,300,80,48,12979.89,8.233475685119629
randomSwitchFromRandom,300,80,49,13302.12,9.546541929244995
randomSwitchFromRandom,300,80,50,13484.9,8.183448791503906
randomSwitchFromRandom,300,80,51,13552.19,9.12328577041626
randomSwitchFromRandom,300,80,52,13193.24,8.155940771102905
randomSwitchFromRandom,300,80,53,13538.78,8.233574628829956
randomSwitchFromRandom,300,80,54,13129.39,8.328887462615967
randomSwitchFromRandom,300,80,55,14024.47,8.402989387512207
randomSwitchFromRandom,300,80,56,13822.13,8.672144412994385
randomSwitchFromRandom,300,80,57,13448.65,8.114079713821411
randomSwitchFromRandom,300,80,58,13464.37,8.58347463607788
randomSwitchFromRandom,300,80,59,13662.19,8.193665027618408
randomSwitchFromRandom,300,80,60,12982.3,8.004589080810547
randomSwitchFromRandom,300,80,61,13947.87,8.388953447341919
randomSwitchFromRandom,300,80,62,13051.98,7.953439712524414
randomSwitchFromRandom,300,80,63,13980.76,8.760600805282593
randomSwitchFromRandom,300,80,64,12904.94,8.396001815795898
randomSwitchFromRandom,300,80,65,13476.96,9.769096374511719
randomSwitchFromRandom,300,80,66,12539.59,8.273499250411987
randomSwitchFromRandom,300,80,67,13713.75,8.32185411453247
randomSwitchFromRandom,300,80,68,13494.4,8.588993072509766
randomSwitchFromRandom,300,80,69,13681.86,8.462793588638306
randomSwitchFromRandom,300,80,70,13855.82,8.641496658325195
randomSwitchFromRandom,300,80,71,13568.37,8.31924557685852
randomSwitchFromRandom,300,80,72,13704.24,8.203032493591309
randomSwitchFromRandom,300,80,73,13305.86,8.180641174316406
randomSwitchFromRandom,300,80,74,13516.15,8.464595317840576
randomSwitchFromRandom,300,80,75,12857.43,8.058953285217285
randomSwitchFromRandom,300,80,76,13756.67,8.34829592704773
randomSwitchFromRandom,300,80,77,12752.38,7.981363534927368
randomSwitchFromRandom,300,80,78,13095.43,8.531606435775757
randomSwitchFromRandom,300,80,79,13315.91,8.145156621932983
randomSwitchFromRandom,300,80,80,13187.61,8.096872329711914
randomSwitchFromRandom,300,80,81,13474.8,8.50901198387146
randomSwitchFromRandom,300,80,82,13330.71,8.10131573677063
randomSwitchFromRandom,300,80,83,13215.91,8.634827613830566
randomSwitchFromRandom,300,80,84,12708.78,8.039062976837158
randomSwitchFromRandom,300,80,85,13597.96,10.00968885421753
randomSwitchFromRandom,300,80,86,12745.02,8.237151145935059
randomSwitchFromRandom,300,80,87,13456.74,8.166872024536133
randomSwitchFromRandom,300,80,88,13667.55,8.379629373550415
randomSwitchFromRandom,300,80,89,13368.53,8.272990465164185
randomSwitchFromRandom,300,80,90,13420.58,8.236633539199829
randomSwitchFromRandom,300,80,91,13757.11,8.937555313110352
randomSwitchFromRandom,300,80,92,13782.38,8.187161207199097
randomSwitchFromRandom,300,80,93,13598.08,8.142354249954224
randomSwitchFromRandom,300,80,94,13375.47,9.581621646881104
randomSwitchFromRandom,300,80,95,13559.74,8.184988260269165
randomSwitchFromRandom,300,80,96,13061.56,9.4096519947052
randomSwitchFromRandom,300,80,97,13182.65,8.891470909118652
randomSwitchFromRandom,300,80,98,13378.2,8.292337656021118
randomSwitchFromRandom,300,80,99,13313.37,9.05957841873169
randomSwitchFromRandom,300,90,0,12898.9,7.796652555465698
randomSwitchFromRandom,300,90,1,12906.07,8.729609966278076
randomSwitchFromRandom,300,90,2,13550.56,7.396154403686523
randomSwitchFromRandom,300,90,3,12712.77,7.300585985183716
randomSwitchFromRandom,300,90,4,13360.67,7.301408290863037
randomSwitchFromRandom,300,90,5,13975.3,7.508264780044556
randomSwitchFromRandom,300,90,6,12912.35,7.706660747528076
randomSwitchFromRandom,300,90,7,13466.24,7.517004728317261
randomSwitchFromRandom,300,90,8,14004.99,7.473399639129639
randomSwitchFromRandom,300,90,9,13223.4,7.406998872756958
randomSwitchFromRandom,300,90,10,13434.17,8.397532224655151
randomSwitchFromRandom,300,90,11,13214.41,7.641508102416992
randomSwitchFromRandom,300,90,12,13648.09,7.62299370765686
randomSwitchFromRandom,300,90,13,13859.81,7.512897729873657
randomSwitchFromRandom,300,90,14,13505.58,8.253838300704956
randomSwitchFromRandom,300,90,15,13022.15,7.621173620223999
randomSwitchFromRandom,300,90,16,13564.13,7.468425512313843
randomSwitchFromRandom,300,90,17,13838.9,9.254485130310059
randomSwitchFromRandom,300,90,18,13232.0,8.002689123153687
randomSwitchFromRandom,300,90,19,13335.89,7.329418182373047
randomSwitchFromRandom,300,90,20,13223.58,7.643337965011597
randomSwitchFromRandom,300,90,21,13439.02,7.534266948699951
randomSwitchFromRandom,300,90,22,13896.28,7.4573774337768555
randomSwitchFromRandom,300,90,23,12997.74,8.176635265350342
randomSwitchFromRandom,300,90,24,13884.58,7.714977502822876
randomSwitchFromRandom,300,90,25,13040.38,7.221809148788452
randomSwitchFromRandom,300,90,26,13002.16,7.586454391479492
randomSwitchFromRandom,300,90,27,13280.61,8.854448318481445
randomSwitchFromRandom,300,90,28,12509.17,7.298039436340332
randomSwitchFromRandom,300,90,29,12972.84,7.444858551025391
randomSwitchFromRandom,300,90,30,13221.48,7.63075590133667
randomSwitchFromRandom,300,90,31,13767.31,7.2397706508636475
randomSwitchFromRandom,300,90,32,13360.9,7.8956687450408936
randomSwitchFromRandom,300,90,33,13829.32,7.562335014343262
randomSwitchFromRandom,300,90,34,13792.77,7.436602830886841
randomSwitchFromRandom,300,90,35,13149.09,7.249521493911743
randomSwitchFromRandom,300,90,36,13708.73,7.827528238296509
randomSwitchFromRandom,300,90,37,12623.75,7.964097261428833
randomSwitchFromRandom,300,90,38,13358.46,7.568784475326538
randomSwitchFromRandom,300,90,39,13839.36,7.295492887496948
randomSwitchFromRandom,300,90,40,13183.15,7.4247283935546875
randomSwitchFromRandom,300,90,41,13408.12,7.50787091255188
randomSwitchFromRandom,300,90,42,13375.71,7.590695381164551
randomSwitchFromRandom,300,90,43,13377.35,7.391451597213745
randomSwitchFromRandom,300,90,44,13924.41,7.4816789627075195
randomSwitchFromRandom,300,90,45,13170.53,7.458037853240967
randomSwitchFromRandom,300,90,46,13235.34,7.3627235889434814
randomSwitchFromRandom,300,90,47,13770.55,7.76180624961853
randomSwitchFromRandom,300,90,48,13090.97,7.490951776504517
randomSwitchFromRandom,300,90,49,13286.39,7.3161962032318115
randomSwitchFromRandom,300,90,50,13005.57,7.439819097518921
randomSwitchFromRandom,300,90,51,13801.1,8.183132886886597
randomSwitchFromRandom,300,90,52,13538.07,7.391644239425659
randomSwitchFromRandom,300,90,53,13331.21,7.4912848472595215
randomSwitchFromRandom,300,90,54,13024.1,7.333526611328125
randomSwitchFromRandom,300,90,55,13899.78,9.466951370239258
randomSwitchFromRandom,300,90,56,13414.23,7.825924634933472
randomSwitchFromRandom,300,90,57,12907.01,7.363605260848999
randomSwitchFromRandom,300,90,58,13483.02,7.646965265274048
randomSwitchFromRandom,300,90,59,13625.62,7.246689796447754
randomSwitchFromRandom,300,90,60,12753.99,7.194836139678955
randomSwitchFromRandom,300,90,61,13508.96,7.326098203659058
randomSwitchFromRandom,300,90,62,13431.72,7.341647624969482
randomSwitchFromRandom,300,90,63,14000.33,7.6578850746154785
randomSwitchFromRandom,300,90,64,13066.4,7.578182220458984
randomSwitchFromRandom,300,90,65,13363.51,9.448577165603638
randomSwitchFromRandom,300,90,66,12968.74,7.413650751113892
randomSwitchFromRandom,300,90,67,12935.69,7.3652379512786865
randomSwitchFromRandom,300,90,68,13549.14,7.726711750030518
randomSwitchFromRandom,300,90,69,13538.54,7.556342601776123
randomSwitchFromRandom,300,90,70,14108.7,7.793663024902344
randomSwitchFromRandom,300,90,71,13633.41,7.470041275024414
randomSwitchFromRandom,300,90,72,13329.38,7.1919379234313965
randomSwitchFromRandom,300,90,73,13621.55,7.405401945114136
randomSwitchFromRandom,300,90,74,13390.54,8.38167691230774
randomSwitchFromRandom,300,90,75,12358.39,7.335262775421143
randomSwitchFromRandom,300,90,76,13411.42,7.750967502593994
randomSwitchFromRandom,300,90,77,13131.91,7.12122654914856
randomSwitchFromRandom,300,90,78,13081.67,7.692378044128418
randomSwitchFromRandom,300,90,79,13586.5,7.275285243988037
randomSwitchFromRandom,300,90,80,13744.98,7.462797403335571
randomSwitchFromRandom,300,90,81,13660.08,7.709134578704834
randomSwitchFromRandom,300,90,82,13313.17,7.29116415977478
randomSwitchFromRandom,300,90,83,13304.55,7.484418153762817
randomSwitchFromRandom,300,90,84,12509.28,7.313861608505249
randomSwitchFromRandom,300,90,85,13648.56,9.156959295272827
randomSwitchFromRandom,300,90,86,13324.91,7.6814329624176025
randomSwitchFromRandom,300,90,87,13769.39,7.289419174194336
randomSwitchFromRandom,300,90,88,13157.89,7.387458086013794
randomSwitchFromRandom,300,90,89,13669.74,7.510285139083862
randomSwitchFromRandom,300,90,90,13175.37,7.4464991092681885
randomSwitchFromRandom,300,90,91,13950.69,8.324055910110474
randomSwitchFromRandom,300,90,92,13887.65,7.68712043762207
randomSwitchFromRandom,300,90,93,13030.72,8.73245358467102
randomSwitchFromRandom,300,90,94,13397.24,8.825956583023071
randomSwitchFromRandom,300,90,95,13961.25,7.62820291519165
randomSwitchFromRandom,300,90,96,13348.72,8.627277851104736
randomSwitchFromRandom,300,90,97,13432.04,7.810180425643921
randomSwitchFromRandom,300,90,98,13645.22,7.545017719268799
randomSwitchFromRandom,300,90,99,13520.88,8.119065999984741
randomSwitchFromRandom,300,100,0,12569.87,7.553724765777588
randomSwitchFromRandom,300,100,1,13654.3,9.023139476776123
randomSwitchFromRandom,300,100,2,13871.89,7.4658026695251465
randomSwitchFromRandom,300,100,3,12835.18,7.380365371704102
randomSwitchFromRandom,300,100,4,13621.48,7.302601099014282
randomSwitchFromRandom,300,100,5,13726.32,7.358556747436523
randomSwitchFromRandom,300,100,6,13177.65,7.760202646255493
randomSwitchFromRandom,300,100,7,13508.32,7.310805320739746
randomSwitchFromRandom,300,100,8,13401.75,7.2721710205078125
randomSwitchFromRandom,300,100,9,13585.16,7.418930530548096
randomSwitchFromRandom,300,100,10,13834.22,8.344409227371216
randomSwitchFromRandom,300,100,11,13117.7,7.837426424026489
randomSwitchFromRandom,300,100,12,13385.56,7.505047559738159
randomSwitchFromRandom,300,100,13,13062.76,8.27775239944458
randomSwitchFromRandom,300,100,14,13384.22,7.87531304359436
randomSwitchFromRandom,300,100,15,13379.51,7.653727769851685
randomSwitchFromRandom,300,100,16,13327.02,7.448264122009277
randomSwitchFromRandom,300,100,17,13648.28,7.466359615325928
randomSwitchFromRandom,300,100,18,12878.66,7.388299226760864
randomSwitchFromRandom,300,100,19,13391.97,7.376834154129028
randomSwitchFromRandom,300,100,20,12867.67,7.437209367752075
randomSwitchFromRandom,300,100,21,13395.35,7.298709392547607
randomSwitchFromRandom,300,100,22,13217.6,7.3274827003479
randomSwitchFromRandom,300,100,23,13308.88,8.262127161026001
randomSwitchFromRandom,300,100,24,13224.36,7.294113636016846
randomSwitchFromRandom,300,100,25,13775.81,7.422942876815796
randomSwitchFromRandom,300,100,26,13072.88,9.188331365585327
randomSwitchFromRandom,300,100,27,13080.08,8.821666240692139
randomSwitchFromRandom,300,100,28,13090.95,7.18144416809082
randomSwitchFromRandom,300,100,29,13157.27,7.4722700119018555
randomSwitchFromRandom,300,100,30,13269.67,7.5812811851501465
randomSwitchFromRandom,300,100,31,13684.8,7.667484998703003
randomSwitchFromRandom,300,100,32,13847.96,7.855297803878784
randomSwitchFromRandom,300,100,33,13770.01,7.97009539604187
randomSwitchFromRandom,300,100,34,13235.36,7.497695207595825
randomSwitchFromRandom,300,100,35,12403.29,7.084470748901367
randomSwitchFromRandom,300,100,36,14128.58,8.19668459892273
randomSwitchFromRandom,300,100,37,13333.08,8.100759983062744
randomSwitchFromRandom,300,100,38,14222.01,7.7618408203125
randomSwitchFromRandom,300,100,39,13589.41,7.391457557678223
randomSwitchFromRandom,300,100,40,13708.04,7.452210903167725
randomSwitchFromRandom,300,100,41,13216.35,7.578777074813843
randomSwitchFromRandom,300,100,42,13434.89,7.562628746032715
randomSwitchFromRandom,300,100,43,13005.99,7.311537027359009
randomSwitchFromRandom,300,100,44,13556.7,7.48052716255188
randomSwitchFromRandom,300,100,45,13249.9,7.502624034881592
randomSwitchFromRandom,300,100,46,12893.49,7.314046859741211
randomSwitchFromRandom,300,100,47,13001.48,7.662219047546387
randomSwitchFromRandom,300,100,48,13320.9,7.690713167190552
randomSwitchFromRandom,300,100,49,14034.7,8.582498788833618
randomSwitchFromRandom,300,100,50,13212.4,7.3883280754089355
randomSwitchFromRandom,300,100,51,13816.55,7.824160814285278
randomSwitchFromRandom,300,100,52,13365.15,8.178308725357056
randomSwitchFromRandom,300,100,53,13649.83,7.379662275314331
randomSwitchFromRandom,300,100,54,12804.92,7.2283220291137695
randomSwitchFromRandom,300,100,55,13941.01,9.331484079360962
randomSwitchFromRandom,300,100,56,13432.66,7.8257997035980225
randomSwitchFromRandom,300,100,57,13427.38,7.4096434116363525
randomSwitchFromRandom,300,100,58,13167.28,7.790982007980347
randomSwitchFromRandom,300,100,59,13567.16,7.332792043685913
randomSwitchFromRandom,300,100,60,12706.81,7.204030275344849
randomSwitchFromRandom,300,100,61,13529.45,7.415198087692261
randomSwitchFromRandom,300,100,62,12945.29,7.194742202758789
randomSwitchFromRandom,300,100,63,13727.41,7.767369031906128
randomSwitchFromRandom,300,100,64,13160.13,7.800037860870361
randomSwitchFromRandom,300,100,65,13344.23,8.872345685958862
randomSwitchFromRandom,300,100,66,12492.54,7.354479789733887
randomSwitchFromRandom,300,100,67,13339.86,7.495304346084595
randomSwitchFromRandom,300,100,68,13628.74,7.821469068527222
randomSwitchFromRandom,300,100,69,13313.84,7.50120735168457
randomSwitchFromRandom,300,100,70,12965.41,7.757888555526733
randomSwitchFromRandom,300,100,71,13607.6,7.536368370056152
randomSwitchFromRandom,300,100,72,13624.1,7.298876762390137
randomSwitchFromRandom,300,100,73,13500.13,7.311068058013916
randomSwitchFromRandom,300,100,74,13764.25,8.254217386245728
randomSwitchFromRandom,300,100,75,12934.68,7.355137586593628
randomSwitchFromRandom,300,100,76,13223.51,7.2415995597839355
randomSwitchFromRandom,300,100,77,13150.37,7.2068610191345215
randomSwitchFromRandom,300,100,78,13263.2,7.879049777984619
randomSwitchFromRandom,300,100,79,13256.88,7.406801223754883
randomSwitchFromRandom,300,100,80,13405.4,7.339540481567383
randomSwitchFromRandom,300,100,81,13467.17,7.586455583572388
randomSwitchFromRandom,300,100,82,13209.32,7.299865961074829
randomSwitchFromRandom,300,100,83,13631.79,7.944469690322876
randomSwitchFromRandom,300,100,84,12272.79,7.270590543746948
randomSwitchFromRandom,300,100,85,13292.13,8.912726163864136
randomSwitchFromRandom,300,100,86,12992.91,7.47190260887146
randomSwitchFromRandom,300,100,87,13451.9,7.273205041885376
randomSwitchFromRandom,300,100,88,13625.58,7.473860502243042
randomSwitchFromRandom,300,100,89,13808.74,7.250224828720093
randomSwitchFromRandom,300,100,90,12820.61,7.478841781616211
randomSwitchFromRandom,300,100,91,13262.19,8.31149172782898
randomSwitchFromRandom,300,100,92,13399.5,7.478790283203125
randomSwitchFromRandom,300,100,93,13235.83,8.744233131408691
randomSwitchFromRandom,300,100,94,13347.09,8.700543880462646
randomSwitchFromRandom,300,100,95,14152.99,7.450927495956421
randomSwitchFromRandom,300,100,96,12788.35,8.402340412139893
randomSwitchFromRandom,300,100,97,13853.17,7.402738094329834
randomSwitchFromRandom,300,100,98,13173.24,7.302404403686523
randomSwitchFromRandom,300,100,99,13170.42,7.953445672988892
tabuSearchFromFluent,300,0,0,11911.23,108.76717901229858
tabuSearchFromFluent,300,0,1,12429.38,88.81790018081665
tabuSearchFromFluent,300,0,2,12527.27,97.38379645347595
tabuSearchFromFluent,300,0,3,11567.16,103.84381198883057
tabuSearchFromFluent,300,0,4,12272.26,121.65399265289307
tabuSearchFromFluent,300,0,5,12530.47,102.38052821159363
tabuSearchFromFluent,300,0,6,11959.41,121.67306542396545
tabuSearchFromFluent,300,0,7,11867.32,121.58648014068604
tabuSearchFromFluent,300,0,8,12284.07,121.67158031463623
tabuSearchFromFluent,300,0,9,12436.65,116.72351551055908
tabuSearchFromFluent,300,0,10,12727.41,121.65107727050781
tabuSearchFromFluent,300,0,11,12329.41,121.56202936172485
tabuSearchFromFluent,300,0,12,12380.83,108.82804298400879
tabuSearchFromFluent,300,0,13,12444.93,121.67959833145142
tabuSearchFromFluent,300,0,14,12838.21,121.62598419189453
tabuSearchFromFluent,300,0,15,12095.28,121.70490837097168
tabuSearchFromFluent,300,0,16,12052.1,116.15333843231201
tabuSearchFromFluent,300,0,17,12585.79,121.63499665260315
tabuSearchFromFluent,300,0,18,12293.65,121.68050742149353
tabuSearchFromFluent,300,0,19,12395.18,121.57046961784363
tabuSearchFromFluent,300,0,20,11920.35,121.66474914550781
tabuSearchFromFluent,300,0,21,12644.31,121.5262804031372
tabuSearchFromFluent,300,0,22,12484.79,119.33824801445007
tabuSearchFromFluent,300,0,23,12135.38,106.89858675003052
tabuSearchFromFluent,300,0,24,12261.91,109.01990914344788
tabuSearchFromFluent,300,0,25,12544.51,110.56440615653992
tabuSearchFromFluent,300,0,26,12175.97,121.56542921066284
tabuSearchFromFluent,300,0,27,12252.56,121.62074279785156
tabuSearchFromFluent,300,0,28,12069.74,121.55446100234985
tabuSearchFromFluent,300,0,29,11928.61,121.71413278579712
tabuSearchFromFluent,300,0,30,12105.68,121.64328598976135
tabuSearchFromFluent,300,0,31,12748.93,106.7959954738617
tabuSearchFromFluent,300,0,32,12110.61,121.64888954162598
tabuSearchFromFluent,300,0,33,12645.17,119.38832068443298
tabuSearchFromFluent,300,0,34,12233.49,121.60915899276733
tabuSearchFromFluent,300,0,35,12139.54,121.63621091842651
tabuSearchFromFluent,300,0,36,12604.61,121.59648513793945
tabuSearchFromFluent,300,0,37,11920.72,109.30393433570862
tabuSearchFromFluent,300,0,38,12382.86,121.6364541053772
tabuSearchFromFluent,300,0,39,12371.24,121.65697717666626
tabuSearchFromFluent,300,0,40,12248.6,121.57732605934143
tabuSearchFromFluent,300,0,41,12273.86,121.57988357543945
tabuSearchFromFluent,300,0,42,12810.43,121.66471004486084
tabuSearchFromFluent,300,0,43,12143.78,115.08713173866272
tabuSearchFromFluent,300,0,44,12260.56,121.60666227340698
tabuSearchFromFluent,300,0,45,12267.58,111.22961735725403
tabuSearchFromFluent,300,0,46,12181.93,107.78597736358643
tabuSearchFromFluent,300,0,47,11788.04,121.62255334854126
tabuSearchFromFluent,300,0,48,12201.07,121.56306433677673
tabuSearchFromFluent,300,0,49,12239.38,121.5659499168396
tabuSearchFromFluent,300,0,50,12601.99,121.73376536369324
tabuSearchFromFluent,300,0,51,12624.57,121.63986134529114
tabuSearchFromFluent,300,0,52,12409.72,94.966468334198
tabuSearchFromFluent,300,0,53,12528.73,121.64434957504272
tabuSearchFromFluent,300,0,54,12026.59,121.57300400733948
tabuSearchFromFluent,300,0,55,12200.07,121.62276649475098
tabuSearchFromFluent,300,0,56,12613.7,113.1999499797821
tabuSearchFromFluent,300,0,57,12655.1,92.18833565711975
tabuSearchFromFluent,300,0,58,12000.98,84.76699376106262
tabuSearchFromFluent,300,0,59,12115.1,109.4853515625
tabuSearchFromFluent,300,0,60,12191.66,121.6562876701355
tabuSearchFromFluent,300,0,61,12706.39,121.66787648200989
tabuSearchFromFluent,300,0,62,11920.55,121.58350157737732
tabuSearchFromFluent,300,0,63,12820.39,121.58362746238708
tabuSearchFromFluent,300,0,64,12113.34,121.59818387031555
tabuSearchFromFluent,300,0,65,12517.76,88.74256801605225
tabuSearchFromFluent,300,0,66,11833.41,121.5090582370758
tabuSearchFromFluent,300,0,67,12319.4,121.54396080970764
tabuSearchFromFluent,300,0,68,12687.79,121.56907486915588
tabuSearchFromFluent,300,0,69,11910.21,121.57930088043213
tabuSearchFromFluent,300,0,70,12554.53,121.58405041694641
tabuSearchFromFluent,300,0,71,12549.42,121.6483519077301
tabuSearchFromFluent,300,0,72,12372.32,98.74311327934265
tabuSearchFromFluent,300,0,73,12376.99,121.62399888038635
tabuSearchFromFluent,300,0,74,11961.75,121.58137226104736
tabuSearchFromFluent,300,0,75,11680.37,121.63667130470276
tabuSearchFromFluent,300,0,76,12440.32,121.6157636642456
tabuSearchFromFluent,300,0,77,12302.27,85.75699830055237
tabuSearchFromFluent,300,0,78,12380.59,121.51992583274841
tabuSearchFromFluent,300,0,79,12524.7,121.62834763526917
tabuSearchFromFluent,300,0,80,12221.47,85.5105185508728
tabuSearchFromFluent,300,0,81,11950.83,121.64417171478271
tabuSearchFromFluent,300,0,82,12211.69,121.72442889213562
tabuSearchFromFluent,300,0,83,12441.08,100.79387331008911
tabuSearchFromFluent,300,0,84,11979.91,121.50541400909424
tabuSearchFromFluent,300,0,85,12567.24,113.99043416976929
tabuSearchFromFluent,300,0,86,12328.44,85.48423862457275
tabuSearchFromFluent,300,0,87,12397.7,121.53398203849792
tabuSearchFromFluent,300,0,88,12249.15,115.8438310623169
tabuSearchFromFluent,300,0,89,12134.05,113.27960181236267
tabuSearchFromFluent,300,0,90,12172.37,121.59020256996155
tabuSearchFromFluent,300,0,91,12079.03,121.57722115516663
tabuSearchFromFluent,300,0,92,12493.59,114.25336790084839
tabuSearchFromFluent,300,0,93,12345.15,121.60227990150452
tabuSearchFromFluent,300,0,94,12309.64,121.63484692573547
tabuSearchFromFluent,300,0,95,12170.67,121.59020590782166
tabuSearchFromFluent,300,0,96,11805.74,117.28032803535461
tabuSearchFromFluent,300,0,97,12339.67,121.67303895950317
tabuSearchFromFluent,300,0,98,12291.15,95.7177677154541
tabuSearchFromFluent,300,0,99,12363.46,121.51251697540283
tabuSearchFromFluent,300,10,0,12657.44,106.20517444610596
tabuSearchFromFluent,300,10,1,13375.78,101.64030694961548
tabuSearchFromFluent,300,10,2,13200.54,90.60898399353027
tabuSearchFromFluent,300,10,3,12763.06,103.23912405967712
tabuSearchFromFluent,300,10,4,12898.83,121.46818590164185
tabuSearchFromFluent,300,10,5,13580.32,121.51912450790405
tabuSearchFromFluent,300,10,6,13032.03,121.4375786781311
tabuSearchFromFluent,300,10,7,13006.79,114.37280631065369
tabuSearchFromFluent,300,10,8,12929.17,121.57980370521545
tabuSearchFromFluent,300,10,9,12974.82,121.55758023262024
tabuSearchFromFluent,300,10,10,13119.23,121.56477308273315
tabuSearchFromFluent,300,10,11,13177.95,73.27129197120667
tabuSearchFromFluent,300,10,12,12744.46,104.1754994392395
tabuSearchFromFluent,300,10,13,13366.52,85.90011644363403
tabuSearchFromFluent,300,10,14,13163.68,113.59027600288391
tabuSearchFromFluent,300,10,15,13164.86,87.60798406600952
tabuSearchFromFluent,300,10,16,13086.72,121.46156024932861
tabuSearchFromFluent,300,10,17,13213.01,121.28893756866455
tabuSearchFromFluent,300,10,18,12915.43,102.45947504043579
tabuSearchFromFluent,300,10,19,13589.68,121.5047698020935
tabuSearchFromFluent,300,10,20,12707.75,88.12517547607422
tabuSearchFromFluent,300,10,21,13128.38,121.5316059589386
tabuSearchFromFluent,300,10,22,13297.93,121.56921243667603
tabuSearchFromFluent,300,10,23,12819.79,121.56061458587646
tabuSearchFromFluent,300,10,24,13255.07,121.53290247917175
tabuSearchFromFluent,300,10,25,13619.2,115.22255206108093
tabuSearchFromFluent,300,10,26,12677.02,107.25377655029297
tabuSearchFromFluent,300,10,27,13093.96,121.5128378868103
tabuSearchFromFluent,300,10,28,12478.72,121.40159583091736
tabuSearchFromFluent,300,10,29,13028.16,121.51807570457458
tabuSearchFromFluent,300,10,30,13057.5,121.62727403640747
tabuSearchFromFluent,300,10,31,13427.62,69.94524073600769
tabuSearchFromFluent,300,10,32,13696.97,92.87925410270691
tabuSearchFromFluent,300,10,33,13238.73,119.2693452835083
tabuSearchFromFluent,300,10,34,13186.92,97.34613680839539
tabuSearchFromFluent,300,10,35,12844.39,121.55259776115417
tabuSearchFromFluent,300,10,36,13047.57,74.25548577308655
tabuSearchFromFluent,300,10,37,13353.16,117.33633136749268
tabuSearchFromFluent,300,10,38,13278.62,80.99637055397034
tabuSearchFromFluent,300,10,39,13304.08,109.12229251861572
tabuSearchFromFluent,300,10,40,13454.15,104.9923186302185
tabuSearchFromFluent,300,10,41,13079.54,99.00569605827332
tabuSearchFromFluent,300,10,42,13388.74,85.71822190284729
tabuSearchFromFluent,300,10,43,12729.58,71.72850012779236
tabuSearchFromFluent,300,10,44,13556.41,121.64134120941162
tabuSearchFromFluent,300,10,45,13106.95,121.65578508377075
tabuSearchFromFluent,300,10,46,13036.95,121.69805097579956
tabuSearchFromFluent,300,10,47,12850.18,83.62790989875793
tabuSearchFromFluent,300,10,48,13047.44,72.11878538131714
tabuSearchFromFluent,300,10,49,13393.44,121.65697860717773
tabuSearchFromFluent,300,10,50,13347.57,121.77791118621826
tabuSearchFromFluent,300,10,51,13235.12,93.61229157447815
tabuSearchFromFluent,300,10,52,13307.7,121.71378946304321
tabuSearchFromFluent,300,10,53,13111.09,102.77083539962769
tabuSearchFromFluent,300,10,54,12944.27,121.62949323654175
tabuSearchFromFluent,300,10,55,13659.37,121.79655909538269
tabuSearchFromFluent,300,10,56,12959.64,117.29695248603821
tabuSearchFromFluent,300,10,57,13065.58,112.71484398841858
tabuSearchFromFluent,300,10,58,12832.15,121.75552916526794
tabuSearchFromFluent,300,10,59,12793.74,109.42749786376953
tabuSearchFromFluent,300,10,60,13277.49,100.04272747039795
tabuSearchFromFluent,300,10,61,13521.83,121.726478099823
tabuSearchFromFluent,300,10,62,13261.22,121.5162901878357
tabuSearchFromFluent,300,10,63,13713.53,121.70644688606262
tabuSearchFromFluent,300,10,64,12917.62,121.75073504447937
tabuSearchFromFluent,300,10,65,13145.23,116.3183867931366
tabuSearchFromFluent,300,10,66,12500.4,121.65495181083679
tabuSearchFromFluent,300,10,67,13170.72,110.81745409965515
tabuSearchFromFluent,300,10,68,13596.87,121.82875514030457
tabuSearchFromFluent,300,10,69,13358.86,121.78304719924927
tabuSearchFromFluent,300,10,70,12697.69,85.91456317901611
tabuSearchFromFluent,300,10,71,13473.75,121.70439219474792
tabuSearchFromFluent,300,10,72,13355.35,93.63863134384155
tabuSearchFromFluent,300,10,73,13285.27,111.33675932884216
tabuSearchFromFluent,300,10,74,13136.9,121.00060319900513
tabuSearchFromFluent,300,10,75,13102.79,121.8917407989502
tabuSearchFromFluent,300,10,76,13238.68,121.85605597496033
tabuSearchFromFluent,300,10,77,12919.29,120.32879543304443
tabuSearchFromFluent,300,10,78,13460.87,121.66716289520264
tabuSearchFromFluent,300,10,79,13425.3,121.64656257629395
tabuSearchFromFluent,300,10,80,13377.22,121.81163382530212
tabuSearchFromFluent,300,10,81,13079.64,121.7774486541748
tabuSearchFromFluent,300,10,82,13084.45,121.85761785507202
tabuSearchFromFluent,300,10,83,13355.43,107.60087633132935
tabuSearchFromFluent,300,10,84,12673.74,121.67830228805542
tabuSearchFromFluent,300,10,85,13139.56,121.73061203956604
tabuSearchFromFluent,300,10,86,12878.89,84.42181634902954
tabuSearchFromFluent,300,10,87,13181.35,109.0660810470581
tabuSearchFromFluent,300,10,88,13038.17,105.1386730670929
tabuSearchFromFluent,300,10,89,13324.25,117.59106588363647
tabuSearchFromFluent,300,10,90,12832.85,121.83949708938599
tabuSearchFromFluent,300,10,91,13353.97,121.80356693267822
tabuSearchFromFluent,300,10,92,13305.97,121.7188401222229
tabuSearchFromFluent,300,10,93,13043.32,108.48375916481018
tabuSearchFromFluent,300,10,94,12771.56,121.79599475860596
tabuSearchFromFluent,300,10,95,13306.28,121.7444920539856
tabuSearchFromFluent,300,10,96,12618.77,121.80331254005432
tabuSearchFromFluent,300,10,97,13186.0,98.88887739181519
tabuSearchFromFluent,300,10,98,13173.37,121.72032046318054
tabuSearchFromFluent,300,10,99,13256.19,121.70539855957031
tabuSearchFromFluent,300,20,0,13185.35,121.66923975944519
tabuSearchFromFluent,300,20,1,13879.9,87.8176760673523
tabuSearchFromFluent,300,20,2,14152.85,121.6555438041687
tabuSearchFromFluent,300,20,3,12805.9,121.57291603088379
tabuSearchFromFluent,300,20,4,13538.41,121.50804471969604
tabuSearchFromFluent,300,20,5,13731.59,121.58632278442383
tabuSearchFromFluent,300,20,6,13416.43,121.55667519569397
tabuSearchFromFluent,300,20,7,13370.6,121.54174566268921
tabuSearchFromFluent,300,20,8,13609.15,121.51334500312805
tabuSearchFromFluent,300,20,9,13755.09,103.12210893630981
tabuSearchFromFluent,300,20,10,13976.74,121.35476469993591
tabuSearchFromFluent,300,20,11,13676.66,103.07892966270447
tabuSearchFromFluent,300,20,12,13808.33,110.24358177185059
tabuSearchFromFluent,300,20,13,14026.14,98.50479698181152
tabuSearchFromFluent,300,20,14,13700.15,121.65877103805542
tabuSearchFromFluent,300,20,15,13559.04,88.43159937858582
tabuSearchFromFluent,300,20,16,13117.82,121.42772650718689
tabuSearchFromFluent,300,20,17,13676.56,110.55652856826782
tabuSearchFromFluent,300,20,18,13991.48,121.36757731437683
tabuSearchFromFluent,300,20,19,13726.32,98.44193720817566
tabuSearchFromFluent,300,20,20,13476.28,108.432537317276
tabuSearchFromFluent,300,20,21,14224.43,99.31431794166565
tabuSearchFromFluent,300,20,22,13949.94,121.35079145431519
tabuSearchFromFluent,300,20,23,13304.69,99.95446848869324
tabuSearchFromFluent,300,20,24,13880.55,97.52073049545288
tabuSearchFromFluent,300,20,25,13826.02,99.27255272865295
tabuSearchFromFluent,300,20,26,13559.06,119.29948282241821
tabuSearchFromFluent,300,20,27,13818.64,121.52624678611755
tabuSearchFromFluent,300,20,28,13182.14,121.34355926513672
tabuSearchFromFluent,300,20,29,13570.78,105.84229350090027
tabuSearchFromFluent,300,20,30,13583.06,113.19885468482971
tabuSearchFromFluent,300,20,31,13940.14,88.79821372032166
tabuSearchFromFluent,300,20,32,14382.27,111.26312780380249
tabuSearchFromFluent,300,20,33,14080.64,76.69667649269104
tabuSearchFromFluent,300,20,34,13874.32,121.48071765899658
tabuSearchFromFluent,300,20,35,13410.83,101.49616360664368
tabuSearchFromFluent,300,20,36,14021.16,107.3864197731018
tabuSearchFromFluent,300,20,37,13679.62,83.47608542442322
tabuSearchFromFluent,300,20,38,13766.33,99.0676519870758
tabuSearchFromFluent,300,20,39,13941.11,121.37507462501526
tabuSearchFromFluent,300,20,40,14063.26,98.20387649536133
tabuSearchFromFluent,300,20,41,14119.53,121.35470843315125
tabuSearchFromFluent,300,20,42,13809.74,80.99527597427368
tabuSearchFromFluent,300,20,43,13489.98,119.7641372680664
tabuSearchFromFluent,300,20,44,14003.77,75.64858531951904
tabuSearchFromFluent,300,20,45,13524.26,121.41993522644043
tabuSearchFromFluent,300,20,46,13355.38,121.50424909591675
tabuSearchFromFluent,300,20,47,13485.27,82.48900556564331
tabuSearchFromFluent,300,20,48,13535.56,78.89990663528442
tabuSearchFromFluent,300,20,49,13471.68,115.34234046936035
tabuSearchFromFluent,300,20,50,13758.29,108.6435055732727
tabuSearchFromFluent,300,20,51,13656.57,121.47209072113037
tabuSearchFromFluent,300,20,52,13641.42,84.12120342254639
tabuSearchFromFluent,300,20,53,13978.61,121.43414092063904
tabuSearchFromFluent,300,20,54,13551.94,89.76005911827087
tabuSearchFromFluent,300,20,55,14129.58,116.76848864555359
tabuSearchFromFluent,300,20,56,13830.67,99.30103087425232
tabuSearchFromFluent,300,20,57,14016.95,121.39260363578796
tabuSearchFromFluent,300,20,58,13714.96,104.02634501457214
tabuSearchFromFluent,300,20,59,13734.55,94.55392599105835
tabuSearchFromFluent,300,20,60,13408.72,76.71946430206299
tabuSearchFromFluent,300,20,61,13895.33,91.56124186515808
tabuSearchFromFluent,300,20,62,13260.78,95.4276134967804
tabuSearchFromFluent,300,20,63,14108.83,90.44284200668335
tabuSearchFromFluent,300,20,64,13911.23,91.51643657684326
tabuSearchFromFluent,300,20,65,13799.74,70.42811441421509
tabuSearchFromFluent,300,20,66,13042.33,116.55340528488159
tabuSearchFromFluent,300,20,67,14044.78,64.81082391738892
tabuSearchFromFluent,300,20,68,14220.51,121.46085000038147
tabuSearchFromFluent,300,20,69,13564.57,121.50958824157715
tabuSearchFromFluent,300,20,70,14000.56,90.78528904914856
tabuSearchFromFluent,300,20,71,14290.69,103.30002784729004
tabuSearchFromFluent,300,20,72,14014.72,91.92963647842407
tabuSearchFromFluent,300,20,73,13855.41,73.83585166931152
tabuSearchFromFluent,300,20,74,13953.18,95.91869282722473
tabuSearchFromFluent,300,20,75,13014.16,84.20123934745789
tabuSearchFromFluent,300,20,76,14032.34,121.48748111724854
tabuSearchFromFluent,300,20,77,13582.76,110.42200112342834
tabuSearchFromFluent,300,20,78,13546.09,121.47107529640198
tabuSearchFromFluent,300,20,79,13692.98,111.95741653442383
tabuSearchFromFluent,300,20,80,14115.54,119.95333313941956
tabuSearchFromFluent,300,20,81,13347.17,92.84405612945557
tabuSearchFromFluent,300,20,82,13914.44,121.15253448486328
tabuSearchFromFluent,300,20,83,13577.87,106.47363138198853
tabuSearchFromFluent,300,20,84,13041.48,121.4389009475708
tabuSearchFromFluent,300,20,85,13693.51,71.33515906333923
tabuSearchFromFluent,300,20,86,13354.64,74.42726969718933
tabuSearchFromFluent,300,20,87,13894.76,121.34946751594543
tabuSearchFromFluent,300,20,88,13699.64,94.15597605705261
tabuSearchFromFluent,300,20,89,13661.12,71.08354949951172
tabuSearchFromFluent,300,20,90,13576.61,110.47051000595093
tabuSearchFromFluent,300,20,91,13736.7,121.48306202888489
tabuSearchFromFluent,300,20,92,13880.86,118.9050669670105
tabuSearchFromFluent,300,20,93,13775.74,121.31268334388733
tabuSearchFromFluent,300,20,94,13825.21,64.90403699874878
tabuSearchFromFluent,300,20,95,14057.67,69.4542932510376
tabuSearchFromFluent,300,20,96,13169.76,109.70631837844849
tabuSearchFromFluent,300,20,97,13960.18,107.83229207992554
tabuSearchFromFluent,300,20,98,13402.98,116.14916181564331
tabuSearchFromFluent,300,20,99,13471.29,104.92499446868896
tabuSearchFromFluent,300,30,0,13515.94,97.09378027915955
tabuSearchFromFluent,300,30,1,14500.15,121.33758449554443
tabuSearchFromFluent,300,30,2,14222.81,72.6476423740387
tabuSearchFromFluent,300,30,3,13149.0,120.12380981445312
tabuSearchFromFluent,300,30,4,13928.25,77.91259217262268
tabuSearchFromFluent,300,30,5,14495.94,77.30498504638672
tabuSearchFromFluent,300,30,6,13751.9,120.92407417297363
tabuSearchFromFluent,300,30,7,13745.15,112.84009218215942
tabuSearchFromFluent,300,30,8,14079.92,121.15400218963623
tabuSearchFromFluent,300,30,9,14285.43,103.1876928806305
tabuSearchFromFluent,300,30,10,14125.18,81.28822755813599
tabuSearchFromFluent,300,30,11,14374.64,88.14449977874756
tabuSearchFromFluent,300,30,12,14082.33,96.41024661064148
tabuSearchFromFluent,300,30,13,14328.36,92.09663105010986
tabuSearchFromFluent,300,30,14,14294.8,121.19590449333191
tabuSearchFromFluent,300,30,15,14038.26,91.49569940567017
tabuSearchFromFluent,300,30,16,14333.53,109.69494938850403
tabuSearchFromFluent,300,30,17,14563.88,91.68587875366211
tabuSearchFromFluent,300,30,18,14220.24,121.0618040561676
tabuSearchFromFluent,300,30,19,14038.9,121.00388193130493
tabuSearchFromFluent,300,30,20,14085.38,104.79468607902527
tabuSearchFromFluent,300,30,21,14625.37,120.94125032424927
tabuSearchFromFluent,300,30,22,14585.13,79.84112071990967
tabuSearchFromFluent,300,30,23,13709.08,93.74192905426025
tabuSearchFromFluent,300,30,24,14103.19,71.85678267478943
tabuSearchFromFluent,300,30,25,14569.45,104.70125007629395
tabuSearchFromFluent,300,30,26,13872.01,121.04901766777039
tabuSearchFromFluent,300,30,27,14246.05,121.2333996295929
tabuSearchFromFluent,300,30,28,13340.48,79.62156534194946
tabuSearchFromFluent,300,30,29,13678.48,119.11221671104431
tabuSearchFromFluent,300,30,30,14107.94,100.65618348121643
tabuSearchFromFluent,300,30,31,14304.85,61.92020535469055
tabuSearchFromFluent,300,30,32,14383.82,57.54039907455444
tabuSearchFromFluent,300,30,33,14371.02,119.27755045890808
tabuSearchFromFluent,300,30,34,14184.62,100.31029486656189
tabuSearchFromFluent,300,30,35,13567.98,96.17981386184692
tabuSearchFromFluent,300,30,36,14538.28,106.02700805664062
tabuSearchFromFluent,300,30,37,13837.9,80.3686876296997
tabuSearchFromFluent,300,30,38,14567.13,121.23919582366943
tabuSearchFromFluent,300,30,39,14527.79,96.82653164863586
tabuSearchFromFluent,300,30,40,14205.06,121.15963864326477
tabuSearchFromFluent,300,30,41,14561.59,84.6556670665741
tabuSearchFromFluent,300,30,42,14157.7,63.10349488258362
tabuSearchFromFluent,300,30,43,13934.36,121.2444121837616
tabuSearchFromFluent,300,30,44,14717.3,81.86502051353455
tabuSearchFromFluent,300,30,45,14430.74,121.00976276397705
tabuSearchFromFluent,300,30,46,14111.22,81.96292805671692
tabuSearchFromFluent,300,30,47,13845.18,107.41894602775574
tabuSearchFromFluent,300,30,48,14130.81,121.25765585899353
tabuSearchFromFluent,300,30,49,14327.07,89.41441893577576
tabuSearchFromFluent,300,30,50,14547.96,93.18585252761841
tabuSearchFromFluent,300,30,51,14556.97,104.45359325408936
tabuSearchFromFluent,300,30,52,13987.31,84.40008616447449
tabuSearchFromFluent,300,30,53,14594.15,83.9216046333313
tabuSearchFromFluent,300,30,54,13916.76,108.8893461227417
tabuSearchFromFluent,300,30,55,14161.74,91.08192324638367
tabuSearchFromFluent,300,30,56,14512.43,83.4964349269867
tabuSearchFromFluent,300,30,57,13985.07,111.24603390693665
tabuSearchFromFluent,300,30,58,14019.24,120.84192228317261
tabuSearchFromFluent,300,30,59,14042.94,91.41371440887451
tabuSearchFromFluent,300,30,60,13968.49,101.62045741081238
tabuSearchFromFluent,300,30,61,14479.62,93.1383912563324
tabuSearchFromFluent,300,30,62,13372.98,121.16964554786682
tabuSearchFromFluent,300,30,63,14502.46,89.21031165122986
tabuSearchFromFluent,300,30,64,14176.06,85.18812012672424
tabuSearchFromFluent,300,30,65,14228.23,106.21981692314148
tabuSearchFromFluent,300,30,66,13570.01,85.5714807510376
tabuSearchFromFluent,300,30,67,14458.6,100.5470552444458
tabuSearchFromFluent,300,30,68,14621.62,114.38473224639893
tabuSearchFromFluent,300,30,69,13838.25,71.0055718421936
tabuSearchFromFluent,300,30,70,14394.88,65.2990460395813
tabuSearchFromFluent,300,30,71,14511.56,81.49521541595459
tabuSearchFromFluent,300,30,72,14536.91,111.4733362197876
tabuSearchFromFluent,300,30,73,14498.31,113.49875020980835
tabuSearchFromFluent,300,30,74,14222.28,90.67704820632935
tabuSearchFromFluent,300,30,75,13602.47,93.53027367591858
tabuSearchFromFluent,300,30,76,14058.4,108.79415249824524
tabuSearchFromFluent,300,30,77,14152.77,103.97491693496704
tabuSearchFromFluent,300,30,78,13941.27,90.39363837242126
tabuSearchFromFluent,300,30,79,14575.46,81.86776161193848
tabuSearchFromFluent,300,30,80,14046.15,115.57782506942749
tabuSearchFromFluent,300,30,81,14168.79,90.04217410087585
tabuSearchFromFluent,300,30,82,14220.12,103.65618681907654
tabuSearchFromFluent,300,30,83,14072.56,95.39476156234741
tabuSearchFromFluent,300,30,84,13393.4,120.82639455795288
tabuSearchFromFluent,300,30,85,13980.63,80.96633696556091
tabuSearchFromFluent,300,30,86,13867.23,121.0264139175415
tabuSearchFromFluent,300,30,87,14193.86,99.50878357887268
tabuSearchFromFluent,300,30,88,14127.46,121.04967403411865
tabuSearchFromFluent,300,30,89,14382.69,84.6035704612732
tabuSearchFromFluent,300,30,90,13851.93,121.28814554214478
tabuSearchFromFluent,300,30,91,14061.69,121.23454594612122
tabuSearchFromFluent,300,30,92,14514.83,120.98413634300232
tabuSearchFromFluent,300,30,93,14047.89,71.35696530342102
tabuSearchFromFluent,300,30,94,14359.89,121.13027286529541
tabuSearchFromFluent,300,30,95,14352.08,74.96433663368225
tabuSearchFromFluent,300,30,96,13921.5,121.18389368057251
tabuSearchFromFluent,300,30,97,14423.58,101.48835015296936
tabuSearchFromFluent,300,30,98,14387.96,93.24144268035889
tabuSearchFromFluent,300,30,99,14151.53,120.99298882484436
tabuSearchFromFluent,300,40,0,13872.07,90.08732962608337
tabuSearchFromFluent,300,40,1,14470.93,120.81255888938904
tabuSearchFromFluent,300,40,2,14865.96,113.73769426345825
tabuSearchFromFluent,300,40,3,13614.82,120.90251541137695
tabuSearchFromFluent,300,40,4,14725.33,103.25739860534668
tabuSearchFromFluent,300,40,5,15126.36,115.18138790130615
tabuSearchFromFluent,300,40,6,13834.28,120.79832458496094
tabuSearchFromFluent,300,40,7,14243.94,79.95664763450623
tabuSearchFromFluent,300,40,8,14573.37,68.25257754325867
tabuSearchFromFluent,300,40,9,14529.42,98.45199227333069
tabuSearchFromFluent,300,40,10,14905.4,91.55710697174072
tabuSearchFromFluent,300,40,11,14940.71,120.53612279891968
tabuSearchFromFluent,300,40,12,14510.37,104.05411672592163
tabuSearchFromFluent,300,40,13,14875.81,87.59945869445801
tabuSearchFromFluent,300,40,14,14636.52,115.15691375732422
tabuSearchFromFluent,300,40,15,14692.04,120.80253100395203
tabuSearchFromFluent,300,40,16,14575.75,121.0284469127655
tabuSearchFromFluent,300,40,17,14938.81,93.14498496055603
tabuSearchFromFluent,300,40,18,15135.9,90.07073616981506
tabuSearchFromFluent,300,40,19,14507.27,120.75158381462097
tabuSearchFromFluent,300,40,20,14302.8,98.98089385032654
tabuSearchFromFluent,300,40,21,14961.28,80.20434498786926
tabuSearchFromFluent,300,40,22,14870.73,85.48957514762878
tabuSearchFromFluent,300,40,23,14110.13,113.50538659095764
tabuSearchFromFluent,300,40,24,14637.49,105.2504231929779
tabuSearchFromFluent,300,40,25,14975.95,74.54705119132996
tabuSearchFromFluent,300,40,26,14324.52,90.4082703590393
tabuSearchFromFluent,300,40,27,15027.16,67.63097143173218
tabuSearchFromFluent,300,40,28,13789.59,120.79408574104309
tabuSearchFromFluent,300,40,29,14201.35,77.43199372291565
tabuSearchFromFluent,300,40,30,14796.75,72.67073464393616
tabuSearchFromFluent,300,40,31,15654.02,107.58608937263489
tabuSearchFromFluent,300,40,32,14914.33,92.84927582740784
tabuSearchFromFluent,300,40,33,14759.67,79.19231414794922
tabuSearchFromFluent,300,40,34,14787.5,74.347491979599
tabuSearchFromFluent,300,40,35,14318.44,121.01986598968506
tabuSearchFromFluent,300,40,36,14934.78,102.67352390289307
tabuSearchFromFluent,300,40,37,14335.64,82.45669269561768
tabuSearchFromFluent,300,40,38,14774.7,95.02328872680664
tabuSearchFromFluent,300,40,39,14870.57,113.83161878585815
tabuSearchFromFluent,300,40,40,15054.14,120.79244899749756
tabuSearchFromFluent,300,40,41,14718.06,89.03854751586914
tabuSearchFromFluent,300,40,42,14956.77,58.1188645362854
tabuSearchFromFluent,300,40,43,14410.14,92.62536239624023
tabuSearchFromFluent,300,40,44,14894.69,67.86893701553345
tabuSearchFromFluent,300,40,45,14773.59,119.88757085800171
tabuSearchFromFluent,300,40,46,14882.12,103.03113889694214
tabuSearchFromFluent,300,40,47,14137.65,91.94477653503418
tabuSearchFromFluent,300,40,48,14453.06,101.06946086883545
tabuSearchFromFluent,300,40,49,15105.28,108.29522514343262
tabuSearchFromFluent,300,40,50,15013.41,107.35151839256287
tabuSearchFromFluent,300,40,51,15040.03,63.61389446258545
tabuSearchFromFluent,300,40,52,14844.15,101.9938576221466
tabuSearchFromFluent,300,40,53,14959.6,91.12605619430542
tabuSearchFromFluent,300,40,54,14246.96,120.8247606754303
tabuSearchFromFluent,300,40,55,15032.47,103.332839012146
tabuSearchFromFluent,300,40,56,15027.03,121.072998046875
tabuSearchFromFluent,300,40,57,14481.41,120.78173470497131
tabuSearchFromFluent,300,40,58,14360.23,83.66433882713318
tabuSearchFromFluent,300,40,59,14581.16,117.43833136558533
tabuSearchFromFluent,300,40,60,14104.27,120.79844284057617
tabuSearchFromFluent,300,40,61,14998.62,86.7449779510498
tabuSearchFromFluent,300,40,62,14259.98,116.59561514854431
tabuSearchFromFluent,300,40,63,15000.63,93.36098432540894
tabuSearchFromFluent,300,40,64,14931.01,119.08650064468384
tabuSearchFromFluent,300,40,65,14704.1,71.62765097618103
tabuSearchFromFluent,300,40,66,14068.96,120.82346773147583
tabuSearchFromFluent,300,40,67,14952.45,88.7838306427002
tabuSearchFromFluent,300,40,68,15211.03,76.32103729248047
tabuSearchFromFluent,300,40,69,14722.11,64.17351365089417
tabuSearchFromFluent,300,40,70,15119.48,70.41929316520691
tabuSearchFromFluent,300,40,71,15109.03,84.26172399520874
tabuSearchFromFluent,300,40,72,15050.83,120.750324010849
tabuSearchFromFluent,300,40,73,15016.46,67.6326551437378
tabuSearchFromFluent,300,40,74,14818.98,107.44612264633179
tabuSearchFromFluent,300,40,75,14054.51,120.85460805892944
tabuSearchFromFluent,300,40,76,14677.67,77.64273023605347
tabuSearchFromFluent,300,40,77,14602.34,120.77077531814575
tabuSearchFromFluent,300,40,78,14748.96,120.72817301750183
tabuSearchFromFluent,300,40,79,15020.45,114.04694271087646
tabuSearchFromFluent,300,40,80,14946.86,89.22375845909119
tabuSearchFromFluent,300,40,81,14637.49,97.08682918548584
tabuSearchFromFluent,300,40,82,14570.09,103.51407742500305
tabuSearchFromFluent,300,40,83,14623.26,120.73659324645996
tabuSearchFromFluent,300,40,84,13776.38,103.59346032142639
tabuSearchFromFluent,300,40,85,14834.53,120.94599533081055
tabuSearchFromFluent,300,40,86,14609.71,60.5722017288208
tabuSearchFromFluent,300,40,87,14870.4,93.59524989128113
tabuSearchFromFluent,300,40,88,14582.1,120.76402425765991
tabuSearchFromFluent,300,40,89,14893.02,73.82849860191345
tabuSearchFromFluent,300,40,90,14402.07,120.89299273490906
tabuSearchFromFluent,300,40,91,14108.14,111.2191596031189
tabuSearchFromFluent,300,40,92,15261.12,111.21807098388672
tabuSearchFromFluent,300,40,93,14540.06,74.08886671066284
tabuSearchFromFluent,300,40,94,14812.56,115.69095396995544
tabuSearchFromFluent,300,40,95,15313.92,78.24051904678345
tabuSearchFromFluent,300,40,96,14314.08,106.42325687408447
tabuSearchFromFluent,300,40,97,14978.51,120.81255412101746
tabuSearchFromFluent,300,40,98,14235.19,89.07516813278198
tabuSearchFromFluent,300,40,99,14657.68,85.67387318611145
tabuSearchFromFluent,300,50,0,14486.5,109.26310873031616
tabuSearchFromFluent,300,50,1,14889.52,105.72202515602112
tabuSearchFromFluent,300,50,2,15923.33,95.59652662277222
tabuSearchFromFluent,300,50,3,13954.34,107.18959212303162
tabuSearchFromFluent,300,50,4,14670.11,100.96774005889893
tabuSearchFromFluent,300,50,5,15293.72,89.12540555000305
tabuSearchFromFluent,300,50,6,14820.89,76.74538588523865
tabuSearchFromFluent,300,50,7,14953.63,120.65180706977844
tabuSearchFromFluent,300,50,8,15459.93,120.26710653305054
tabuSearchFromFluent,300,50,9,15415.35,101.38452935218811
tabuSearchFromFluent,300,50,10,15653.79,120.65526914596558
tabuSearchFromFluent,300,50,11,15263.77,83.82363033294678
tabuSearchFromFluent,300,50,12,15247.06,104.61232852935791
tabuSearchFromFluent,300,50,13,15327.75,113.3742938041687
tabuSearchFromFluent,300,50,14,15134.28,97.86754631996155
tabuSearchFromFluent,300,50,15,15225.75,120.69902396202087
tabuSearchFromFluent,300,50,16,15181.27,80.17493319511414
tabuSearchFromFluent,300,50,17,15364.56,105.051274061203
tabuSearchFromFluent,300,50,18,14914.13,99.20931506156921
tabuSearchFromFluent,300,50,19,15094.94,94.07771444320679
tabuSearchFromFluent,300,50,20,14857.3,88.54249405860901
tabuSearchFromFluent,300,50,21,14629.13,80.18314814567566
tabuSearchFromFluent,300,50,22,15485.41,98.22030973434448
tabuSearchFromFluent,300,50,23,14704.88,106.32885336875916
tabuSearchFromFluent,300,50,24,15523.56,88.50572347640991
tabuSearchFromFluent,300,50,25,15791.77,89.59073305130005
tabuSearchFromFluent,300,50,26,14621.22,82.10680961608887
tabuSearchFromFluent,300,50,27,15082.11,111.29555010795593
tabuSearchFromFluent,300,50,28,14414.54,115.7306456565857
tabuSearchFromFluent,300,50,29,14605.71,89.39049506187439
tabuSearchFromFluent,300,50,30,15049.59,97.19456100463867
tabuSearchFromFluent,300,50,31,15536.4,110.302738904953
tabuSearchFromFluent,300,50,32,15601.46,74.90137887001038
tabuSearchFromFluent,300,50,33,15115.86,82.8836305141449
tabuSearchFromFluent,300,50,34,15427.47,72.48520684242249
tabuSearchFromFluent,300,50,35,14432.39,94.43170094490051
tabuSearchFromFluent,300,50,36,15472.01,77.25051736831665
tabuSearchFromFluent,300,50,37,14769.03,120.74810457229614
tabuSearchFromFluent,300,50,38,15637.97,88.05502510070801
tabuSearchFromFluent,300,50,39,15604.15,120.6741988658905
tabuSearchFromFluent,300,50,40,15394.58,82.25157046318054
tabuSearchFromFluent,300,50,41,14741.96,80.70324277877808
tabuSearchFromFluent,300,50,42,15031.7,105.96762013435364
tabuSearchFromFluent,300,50,43,14764.01,67.19906425476074
tabuSearchFromFluent,300,50,44,15641.86,88.44035840034485
tabuSearchFromFluent,300,50,45,15043.31,73.82257604598999
tabuSearchFromFluent,300,50,46,15338.8,120.71577310562134
tabuSearchFromFluent,300,50,47,15100.99,116.2344560623169
tabuSearchFromFluent,300,50,48,14859.08,73.65526604652405
tabuSearchFromFluent,300,50,49,15361.45,108.95924711227417
tabuSearchFromFluent,300,50,50,15315.43,99.2458598613739
tabuSearchFromFluent,300,50,51,15676.5,80.40670394897461
tabuSearchFromFluent,300,50,52,15124.52,109.2053005695343
tabuSearchFromFluent,300,50,53,15242.82,120.80329942703247
tabuSearchFromFluent,300,50,54,14682.73,72.29628467559814
tabuSearchFromFluent,300,50,55,15442.58,82.16382431983948
tabuSearchFromFluent,300,50,56,15545.39,91.68857502937317
tabuSearchFromFluent,300,50,57,15151.43,82.26842141151428
tabuSearchFromFluent,300,50,58,15336.3,91.67982292175293
tabuSearchFromFluent,300,50,59,15575.14,85.49203085899353
tabuSearchFromFluent,300,50,60,14955.17,118.21345639228821
tabuSearchFromFluent,300,50,61,15784.48,120.82597970962524
tabuSearchFromFluent,300,50,62,14882.42,110.86130738258362
tabuSearchFromFluent,300,50,63,15671.63,95.92068290710449
tabuSearchFromFluent,300,50,64,14838.02,94.66053628921509
tabuSearchFromFluent,300,50,65,15275.62,119.42431855201721
tabuSearchFromFluent,300,50,66,14407.37,76.97737646102905
tabuSearchFromFluent,300,50,67,15431.95,117.42464423179626
tabuSearchFromFluent,300,50,68,15332.57,74.81410551071167
tabuSearchFromFluent,300,50,69,15074.88,98.03809452056885
tabuSearchFromFluent,300,50,70,15505.85,64.1923418045044
tabuSearchFromFluent,300,50,71,15713.76,92.90781140327454
tabuSearchFromFluent,300,50,72,15566.99,57.63389205932617
tabuSearchFromFluent,300,50,73,15129.23,92.31118392944336
tabuSearchFromFluent,300,50,74,15112.24,78.59502220153809
tabuSearchFromFluent,300,50,75,14397.15,99.76450800895691
tabuSearchFromFluent,300,50,76,14950.71,120.7935562133789
tabuSearchFromFluent,300,50,77,15029.28,120.71461772918701
tabuSearchFromFluent,300,50,78,15273.74,105.14706373214722
tabuSearchFromFluent,300,50,79,15325.27,109.30284357070923
tabuSearchFromFluent,300,50,80,15249.11,81.6716845035553
tabuSearchFromFluent,300,50,81,15142.84,91.87201476097107
tabuSearchFromFluent,300,50,82,15532.79,120.68952178955078
tabuSearchFromFluent,300,50,83,15147.05,120.73554253578186
tabuSearchFromFluent,300,50,84,14409.85,105.21539497375488
tabuSearchFromFluent,300,50,85,15541.22,120.76769804954529
tabuSearchFromFluent,300,50,86,14571.73,90.00462365150452
tabuSearchFromFluent,300,50,87,15650.2,81.02276110649109
tabuSearchFromFluent,300,50,88,15089.6,86.56662344932556
tabuSearchFromFluent,300,50,89,15171.71,120.7475221157074
tabuSearchFromFluent,300,50,90,14810.27,90.67265939712524
tabuSearchFromFluent,300,50,91,14933.84,120.93911504745483
tabuSearchFromFluent,300,50,92,15465.9,92.12422370910645
tabuSearchFromFluent,300,50,93,14850.79,90.1005175113678
tabuSearchFromFluent,300,50,94,15152.8,120.73820519447327
tabuSearchFromFluent,300,50,95,15183.29,82.89937043190002
tabuSearchFromFluent,300,50,96,14904.98,120.68328785896301
tabuSearchFromFluent,300,50,97,14956.04,83.11437034606934
tabuSearchFromFluent,300,50,98,15233.29,67.2530426979065
tabuSearchFromFluent,300,50,99,14853.52,115.75510907173157
tabuSearchFromFluent,300,60,0,15347.14,120.61777114868164
tabuSearchFromFluent,300,60,1,15653.68,120.73338198661804
tabuSearchFromFluent,300,60,2,15384.17,79.9279191493988
tabuSearchFromFluent,300,60,3,14504.57,107.5372085571289
tabuSearchFromFluent,300,60,4,15202.97,77.1410927772522
tabuSearchFromFluent,300,60,5,15940.68,120.68440699577332
tabuSearchFromFluent,300,60,6,15189.21,88.72270560264587
tabuSearchFromFluent,300,60,7,15081.41,120.67211675643921
tabuSearchFromFluent,300,60,8,15892.68,98.36094307899475
tabuSearchFromFluent,300,60,9,15801.93,120.62070226669312
tabuSearchFromFluent,300,60,10,15607.43,120.66942548751831
tabuSearchFromFluent,300,60,11,15576.49,120.69689965248108
tabuSearchFromFluent,300,60,12,15731.75,88.4272243976593
tabuSearchFromFluent,300,60,13,15777.45,120.63731718063354
tabuSearchFromFluent,300,60,14,15780.75,76.9833083152771
tabuSearchFromFluent,300,60,15,15452.41,78.37072515487671
tabuSearchFromFluent,300,60,16,15460.48,110.2300386428833
tabuSearchFromFluent,300,60,17,15494.01,84.49583339691162
tabuSearchFromFluent,300,60,18,15573.94,111.55464768409729
tabuSearchFromFluent,300,60,19,15272.82,69.38417077064514
tabuSearchFromFluent,300,60,20,15334.35,101.75492787361145
tabuSearchFromFluent,300,60,21,15452.43,88.56381297111511
tabuSearchFromFluent,300,60,22,15864.46,100.79913854598999
tabuSearchFromFluent,300,60,23,14898.55,88.3745539188385
tabuSearchFromFluent,300,60,24,16103.08,84.96806859970093
tabuSearchFromFluent,300,60,25,15600.87,107.4749858379364
tabuSearchFromFluent,300,60,26,15186.48,113.23249888420105
tabuSearchFromFluent,300,60,27,15641.72,81.28830218315125
tabuSearchFromFluent,300,60,28,14548.3,63.904669761657715
tabuSearchFromFluent,300,60,29,15023.7,109.12158465385437
tabuSearchFromFluent,300,60,30,15361.28,62.68139410018921
tabuSearchFromFluent,300,60,31,15986.35,89.64061689376831
tabuSearchFromFluent,300,60,32,15708.13,91.07246851921082
tabuSearchFromFluent,300,60,33,15724.9,89.75182485580444
tabuSearchFromFluent,300,60,34,15708.23,68.14334082603455
tabuSearchFromFluent,300,60,35,15026.1,65.85164833068848
tabuSearchFromFluent,300,60,36,15804.06,120.68501114845276
tabuSearchFromFluent,300,60,37,15285.86,106.59889054298401
tabuSearchFromFluent,300,60,38,15658.42,70.9326524734497
tabuSearchFromFluent,300,60,39,15934.18,120.67557120323181
tabuSearchFromFluent,300,60,40,15909.65,98.25771236419678
tabuSearchFromFluent,300,60,41,15248.39,91.09611487388611
tabuSearchFromFluent,300,60,42,15331.69,87.60220623016357
tabuSearchFromFluent,300,60,43,15403.1,117.96619653701782
tabuSearchFromFluent,300,60,44,15951.18,120.6174545288086
tabuSearchFromFluent,300,60,45,15279.4,118.35917043685913
tabuSearchFromFluent,300,60,46,15520.74,120.70353364944458
tabuSearchFromFluent,300,60,47,15082.68,74.46709418296814
tabuSearchFromFluent,300,60,48,15006.3,71.88010597229004
tabuSearchFromFluent,300,60,49,15793.56,120.66945123672485
tabuSearchFromFluent,300,60,50,15722.48,73.85537242889404
tabuSearchFromFluent,300,60,51,15949.25,82.7618465423584
tabuSearchFromFluent,300,60,52,15431.63,71.80342411994934
tabuSearchFromFluent,300,60,53,15700.48,114.55910015106201
tabuSearchFromFluent,300,60,54,15007.97,113.94181799888611
tabuSearchFromFluent,300,60,55,16095.09,119.50572061538696
tabuSearchFromFluent,300,60,56,16279.73,120.63424372673035
tabuSearchFromFluent,300,60,57,15419.31,70.6492018699646
tabuSearchFromFluent,300,60,58,15469.9,78.62493705749512
tabuSearchFromFluent,300,60,59,15476.11,114.4198489189148
tabuSearchFromFluent,300,60,60,15094.79,112.08674430847168
tabuSearchFromFluent,300,60,61,15836.05,88.39061546325684
tabuSearchFromFluent,300,60,62,15252.03,108.06700372695923
tabuSearchFromFluent,300,60,63,15912.38,88.34773182868958
tabuSearchFromFluent,300,60,64,15381.66,120.72008323669434
tabuSearchFromFluent,300,60,65,15610.7,107.12772679328918
tabuSearchFromFluent,300,60,66,14457.39,105.73121547698975
tabuSearchFromFluent,300,60,67,15522.83,110.32627391815186
tabuSearchFromFluent,300,60,68,15972.65,93.46527314186096
tabuSearchFromFluent,300,60,69,15490.85,80.91002678871155
tabuSearchFromFluent,300,60,70,15794.31,114.4048535823822
tabuSearchFromFluent,300,60,71,15490.97,89.24856090545654
tabuSearchFromFluent,300,60,72,15714.12,78.2232575416565
tabuSearchFromFluent,300,60,73,15675.35,70.46967387199402
tabuSearchFromFluent,300,60,74,15646.86,120.66993117332458
tabuSearchFromFluent,300,60,75,14689.57,62.49954581260681
tabuSearchFromFluent,300,60,76,15279.31,120.76987218856812
tabuSearchFromFluent,300,60,77,15188.4,114.44609498977661
tabuSearchFromFluent,300,60,78,15174.68,115.90275073051453
tabuSearchFromFluent,300,60,79,15701.83,120.71905541419983
tabuSearchFromFluent,300,60,80,15480.58,85.63654589653015
tabuSearchFromFluent,300,60,81,15410.0,119.06972169876099
tabuSearchFromFluent,300,60,82,15578.37,86.564453125
tabuSearchFromFluent,300,60,83,15946.14,120.66645812988281
tabuSearchFromFluent,300,60,84,14233.0,120.67854142189026
tabuSearchFromFluent,300,60,85,15842.92,120.675861120224
tabuSearchFromFluent,300,60,86,15199.49,120.65522265434265
tabuSearchFromFluent,300,60,87,15494.0,120.49355173110962
tabuSearchFromFluent,300,60,88,15545.92,108.91613030433655
tabuSearchFromFluent,300,60,89,15644.99,120.60165667533875
tabuSearchFromFluent,300,60,90,14909.38,81.58621287345886
tabuSearchFromFluent,300,60,91,15594.11,82.68107104301453
tabuSearchFromFluent,300,60,92,15906.09,120.62773847579956
tabuSearchFromFluent,300,60,93,15683.96,120.76994800567627
tabuSearchFromFluent,300,60,94,15573.32,120.73597526550293
tabuSearchFromFluent,300,60,95,16369.51,120.59073829650879
tabuSearchFromFluent,300,60,96,15304.5,80.1190857887268
tabuSearchFromFluent,300,60,97,15709.66,72.06454181671143
tabuSearchFromFluent,300,60,98,15245.1,83.0360095500946
tabuSearchFromFluent,300,60,99,15144.12,74.82600522041321
tabuSearchFromFluent,300,70,0,15348.76,69.45721507072449
tabuSearchFromFluent,300,70,1,15661.63,68.26963424682617
tabuSearchFromFluent,300,70,2,15786.25,92.61672735214233
tabuSearchFromFluent,300,70,3,14601.5,81.65283966064453
tabuSearchFromFluent,300,70,4,15397.91,120.65890526771545
tabuSearchFromFluent,300,70,5,16065.82,78.25992488861084
tabuSearchFromFluent,300,70,6,15281.92,86.95326256752014
tabuSearchFromFluent,300,70,7,15357.17,120.58286428451538
tabuSearchFromFluent,300,70,8,16048.2,78.56847548484802
tabuSearchFromFluent,300,70,9,16048.87,110.60833787918091
tabuSearchFromFluent,300,70,10,15790.76,91.87817025184631
tabuSearchFromFluent,300,70,11,15738.2,95.65202617645264
tabuSearchFromFluent,300,70,12,16051.6,120.67330622673035
tabuSearchFromFluent,300,70,13,15762.48,98.86011672019958
tabuSearchFromFluent,300,70,14,15713.09,104.77299785614014
tabuSearchFromFluent,300,70,15,15718.88,112.56545114517212
tabuSearchFromFluent,300,70,16,15733.83,120.62369728088379
tabuSearchFromFluent,300,70,17,16291.54,80.20710802078247
tabuSearchFromFluent,300,70,18,15567.93,95.80668878555298
tabuSearchFromFluent,300,70,19,15571.31,82.97875165939331
tabuSearchFromFluent,300,70,20,15247.67,68.31932044029236
tabuSearchFromFluent,300,70,21,15588.6,109.64250636100769
tabuSearchFromFluent,300,70,22,15940.16,70.7625560760498
tabuSearchFromFluent,300,70,23,15275.48,74.48155045509338
tabuSearchFromFluent,300,70,24,16164.56,99.58050680160522
tabuSearchFromFluent,300,70,25,15800.7,85.45393872261047
tabuSearchFromFluent,300,70,26,15296.21,120.64262175559998
tabuSearchFromFluent,300,70,27,15633.52,97.58334064483643
tabuSearchFromFluent,300,70,28,14745.0,100.18085193634033
tabuSearchFromFluent,300,70,29,15052.62,120.68526673316956
tabuSearchFromFluent,300,70,30,15963.21,95.93872499465942
tabuSearchFromFluent,300,70,31,16205.49,90.16366386413574
tabuSearchFromFluent,300,70,32,15769.35,120.64944338798523
tabuSearchFromFluent,300,70,33,15532.0,96.96772623062134
tabuSearchFromFluent,300,70,34,16122.52,120.6120982170105
tabuSearchFromFluent,300,70,35,15291.44,98.71619892120361
tabuSearchFromFluent,300,70,36,16270.0,105.96432828903198
tabuSearchFromFluent,300,70,37,15353.8,120.63612747192383
tabuSearchFromFluent,300,70,38,16074.99,110.84861755371094
tabuSearchFromFluent,300,70,39,16241.91,96.68548583984375
tabuSearchFromFluent,300,70,40,15960.3,64.00268793106079
tabuSearchFromFluent,300,70,41,15652.39,96.35862970352173
tabuSearchFromFluent,300,70,42,15802.69,96.09397840499878
tabuSearchFromFluent,300,70,43,15636.58,92.49101686477661
tabuSearchFromFluent,300,70,44,15927.74,77.67557859420776
tabuSearchFromFluent,300,70,45,15646.17,91.91629695892334
tabuSearchFromFluent,300,70,46,15482.01,100.63987493515015
tabuSearchFromFluent,300,70,47,15487.71,78.4705319404602
tabuSearchFromFluent,300,70,48,15202.88,104.64857864379883
tabuSearchFromFluent,300,70,49,15808.02,81.36253476142883
tabuSearchFromFluent,300,70,50,15961.95,120.68283295631409
tabuSearchFromFluent,300,70,51,16385.81,116.8843126296997
tabuSearchFromFluent,300,70,52,15813.89,111.62165784835815
tabuSearchFromFluent,300,70,53,15532.58,93.07722330093384
tabuSearchFromFluent,300,70,54,15059.91,120.65133738517761
tabuSearchFromFluent,300,70,55,16374.34,92.63588809967041
tabuSearchFromFluent,300,70,56,16212.37,117.15092468261719
tabuSearchFromFluent,300,70,57,15446.61,88.98747301101685
tabuSearchFromFluent,300,70,58,15785.76,79.68730616569519
tabuSearchFromFluent,300,70,59,16085.02,107.9403007030487
tabuSearchFromFluent,300,70,60,15245.79,85.27405166625977
tabuSearchFromFluent,300,70,61,15958.83,73.01409459114075
tabuSearchFromFluent,300,70,62,15435.73,120.66327905654907
tabuSearchFromFluent,300,70,63,16018.42,77.80635476112366
tabuSearchFromFluent,300,70,64,15568.04,68.3585991859436
tabuSearchFromFluent,300,70,65,15693.99,73.11842083930969
tabuSearchFromFluent,300,70,66,14665.74,100.95298552513123
tabuSearchFromFluent,300,70,67,16072.46,120.65181684494019
tabuSearchFromFluent,300,70,68,15884.85,81.24203729629517
tabuSearchFromFluent,300,70,69,15238.62,97.04214692115784
tabuSearchFromFluent,300,70,70,15964.86,93.91804957389832
tabuSearchFromFluent,300,70,71,15903.01,72.68360209465027
tabuSearchFromFluent,300,70,72,16133.47,117.2008650302887
tabuSearchFromFluent,300,70,73,15681.41,62.03475737571716
tabuSearchFromFluent,300,70,74,15712.41,85.41354465484619
tabuSearchFromFluent,300,70,75,14656.49,56.1137433052063
tabuSearchFromFluent,300,70,76,15836.92,120.68668365478516
tabuSearchFromFluent,300,70,77,15553.65,89.23149919509888
tabuSearchFromFluent,300,70,78,15093.25,120.79793310165405
tabuSearchFromFluent,300,70,79,15697.71,79.73559975624084
tabuSearchFromFluent,300,70,80,15805.65,104.78498721122742
tabuSearchFromFluent,300,70,81,15558.1,97.1884617805481
tabuSearchFromFluent,300,70,82,15349.55,120.65557599067688
tabuSearchFromFluent,300,70,83,16102.81,65.22236323356628
tabuSearchFromFluent,300,70,84,14550.72,97.28841352462769
tabuSearchFromFluent,300,70,85,15848.43,84.42623090744019
tabuSearchFromFluent,300,70,86,15393.45,70.48822450637817
tabuSearchFromFluent,300,70,87,15758.09,120.66384744644165
tabuSearchFromFluent,300,70,88,15598.93,89.5754029750824
tabuSearchFromFluent,300,70,89,15312.16,78.55884742736816
tabuSearchFromFluent,300,70,90,15450.71,91.92196226119995
tabuSearchFromFluent,300,70,91,15927.14,120.61564302444458
tabuSearchFromFluent,300,70,92,15942.39,120.65433382987976
tabuSearchFromFluent,300,70,93,15595.01,111.07813787460327
tabuSearchFromFluent,300,70,94,15589.55,78.8344841003418
tabuSearchFromFluent,300,70,95,16158.94,81.77646851539612
tabuSearchFromFluent,300,70,96,15384.35,120.60431694984436
tabuSearchFromFluent,300,70,97,15977.64,66.03834104537964
tabuSearchFromFluent,300,70,98,15459.9,65.39255213737488
tabuSearchFromFluent,300,70,99,15483.12,82.05346536636353
tabuSearchFromRandom,300,0,0,11573.95,120.10993099212646
tabuSearchFromRandom,300,0,1,12202.51,91.88834738731384
tabuSearchFromRandom,300,0,2,12110.79,120.1064522266388
tabuSearchFromRandom,300,0,3,11699.32,120.10400009155273
tabuSearchFromRandom,300,0,4,12005.22,120.08815670013428
tabuSearchFromRandom,300,0,5,12287.6,117.30483818054199
tabuSearchFromRandom,300,0,6,11774.18,120.09119653701782
tabuSearchFromRandom,300,0,7,11932.6,120.10435938835144
tabuSearchFromRandom,300,0,8,11812.0,120.08501362800598
tabuSearchFromRandom,300,0,9,12095.13,120.08418369293213
tabuSearchFromRandom,300,0,10,12041.88,106.00305008888245
tabuSearchFromRandom,300,0,11,12069.98,118.63578915596008
tabuSearchFromRandom,300,0,12,11750.41,109.86079740524292
tabuSearchFromRandom,300,0,13,12375.37,120.08588910102844
tabuSearchFromRandom,300,0,14,12477.56,112.7346420288086
tabuSearchFromRandom,300,0,15,11657.74,120.08848929405212
tabuSearchFromRandom,300,0,16,11967.38,110.54590034484863
tabuSearchFromRandom,300,0,17,12652.27,120.09978675842285
tabuSearchFromRandom,300,0,18,11973.99,114.68795871734619
tabuSearchFromRandom,300,0,19,12341.52,120.10212063789368
tabuSearchFromRandom,300,0,20,11798.78,101.75492334365845
tabuSearchFromRandom,300,0,21,12267.66,120.10736870765686
tabuSearchFromRandom,300,0,22,12171.51,120.10178756713867
tabuSearchFromRandom,300,0,23,11846.25,97.66813278198242
tabuSearchFromRandom,300,0,24,12138.98,120.10216164588928
tabuSearchFromRandom,300,0,25,12160.61,120.09391331672668
tabuSearchFromRandom,300,0,26,12070.41,120.10057926177979
tabuSearchFromRandom,300,0,27,11792.13,120.10347008705139
tabuSearchFromRandom,300,0,28,11631.33,120.0927619934082
tabuSearchFromRandom,300,0,29,11827.54,120.0917317867279
tabuSearchFromRandom,300,0,30,12093.43,120.0922179222107
tabuSearchFromRandom,300,0,31,12122.97,107.99292659759521
tabuSearchFromRandom,300,0,32,12027.55,108.176265001297
tabuSearchFromRandom,300,0,33,12373.82,120.08532238006592
tabuSearchFromRandom,300,0,34,12230.24,120.08030986785889
tabuSearchFromRandom,300,0,35,11552.6,120.09518003463745
tabuSearchFromRandom,300,0,36,12444.91,120.0906913280487
tabuSearchFromRandom,300,0,37,11775.16,120.08646011352539
tabuSearchFromRandom,300,0,38,12093.56,96.80904984474182
tabuSearchFromRandom,300,0,39,11949.54,92.36756587028503
tabuSearchFromRandom,300,0,40,12236.4,120.10597610473633
tabuSearchFromRandom,300,0,41,12044.62,113.39803719520569
tabuSearchFromRandom,300,0,42,12326.52,120.08614563941956
tabuSearchFromRandom,300,0,43,11914.67,117.2290723323822
tabuSearchFromRandom,300,0,44,12223.22,120.10214757919312
tabuSearchFromRandom,300,0,45,11674.75,107.98977732658386
tabuSearchFromRandom,300,0,46,11805.78,120.09806776046753
tabuSearchFromRandom,300,0,47,11790.09,120.09407162666321
tabuSearchFromRandom,300,0,48,11858.65,120.09454202651978
tabuSearchFromRandom,300,0,49,12180.25,112.48247480392456
tabuSearchFromRandom,300,0,50,12657.89,120.09727454185486
tabuSearchFromRandom,300,0,51,12195.61,105.68008637428284
tabuSearchFromRandom,300,0,52,11631.25,120.09615993499756
tabuSearchFromRandom,300,0,53,11982.35,101.59048318862915
tabuSearchFromRandom,300,0,54,12092.6,120.0865113735199
tabuSearchFromRandom,300,0,55,11939.95,120.09932017326355
tabuSearchFromRandom,300,0,56,12159.33,120.09114980697632
tabuSearchFromRandom,300,0,57,12322.78,120.08973431587219
tabuSearchFromRandom,300,0,58,11962.86,115.65554332733154
tabuSearchFromRandom,300,0,59,11620.36,120.08692836761475
tabuSearchFromRandom,300,0,60,11726.13,120.08445525169373
tabuSearchFromRandom,300,0,61,12306.3,97.42955708503723
tabuSearchFromRandom,300,0,62,11666.1,93.8817207813263
tabuSearchFromRandom,300,0,63,12394.93,83.36771273612976
tabuSearchFromRandom,300,0,64,12045.49,120.10473680496216
tabuSearchFromRandom,300,0,65,12340.4,120.09357166290283
tabuSearchFromRandom,300,0,66,11680.03,120.0950665473938
tabuSearchFromRandom,300,0,67,11880.54,111.81996464729309
tabuSearchFromRandom,300,0,68,12210.62,120.08908295631409
tabuSearchFromRandom,300,0,69,11808.3,120.08828949928284
tabuSearchFromRandom,300,0,70,12427.08,120.0879921913147
tabuSearchFromRandom,300,0,71,12201.58,120.0980806350708
tabuSearchFromRandom,300,0,72,11799.46,120.11945080757141
tabuSearchFromRandom,300,0,73,11905.03,120.1041796207428
tabuSearchFromRandom,300,0,74,11761.83,101.88846063613892
tabuSearchFromRandom,300,0,75,11346.99,120.0849380493164
tabuSearchFromRandom,300,0,76,11973.29,116.04600667953491
tabuSearchFromRandom,300,0,77,11935.41,120.08770513534546
tabuSearchFromRandom,300,0,78,12223.98,113.0098147392273
tabuSearchFromRandom,300,0,79,12122.42,96.77052545547485
tabuSearchFromRandom,300,0,80,12191.86,120.08857727050781
tabuSearchFromRandom,300,0,81,11754.45,120.08641242980957
tabuSearchFromRandom,300,0,82,12111.26,108.80206394195557
tabuSearchFromRandom,300,0,83,12480.86,120.11676979064941
tabuSearchFromRandom,300,0,84,11612.45,120.13329672813416
tabuSearchFromRandom,300,0,85,12142.72,120.12867045402527
tabuSearchFromRandom,300,0,86,11832.45,120.132967710495
tabuSearchFromRandom,300,0,87,12049.0,120.1341483592987
tabuSearchFromRandom,300,0,88,11990.57,108.58325934410095
tabuSearchFromRandom,300,0,89,12045.38,120.16914296150208
tabuSearchFromRandom,300,0,90,11715.33,120.1495053768158
tabuSearchFromRandom,300,0,91,12206.49,120.13979530334473
tabuSearchFromRandom,300,0,92,12056.92,120.15730595588684
tabuSearchFromRandom,300,0,93,12273.19,120.14710688591003
tabuSearchFromRandom,300,0,94,11866.14,120.12792921066284
tabuSearchFromRandom,300,0,95,11965.88,108.96272659301758
tabuSearchFromRandom,300,0,96,11517.58,120.14427638053894
tabuSearchFromRandom,300,0,97,12459.23,120.1314115524292
tabuSearchFromRandom,300,0,98,12065.7,120.13444757461548
tabuSearchFromRandom,300,0,99,12089.78,120.12744307518005
tabuSearchFromRandom,300,10,0,12116.26,120.11644053459167
tabuSearchFromRandom,300,10,1,12924.18,102.67044067382812
tabuSearchFromRandom,300,10,2,12852.15,120.12971234321594
tabuSearchFromRandom,300,10,3,12189.18,120.13402771949768
tabuSearchFromRandom,300,10,4,12802.9,120.12488460540771
tabuSearchFromRandom,300,10,5,12950.08,120.13442158699036
tabuSearchFromRandom,300,10,6,12779.9,115.18390345573425
tabuSearchFromRandom,300,10,7,12705.68,100.26593780517578
tabuSearchFromRandom,300,10,8,12675.34,120.1266975402832
tabuSearchFromRandom,300,10,9,12880.0,120.12899947166443
tabuSearchFromRandom,300,10,10,12872.76,120.11772036552429
tabuSearchFromRandom,300,10,11,12736.5,120.11673831939697
tabuSearchFromRandom,300,10,12,12240.3,120.11020064353943
tabuSearchFromRandom,300,10,13,13100.2,120.1344347000122
tabuSearchFromRandom,300,10,14,13075.49,112.72292280197144
tabuSearchFromRandom,300,10,15,12757.46,120.10676574707031
tabuSearchFromRandom,300,10,16,13007.75,120.13470792770386
tabuSearchFromRandom,300,10,17,12711.18,120.11558628082275
tabuSearchFromRandom,300,10,18,12315.74,120.12242841720581
tabuSearchFromRandom,300,10,19,13091.75,120.1410927772522
tabuSearchFromRandom,300,10,20,12363.19,120.10697412490845
tabuSearchFromRandom,300,10,21,12511.29,120.1262948513031
tabuSearchFromRandom,300,10,22,12579.66,100.9621365070343
tabuSearchFromRandom,300,10,23,12367.71,112.24028515815735
tabuSearchFromRandom,300,10,24,12924.59,120.1226749420166
tabuSearchFromRandom,300,10,25,12998.13,120.1292028427124
tabuSearchFromRandom,300,10,26,12204.69,120.12492489814758
tabuSearchFromRandom,300,10,27,12964.63,120.12797546386719
tabuSearchFromRandom,300,10,28,12347.71,120.13029146194458
tabuSearchFromRandom,300,10,29,12562.12,120.11944794654846
tabuSearchFromRandom,300,10,30,12871.74,120.11476445198059
tabuSearchFromRandom,300,10,31,12868.57,120.14428448677063
tabuSearchFromRandom,300,10,32,13130.14,114.25333833694458
tabuSearchFromRandom,300,10,33,12700.39,120.11365175247192
tabuSearchFromRandom,300,10,34,13332.13,120.12311005592346
tabuSearchFromRandom,300,10,35,12623.82,120.13076663017273
tabuSearchFromRandom,300,10,36,13077.27,120.12664413452148
tabuSearchFromRandom,300,10,37,12884.97,120.12328219413757
tabuSearchFromRandom,300,10,38,12988.65,120.10140490531921
tabuSearchFromRandom,300,10,39,13057.61,120.11954402923584
tabuSearchFromRandom,300,10,40,12823.14,120.11642575263977
tabuSearchFromRandom,300,10,41,12614.18,120.1031744480133
tabuSearchFromRandom,300,10,42,12948.02,120.10086584091187
tabuSearchFromRandom,300,10,43,12671.09,120.12473368644714
tabuSearchFromRandom,300,10,44,13280.95,120.10818982124329
tabuSearchFromRandom,300,10,45,12658.84,120.10088896751404
tabuSearchFromRandom,300,10,46,12292.77,106.06257748603821
tabuSearchFromRandom,300,10,47,12513.46,120.11021947860718
tabuSearchFromRandom,300,10,48,12615.35,102.77529907226562
tabuSearchFromRandom,300,10,49,13113.16,120.11595058441162
tabuSearchFromRandom,300,10,50,13093.2,120.11416816711426
tabuSearchFromRandom,300,10,51,12906.09,120.1243679523468
tabuSearchFromRandom,300,10,52,12967.37,120.12649369239807
tabuSearchFromRandom,300,10,53,12663.21,108.16985034942627
tabuSearchFromRandom,300,10,54,12733.39,120.10089254379272
tabuSearchFromRandom,300,10,55,13338.23,113.91722989082336
tabuSearchFromRandom,300,10,56,12861.98,117.09205746650696
tabuSearchFromRandom,300,10,57,12674.98,120.1109778881073
tabuSearchFromRandom,300,10,58,12360.46,118.7935643196106
tabuSearchFromRandom,300,10,59,12565.47,119.22882556915283
tabuSearchFromRandom,300,10,60,12698.79,103.39465880393982
tabuSearchFromRandom,300,10,61,12991.36,120.11859583854675
tabuSearchFromRandom,300,10,62,12611.1,120.10911083221436
tabuSearchFromRandom,300,10,63,13696.47,120.1141984462738
tabuSearchFromRandom,300,10,64,13089.6,120.1130952835083
tabuSearchFromRandom,300,10,65,13163.41,120.11003303527832
tabuSearchFromRandom,300,10,66,12118.76,119.77517437934875
tabuSearchFromRandom,300,10,67,12730.17,102.12779545783997
tabuSearchFromRandom,300,10,68,12783.64,104.27847909927368
tabuSearchFromRandom,300,10,69,13162.47,120.1013433933258
tabuSearchFromRandom,300,10,70,12558.12,120.10252737998962
tabuSearchFromRandom,300,10,71,13251.62,120.11075901985168
tabuSearchFromRandom,300,10,72,13164.92,120.10914850234985
tabuSearchFromRandom,300,10,73,12908.34,99.8869514465332
tabuSearchFromRandom,300,10,74,12851.12,120.0992112159729
tabuSearchFromRandom,300,10,75,12845.7,120.10281682014465
tabuSearchFromRandom,300,10,76,12993.38,116.79371738433838
tabuSearchFromRandom,300,10,77,12441.8,92.4678246974945
tabuSearchFromRandom,300,10,78,13086.64,105.51018834114075
tabuSearchFromRandom,300,10,79,12805.03,101.13172817230225
tabuSearchFromRandom,300,10,80,12538.99,79.329519033432
tabuSearchFromRandom,300,10,81,12999.16,120.09622597694397
tabuSearchFromRandom,300,10,82,12676.04,120.11023497581482
tabuSearchFromRandom,300,10,83,13099.72,109.34841656684875
tabuSearchFromRandom,300,10,84,12030.47,120.10708856582642
tabuSearchFromRandom,300,10,85,13084.58,114.26222085952759
tabuSearchFromRandom,300,10,86,12468.43,120.10483288764954
tabuSearchFromRandom,300,10,87,12681.07,120.10288286209106
tabuSearchFromRandom,300,10,88,12724.3,120.10250067710876
tabuSearchFromRandom,300,10,89,12911.81,120.10182499885559
tabuSearchFromRandom,300,10,90,12575.15,114.33454704284668
tabuSearchFromRandom,300,10,91,12769.1,113.9617965221405
tabuSearchFromRandom,300,10,92,13034.18,120.11449074745178
tabuSearchFromRandom,300,10,93,12965.59,120.11088824272156
tabuSearchFromRandom,300,10,94,12966.44,113.51333904266357
tabuSearchFromRandom,300,10,95,13237.7,120.10789704322815
tabuSearchFromRandom,300,10,96,12583.22,120.10722708702087
tabuSearchFromRandom,300,10,97,13089.55,84.25964713096619
tabuSearchFromRandom,300,10,98,12879.37,119.24793767929077
tabuSearchFromRandom,300,10,99,12816.79,106.52904725074768
tabuSearchFromRandom,300,20,0,12889.51,120.10565376281738
tabuSearchFromRandom,300,20,1,13739.15,120.10922813415527
tabuSearchFromRandom,300,20,2,14012.92,118.99480962753296
tabuSearchFromRandom,300,20,3,12924.61,120.10520696640015
tabuSearchFromRandom,300,20,4,13134.25,120.1064887046814
tabuSearchFromRandom,300,20,5,13815.06,104.15939331054688
tabuSearchFromRandom,300,20,6,12827.13,114.80855894088745
tabuSearchFromRandom,300,20,7,12773.61,96.27984809875488
tabuSearchFromRandom,300,20,8,12979.74,120.10699725151062
tabuSearchFromRandom,300,20,9,13387.99,120.10840964317322
tabuSearchFromRandom,300,20,10,13785.91,107.80400061607361
tabuSearchFromRandom,300,20,11,13594.97,120.10329747200012
tabuSearchFromRandom,300,20,12,13585.37,120.09182214736938
tabuSearchFromRandom,300,20,13,13578.95,120.10899496078491
tabuSearchFromRandom,300,20,14,13226.06,120.11197233200073
tabuSearchFromRandom,300,20,15,13211.06,120.08860325813293
tabuSearchFromRandom,300,20,16,13001.21,120.11222290992737
tabuSearchFromRandom,300,20,17,13394.36,120.10136818885803
tabuSearchFromRandom,300,20,18,13240.28,111.33602595329285
tabuSearchFromRandom,300,20,19,13489.99,120.10996222496033
tabuSearchFromRandom,300,20,20,13424.71,120.08780694007874
tabuSearchFromRandom,300,20,21,13781.46,100.49107837677002
tabuSearchFromRandom,300,20,22,13758.92,120.10785555839539
tabuSearchFromRandom,300,20,23,12938.49,120.09630131721497
tabuSearchFromRandom,300,20,24,13473.51,120.09691786766052
tabuSearchFromRandom,300,20,25,13657.91,94.99824333190918
tabuSearchFromRandom,300,20,26,13377.8,120.09672284126282
tabuSearchFromRandom,300,20,27,13425.44,120.09846019744873
tabuSearchFromRandom,300,20,28,12742.04,120.10710382461548
tabuSearchFromRandom,300,20,29,13243.83,106.51333332061768
tabuSearchFromRandom,300,20,30,13274.71,120.09074664115906
tabuSearchFromRandom,300,20,31,13744.97,120.09746098518372
tabuSearchFromRandom,300,20,32,13895.24,120.11081767082214
tabuSearchFromRandom,300,20,33,13549.25,120.13150691986084
tabuSearchFromRandom,300,20,34,13254.99,107.05408120155334
tabuSearchFromRandom,300,20,35,12989.07,120.12779808044434
tabuSearchFromRandom,300,20,36,13677.39,106.20682191848755
tabuSearchFromRandom,300,20,37,13237.78,120.13947653770447
tabuSearchFromRandom,300,20,38,13400.76,120.12624001502991
tabuSearchFromRandom,300,20,39,13233.51,112.61775064468384
tabuSearchFromRandom,300,20,40,13374.55,104.27523016929626
tabuSearchFromRandom,300,20,41,14005.91,105.9364721775055
tabuSearchFromRandom,300,20,42,13518.85,113.05244374275208
tabuSearchFromRandom,300,20,43,13210.01,120.14031171798706
tabuSearchFromRandom,300,20,44,13310.02,120.13159370422363
tabuSearchFromRandom,300,20,45,13224.88,120.12125086784363
tabuSearchFromRandom,300,20,46,13431.71,108.55257320404053
tabuSearchFromRandom,300,20,47,13126.13,120.1183090209961
tabuSearchFromRandom,300,20,48,12655.44,120.13080596923828
tabuSearchFromRandom,300,20,49,13523.06,119.557293176651
tabuSearchFromRandom,300,20,50,13460.46,120.1287009716034
tabuSearchFromRandom,300,20,51,13488.23,120.1195809841156
tabuSearchFromRandom,300,20,52,13338.19,120.12326622009277
tabuSearchFromRandom,300,20,53,13637.61,116.19001936912537
tabuSearchFromRandom,300,20,54,13061.16,112.81793141365051
tabuSearchFromRandom,300,20,55,13654.64,120.12115454673767
tabuSearchFromRandom,300,20,56,13089.88,120.11578798294067
tabuSearchFromRandom,300,20,57,13727.01,120.1197657585144
tabuSearchFromRandom,300,20,58,13156.08,120.118399143219
tabuSearchFromRandom,300,20,59,13478.03,120.1204833984375
tabuSearchFromRandom,300,20,60,12943.85,120.11327075958252
tabuSearchFromRandom,300,20,61,13640.85,109.93666815757751
tabuSearchFromRandom,300,20,62,13059.56,107.39721202850342
tabuSearchFromRandom,300,20,63,13813.3,120.11427974700928
tabuSearchFromRandom,300,20,64,13134.42,117.14195680618286
tabuSearchFromRandom,300,20,65,13190.26,120.11676168441772
tabuSearchFromRandom,300,20,66,12450.34,120.14171767234802
tabuSearchFromRandom,300,20,67,13754.54,120.13099503517151
tabuSearchFromRandom,300,20,68,13703.36,120.12911915779114
tabuSearchFromRandom,300,20,69,13586.5,120.1207537651062
tabuSearchFromRandom,300,20,70,13748.11,120.12779664993286
tabuSearchFromRandom,300,20,71,13870.92,120.12615704536438
tabuSearchFromRandom,300,20,72,13917.2,99.86044669151306
tabuSearchFromRandom,300,20,73,13693.57,120.13889455795288
tabuSearchFromRandom,300,20,74,13863.16,120.12827730178833
tabuSearchFromRandom,300,20,75,12716.52,120.12476253509521
tabuSearchFromRandom,300,20,76,13062.21,120.12834095954895
tabuSearchFromRandom,300,20,77,13339.54,116.85096073150635
tabuSearchFromRandom,300,20,78,13415.31,120.13172006607056
tabuSearchFromRandom,300,20,79,13797.38,120.14629745483398
tabuSearchFromRandom,300,20,80,13420.91,120.11848211288452
tabuSearchFromRandom,300,20,81,13172.21,120.11451148986816
tabuSearchFromRandom,300,20,82,13271.23,103.63645076751709
tabuSearchFromRandom,300,20,83,13262.53,120.13169288635254
tabuSearchFromRandom,300,20,84,12579.34,120.12807965278625
tabuSearchFromRandom,300,20,85,13588.04,120.11966490745544
tabuSearchFromRandom,300,20,86,13092.29,120.12297821044922
tabuSearchFromRandom,300,20,87,13387.19,93.08296704292297
tabuSearchFromRandom,300,20,88,13410.99,113.0129804611206
tabuSearchFromRandom,300,20,89,13348.67,119.6757423877716
tabuSearchFromRandom,300,20,90,13121.17,120.12303686141968
tabuSearchFromRandom,300,20,91,13391.22,120.1093692779541
tabuSearchFromRandom,300,20,92,13246.06,120.13159728050232
tabuSearchFromRandom,300,20,93,13335.24,120.12200474739075
tabuSearchFromRandom,300,20,94,13470.79,120.1204240322113
tabuSearchFromRandom,300,20,95,13222.21,112.05386972427368
tabuSearchFromRandom,300,20,96,13309.42,108.91129779815674
tabuSearchFromRandom,300,20,97,13521.67,112.12707686424255
tabuSearchFromRandom,300,20,98,13070.58,120.1180944442749
tabuSearchFromRandom,300,20,99,13414.68,120.10681700706482
tabuSearchFromRandom,300,30,0,12854.0,120.12008094787598
tabuSearchFromRandom,300,30,1,13547.34,101.68196725845337
tabuSearchFromRandom,300,30,2,14012.44,95.05626678466797
tabuSearchFromRandom,300,30,3,13079.79,120.1093373298645
tabuSearchFromRandom,300,30,4,13742.08,120.11576628684998
tabuSearchFromRandom,300,30,5,14045.67,120.11597847938538
tabuSearchFromRandom,300,30,6,13622.51,101.56020164489746
tabuSearchFromRandom,300,30,7,13424.47,120.12853193283081
tabuSearchFromRandom,300,30,8,13590.84,120.125723361969
tabuSearchFromRandom,300,30,9,13716.32,120.13531827926636
tabuSearchFromRandom,300,30,10,13904.8,102.77966594696045
tabuSearchFromRandom,300,30,11,13446.78,120.12723350524902
tabuSearchFromRandom,300,30,12,13507.48,120.11600017547607
tabuSearchFromRandom,300,30,13,14125.64,120.13570356369019
tabuSearchFromRandom,300,30,14,13637.3,112.64406156539917
tabuSearchFromRandom,300,30,15,13782.51,96.4598503112793
tabuSearchFromRandom,300,30,16,14075.94,120.14113092422485
tabuSearchFromRandom,300,30,17,14029.37,120.14280319213867
tabuSearchFromRandom,300,30,18,13880.16,95.1734778881073
tabuSearchFromRandom,300,30,19,13762.18,120.14036726951599
tabuSearchFromRandom,300,30,20,14159.85,120.12285876274109
tabuSearchFromRandom,300,30,21,14073.83,120.13431787490845
tabuSearchFromRandom,300,30,22,14017.67,120.14379358291626
tabuSearchFromRandom,300,30,23,13402.59,120.12289834022522
tabuSearchFromRandom,300,30,24,13743.58,104.49580979347229
tabuSearchFromRandom,300,30,25,13888.17,120.13934636116028
tabuSearchFromRandom,300,30,26,13419.27,99.70968437194824
tabuSearchFromRandom,300,30,27,13803.55,118.15068459510803
tabuSearchFromRandom,300,30,28,13324.25,120.12396264076233
tabuSearchFromRandom,300,30,29,13150.11,117.28551721572876
tabuSearchFromRandom,300,30,30,14044.58,120.11821293830872
tabuSearchFromRandom,300,30,31,14016.61,120.12496709823608
tabuSearchFromRandom,300,30,32,13782.98,120.1348648071289
tabuSearchFromRandom,300,30,33,13884.1,120.11560702323914
tabuSearchFromRandom,300,30,34,14137.64,120.12399339675903
tabuSearchFromRandom,300,30,35,13619.17,84.58232402801514
tabuSearchFromRandom,300,30,36,13767.8,120.12597846984863
tabuSearchFromRandom,300,30,37,13341.97,120.12430429458618
tabuSearchFromRandom,300,30,38,13798.04,91.87648105621338
tabuSearchFromRandom,300,30,39,14483.58,120.1267638206482
tabuSearchFromRandom,300,30,40,14062.4,118.50552535057068
tabuSearchFromRandom,300,30,41,14097.7,120.1251757144928
tabuSearchFromRandom,300,30,42,14044.72,120.03004813194275
tabuSearchFromRandom,300,30,43,13337.7,120.12749075889587
tabuSearchFromRandom,300,30,44,14504.55,120.11548185348511
tabuSearchFromRandom,300,30,45,14060.14,120.12337183952332
tabuSearchFromRandom,300,30,46,13614.75,120.14162278175354
tabuSearchFromRandom,300,30,47,13615.39,120.11281728744507
tabuSearchFromRandom,300,30,48,13816.71,120.12446737289429
tabuSearchFromRandom,300,30,49,14028.99,120.1308524608612
tabuSearchFromRandom,300,30,50,14068.61,120.12694382667542
tabuSearchFromRandom,300,30,51,13795.06,120.12995266914368
tabuSearchFromRandom,300,30,52,13790.11,120.12974643707275
tabuSearchFromRandom,300,30,53,13890.25,115.00521612167358
tabuSearchFromRandom,300,30,54,13708.66,120.13317489624023
tabuSearchFromRandom,300,30,55,13885.15,109.48898458480835
tabuSearchFromRandom,300,30,56,14188.37,120.12928342819214
tabuSearchFromRandom,300,30,57,13638.19,113.72599792480469
tabuSearchFromRandom,300,30,58,13949.54,120.14198756217957
tabuSearchFromRandom,300,30,59,13767.68,90.6922869682312
tabuSearchFromRandom,300,30,60,13667.8,112.19338202476501
tabuSearchFromRandom,300,30,61,14264.77,87.33380937576294
tabuSearchFromRandom,300,30,62,12923.64,120.13085293769836
tabuSearchFromRandom,300,30,63,14446.88,106.52269411087036
tabuSearchFromRandom,300,30,64,13924.57,108.82104802131653
tabuSearchFromRandom,300,30,65,14030.58,106.71173238754272
tabuSearchFromRandom,300,30,66,13072.22,116.34936285018921
tabuSearchFromRandom,300,30,67,14084.73,96.67360782623291
tabuSearchFromRandom,300,30,68,14182.56,88.22072386741638
tabuSearchFromRandom,300,30,69,13704.07,120.09250450134277
tabuSearchFromRandom,300,30,70,13744.71,96.08390092849731
tabuSearchFromRandom,300,30,71,14127.8,117.72262477874756
tabuSearchFromRandom,300,30,72,14498.94,100.47799158096313
tabuSearchFromRandom,300,30,73,13908.37,97.70628929138184
tabuSearchFromRandom,300,30,74,13922.7,120.1171293258667
tabuSearchFromRandom,300,30,75,13177.72,94.58746457099915
tabuSearchFromRandom,300,30,76,13486.96,120.11381220817566
tabuSearchFromRandom,300,30,77,13624.14,120.10351181030273
tabuSearchFromRandom,300,30,78,13873.44,120.12042450904846
tabuSearchFromRandom,300,30,79,14109.71,120.10705804824829
tabuSearchFromRandom,300,30,80,13644.63,109.5194399356842
tabuSearchFromRandom,300,30,81,13912.05,120.11258482933044
tabuSearchFromRandom,300,30,82,13880.31,120.12269115447998
tabuSearchFromRandom,300,30,83,13699.49,120.12221193313599
tabuSearchFromRandom,300,30,84,12953.48,120.12754440307617
tabuSearchFromRandom,300,30,85,13684.74,98.26830196380615
tabuSearchFromRandom,300,30,86,13659.88,92.9487373828888
tabuSearchFromRandom,300,30,87,14304.57,105.62847638130188
tabuSearchFromRandom,300,30,88,13732.13,113.34326791763306
tabuSearchFromRandom,300,30,89,13770.62,111.34752821922302
tabuSearchFromRandom,300,30,90,13357.39,120.11716723442078
tabuSearchFromRandom,300,30,91,13838.57,120.1224000453949
tabuSearchFromRandom,300,30,92,13999.99,120.13886427879333
tabuSearchFromRandom,300,30,93,13468.31,120.12562108039856
tabuSearchFromRandom,300,30,94,14019.43,87.83790683746338
tabuSearchFromRandom,300,30,95,13853.79,102.58194160461426
tabuSearchFromRandom,300,30,96,13332.13,120.12515139579773
tabuSearchFromRandom,300,30,97,13871.77,104.39782118797302
tabuSearchFromRandom,300,30,98,13761.46,112.07222127914429
tabuSearchFromRandom,300,30,99,13917.13,120.1254711151123
tabuSearchFromRandom,300,40,0,13340.98,120.12493205070496
tabuSearchFromRandom,300,40,1,14044.83,97.4098904132843
tabuSearchFromRandom,300,40,2,14323.68,120.13007497787476
tabuSearchFromRandom,300,40,3,13139.58,120.12453484535217
tabuSearchFromRandom,300,40,4,14394.07,120.13439083099365
tabuSearchFromRandom,300,40,5,14677.03,120.13062000274658
tabuSearchFromRandom,300,40,6,13577.1,120.12843441963196
tabuSearchFromRandom,300,40,7,14012.76,110.45773386955261
tabuSearchFromRandom,300,40,8,14697.42,120.13454937934875
tabuSearchFromRandom,300,40,9,14592.0,120.12562108039856
tabuSearchFromRandom,300,40,10,14602.59,120.11546063423157
tabuSearchFromRandom,300,40,11,14516.05,110.4596745967865
tabuSearchFromRandom,300,40,12,13793.05,120.11971259117126
tabuSearchFromRandom,300,40,13,14182.25,120.13233041763306
tabuSearchFromRandom,300,40,14,14409.92,120.11889743804932
tabuSearchFromRandom,300,40,15,14222.73,96.0834264755249
tabuSearchFromRandom,300,40,16,14210.58,120.14137315750122
tabuSearchFromRandom,300,40,17,14159.15,94.52791619300842
tabuSearchFromRandom,300,40,18,14842.44,111.46051359176636
tabuSearchFromRandom,300,40,19,14502.63,108.02836179733276
tabuSearchFromRandom,300,40,20,13608.01,120.10752511024475
tabuSearchFromRandom,300,40,21,14932.91,120.14515995979309
tabuSearchFromRandom,300,40,22,14534.04,111.92110991477966
tabuSearchFromRandom,300,40,23,14113.0,106.82229375839233
tabuSearchFromRandom,300,40,24,14562.28,120.12822461128235
tabuSearchFromRandom,300,40,25,14844.4,120.13320994377136
tabuSearchFromRandom,300,40,26,13851.73,120.12312269210815
tabuSearchFromRandom,300,40,27,14377.49,120.12440848350525
tabuSearchFromRandom,300,40,28,13510.28,120.12859177589417
tabuSearchFromRandom,300,40,29,13758.59,120.12551140785217
tabuSearchFromRandom,300,40,30,14703.95,98.0208568572998
tabuSearchFromRandom,300,40,31,14631.13,104.5773491859436
tabuSearchFromRandom,300,40,32,14699.03,120.13011884689331
tabuSearchFromRandom,300,40,33,14378.58,120.1212477684021
tabuSearchFromRandom,300,40,34,14242.33,112.55404090881348
tabuSearchFromRandom,300,40,35,13780.44,120.12124013900757
tabuSearchFromRandom,300,40,36,14243.03,120.11060285568237
tabuSearchFromRandom,300,40,37,14041.65,120.13087940216064
tabuSearchFromRandom,300,40,38,14348.26,120.1336317062378
tabuSearchFromRandom,300,40,39,14456.96,120.13188099861145
tabuSearchFromRandom,300,40,40,14400.51,116.79174208641052
tabuSearchFromRandom,300,40,41,14329.74,117.98302793502808
tabuSearchFromRandom,300,40,42,14329.64,120.12804889678955
tabuSearchFromRandom,300,40,43,14145.18,120.14272356033325
tabuSearchFromRandom,300,40,44,14682.27,113.97527813911438
tabuSearchFromRandom,300,40,45,14411.88,120.12029385566711
tabuSearchFromRandom,300,40,46,14439.42,120.13485193252563
tabuSearchFromRandom,300,40,47,14165.59,120.11906719207764
tabuSearchFromRandom,300,40,48,14417.34,101.14044880867004
tabuSearchFromRandom,300,40,49,14375.43,97.37877750396729
tabuSearchFromRandom,300,40,50,14818.89,120.11218428611755
tabuSearchFromRandom,300,40,51,14178.19,120.11905646324158
tabuSearchFromRandom,300,40,52,14614.49,120.12290000915527
tabuSearchFromRandom,300,40,53,14667.19,100.7266161441803
tabuSearchFromRandom,300,40,54,13760.36,120.11918044090271
tabuSearchFromRandom,300,40,55,14907.92,101.1836347579956
tabuSearchFromRandom,300,40,56,14591.35,118.15279817581177
tabuSearchFromRandom,300,40,57,14270.35,108.86415982246399
tabuSearchFromRandom,300,40,58,13819.99,120.13449907302856
tabuSearchFromRandom,300,40,59,14057.89,96.92775201797485
tabuSearchFromRandom,300,40,60,13705.64,120.12660002708435
tabuSearchFromRandom,300,40,61,14360.64,87.63952660560608
tabuSearchFromRandom,300,40,62,13469.66,120.11868667602539
tabuSearchFromRandom,300,40,63,14504.81,120.11591386795044
tabuSearchFromRandom,300,40,64,14008.6,120.11674189567566
tabuSearchFromRandom,300,40,65,14540.67,119.8224105834961
tabuSearchFromRandom,300,40,66,13589.61,120.1434211730957
tabuSearchFromRandom,300,40,67,14412.17,110.69002366065979
tabuSearchFromRandom,300,40,68,14582.17,120.13578510284424
tabuSearchFromRandom,300,40,69,14712.08,119.4428493976593
tabuSearchFromRandom,300,40,70,14597.28,120.132253408432
tabuSearchFromRandom,300,40,71,14747.95,110.5955080986023
tabuSearchFromRandom,300,40,72,14451.13,114.05991125106812
tabuSearchFromRandom,300,40,73,14266.76,112.77952551841736
tabuSearchFromRandom,300,40,74,14434.23,120.11116862297058
tabuSearchFromRandom,300,40,75,13890.53,119.41885685920715
tabuSearchFromRandom,300,40,76,13896.78,120.11687326431274
tabuSearchFromRandom,300,40,77,14155.8,105.02533912658691
tabuSearchFromRandom,300,40,78,14371.85,106.28442668914795
tabuSearchFromRandom,300,40,79,14395.06,120.12817692756653
tabuSearchFromRandom,300,40,80,14564.66,120.12441158294678
tabuSearchFromRandom,300,40,81,14417.01,89.43888807296753
tabuSearchFromRandom,300,40,82,14212.25,103.49904870986938
tabuSearchFromRandom,300,40,83,14402.71,120.12203335762024
tabuSearchFromRandom,300,40,84,13335.17,120.1242003440857
tabuSearchFromRandom,300,40,85,14320.57,120.1084532737732
tabuSearchFromRandom,300,40,86,14328.9,120.12177109718323
tabuSearchFromRandom,300,40,87,14645.21,120.11904120445251
tabuSearchFromRandom,300,40,88,14699.89,106.81287264823914
tabuSearchFromRandom,300,40,89,14324.86,101.13368654251099
tabuSearchFromRandom,300,40,90,13545.37,98.7325439453125
tabuSearchFromRandom,300,40,91,14218.7,120.12250304222107
tabuSearchFromRandom,300,40,92,14494.75,106.34155368804932
tabuSearchFromRandom,300,40,93,14340.98,120.13078451156616
tabuSearchFromRandom,300,40,94,14140.81,109.7199113368988
tabuSearchFromRandom,300,40,95,15145.41,93.65407133102417
tabuSearchFromRandom,300,40,96,13679.02,110.2857928276062
tabuSearchFromRandom,300,40,97,14500.98,86.4581983089447
tabuSearchFromRandom,300,40,98,13942.9,109.93924283981323
tabuSearchFromRandom,300,40,99,14275.19,120.10421204566956
tabuSearchFromRandom,300,50,0,13856.58,92.17165684700012
tabuSearchFromRandom,300,50,1,14546.76,120.1139075756073
tabuSearchFromRandom,300,50,2,15163.69,120.12065029144287
tabuSearchFromRandom,300,50,3,13676.32,109.26761841773987
tabuSearchFromRandom,300,50,4,14530.61,120.10155916213989
tabuSearchFromRandom,300,50,5,15425.53,120.11430621147156
tabuSearchFromRandom,300,50,6,14677.67,86.88490271568298
tabuSearchFromRandom,300,50,7,13997.53,108.242267370224
tabuSearchFromRandom,300,50,8,14719.95,120.1160352230072
tabuSearchFromRandom,300,50,9,15026.09,115.699955701828
tabuSearchFromRandom,300,50,10,15054.46,120.11049580574036
tabuSearchFromRandom,300,50,11,14884.38,108.23561120033264
tabuSearchFromRandom,300,50,12,14934.1,120.09658408164978
tabuSearchFromRandom,300,50,13,15239.85,120.09930753707886
tabuSearchFromRandom,300,50,14,14943.25,101.03628873825073
tabuSearchFromRandom,300,50,15,14748.69,96.58709049224854
tabuSearchFromRandom,300,50,16,14864.6,99.26077270507812
tabuSearchFromRandom,300,50,17,14921.41,117.77842211723328
tabuSearchFromRandom,300,50,18,14841.69,105.0875391960144
tabuSearchFromRandom,300,50,19,15096.09,102.75055408477783
tabuSearchFromRandom,300,50,20,14731.44,120.11604738235474
tabuSearchFromRandom,300,50,21,14531.27,120.10783052444458
tabuSearchFromRandom,300,50,22,15305.94,111.14758515357971
tabuSearchFromRandom,300,50,23,14510.37,120.10148572921753
tabuSearchFromRandom,300,50,24,15406.23,118.20451307296753
tabuSearchFromRandom,300,50,25,15066.57,104.6726016998291
tabuSearchFromRandom,300,50,26,14003.69,120.11488127708435
tabuSearchFromRandom,300,50,27,14435.97,120.1201982498169
tabuSearchFromRandom,300,50,28,13892.08,120.13074088096619
tabuSearchFromRandom,300,50,29,14202.8,95.84402394294739
tabuSearchFromRandom,300,50,30,14414.24,81.47252082824707
tabuSearchFromRandom,300,50,31,15511.76,92.67290043830872
tabuSearchFromRandom,300,50,32,15408.26,120.14540553092957
tabuSearchFromRandom,300,50,33,14889.46,120.12975525856018
tabuSearchFromRandom,300,50,34,15337.12,120.1163547039032
tabuSearchFromRandom,300,50,35,14111.91,120.13371729850769
tabuSearchFromRandom,300,50,36,15236.52,94.28230142593384
tabuSearchFromRandom,300,50,37,14813.27,120.12023949623108
tabuSearchFromRandom,300,50,38,15489.59,120.12634825706482
tabuSearchFromRandom,300,50,39,14928.23,95.40337562561035
tabuSearchFromRandom,300,50,40,15048.84,113.87618899345398
tabuSearchFromRandom,300,50,41,14822.58,120.10196352005005
tabuSearchFromRandom,300,50,42,14708.53,101.40890049934387
tabuSearchFromRandom,300,50,43,14337.52,90.39847755432129
tabuSearchFromRandom,300,50,44,15372.26,120.10132193565369
tabuSearchFromRandom,300,50,45,14765.48,107.04711127281189
tabuSearchFromRandom,300,50,46,14524.53,120.10193300247192
tabuSearchFromRandom,300,50,47,14831.46,80.19026017189026
tabuSearchFromRandom,300,50,48,14840.48,87.20805835723877
tabuSearchFromRandom,300,50,49,14577.41,120.10518908500671
tabuSearchFromRandom,300,50,50,14683.75,120.10138154029846
tabuSearchFromRandom,300,50,51,15167.08,95.41512131690979
tabuSearchFromRandom,300,50,52,14982.41,106.13098335266113
tabuSearchFromRandom,300,50,53,14622.87,97.69100904464722
tabuSearchFromRandom,300,50,54,14384.47,90.02855634689331
tabuSearchFromRandom,300,50,55,14842.57,84.60353565216064
tabuSearchFromRandom,300,50,56,14810.76,89.45490550994873
tabuSearchFromRandom,300,50,57,14874.16,120.10850596427917
tabuSearchFromRandom,300,50,58,15051.38,120.1321439743042
tabuSearchFromRandom,300,50,59,14658.36,112.12106990814209
tabuSearchFromRandom,300,50,60,14427.03,114.28541922569275
tabuSearchFromRandom,300,50,61,15044.99,84.09169816970825
tabuSearchFromRandom,300,50,62,14282.72,92.06223392486572
tabuSearchFromRandom,300,50,63,14905.1,120.12519860267639
tabuSearchFromRandom,300,50,64,14972.01,110.95300674438477
tabuSearchFromRandom,300,50,65,14709.35,120.11484408378601
tabuSearchFromRandom,300,50,66,13893.17,110.60122728347778
tabuSearchFromRandom,300,50,67,14617.25,93.44188475608826
tabuSearchFromRandom,300,50,68,15089.19,120.1483039855957
tabuSearchFromRandom,300,50,69,14912.97,102.75378274917603
tabuSearchFromRandom,300,50,70,15423.43,120.10957169532776
tabuSearchFromRandom,300,50,71,15032.76,101.49118208885193
tabuSearchFromRandom,300,50,72,15003.11,96.51463270187378
tabuSearchFromRandom,300,50,73,14993.84,120.14002585411072
tabuSearchFromRandom,300,50,74,14809.37,120.11456251144409
tabuSearchFromRandom,300,50,75,13794.34,120.15209722518921
tabuSearchFromRandom,300,50,76,14385.86,120.14096474647522
tabuSearchFromRandom,300,50,77,14574.26,120.12169003486633
tabuSearchFromRandom,300,50,78,14785.96,120.1189796924591
tabuSearchFromRandom,300,50,79,14873.27,101.49777960777283
tabuSearchFromRandom,300,50,80,14960.29,120.15799283981323
tabuSearchFromRandom,300,50,81,14715.31,114.61865472793579
tabuSearchFromRandom,300,50,82,14986.73,120.12361741065979
tabuSearchFromRandom,300,50,83,15319.48,120.12956476211548
tabuSearchFromRandom,300,50,84,13687.13,120.1400420665741
tabuSearchFromRandom,300,50,85,14779.99,113.28339982032776
tabuSearchFromRandom,300,50,86,14204.99,114.07512617111206
tabuSearchFromRandom,300,50,87,15518.56,116.0739357471466
tabuSearchFromRandom,300,50,88,15038.65,91.9584014415741
tabuSearchFromRandom,300,50,89,14920.02,98.19121313095093
tabuSearchFromRandom,300,50,90,14426.9,119.06557488441467
tabuSearchFromRandom,300,50,91,14779.78,120.12552857398987
tabuSearchFromRandom,300,50,92,14985.44,102.88058733940125
tabuSearchFromRandom,300,50,93,14596.02,114.82181239128113
tabuSearchFromRandom,300,50,94,14812.44,120.12519764900208
tabuSearchFromRandom,300,50,95,15118.36,104.15997409820557
tabuSearchFromRandom,300,50,96,14736.47,120.11834907531738
tabuSearchFromRandom,300,50,97,14928.25,120.13149213790894
tabuSearchFromRandom,300,50,98,14574.98,120.1195125579834
tabuSearchFromRandom,300,50,99,14339.85,120.11043095588684
tabuSearchFromRandom,300,60,0,14876.3,120.12202048301697
tabuSearchFromRandom,300,60,1,15394.96,105.61366319656372
tabuSearchFromRandom,300,60,2,15026.89,115.75188255310059
tabuSearchFromRandom,300,60,3,13635.29,120.13696146011353
tabuSearchFromRandom,300,60,4,15018.19,116.49866461753845
tabuSearchFromRandom,300,60,5,15507.77,80.16170191764832
tabuSearchFromRandom,300,60,6,14369.56,120.13475561141968
tabuSearchFromRandom,300,60,7,14625.28,105.48272156715393
tabuSearchFromRandom,300,60,8,15340.47,104.38770914077759
tabuSearchFromRandom,300,60,9,15249.07,120.1252429485321
tabuSearchFromRandom,300,60,10,15487.68,103.68001675605774
tabuSearchFromRandom,300,60,11,15234.36,120.12322735786438
tabuSearchFromRandom,300,60,12,15332.23,87.57788753509521
tabuSearchFromRandom,300,60,13,15099.07,120.1274573802948
tabuSearchFromRandom,300,60,14,15416.81,120.1108729839325
tabuSearchFromRandom,300,60,15,14813.5,120.13685178756714
tabuSearchFromRandom,300,60,16,14976.05,120.13085556030273
tabuSearchFromRandom,300,60,17,14897.96,120.1163604259491
tabuSearchFromRandom,300,60,18,15103.31,120.1169946193695
tabuSearchFromRandom,300,60,19,14999.89,97.1669294834137
tabuSearchFromRandom,300,60,20,14700.67,109.03511714935303
tabuSearchFromRandom,300,60,21,15434.99,120.11739706993103
tabuSearchFromRandom,300,60,22,15544.63,120.1379816532135
tabuSearchFromRandom,300,60,23,14393.44,104.91657519340515
tabuSearchFromRandom,300,60,24,15479.56,119.25893259048462
tabuSearchFromRandom,300,60,25,15390.81,104.24145126342773
tabuSearchFromRandom,300,60,26,15141.6,102.14770340919495
tabuSearchFromRandom,300,60,27,15386.65,100.68531775474548
tabuSearchFromRandom,300,60,28,14245.12,120.12542629241943
tabuSearchFromRandom,300,60,29,13999.07,120.12931108474731
tabuSearchFromRandom,300,60,30,15181.83,115.04556131362915
tabuSearchFromRandom,300,60,31,15939.71,109.36570978164673
tabuSearchFromRandom,300,60,32,15061.18,120.13595199584961
tabuSearchFromRandom,300,60,33,15182.78,99.34208083152771
tabuSearchFromRandom,300,60,34,15204.61,120.1170220375061
tabuSearchFromRandom,300,60,35,14832.47,113.89091610908508
tabuSearchFromRandom,300,60,36,15735.35,120.13146901130676
tabuSearchFromRandom,300,60,37,14860.8,106.23389649391174
tabuSearchFromRandom,300,60,38,14932.98,117.10046672821045
tabuSearchFromRandom,300,60,39,15452.83,86.20707535743713
tabuSearchFromRandom,300,60,40,15517.4,120.12411403656006
tabuSearchFromRandom,300,60,41,14997.33,90.15746808052063
tabuSearchFromRandom,300,60,42,15285.61,113.41451048851013
tabuSearchFromRandom,300,60,43,14381.63,108.14933633804321
tabuSearchFromRandom,300,60,44,15278.87,120.11323714256287
tabuSearchFromRandom,300,60,45,15267.53,97.45884847640991
tabuSearchFromRandom,300,60,46,14839.99,120.12136578559875
tabuSearchFromRandom,300,60,47,14783.75,96.67467498779297
tabuSearchFromRandom,300,60,48,14860.31,98.93203067779541
tabuSearchFromRandom,300,60,49,14833.22,102.32658767700195
tabuSearchFromRandom,300,60,50,15277.74,93.19143009185791
tabuSearchFromRandom,300,60,51,15115.59,120.11956882476807
tabuSearchFromRandom,300,60,52,14903.8,115.0987777709961
tabuSearchFromRandom,300,60,53,15390.22,117.18339920043945
tabuSearchFromRandom,300,60,54,14939.95,120.105473279953
tabuSearchFromRandom,300,60,55,15644.91,110.43941640853882
tabuSearchFromRandom,300,60,56,16111.22,120.11473798751831
tabuSearchFromRandom,300,60,57,14561.35,118.87334179878235
tabuSearchFromRandom,300,60,58,15143.98,110.51849055290222
tabuSearchFromRandom,300,60,59,15082.24,111.12277865409851
tabuSearchFromRandom,300,60,60,14632.33,120.10371375083923
tabuSearchFromRandom,300,60,61,15133.34,86.66954231262207
tabuSearchFromRandom,300,60,62,14945.54,108.97811245918274
tabuSearchFromRandom,300,60,63,14980.13,120.11619973182678
tabuSearchFromRandom,300,60,64,15335.78,120.11517858505249
tabuSearchFromRandom,300,60,65,15099.59,120.11688733100891
tabuSearchFromRandom,300,60,66,14312.45,98.99008679389954
tabuSearchFromRandom,300,60,67,14992.99,116.21099591255188
tabuSearchFromRandom,300,60,68,15269.95,105.21770906448364
tabuSearchFromRandom,300,60,69,14578.49,89.0766773223877
tabuSearchFromRandom,300,60,70,15466.94,114.04137420654297
tabuSearchFromRandom,300,60,71,15084.87,120.11370587348938
tabuSearchFromRandom,300,60,72,15011.33,99.86580729484558
tabuSearchFromRandom,300,60,73,15199.96,94.2692928314209
tabuSearchFromRandom,300,60,74,14745.96,120.09947514533997
tabuSearchFromRandom,300,60,75,14225.96,118.54895257949829
tabuSearchFromRandom,300,60,76,14981.21,120.11600375175476
tabuSearchFromRandom,300,60,77,14926.77,99.31052160263062
tabuSearchFromRandom,300,60,78,14747.98,116.96127700805664
tabuSearchFromRandom,300,60,79,15340.52,105.33363175392151
tabuSearchFromRandom,300,60,80,15123.49,114.0951657295227
tabuSearchFromRandom,300,60,81,15036.9,87.60741019248962
tabuSearchFromRandom,300,60,82,15027.71,120.12133622169495
tabuSearchFromRandom,300,60,83,15451.79,120.11069989204407
tabuSearchFromRandom,300,60,84,14227.04,105.73569583892822
tabuSearchFromRandom,300,60,85,15191.22,120.11267423629761
tabuSearchFromRandom,300,60,86,14939.89,120.10682511329651
tabuSearchFromRandom,300,60,87,15188.37,93.75500798225403
tabuSearchFromRandom,300,60,88,14755.39,120.11222505569458
tabuSearchFromRandom,300,60,89,15278.85,95.899343252182
tabuSearchFromRandom,300,60,90,14632.58,120.11254715919495
tabuSearchFromRandom,300,60,91,15544.98,107.03352093696594
tabuSearchFromRandom,300,60,92,15928.19,79.74425625801086
tabuSearchFromRandom,300,60,93,15379.14,120.11042547225952
tabuSearchFromRandom,300,60,94,15184.8,114.74674010276794
tabuSearchFromRandom,300,60,95,15512.95,99.09568214416504
tabuSearchFromRandom,300,60,96,14820.79,120.11054039001465
tabuSearchFromRandom,300,60,97,15409.08,105.57565927505493
tabuSearchFromRandom,300,60,98,15197.15,87.75416851043701
tabuSearchFromRandom,300,60,99,14848.41,120.09860014915466
theoreticalMax,300,0,0,18832.94325954771,0.2398524284362793
theoreticalMax,300,0,1,19960.1943209678,0.21128225326538086
theoreticalMax,300,0,2,20047.971009350982,0.21309971809387207
theoreticalMax,300,0,3,18106.340333071363,0.21102023124694824
theoreticalMax,300,0,4,18934.51366697334,0.21366286277770996
theoreticalMax,300,0,5,19929.924012407377,0.2070903778076172
theoreticalMax,300,0,6,18803.981207953162,0.2149677276611328
theoreticalMax,300,0,7,18970.7265189981,0.20667386054992676
theoreticalMax,300,0,8,19827.903929245138,0.20952510833740234
theoreticalMax,300,0,9,19287.004200424213,0.2081437110900879
theoreticalMax,300,0,10,19548.962121118624,0.20749449729919434
theoreticalMax,300,0,11,19522.373562061613,0.2049863338470459
theoreticalMax,300,0,12,19510.617963571058,0.20657968521118164
theoreticalMax,300,0,13,19809.027894278956,0.20641684532165527
theoreticalMax,300,0,14,19567.462487998815,0.2079930305480957
theoreticalMax,300,0,15,19531.506497192804,0.21041178703308105
theoreticalMax,300,0,16,19230.131228363614,0.20788359642028809
theoreticalMax,300,0,17,19990.776433806408,0.20990514755249023
theoreticalMax,300,0,18,19570.134886697702,0.20684528350830078
theoreticalMax,300,0,19,19255.982919287093,0.21111750602722168
theoreticalMax,300,0,20,18994.14965481186,0.2152118682861328
theoreticalMax,300,0,21,19754.530097137424,0.2107532024383545
theoreticalMax,300,0,22,19749.398562861872,0.21132898330688477
theoreticalMax,300,0,23,19131.736606643335,0.2151639461517334
theoreticalMax,300,0,24,19952.965489370952,0.20790696144104004
theoreticalMax,300,0,25,19921.901019936304,0.2096083164215088
theoreticalMax,300,0,26,18789.103082792688,0.20986080169677734
theoreticalMax,300,0,27,19849.059873959126,0.20974302291870117
theoreticalMax,300,0,28,18336.098031954396,0.21143007278442383
theoreticalMax,300,0,29,18806.777020474667,0.2138843536376953
theoreticalMax,300,0,30,19343.67888733583,0.20571184158325195
theoreticalMax,300,0,31,20005.74123419956,0.2064380645751953
theoreticalMax,300,0,32,19623.613134776442,0.20785880088806152
theoreticalMax,300,0,33,19664.04254630458,0.21383309364318848
theoreticalMax,300,0,34,19983.39739055456,0.20653986930847168
theoreticalMax,300,0,35,18815.959553022374,0.21155858039855957
theoreticalMax,300,0,36,19711.17331971421,0.20905613899230957
theoreticalMax,300,0,37,18771.419009415105,0.209183931350708
theoreticalMax,300,0,38,19802.68048785234,0.20938611030578613
theoreticalMax,300,0,39,19950.834042092032,0.20714640617370605
theoreticalMax,300,0,40,20048.582474086837,0.2120683193206787
theoreticalMax,300,0,41,19484.68127781014,0.20696568489074707
theoreticalMax,300,0,42,19744.859722032663,0.2072005271911621
theoreticalMax,300,0,43,18999.103755019587,0.2082202434539795
theoreticalMax,300,0,44,20067.02462849259,0.21010541915893555
theoreticalMax,300,0,45,19408.918108639868,0.2122187614440918
theoreticalMax,300,0,46,19370.46439057727,0.20946192741394043
theoreticalMax,300,0,47,19113.138744627788,0.2124471664428711
theoreticalMax,300,0,48,19508.94975894813,0.213026762008667
theoreticalMax,300,0,49,19590.541496999263,0.21532344818115234
theoreticalMax,300,0,50,19723.42038993911,0.21104884147644043
theoreticalMax,300,0,51,19952.50220414006,0.2049274444580078
theoreticalMax,300,0,52,19973.025503804634,0.2094113826751709
theoreticalMax,300,0,53,19898.823263326314,0.2077937126159668
theoreticalMax,300,0,54,19077.974484931572,0.20488595962524414
theoreticalMax,300,0,55,20119.061199863183,0.20853853225708008
theoreticalMax,300,0,56,19772.643158900617,0.2152540683746338
theoreticalMax,300,0,57,19485.084700766136,0.21492671966552734
theoreticalMax,300,0,58,19540.64554773252,0.2111186981201172
theoreticalMax,300,0,59,19363.00554672478,0.21031951904296875
theoreticalMax,300,0,60,18673.975077075283,0.21172833442687988
theoreticalMax,300,0,61,19899.655342011174,0.20905232429504395
theoreticalMax,300,0,62,19085.569002719974,0.21088123321533203
theoreticalMax,300,0,63,19906.539609890136,0.20603680610656738
theoreticalMax,300,0,64,19576.45611837435,0.2094411849975586
theoreticalMax,300,0,65,19938.023845243864,0.21161341667175293
theoreticalMax,300,0,66,18354.287263498543,0.20855426788330078
theoreticalMax,300,0,67,19785.238147473163,0.20776677131652832
theoreticalMax,300,0,68,19713.622275377937,0.20699644088745117
theoreticalMax,300,0,69,19394.686811412706,0.21121668815612793
theoreticalMax,300,0,70,19732.58654530032,0.20632386207580566
theoreticalMax,300,0,71,20197.374746209563,0.20787858963012695
theoreticalMax,300,0,72,19784.39753395308,0.21259665489196777
theoreticalMax,300,0,73,19660.61446903198,0.2052288055419922
theoreticalMax,300,0,74,19501.857060230708,0.2158188819885254
theoreticalMax,300,0,75,18669.936697036348,0.2104942798614502
theoreticalMax,300,0,76,19645.034091552534,0.209000825881958
theoreticalMax,300,0,77,19330.68920880049,0.20999836921691895
theoreticalMax,300,0,78,19159.566079788598,0.20742106437683105
theoreticalMax,300,0,79,19617.943943819628,0.21007323265075684
theoreticalMax,300,0,80,19553.10858566097,0.21344590187072754
theoreticalMax,300,0,81,19020.895041012805,0.20843720436096191
theoreticalMax,300,0,82,19485.025672666332,0.2134690284729004
theoreticalMax,300,0,83,19624.92809217671,0.20897340774536133
theoreticalMax,300,0,84,18139.156974699978,0.2152423858642578
theoreticalMax,300,0,85,19878.53541745659,0.21125578880310059
theoreticalMax,300,0,86,19194.045375325848,0.21389508247375488
theoreticalMax,300,0,87,19916.517961872873,0.2089395523071289
theoreticalMax,300,0,88,19588.70972037632,0.212294340133667
theoreticalMax,300,0,89,19582.950217891615,0.20803546905517578
theoreticalMax,300,0,90,19038.205654229532,0.21132683753967285
theoreticalMax,300,0,91,19559.14111128129,0.20929384231567383
theoreticalMax,300,0,92,19722.677544524453,0.21486330032348633
theoreticalMax,300,0,93,19653.643786910212,0.21367430686950684
theoreticalMax,300,0,94,19680.58849558527,0.20990705490112305
theoreticalMax,300,0,95,20152.714134649163,0.21401023864746094
theoreticalMax,300,0,96,18957.665520077342,0.2185821533203125
theoreticalMax,300,0,97,19695.56882530242,0.20676207542419434
theoreticalMax,300,0,98,19515.87800344003,0.2185680866241455
theoreticalMax,300,0,99,19283.856488623005,0.20807814598083496
theoreticalMax,300,10,0,18785.92244426753,0.2121138572692871
theoreticalMax,300,10,1,19963.034932845505,0.21476101875305176
theoreticalMax,300,10,2,20031.109582193116,0.20942163467407227
theoreticalMax,300,10,3,18132.62364365254,0.21280288696289062
theoreticalMax,300,10,4,18911.584181931612,0.20691609382629395
theoreticalMax,300,10,5,19946.020002578738,0.21061158180236816
theoreticalMax,300,10,6,18756.700499487302,0.21291780471801758
theoreticalMax,300,10,7,18997.073227530203,0.21141290664672852
theoreticalMax,300,10,8,19781.11459025208,0.21173405647277832
theoreticalMax,300,10,9,19258.19706463484,0.20762872695922852
theoreticalMax,300,10,10,19563.51593643193,0.2099292278289795
theoreticalMax,300,10,11,19543.389309596172,0.2097930908203125
theoreticalMax,300,10,12,19516.598653254896,0.2077314853668213
theoreticalMax,300,10,13,19775.438545059722,0.2127685546875
theoreticalMax,300,10,14,19543.51677936732,0.20843863487243652
theoreticalMax,300,10,15,19592.828215122896,0.2149043083190918
theoreticalMax,300,10,16,19224.84340289042,0.21601247787475586
theoreticalMax,300,10,17,19978.663259378984,0.21034884452819824
theoreticalMax,300,10,18,19532.998294874793,0.20852088928222656
theoreticalMax,300,10,19,19276.242336417577,0.2081449031829834
theoreticalMax,300,10,20,18990.945081903476,0.21143126487731934
theoreticalMax,300,10,21,19767.880844506355,0.2085418701171875
theoreticalMax,300,10,22,19701.144689532222,0.20370030403137207
theoreticalMax,300,10,23,19135.960965923085,0.21360230445861816
theoreticalMax,300,10,24,19935.882712861327,0.2120804786682129
theoreticalMax,300,10,25,19920.811670717063,0.21781182289123535
theoreticalMax,300,10,26,18772.09240300374,0.21119976043701172
theoreticalMax,300,10,27,19871.654766979183,0.2091834545135498
theoreticalMax,300,10,28,18344.72695391638,0.21218633651733398
theoreticalMax,300,10,29,18798.230806779786,0.20772910118103027
theoreticalMax,300,10,30,19347.152528254843,0.21613025665283203
theoreticalMax,300,10,31,19992.00009847645,0.21466732025146484
theoreticalMax,300,10,32,19676.241027829623,0.21205735206604004
theoreticalMax,300,10,33,19599.969352432614,0.21562647819519043
theoreticalMax,300,10,34,19992.771487076472,0.20932316780090332
theoreticalMax,300,10,35,18817.708834661626,0.21384763717651367
theoreticalMax,300,10,36,19713.809358683535,0.21343326568603516
theoreticalMax,300,10,37,18739.83623290549,0.21272706985473633
theoreticalMax,300,10,38,19809.132769193453,0.210860013961792
theoreticalMax,300,10,39,19974.07928489447,0.21163415908813477
theoreticalMax,300,10,40,20063.226658972304,0.21797800064086914
theoreticalMax,300,10,41,19440.84675403098,0.21192097663879395
theoreticalMax,300,10,42,19756.590654022035,0.20957612991333008
theoreticalMax,300,10,43,19005.77635680363,0.21448206901550293
theoreticalMax,300,10,44,20067.368803151894,0.21016931533813477
theoreticalMax,300,10,45,19371.704905204268,0.21044349670410156
theoreticalMax,300,10,46,19338.00149768972,0.21275997161865234
theoreticalMax,300,10,47,19126.01591932022,0.2068469524383545
theoreticalMax,300,10,48,19471.627351679414,0.2161409854888916
theoreticalMax,300,10,49,19581.730322373092,0.2123560905456543
theoreticalMax,300,10,50,19737.932098636866,0.20621180534362793
theoreticalMax,300,10,51,19951.77633989628,0.20891189575195312
theoreticalMax,300,10,52,19987.538717466396,0.21874022483825684
theoreticalMax,300,10,53,19840.61046770341,0.21391606330871582
theoreticalMax,300,10,54,19068.73841695407,0.2063608169555664
theoreticalMax,300,10,55,20151.753588018608,0.21758413314819336
theoreticalMax,300,10,56,19758.77413012432,0.21030950546264648
theoreticalMax,300,10,57,19463.666448366956,0.21056079864501953
theoreticalMax,300,10,58,19561.207440719445,0.2086188793182373
theoreticalMax,300,10,59,19405.50657563358,0.2083892822265625
theoreticalMax,300,10,60,18684.10297012846,0.22043704986572266
theoreticalMax,300,10,61,19886.515740260253,0.20946717262268066
theoreticalMax,300,10,62,19087.822323196047,0.21525263786315918
theoreticalMax,300,10,63,19932.629435164577,0.21591949462890625
theoreticalMax,300,10,64,19538.599206108487,0.20701074600219727
theoreticalMax,300,10,65,19901.890816202555,0.2121734619140625
theoreticalMax,300,10,66,18337.05934143718,0.20972275733947754
theoreticalMax,300,10,67,19722.763614130406,0.21940851211547852
theoreticalMax,300,10,68,19714.826848286313,0.2095949649810791
theoreticalMax,300,10,69,19397.804092919458,0.21150970458984375
theoreticalMax,300,10,70,19722.929691050835,0.21076750755310059
theoreticalMax,300,10,71,20233.384881700786,0.21138405799865723
theoreticalMax,300,10,72,19779.722330053704,0.21265149116516113
theoreticalMax,300,10,73,19651.41297429412,0.20995831489562988
theoreticalMax,300,10,74,19513.363632940327,0.21595144271850586
theoreticalMax,300,10,75,18659.398629257616,0.20869231224060059
theoreticalMax,300,10,76,19599.315344316128,0.20561599731445312
theoreticalMax,300,10,77,19302.785606784553,0.20802712440490723
theoreticalMax,300,10,78,19130.863011844227,0.20843291282653809
theoreticalMax,300,10,79,19614.390681359928,0.21497750282287598
theoreticalMax,300,10,80,19552.025333096153,0.20670127868652344
theoreticalMax,300,10,81,19053.215322221407,0.21479368209838867
theoreticalMax,300,10,82,19462.622546705596,0.2073349952697754
theoreticalMax,300,10,83,19686.567625685122,0.2097148895263672
theoreticalMax,300,10,84,18130.967120417365,0.20978713035583496
theoreticalMax,300,10,85,19859.45373809828,0.21654534339904785
theoreticalMax,300,10,86,19216.76412256226,0.21078181266784668
theoreticalMax,300,10,87,19853.37376843155,0.21051788330078125
theoreticalMax,300,10,88,19566.243128222148,0.20836377143859863
theoreticalMax,300,10,89,19600.158829636817,0.20884013175964355
theoreticalMax,300,10,90,19064.092411559617,0.21243834495544434
theoreticalMax,300,10,91,19581.34671309847,0.21218585968017578
theoreticalMax,300,10,92,19702.797835959223,0.20875978469848633
theoreticalMax,300,10,93,19670.340213902447,0.21216750144958496
theoreticalMax,300,10,94,19650.49606819552,0.21128010749816895
theoreticalMax,300,10,95,20159.92884304878,0.2102515697479248
theoreticalMax,300,10,96,18927.308199998795,0.21773886680603027
theoreticalMax,300,10,97,19741.24546592328,0.21139240264892578
theoreticalMax,300,10,98,19534.005488680523,0.21125459671020508
theoreticalMax,300,10,99,19314.089478429967,0.2081754207611084
theoreticalMax,300,20,0,18831.390404900692,0.21207189559936523
theoreticalMax,300,20,1,19944.809544656953,0.21003961563110352
theoreticalMax,300,20,2,20038.912126292078,0.20928215980529785
theoreticalMax,300,20,3,18143.976924894272,0.2114109992980957
theoreticalMax,300,20,4,18934.015171937346,0.2081127166748047
theoreticalMax,300,20,5,19940.786468474053,0.20833635330200195
theoreticalMax,300,20,6,18770.46292654579,0.21497678756713867
theoreticalMax,300,20,7,18995.215907451657,0.2145099639892578
theoreticalMax,300,20,8,19805.170939438176,0.21261835098266602
theoreticalMax,300,20,9,19257.31988994242,0.20986270904541016
theoreticalMax,300,20,10,19543.373800808193,0.21250367164611816
theoreticalMax,300,20,11,19524.41423195567,0.20853614807128906
theoreticalMax,300,20,12,19526.042856922373,0.21706223487854004
theoreticalMax,300,20,13,19833.066030300204,0.21265244483947754
theoreticalMax,300,20,14,19545.511711621708,0.21518349647521973
theoreticalMax,300,20,15,19571.01813764803,0.20932912826538086
theoreticalMax,300,20,16,19193.32306366545,0.2089097499847412
theoreticalMax,300,20,17,20016.962725307414,0.21437764167785645
theoreticalMax,300,20,18,19549.34096457009,0.2076265811920166
theoreticalMax,300,20,19,19287.915967110417,0.2152235507965088
theoreticalMax,300,20,20,18977.51258693375,0.21455669403076172
theoreticalMax,300,20,21,19769.72755303846,0.2178480625152588
theoreticalMax,300,20,22,19715.42033025246,0.21041226387023926
theoreticalMax,300,20,23,19113.47568454885,0.21141982078552246
theoreticalMax,300,20,24,19953.91420793045,0.20749115943908691
theoreticalMax,300,20,25,19911.27716571993,0.21126627922058105
theoreticalMax,300,20,26,18799.013257518254,0.20899343490600586
theoreticalMax,300,20,27,19845.27355344994,0.21070098876953125
theoreticalMax,300,20,28,18366.469594603495,0.20831632614135742
theoreticalMax,300,20,29,18811.99069996547,0.2111520767211914
theoreticalMax,300,20,30,19366.48095537959,0.2148735523223877
theoreticalMax,300,20,31,20010.72699162901,0.21763920783996582
theoreticalMax,300,20,32,19658.78066881489,0.20885539054870605
theoreticalMax,300,20,33,19657.04911901421,0.21326398849487305
theoreticalMax,300,20,34,20015.064380295284,0.2113018035888672
theoreticalMax,300,20,35,18807.45298031275,0.21306276321411133
theoreticalMax,300,20,36,19719.233707737123,0.20724153518676758
theoreticalMax,300,20,37,18754.928184240045,0.21022677421569824
theoreticalMax,300,20,38,19806.59976916031,0.20928192138671875
theoreticalMax,300,20,39,19992.756954424123,0.20765471458435059
theoreticalMax,300,20,40,20059.56775546108,0.2111213207244873
theoreticalMax,300,20,41,19472.417821842853,0.21135759353637695
theoreticalMax,300,20,42,19762.01808124616,0.2095959186553955
theoreticalMax,300,20,43,19012.06774505843,0.20913004875183105
theoreticalMax,300,20,44,20045.475880924903,0.20705723762512207
theoreticalMax,300,20,45,19403.337866003065,0.20748281478881836
theoreticalMax,300,20,46,19374.339031396892,0.21206164360046387
theoreticalMax,300,20,47,19122.57424952555,0.2100820541381836
theoreticalMax,300,20,48,19496.216700898647,0.20881867408752441
theoreticalMax,300,20,49,19577.778041031976,0.21289348602294922
theoreticalMax,300,20,50,19726.445720111304,0.2087116241455078
theoreticalMax,300,20,51,19966.546436815705,0.21266913414001465
theoreticalMax,300,20,52,19970.554396758434,0.21237611770629883
theoreticalMax,300,20,53,19876.10848668419,0.2108781337738037
theoreticalMax,300,20,54,19077.652630516437,0.20292878150939941
theoreticalMax,300,20,55,20171.038403563798,0.20681405067443848
theoreticalMax,300,20,56,19757.676634988962,0.21359801292419434
theoreticalMax,300,20,57,19479.25730255019,0.2083442211151123
theoreticalMax,300,20,58,19559.857654016818,0.21619248390197754
theoreticalMax,300,20,59,19374.114682315387,0.21671223640441895
theoreticalMax,300,20,60,18660.314591801678,0.21092724800109863
theoreticalMax,300,20,61,19896.977196426313,0.21537470817565918
theoreticalMax,300,20,62,19076.848750519555,0.20980477333068848
theoreticalMax,300,20,63,19925.051318587888,0.21126699447631836
theoreticalMax,300,20,64,19579.45611837435,0.20821499824523926
theoreticalMax,300,20,65,19916.059855205007,0.20749759674072266
theoreticalMax,300,20,66,18335.20448698893,0.2068009376525879
theoreticalMax,300,20,67,19714.388973310775,0.21379852294921875
theoreticalMax,300,20,68,19714.86642102906,0.2143399715423584
theoreticalMax,300,20,69,19380.47819966751,0.20828580856323242
theoreticalMax,300,20,70,19716.479943582523,0.21417546272277832
theoreticalMax,300,20,71,20217.79402751753,0.213331937789917
theoreticalMax,300,20,72,19752.9041066627,0.21169066429138184
theoreticalMax,300,20,73,19656.852041973485,0.20989465713500977
theoreticalMax,300,20,74,19499.532671942776,0.2149813175201416
theoreticalMax,300,20,75,18656.11894970055,0.20679473876953125
theoreticalMax,300,20,76,19613.897091916933,0.20926880836486816
theoreticalMax,300,20,77,19367.423227516258,0.21200823783874512
theoreticalMax,300,20,78,19123.051837218052,0.20789408683776855
theoreticalMax,300,20,79,19617.993720296112,0.20942330360412598
theoreticalMax,300,20,80,19566.87868258039,0.20664310455322266
theoreticalMax,300,20,81,19043.140215572737,0.21428942680358887
theoreticalMax,300,20,82,19483.121041741582,0.20624303817749023
theoreticalMax,300,20,83,19663.52599512477,0.21176886558532715
theoreticalMax,300,20,84,18122.396052605505,0.21380281448364258
theoreticalMax,300,20,85,19880.119698930208,0.20921826362609863
theoreticalMax,300,20,86,19187.64327827391,0.2129042148590088
theoreticalMax,300,20,87,19906.46818539639,0.20883965492248535
theoreticalMax,300,20,88,19585.616264077766,0.2094402313232422
theoreticalMax,300,20,89,19573.023266722696,0.21788954734802246
theoreticalMax,300,20,90,19026.749741864314,0.2107682228088379
theoreticalMax,300,20,91,19596.098528610528,0.21709728240966797
theoreticalMax,300,20,92,19720.45366129993,0.21321821212768555
theoreticalMax,300,20,93,19694.42148544805,0.20845341682434082
theoreticalMax,300,20,94,19689.743776628253,0.21422576904296875
theoreticalMax,300,20,95,20139.591241099082,0.21696043014526367
theoreticalMax,300,20,96,18944.134025008218,0.21565866470336914
theoreticalMax,300,20,97,19706.04903893104,0.21437668800354004
theoreticalMax,300,20,98,19580.596342863755,0.20857810974121094
theoreticalMax,300,20,99,19322.30979887292,0.2098371982574463
theoreticalMax,300,30,0,18823.593948900278,0.21009564399719238
theoreticalMax,300,30,1,19944.183088325255,0.2136220932006836
theoreticalMax,300,30,2,20040.546660297383,0.21502232551574707
theoreticalMax,300,30,3,18148.11399277239,0.20856118202209473
theoreticalMax,300,30,4,18932.186744812596,0.20844411849975586
theoreticalMax,300,30,5,19933.70115809163,0.208237886428833
theoreticalMax,300,30,6,18810.651275864395,0.21064138412475586
theoreticalMax,300,30,7,18994.44786834983,0.20958185195922852
theoreticalMax,300,30,8,19785.79376474575,0.21194052696228027
theoreticalMax,300,30,9,19297.28134610847,0.20801210403442383
theoreticalMax,300,30,10,19545.30629577793,0.20556879043579102
theoreticalMax,300,30,11,19535.32995048205,0.20796799659729004
theoreticalMax,300,30,12,19508.215934761636,0.21178364753723145
theoreticalMax,300,30,13,19785.23705032187,0.21149373054504395
theoreticalMax,300,30,14,19559.40970159431,0.21054720878601074
theoreticalMax,300,30,15,19600.81609861246,0.21079182624816895
theoreticalMax,300,30,16,19227.03674315626,0.20898079872131348
theoreticalMax,300,30,17,20000.755618526237,0.20972871780395508
theoreticalMax,300,30,18,19564.95317833123,0.20965862274169922
theoreticalMax,300,30,19,19293.866190633937,0.20619750022888184
theoreticalMax,300,30,20,19020.855256629042,0.21100926399230957
theoreticalMax,300,30,21,19796.32141714971,0.21359729766845703
theoreticalMax,300,30,22,19700.728971005832,0.21387481689453125
theoreticalMax,300,30,23,19132.864499696516,0.21228337287902832
theoreticalMax,300,30,24,19981.101528340267,0.2145395278930664
theoreticalMax,300,30,25,19900.208631780875,0.2102961540222168
theoreticalMax,300,30,26,18812.626431945668,0.2118363380432129
theoreticalMax,300,30,27,19839.44259245239,0.20772814750671387
theoreticalMax,300,30,28,18342.22339113477,0.21107220649719238
theoreticalMax,300,30,29,18777.889642048496,0.2081468105316162
theoreticalMax,300,30,30,19333.62507202254,0.20654749870300293
theoreticalMax,300,30,31,20025.688447795073,0.20907282829284668
theoreticalMax,300,30,32,19660.858309336374,0.2092146873474121
theoreticalMax,300,30,33,19642.30688613978,0.2126905918121338
theoreticalMax,300,30,34,19979.2182160609,0.21033215522766113
theoreticalMax,300,30,35,18814.61900938719,0.21009254455566406
theoreticalMax,300,30,36,19721.680921332634,0.2180194854736328
theoreticalMax,300,30,37,18758.248941503858,0.2089855670928955
theoreticalMax,300,30,38,19801.288594534148,0.2064347267150879
theoreticalMax,300,30,39,19980.584352640068,0.21550893783569336
theoreticalMax,300,30,40,20043.07740634123,0.2107226848602295
theoreticalMax,300,30,41,19469.887355682527,0.20873737335205078
theoreticalMax,300,30,42,19786.75668309647,0.20811748504638672
theoreticalMax,300,30,43,18995.310861800775,0.20797061920166016
theoreticalMax,300,30,44,20082.972870996884,0.21136188507080078
theoreticalMax,300,30,45,19378.962264517155,0.21780991554260254
theoreticalMax,300,30,46,19342.846148404235,0.21043920516967773
theoreticalMax,300,30,47,19134.1438123734,0.2120378017425537
theoreticalMax,300,30,48,19482.16391449415,0.2123851776123047
theoreticalMax,300,30,49,19556.62372065529,0.20857906341552734
theoreticalMax,300,30,50,19713.546225174694,0.2131969928741455
theoreticalMax,300,30,51,19966.067728151087,0.20778918266296387
theoreticalMax,300,30,52,19992.625940625498,0.21143770217895508
theoreticalMax,300,30,53,19868.369884833886,0.2079622745513916
theoreticalMax,300,30,54,19089.065339114808,0.20505046844482422
theoreticalMax,300,30,55,20182.22415076708,0.20281267166137695
theoreticalMax,300,30,56,19758.11980974764,0.20975732803344727
theoreticalMax,300,30,57,19460.582166893335,0.2105712890625
theoreticalMax,300,30,58,19532.38305243152,0.21339201927185059
theoreticalMax,300,30,59,19369.391827999632,0.21047425270080566
theoreticalMax,300,30,60,18666.558261397597,0.21245026588439941
theoreticalMax,300,30,61,19893.792409889295,0.2107396125793457
theoreticalMax,300,30,62,19062.18525531792,0.2088789939880371
theoreticalMax,300,30,63,19916.575143796068,0.2069406509399414
theoreticalMax,300,30,64,19535.13070117761,0.21200966835021973
theoreticalMax,300,30,65,19936.531922917497,0.21144700050354004
theoreticalMax,300,30,66,18328.95780746499,0.21030616760253906
theoreticalMax,300,30,67,19713.06711889564,0.21225905418395996
theoreticalMax,300,30,68,19719.153770447054,0.20784902572631836
theoreticalMax,300,30,69,19382.01167575585,0.2069258689880371
theoreticalMax,300,30,70,19726.783516590298,0.21293282508850098
theoreticalMax,300,30,71,20244.726522487275,0.20945382118225098
theoreticalMax,300,30,72,19787.717815161686,0.21002888679504395
theoreticalMax,300,30,73,19661.53278967368,0.2133326530456543
theoreticalMax,300,30,74,19504.716982424583,0.2102956771850586
theoreticalMax,300,30,75,18688.673793922648,0.20776724815368652
theoreticalMax,300,30,76,19625.928518743534,0.20858454704284668
theoreticalMax,300,30,77,19343.57398511133,0.20982098579406738
theoreticalMax,300,30,78,19140.62037115711,0.20750975608825684
theoreticalMax,300,30,79,19608.943467764424,0.21972179412841797
theoreticalMax,300,30,80,19552.26543991046,0.21718859672546387
theoreticalMax,300,30,81,19031.98336132324,0.21189069747924805
theoreticalMax,300,30,82,19451.43221636776,0.21102666854858398
theoreticalMax,300,30,83,19670.04174265933,0.2130885124206543
theoreticalMax,300,30,84,18094.189421879524,0.20674681663513184
theoreticalMax,300,30,85,19851.21363128397,0.21481800079345703
theoreticalMax,300,30,86,19186.088986905404,0.21536755561828613
theoreticalMax,300,30,87,19898.736224498218,0.21081137657165527
theoreticalMax,300,30,88,19598.21882695875,0.21165871620178223
theoreticalMax,300,30,89,19589.941043066676,0.2146296501159668
theoreticalMax,300,30,90,19021.28274189744,0.2144794464111328
theoreticalMax,300,30,91,19579.258392788037,0.21348333358764648
theoreticalMax,300,30,92,19697.0582052001,0.20926260948181152
theoreticalMax,300,30,93,19661.331039077497,0.21081137657165527
theoreticalMax,300,30,94,19670.3600292262,0.210127592086792
theoreticalMax,300,30,95,20156.70852260583,0.21303367614746094
theoreticalMax,300,30,96,18927.751306514972,0.2196483612060547
theoreticalMax,300,30,97,19720.738893213664,0.20678400993347168
theoreticalMax,300,30,98,19570.34815837581,0.21020174026489258
theoreticalMax,300,30,99,19286.854915416476,0.20759820938110352
theoreticalMax,300,40,0,18806.98584221847,0.21436738967895508
theoreticalMax,300,40,1,19931.88512736084,0.21011018753051758
theoreticalMax,300,40,2,20017.248631090446,0.21161842346191406
theoreticalMax,300,40,3,18116.048468761353,0.21404194831848145
theoreticalMax,300,40,4,18955.983200813014,0.20963096618652344
theoreticalMax,300,40,5,19944.73114819674,0.20752477645874023
theoreticalMax,300,40,6,18786.77156729916,0.215423583984375
theoreticalMax,300,40,7,18993.4676547212,0.20885109901428223
theoreticalMax,300,40,8,19759.048590185826,0.21213483810424805
theoreticalMax,300,40,9,19274.68385097309,0.20899200439453125
theoreticalMax,300,40,10,19548.670732863822,0.20814251899719238
theoreticalMax,300,40,11,19538.51316381253,0.2114546298980713
theoreticalMax,300,40,12,19523.06668213056,0.2143878936767578
theoreticalMax,300,40,13,19808.006050089978,0.21174049377441406
theoreticalMax,300,40,14,19535.942701627442,0.20766353607177734
theoreticalMax,300,40,15,19562.350603609586,0.20731759071350098
theoreticalMax,300,40,16,19234.91344179348,0.212799072265625
theoreticalMax,300,40,17,19989.852016510285,0.21602106094360352
theoreticalMax,300,40,18,19561.28714925679,0.2109661102294922
theoreticalMax,300,40,19,19271.930685736184,0.2085740566253662
theoreticalMax,300,40,20,19020.30650906135,0.21256709098815918
theoreticalMax,300,40,21,19786.79355310472,0.21247601509094238
theoreticalMax,300,40,22,19716.003106762073,0.2112727165222168
theoreticalMax,300,40,23,19115.244684316956,0.20989131927490234
theoreticalMax,300,40,24,19963.10303330427,0.21512913703918457
theoreticalMax,300,40,25,19941.03808781442,0.21553707122802734
theoreticalMax,300,40,26,18800.440616499855,0.2070474624633789
theoreticalMax,300,40,27,19844.99688382091,0.20803523063659668
theoreticalMax,300,40,28,18332.083313328647,0.20818495750427246
theoreticalMax,300,40,29,18798.890670957295,0.20673298835754395
theoreticalMax,300,40,30,19347.505809496568,0.21188902854919434
theoreticalMax,300,40,31,20015.12244772881,0.2172555923461914
theoreticalMax,300,40,32,19639.45778549096,0.21167898178100586
theoreticalMax,300,40,33,19650.369876278008,0.21482610702514648
theoreticalMax,300,40,34,19998.591283674,0.20883941650390625
theoreticalMax,300,40,35,18828.255048356506,0.20808863639831543
theoreticalMax,300,40,36,19708.069251869223,0.20658612251281738
theoreticalMax,300,40,37,18772.342397802415,0.2068195343017578
theoreticalMax,300,40,38,19831.93737111001,0.20971226692199707
theoreticalMax,300,40,39,19986.934071100204,0.21178460121154785
theoreticalMax,300,40,40,20032.319018119553,0.21144866943359375
theoreticalMax,300,40,41,19470.554889720966,0.2121262550354004
theoreticalMax,300,40,42,19767.8450034069,0.20804905891418457
theoreticalMax,300,40,43,18967.54843474228,0.20602202415466309
theoreticalMax,300,40,44,20067.056123561706,0.21479487419128418
theoreticalMax,300,40,45,19394.273439143333,0.20664358139038086
theoreticalMax,300,40,46,19376.567021700754,0.21128439903259277
theoreticalMax,300,40,47,19137.195093813894,0.21709060668945312
theoreticalMax,300,40,48,19489.468448168198,0.2127513885498047
theoreticalMax,300,40,49,19579.939963027082,0.21485352516174316
theoreticalMax,300,40,50,19724.891428742798,0.21029162406921387
theoreticalMax,300,40,51,19982.260116306516,0.2137136459350586
theoreticalMax,300,40,52,20003.646755905676,0.20995664596557617
theoreticalMax,300,40,53,19892.67298178644,0.21455097198486328
theoreticalMax,300,40,54,19079.602377984742,0.20762133598327637
theoreticalMax,300,40,55,20169.232296683243,0.21171307563781738
theoreticalMax,300,40,56,19774.72134371983,0.21091079711914062
theoreticalMax,300,40,57,19468.884234937093,0.21126270294189453
theoreticalMax,300,40,58,19551.78918832027,0.21039652824401855
theoreticalMax,300,40,59,19413.459885883483,0.21234679222106934
theoreticalMax,300,40,60,18661.4776109481,0.21126270294189453
theoreticalMax,300,40,61,19868.373128581316,0.2069711685180664
theoreticalMax,300,40,62,19043.873051782954,0.21511387825012207
theoreticalMax,300,40,63,19937.692425302823,0.21252965927124023
theoreticalMax,300,40,64,19588.855613310956,0.210740327835083
theoreticalMax,300,40,65,19935.30502976494,0.21198105812072754
theoreticalMax,300,40,66,18315.288768462546,0.2101755142211914
theoreticalMax,300,40,67,19683.20062399216,0.2087409496307373
theoreticalMax,300,40,68,19706.333420995932,0.20688605308532715
theoreticalMax,300,40,69,19393.982238504326,0.20830392837524414
theoreticalMax,300,40,70,19723.70026402547,0.205183744430542
theoreticalMax,300,40,71,20222.738707240238,0.20856070518493652
theoreticalMax,300,40,72,19809.561989820988,0.20951437950134277
theoreticalMax,300,40,73,19655.76522662706,0.20763182640075684
theoreticalMax,300,40,74,19517.842341604955,0.2127680778503418
theoreticalMax,300,40,75,18678.432658199526,0.20339441299438477
theoreticalMax,300,40,76,19598.40366462655,0.2091991901397705
theoreticalMax,300,40,77,19347.613557854074,0.21316766738891602
theoreticalMax,300,40,78,19135.259972908032,0.20848608016967773
theoreticalMax,300,40,79,19608.71657461186,0.21633267402648926
theoreticalMax,300,40,80,19533.412158668725,0.2073979377746582
theoreticalMax,300,40,81,19061.899632703207,0.21119236946105957
theoreticalMax,300,40,82,19479.19614839026,0.20848464965820312
theoreticalMax,300,40,83,19655.731596941954,0.21027421951293945
theoreticalMax,300,40,84,18136.274732261936,0.21115875244140625
theoreticalMax,300,40,85,19859.961815771923,0.2131056785583496
theoreticalMax,300,40,86,19179.37270529927,0.20949411392211914
theoreticalMax,300,40,87,19875.178302105585,0.20530009269714355
theoreticalMax,300,40,88,19607.139613230738,0.2044844627380371
theoreticalMax,300,40,89,19606.70196516115,0.20954513549804688
theoreticalMax,300,40,90,19015.66142155388,0.2101891040802002
theoreticalMax,300,40,91,19570.416752001536,0.20969820022583008
theoreticalMax,300,40,92,19697.937913765356,0.2070598602294922
theoreticalMax,300,40,93,19661.94174787463,0.20812487602233887
theoreticalMax,300,40,94,19673.05542730964,0.20832324028015137
theoreticalMax,300,40,95,20142.28924129784,0.21576714515686035
theoreticalMax,300,40,96,18938.147238669986,0.2166461944580078
theoreticalMax,300,40,97,19708.3261846153,0.21049737930297852
theoreticalMax,300,40,98,19549.87759562733,0.21092891693115234
theoreticalMax,300,40,99,19295.146303671285,0.207960844039917
theoreticalMax,300,50,0,18792.419842152212,0.20979809761047363
theoreticalMax,300,50,1,19930.77955455184,0.2099285125732422
theoreticalMax,300,50,2,20039.555766879806,0.21694660186767578
theoreticalMax,300,50,3,18158.08249770327,0.20854949951171875
theoreticalMax,300,50,4,18928.063919505028,0.21600985527038574
theoreticalMax,300,50,5,19891.074770002462,0.21009612083435059
theoreticalMax,300,50,6,18790.943140174415,0.21107697486877441
theoreticalMax,300,50,7,18994.773761601773,0.20859122276306152
theoreticalMax,300,50,8,19791.263298585425,0.21575546264648438
theoreticalMax,300,50,9,19262.390957754276,0.21038389205932617
theoreticalMax,300,50,10,19543.09816008795,0.20663046836853027
theoreticalMax,300,50,11,19530.72738760106,0.21204257011413574
theoreticalMax,300,50,12,19510.45857544876,0.20862770080566406
theoreticalMax,300,50,13,19791.56801131942,0.21215415000915527
theoreticalMax,300,50,14,19559.825420120684,0.20740604400634766
theoreticalMax,300,50,15,19584.990205360522,0.20752310752868652
theoreticalMax,300,50,16,19228.1022671673,0.2129065990447998
theoreticalMax,300,50,17,19981.308404930725,0.20956683158874512
theoreticalMax,300,50,18,19560.157751239607,0.20605206489562988
theoreticalMax,300,50,19,19285.999219675243,0.20776796340942383
theoreticalMax,300,50,20,19010.30753797015,0.20937347412109375
theoreticalMax,300,50,21,19773.22905800247,0.21061301231384277
theoreticalMax,300,50,22,19698.38883518334,0.21023869514465332
theoreticalMax,300,50,23,19119.04928623352,0.21015167236328125
theoreticalMax,300,50,24,19949.794392550906,0.2080833911895752
theoreticalMax,300,50,25,19923.90402986432,0.20943284034729004
theoreticalMax,300,50,26,18803.1081505383,0.2054426670074463
theoreticalMax,300,50,27,19841.59944670188,0.21224260330200195
theoreticalMax,300,50,28,18322.053323223532,0.21667027473449707
theoreticalMax,300,50,29,18798.044991333987,0.2093799114227295
theoreticalMax,300,50,30,19367.074343435637,0.20808863639831543
theoreticalMax,300,50,31,20015.99859351244,0.20804286003112793
theoreticalMax,300,50,32,19666.781697723694,0.20711708068847656
theoreticalMax,300,50,33,19629.59724548578,0.21008896827697754
theoreticalMax,300,50,34,20021.749166832284,0.20861220359802246
theoreticalMax,300,50,35,18830.015970450993,0.21207046508789062
theoreticalMax,300,50,36,19708.896650085167,0.20529794692993164
theoreticalMax,300,50,37,18754.10783478892,0.21059942245483398
theoreticalMax,300,50,38,19841.578477824944,0.20755386352539062
theoreticalMax,300,50,39,19978.394022302247,0.21015357971191406
theoreticalMax,300,50,40,20045.031192646333,0.2108602523803711
theoreticalMax,300,50,41,19453.774181255107,0.20623564720153809
theoreticalMax,300,50,42,19760.518081246162,0.21120572090148926
theoreticalMax,300,50,43,18987.603755019583,0.21141481399536133
theoreticalMax,300,50,44,20094.986084658634,0.20919346809387207
theoreticalMax,300,50,45,19375.93330332084,0.2080094814300537
theoreticalMax,300,50,46,19350.476575330227,0.20813202857971191
theoreticalMax,300,50,47,19115.537210655602,0.20626521110534668
theoreticalMax,300,50,48,19489.990836654888,0.20633935928344727
theoreticalMax,300,50,49,19573.31610881071,0.2115011215209961
theoreticalMax,300,50,50,19738.153855801294,0.20858502388000488
theoreticalMax,300,50,51,19987.411902810396,0.21043682098388672
theoreticalMax,300,50,52,19975.46354257519,0.20543193817138672
theoreticalMax,300,50,53,19878.951632434695,0.211259126663208
theoreticalMax,300,50,54,19083.041921719316,0.20536303520202637
theoreticalMax,300,50,55,20186.52875268365,0.20895671844482422
theoreticalMax,300,50,56,19756.397984340696,0.2062997817993164
theoreticalMax,300,50,57,19480.113661962452,0.20474672317504883
theoreticalMax,300,50,58,19582.261256032754,0.2081165313720703
theoreticalMax,300,50,59,19391.91414824382,0.21129155158996582
theoreticalMax,300,50,60,18675.94714478778,0.20894241333007812
theoreticalMax,300,50,61,19866.808633479068,0.20472955703735352
theoreticalMax,300,50,62,19077.112682542054,0.20946884155273438
theoreticalMax,300,50,63,19925.431503208332,0.20536303520202637
theoreticalMax,300,50,64,19582.99569111708,0.20810604095458984
theoreticalMax,300,50,65,19924.3725347952,0.21082472801208496
theoreticalMax,300,50,66,18304.926312395874,0.21049833297729492
theoreticalMax,300,50,67,19699.683371493593,0.21045517921447754
theoreticalMax,300,50,68,19724.917702469553,0.20610523223876953
theoreticalMax,300,50,69,19400.705092820073,0.2160506248474121
theoreticalMax,300,50,70,19716.821584369034,0.20689725875854492
theoreticalMax,300,50,71,20241.667163373153,0.21019721031188965
theoreticalMax,300,50,72,19806.265533820573,0.21419262886047363
theoreticalMax,300,50,73,19643.05408100906,0.20886540412902832
theoreticalMax,300,50,74,19497.050953350143,0.21283197402954102
theoreticalMax,300,50,75,18687.39411436558,0.20586752891540527
theoreticalMax,300,50,76,19600.5234800061,0.2076416015625
theoreticalMax,300,50,77,19381.08309169376,0.21011066436767578
theoreticalMax,300,50,78,19129.13358481887,0.21005964279174805
theoreticalMax,300,50,79,19627.09374930429,0.21078085899353027
theoreticalMax,300,50,80,19528.771051953798,0.2057631015777588
theoreticalMax,300,50,81,19071.835137600967,0.20637273788452148
theoreticalMax,300,50,82,19466.956041575944,0.2039484977722168
theoreticalMax,300,50,83,19640.752888277333,0.2062997817993164
theoreticalMax,300,50,84,18133.18894582431,0.21143078804016113
theoreticalMax,300,50,85,19866.919233101155,0.21111583709716797
theoreticalMax,300,50,86,19216.48848184201,0.20780634880065918
theoreticalMax,300,50,87,19853.412312265493,0.20639681816101074
theoreticalMax,300,50,88,19596.98679781806,0.20632553100585938
theoreticalMax,300,50,89,19564.92940261145,0.20395803451538086
theoreticalMax,300,50,90,19034.591382650815,0.21151494979858398
theoreticalMax,300,50,91,19590.375674294784,0.20591497421264648
theoreticalMax,300,50,92,19694.263807017294,0.20580196380615234
theoreticalMax,300,50,93,19678.89149534293,0.20511484146118164
theoreticalMax,300,50,94,19685.21228155913,0.20804595947265625
theoreticalMax,300,50,95,20151.701949896207,0.21109724044799805
theoreticalMax,300,50,96,18961.658947367723,0.20997190475463867
theoreticalMax,300,50,97,19698.331728416124,0.20657777786254883
theoreticalMax,300,50,98,19544.96187710096,0.21284151077270508
theoreticalMax,300,50,99,19321.524983327727,0.2074415683746338
theoreticalMax,300,60,0,18805.904094617657,0.20779085159301758
theoreticalMax,300,60,1,19933.308515748155,0.2213740348815918
theoreticalMax,300,60,2,20051.538514381235,0.21273183822631836
theoreticalMax,300,60,3,18147.684031675457,0.21358394622802734
theoreticalMax,300,60,4,18921.040094296844,0.20537519454956055
theoreticalMax,300,60,5,19919.77886685563,0.20498180389404297
theoreticalMax,300,60,6,18779.629431675432,0.21272587776184082
theoreticalMax,300,60,7,18984.45190718665,0.2087559700012207
theoreticalMax,300,60,8,19781.65669686763,0.21244430541992188
theoreticalMax,300,60,9,19268.67063731134,0.2082822322845459
theoreticalMax,300,60,10,19530.963626082634,0.20544743537902832
theoreticalMax,300,60,11,19543.862950515173,0.20670604705810547
theoreticalMax,300,60,12,19523.291041410324,0.2095935344696045
theoreticalMax,300,60,13,19780.45072981267,0.21053743362426758
theoreticalMax,300,60,14,19551.457420253202,0.20604610443115234
theoreticalMax,300,60,15,19576.266322135973,0.2086167335510254
theoreticalMax,300,60,16,19223.168267233556,0.21087217330932617
theoreticalMax,300,60,17,19991.746443701286,0.21046042442321777
theoreticalMax,300,60,18,19578.356712104654,0.21003365516662598
theoreticalMax,300,60,19,19288.606297448252,0.21434497833251953
theoreticalMax,300,60,20,19001.04812083968,0.2065110206604004
theoreticalMax,300,60,21,19781.991553303473,0.20776844024658203
theoreticalMax,300,60,22,19724.839611560452,0.21239495277404785
theoreticalMax,300,60,23,19119.715247065436,0.2099289894104004
theoreticalMax,300,60,24,19967.560858446202,0.21477961540222168
theoreticalMax,300,60,25,19929.972087748167,0.20882558822631836
theoreticalMax,300,60,26,18798.744189507623,0.20990300178527832
theoreticalMax,300,60,27,19843.66948560494,0.20915770530700684
theoreticalMax,300,60,28,18324.933031788765,0.21315288543701172
theoreticalMax,300,60,29,18781.436884652176,0.20696067810058594
theoreticalMax,300,60,30,19359.867236654445,0.21052932739257812
theoreticalMax,300,60,31,20020.77423423269,0.21169400215148926
theoreticalMax,300,60,32,19664.202960050894,0.20717954635620117
theoreticalMax,300,60,33,19604.127711646102,0.2107088565826416
theoreticalMax,300,60,34,19990.87199213986,0.21084356307983398
theoreticalMax,300,60,35,18836.237795857942,0.2075347900390625
theoreticalMax,300,60,36,19727.501746838952,0.21453428268432617
theoreticalMax,300,60,37,18751.192116262548,0.20954060554504395
theoreticalMax,300,60,38,19820.495701315336,0.2060377597808838
theoreticalMax,300,60,39,19992.347808607366,0.2061448097229004
theoreticalMax,300,60,40,20038.0961638038,0.21332311630249023
theoreticalMax,300,60,41,19467.82799656841,0.2093195915222168
theoreticalMax,300,60,42,19782.74750827152,0.20595145225524902
theoreticalMax,300,60,43,18980.758075396272,0.20979046821594238
theoreticalMax,300,60,44,20089.211472847186,0.21308374404907227
theoreticalMax,300,60,45,19384.15869150939,0.20978951454162598
theoreticalMax,300,60,46,19370.99081790077,0.20780181884765625
theoreticalMax,300,60,47,19131.679346279332,0.2150106430053711
theoreticalMax,300,60,48,19510.11366196245,0.2097024917602539
theoreticalMax,300,60,49,19573.855681553454,0.20757675170898438
theoreticalMax,300,60,50,19726.79139973462,0.21115946769714355
theoreticalMax,300,60,51,19974.021514456206,0.20904946327209473
theoreticalMax,300,60,52,19977.705154353513,0.21366238594055176
theoreticalMax,300,60,53,19871.92931219052,0.21293163299560547
theoreticalMax,300,60,54,19079.309960821138,0.20476770401000977
theoreticalMax,300,60,55,20173.964257581403,0.21120953559875488
theoreticalMax,300,60,56,19768.44673190838,0.21294403076171875
theoreticalMax,300,60,57,19489.53040939763,0.21086859703063965
theoreticalMax,300,60,58,19560.359227223325,0.20714282989501953
theoreticalMax,300,60,59,19381.927361905575,0.20991158485412598
theoreticalMax,300,60,60,18674.807543036855,0.21131443977355957
theoreticalMax,300,60,61,19877.54620642057,0.20827770233154297
theoreticalMax,300,60,62,19101.511148569865,0.2098245620727539
theoreticalMax,300,60,63,19924.344211806696,0.20759057998657227
theoreticalMax,300,60,64,19581.56826389296,0.20987868309020996
theoreticalMax,300,60,65,19939.71157346637,0.21110057830810547
theoreticalMax,300,60,66,18342.4603413378,0.21057677268981934
theoreticalMax,300,60,67,19713.342759615898,0.21468734741210938
theoreticalMax,300,60,68,19712.813634624563,0.21381473541259766
theoreticalMax,300,60,69,19413.727413064258,0.20877957344055176
theoreticalMax,300,60,70,19717.25407933877,0.20793437957763672
theoreticalMax,300,60,71,20226.708241079912,0.20812559127807617
theoreticalMax,300,60,72,19809.901096734684,0.2133045196533203
theoreticalMax,300,60,73,19664.173896388616,0.20936989784240723
theoreticalMax,300,60,74,19508.23676879595,0.2147836685180664
theoreticalMax,300,60,75,18668.204260082966,0.21111464500427246
theoreticalMax,300,60,76,19613.01026634435,0.20562362670898438
theoreticalMax,300,60,77,19330.646557887212,0.21378779411315918
theoreticalMax,300,60,78,19115.55183721806,0.2145686149597168
theoreticalMax,300,60,79,19603.303866013495,0.2101752758026123
theoreticalMax,300,60,80,19533.92236240247,0.20647740364074707
theoreticalMax,300,60,81,19042.886895096664,0.21346759796142578
theoreticalMax,300,60,82,19497.818497642624,0.2101759910583496
theoreticalMax,300,60,83,19669.011276499015,0.20745158195495605
theoreticalMax,300,60,84,18103.11130530283,0.21062612533569336
theoreticalMax,300,60,85,19846.12934981036,0.2123279571533203
theoreticalMax,300,60,86,19177.900637586794,0.2154371738433838
theoreticalMax,300,60,87,19865.084914049552,0.21165251731872559
theoreticalMax,300,60,88,19568.159875657322,0.20322656631469727
theoreticalMax,300,60,89,19605.43549926585,0.21185970306396484
theoreticalMax,300,60,90,19022.919809775558,0.20996999740600586
theoreticalMax,300,60,91,19573.064499668602,0.20870256423950195
theoreticalMax,300,60,92,19695.34959345492,0.20493674278259277
theoreticalMax,300,60,93,19676.499602024734,0.20768141746520996
theoreticalMax,300,60,94,19651.004145869152,0.20684123039245605
theoreticalMax,300,60,95,20139.76281397434,0.20965194702148438
theoreticalMax,300,60,96,18942.713238736233,0.2132878303527832
theoreticalMax,300,60,97,19714.105864172358,0.21252775192260742
theoreticalMax,300,60,98,19576.90758573245,0.21201682090759277
theoreticalMax,300,60,99,19306.31534267374,0.2072744369506836
theoreticalMax,300,70,0,18815.00562858984,0.21199512481689453
theoreticalMax,300,70,1,19950.073476679456,0.2109813690185547
theoreticalMax,300,70,2,20057.27458235874,0.21218371391296387
theoreticalMax,300,70,3,18129.441390988344,0.2135481834411621
theoreticalMax,300,70,4,18924.885773920152,0.20770549774169922
theoreticalMax,300,70,5,19910.606265071583,0.20458674430847168
theoreticalMax,300,70,6,18775.046179110614,0.2084789276123047
theoreticalMax,300,70,7,18988.069188693393,0.21271443367004395
theoreticalMax,300,70,8,19775.48108515556,0.21198725700378418
theoreticalMax,300,70,9,19263.032064469215,0.21233749389648438
theoreticalMax,300,70,10,19538.788014370566,0.2096877098083496
theoreticalMax,300,70,11,19524.05985356262,0.21733665466308594
theoreticalMax,300,70,12,19496.565653221765,0.20948457717895508
theoreticalMax,300,70,13,19811.050758820857,0.21231889724731445
theoreticalMax,300,70,14,19539.02999302907,0.20901083946228027
theoreticalMax,300,70,15,19577.733322102842,0.2144334316253662
theoreticalMax,300,70,16,19230.657587444606,0.21100211143493652
theoreticalMax,300,70,17,19993.81648260436,0.20795011520385742
theoreticalMax,300,70,18,19586.698352891155,0.20877575874328613
theoreticalMax,300,70,19,19294.034753581167,0.20821499824523926
theoreticalMax,300,70,20,19003.189227554605,0.21418547630310059
theoreticalMax,300,70,21,19792.66819392434,0.21234464645385742
theoreticalMax,300,70,22,19716.566572955526,0.2132258415222168
theoreticalMax,300,70,23,19116.970072505515,0.2099442481994629
theoreticalMax,300,70,24,19953.761392517772,0.20904207229614258
theoreticalMax,300,70,25,19908.29695209131,0.20944881439208984
theoreticalMax,300,70,26,18807.11068441111,0.20806646347045898
theoreticalMax,300,70,27,19866.678592187367,0.20501923561096191
theoreticalMax,300,70,28,18354.79445894664,0.20851635932922363
theoreticalMax,300,70,29,18802.320632054227,0.20602059364318848
theoreticalMax,300,70,30,19365.644382338698,0.20957016944885254
theoreticalMax,300,70,31,20023.200156492807,0.2099757194519043
theoreticalMax,300,70,32,19654.972028061515,0.2045905590057373
theoreticalMax,300,70,33,19635.701313330774,0.21788430213928223
theoreticalMax,300,70,34,19988.609565081362,0.207658052444458
theoreticalMax,300,70,35,18816.34083479413,0.20888018608093262
theoreticalMax,300,70,36,19729.15456225163,0.2085425853729248
theoreticalMax,300,70,37,18758.800222944352,0.20935392379760742
theoreticalMax,300,70,38,19829.017613746815,0.2073812484741211
theoreticalMax,300,70,39,20006.284410656426,0.2082529067993164
theoreticalMax,300,70,40,20063.67079439727,0.211653470993042
theoreticalMax,300,70,41,19475.002103316467,0.20585203170776367
theoreticalMax,300,70,42,19784.55313909688,0.21163606643676758
theoreticalMax,300,70,43,18986.945395806088,0.2201220989227295
theoreticalMax,300,70,44,20090.695725312624,0.21528983116149902
theoreticalMax,300,70,45,19403.898798323706,0.2095930576324463
theoreticalMax,300,70,46,19356.404002554344,0.21431708335876465
theoreticalMax,300,70,47,19133.439239465017,0.21545743942260742
theoreticalMax,300,70,48,19496.059846649154,0.21196889877319336
theoreticalMax,300,70,49,19575.99021555877,0.21355819702148438
theoreticalMax,300,70,50,19725.049787956297,0.20756173133850098
theoreticalMax,300,70,51,19980.4646892149,0.21590256690979004
theoreticalMax,300,70,52,19968.77368829257,0.2109851837158203
theoreticalMax,300,70,53,19868.297312058006,0.21633386611938477
theoreticalMax,300,70,54,19086.202883048132,0.20883536338806152
theoreticalMax,300,70,55,20177.679510278736,0.2112729549407959
theoreticalMax,300,70,56,19757.879702933333,0.2082691192626953
theoreticalMax,300,70,57,19466.323778671656,0.20635223388671875
theoreticalMax,300,70,58,19585.32068338939,0.2113802433013916
theoreticalMax,300,70,59,19383.22025512439,0.21307706832885742
theoreticalMax,300,70,60,18675.28775666548,0.21277666091918945
theoreticalMax,300,70,61,19880.948235229996,0.2123403549194336
theoreticalMax,300,70,62,19097.603507717107,0.21177434921264648
theoreticalMax,300,70,63,19933.771639030823,0.20738863945007324
theoreticalMax,300,70,64,19583.80686574327,0.2090146541595459
theoreticalMax,300,70,65,19915.04157379765,0.21058201789855957
theoreticalMax,300,70,66,18332.28623458974,0.20980525016784668
theoreticalMax,300,70,67,19704.893012147582,0.21068358421325684
theoreticalMax,300,70,68,19723.396411134174,0.21035289764404297
theoreticalMax,300,70,69,19402.06651997795,0.20827555656433105
theoreticalMax,300,70,70,19725.47843861852,0.20741963386535645
theoreticalMax,300,70,71,20230.902134199347,0.20790410041809082
theoreticalMax,300,70,72,19788.741708612386,0.21102690696716309
theoreticalMax,300,70,73,19657.519576011928,0.2077653408050537
theoreticalMax,300,70,74,19494.042875676514,0.21099567413330078
theoreticalMax,300,70,75,18692.501192138592,0.20473456382751465
theoreticalMax,300,70,76,19614.50773247154,0.21207976341247559
theoreticalMax,300,70,77,19342.954169731787,0.20936012268066406
theoreticalMax,300,70,78,19127.900050714165,0.20975708961486816
theoreticalMax,300,70,79,19601.751079608995,0.2151322364807129
theoreticalMax,300,70,80,19538.067507954212,0.20766615867614746
theoreticalMax,300,70,81,19050.38942896947,0.21908974647521973
theoreticalMax,300,70,82,19476.595643326873,0.208817720413208
theoreticalMax,300,70,83,19678.80416971783,0.2103867530822754
theoreticalMax,300,70,84,18120.268159552317,0.21338987350463867
theoreticalMax,300,70,85,19853.301951594403,0.20850014686584473
theoreticalMax,300,70,86,19184.346346218284,0.21247291564941406
theoreticalMax,300,70,87,19857.488447822972,0.20802545547485352
theoreticalMax,300,70,88,19590.19390459924,0.20986580848693848
theoreticalMax,300,70,89,19606.85121779224,0.2151658535003662
theoreticalMax,300,70,90,19037.248236900305,0.21129631996154785
theoreticalMax,300,70,91,19569.91017929192,0.20820999145507812
theoreticalMax,300,70,92,19697.46940883447,0.2089238166809082
theoreticalMax,300,70,93,19671.06560209098,0.21236157417297363
theoreticalMax,300,70,94,19673.69400015177,0.2064211368560791
theoreticalMax,300,70,95,20149.845590483943,0.20938873291015625
theoreticalMax,300,70,96,18941.92287939022,0.2084510326385498
theoreticalMax,300,70,97,19712.45407766847,0.20946407318115234
theoreticalMax,300,70,98,19561.193837999133,0.21637845039367676
theoreticalMax,300,70,99,19296.469663050422,0.20752477645874023
theoreticalMax,300,80,0,18815.834055714586,0.21005916595458984
theoreticalMax,300,80,1,19950.170971814827,0.209977388381958
theoreticalMax,300,80,2,20041.690300885126,0.2132091522216797
theoreticalMax,300,80,3,18129.56675016872,0.212632417678833
theoreticalMax,300,80,4,18937.388307792964,0.21756649017333984
theoreticalMax,300,80,5,19910.003226135388,0.20419645309448242
theoreticalMax,300,80,6,18781.374606235353,0.20704054832458496
theoreticalMax,300,80,7,18992.74329544145,0.20375871658325195
theoreticalMax,300,80,8,19788.31101724432,0.21333885192871094
theoreticalMax,300,80,9,19273.96353053015,0.21146559715270996
theoreticalMax,300,80,10,19528.924053339884,0.20505714416503906
theoreticalMax,300,80,11,19513.74717397244,0.21132850646972656
theoreticalMax,300,80,12,19529.905789044256,0.20872044563293457
theoreticalMax,300,80,13,19785.393904571363,0.2134244441986084
theoreticalMax,300,80,14,19536.133031965266,0.2080850601196289
theoreticalMax,300,80,15,19573.50389507748,0.2054905891418457
theoreticalMax,300,80,16,19232.95048066342,0.20900964736938477
theoreticalMax,300,80,17,20001.147443601905,0.21071767807006836
theoreticalMax,300,80,18,19589.55978004903,0.20754122734069824
theoreticalMax,300,80,19,19277.091578822485,0.2041630744934082
theoreticalMax,300,80,20,18978.219693714927,0.21127939224243164
theoreticalMax,300,80,21,19777.90576686585,0.20961761474609375
theoreticalMax,300,80,22,19717.72897100584,0.21005821228027344
theoreticalMax,300,80,23,19124.104606510828,0.21144652366638184
theoreticalMax,300,80,24,19952.882712861337,0.207763671875
theoreticalMax,300,80,25,19916.64516558743,0.21129989624023438
theoreticalMax,300,80,26,18787.109655502307,0.20746231079101562
theoreticalMax,300,80,27,19866.678592187367,0.2100205421447754
theoreticalMax,300,80,28,18335.087352165454,0.2085285186767578
theoreticalMax,300,80,29,18808.3404184256,0.20682048797607422
theoreticalMax,300,80,30,19365.538809529702,0.20724892616271973
theoreticalMax,300,80,31,20001.930059573384,0.21396875381469727
theoreticalMax,300,80,32,19653.577600870514,0.2060377597808838
theoreticalMax,300,80,33,19620.127711646102,0.21152710914611816
theoreticalMax,300,80,34,19996.531856317368,0.2102499008178711
theoreticalMax,300,80,35,18826.685009453442,0.2153770923614502
theoreticalMax,300,80,36,19725.070280778014,0.2090160846710205
theoreticalMax,300,80,37,18755.59311616316,0.20528721809387207
theoreticalMax,300,80,38,19828.638934090377,0.20966148376464844
theoreticalMax,300,80,39,20004.790983366045,0.2137148380279541
theoreticalMax,300,80,40,20061.63122165452,0.21335792541503906
theoreticalMax,300,80,41,19459.43356937741,0.20667028427124023
theoreticalMax,300,80,42,19786.2444983435,0.20885229110717773
theoreticalMax,300,80,43,18980.966687141467,0.21496868133544922
theoreticalMax,300,80,44,20090.37133702469,0.21595025062561035
theoreticalMax,300,80,45,19389.74194407421,0.21310997009277344
theoreticalMax,300,80,46,19351.326293790353,0.21100616455078125
theoreticalMax,300,80,47,19124.696598777904,0.20781564712524414
theoreticalMax,300,80,48,19470.797419590654,0.21024036407470703
theoreticalMax,300,80,49,19603.06128337063,0.2101001739501953
theoreticalMax,300,80,50,19721.793933607427,0.21378207206726074
theoreticalMax,300,80,51,19986.20883486603,0.20698904991149902
theoreticalMax,300,80,52,19962.916299971523,0.21006178855895996
theoreticalMax,300,80,53,19859.435884900136,0.21747088432312012
theoreticalMax,300,80,54,19075.585601541385,0.2059800624847412
theoreticalMax,300,80,55,20177.77440329878,0.20886850357055664
theoreticalMax,300,80,56,19759.661916363195,0.20867586135864258
theoreticalMax,300,80,57,19460.016166827085,0.21169519424438477
theoreticalMax,300,80,58,19581.120149317816,0.20964980125427246
theoreticalMax,300,80,59,19384.49336197183,0.21529364585876465
theoreticalMax,300,80,60,18678.485688621728,0.21391606330871582
theoreticalMax,300,80,61,19879.4457013572,0.2119612693786621
theoreticalMax,300,80,62,19097.6522552848,0.21175193786621094
theoreticalMax,300,80,63,19929.001066056197,0.20537829399108887
theoreticalMax,300,80,64,19594.721079305644,0.21557259559631348
theoreticalMax,300,80,65,19914.54157379765,0.20878148078918457
theoreticalMax,300,80,66,18329.647661747615,0.20593881607055664
theoreticalMax,300,80,67,19712.771691804028,0.20667505264282227
theoreticalMax,300,80,68,19729.346158602482,0.20869112014770508
theoreticalMax,300,80,69,19406.37919956813,0.20609426498413086
theoreticalMax,300,80,70,19730.738331804212,0.21009421348571777
theoreticalMax,300,80,71,20220.33620237561,0.20804524421691895
theoreticalMax,300,80,72,19790.179747382947,0.21477651596069336
theoreticalMax,300,80,73,19652.444469363254,0.20729660987854004
theoreticalMax,300,80,74,19488.905807798397,0.21157383918762207
theoreticalMax,300,80,75,18688.589512449027,0.2111196517944336
theoreticalMax,300,80,76,19613.247839285854,0.2080707550048828
theoreticalMax,300,80,77,19367.88769361032,0.212080717086792
theoreticalMax,300,80,78,19117.910730503118,0.21175551414489746
theoreticalMax,300,80,79,19594.892186323934,0.20778751373291016
theoreticalMax,300,80,80,19524.150760519035,0.21053314208984375
theoreticalMax,300,80,81,19059.55949688072,0.2085878849029541
theoreticalMax,300,80,82,19483.037789176764,0.21038413047790527
theoreticalMax,300,80,83,19666.198596908827,0.21098756790161133
theoreticalMax,300,80,84,18123.95801383494,0.20855355262756348
theoreticalMax,300,80,85,19833.62934981036,0.20867180824279785
theoreticalMax,300,80,86,19189.85038505509,0.21145224571228027
theoreticalMax,300,80,87,19867.193020731345,0.21294784545898438
theoreticalMax,300,80,88,19586.48125401724,0.2107706069946289
theoreticalMax,300,80,89,19596.762897481796,0.21311426162719727
theoreticalMax,300,80,90,19018.414742029945,0.21200203895568848
theoreticalMax,300,80,91,19573.308645319736,0.21166491508483887
theoreticalMax,300,80,92,19695.98666133304,0.20497488975524902
theoreticalMax,300,80,93,19670.52753431225,0.21053361892700195
theoreticalMax,300,80,94,19669.556932273652,0.21002435684204102
theoreticalMax,300,80,95,20144.63998866676,0.21359038352966309
theoreticalMax,300,80,96,18962.15894736772,0.21358370780944824
theoreticalMax,300,80,97,19721.659679485656,0.20626020431518555
theoreticalMax,300,80,98,19565.26237193819,0.21279025077819824
theoreticalMax,300,80,99,19313.0447696991,0.20556378364562988
theoreticalMax,300,90,0,18815.834055714586,0.21097040176391602
theoreticalMax,300,90,1,19943.58922421401,0.207627534866333
theoreticalMax,300,90,2,20041.690300885126,0.21261978149414062
theoreticalMax,300,90,3,18128.56675016872,0.20562481880187988
theoreticalMax,300,90,4,18936.095414574153,0.20801472663879395
theoreticalMax,300,90,5,19910.003226135388,0.20416545867919922
theoreticalMax,300,90,6,18781.374606235353,0.20357561111450195
theoreticalMax,300,90,7,18995.174761502392,0.21027326583862305
theoreticalMax,300,90,8,19790.432337587878,0.21150875091552734
theoreticalMax,300,90,9,19273.96353053015,0.21155524253845215
theoreticalMax,300,90,10,19544.080907589378,0.20964789390563965
theoreticalMax,300,90,11,19515.161387534812,0.21148252487182617
theoreticalMax,300,90,12,19515.18293472852,0.21166062355041504
theoreticalMax,300,90,13,19796.205079197538,0.2107863426208496
theoreticalMax,300,90,14,19540.90867268551,0.20644378662109375
theoreticalMax,300,90,15,19570.136924118786,0.2064054012298584
theoreticalMax,300,90,16,19242.156082480597,0.2117595672607422
theoreticalMax,300,90,17,20001.05508445466,0.20892572402954102
theoreticalMax,300,90,18,19585.539993677652,0.2078089714050293
theoreticalMax,300,90,19,19284.73419050143,0.20668983459472656
theoreticalMax,300,90,20,18978.219693714927,0.20512747764587402
theoreticalMax,300,90,21,19772.834699053987,0.21215462684631348
theoreticalMax,300,90,22,19713.78175741034,0.20760846138000488
theoreticalMax,300,90,23,19123.39749972964,0.21548247337341309
theoreticalMax,300,90,24,19952.882712861337,0.20984745025634766
theoreticalMax,300,90,25,19912.88527240174,0.2100687026977539
theoreticalMax,300,90,26,18800.350791225424,0.2054283618927002
theoreticalMax,300,90,27,19866.678592187367,0.2045612335205078
theoreticalMax,300,90,28,18332.966031821896,0.21372652053833008
theoreticalMax,300,90,29,18784.05820499574,0.20975160598754883
theoreticalMax,300,90,30,19367.55455706426,0.20848798751831055
theoreticalMax,300,90,31,20011.218913955385,0.2091236114501953
theoreticalMax,300,90,32,19653.577600870514,0.2031242847442627
theoreticalMax,300,90,33,19625.755604699287,0.20604896545410156
theoreticalMax,300,90,34,20000.62784648873,0.20822906494140625
theoreticalMax,300,90,35,18826.685009453442,0.21456384658813477
theoreticalMax,300,90,36,19722.070280778014,0.21092510223388672
theoreticalMax,300,90,37,18754.30022294435,0.20930933952331543
theoreticalMax,300,90,38,19830.346040871565,0.2085721492767334
theoreticalMax,300,90,39,19999.376769803675,0.20855498313903809
theoreticalMax,300,90,40,20058.600755494197,0.21317481994628906
theoreticalMax,300,90,41,19466.40056934428,0.20361757278442383
theoreticalMax,300,90,42,19787.2444983435,0.208939790725708
theoreticalMax,300,90,43,18981.466687141467,0.2131507396697998
theoreticalMax,300,90,44,20079.371337024688,0.20595264434814453
theoreticalMax,300,90,45,19389.74194407421,0.211700439453125
theoreticalMax,300,90,46,19351.326293790353,0.21078252792358398
theoreticalMax,300,90,47,19118.40370555909,0.2102057933807373
theoreticalMax,300,90,48,19476.59538055508,0.21329307556152344
theoreticalMax,300,90,49,19593.93996302707,0.21029376983642578
theoreticalMax,300,90,50,19727.237108366106,0.2116546630859375
theoreticalMax,300,90,51,19986.415941647214,0.20870637893676758
theoreticalMax,300,90,52,19961.86200860301,0.2091996669769287
theoreticalMax,300,90,53,19860.435884900136,0.20781874656677246
theoreticalMax,300,90,54,19075.585601541385,0.20613908767700195
theoreticalMax,300,90,55,20165.236335520047,0.21596956253051758
theoreticalMax,300,90,56,19759.661916363195,0.20644760131835938
theoreticalMax,300,90,57,19463.104487137516,0.2075486183166504
theoreticalMax,300,90,58,19564.254683323135,0.21679162979125977
theoreticalMax,300,90,59,19379.37457550108,0.21812772750854492
theoreticalMax,300,90,60,18662.158766460987,0.2113170623779297
theoreticalMax,300,90,61,19875.584274199326,0.21022343635559082
theoreticalMax,300,90,62,19092.823828160057,0.21201825141906738
theoreticalMax,300,90,63,19926.534066089316,0.2056291103363037
theoreticalMax,300,90,64,19573.82815707865,0.2111809253692627
theoreticalMax,300,90,65,19914.04157379765,0.20876073837280273
theoreticalMax,300,90,66,18329.647661747615,0.20540547370910645
theoreticalMax,300,90,67,19693.101623892777,0.20873045921325684
theoreticalMax,300,90,68,19726.22483825892,0.20618176460266113
theoreticalMax,300,90,69,19405.172092786946,0.21319794654846191
theoreticalMax,300,90,70,19731.445438585397,0.2053678035736084
theoreticalMax,300,90,71,20216.681881998924,0.20747017860412598
theoreticalMax,300,90,72,19789.212747416073,0.2102489471435547
theoreticalMax,300,90,73,19652.823149019696,0.20722627639770508
theoreticalMax,300,90,74,19501.73676879595,0.21074414253234863
theoreticalMax,300,90,75,18686.10122114677,0.2044827938079834
theoreticalMax,300,90,76,19613.247839285854,0.20391392707824707
theoreticalMax,300,90,77,19356.234878197643,0.2099156379699707
theoreticalMax,300,90,78,19114.769623788183,0.21140432357788086
theoreticalMax,300,90,79,19598.013506667492,0.211838960647583
theoreticalMax,300,90,80,19524.150760519035,0.20944547653198242
theoreticalMax,300,90,81,19059.55949688072,0.21276283264160156
theoreticalMax,300,90,82,19473.29110965283,0.20609211921691895
theoreticalMax,300,90,83,19666.198596908827,0.2104184627532959
theoreticalMax,300,90,84,18123.95801383494,0.2066185474395752
theoreticalMax,300,90,85,19848.66234984348,0.2124640941619873
theoreticalMax,300,90,86,19198.914880157346,0.21507811546325684
theoreticalMax,300,90,87,19870.781341041784,0.2107546329498291
theoreticalMax,300,90,88,19586.48125401724,0.20364046096801758
theoreticalMax,300,90,89,19596.762897481796,0.2132740020751953
theoreticalMax,300,90,90,19008.590353742013,0.21352720260620117
theoreticalMax,300,90,91,19573.308645319736,0.21271514892578125
theoreticalMax,300,90,92,19695.98666133304,0.20795679092407227
theoreticalMax,300,90,93,19672.794000207552,0.20627570152282715
theoreticalMax,300,90,94,19670.968611963217,0.20423293113708496
theoreticalMax,300,90,95,20142.77198879927,0.208479642868042
theoreticalMax,300,90,96,18943.731520143592,0.21541571617126465
theoreticalMax,300,90,97,19701.401291263974,0.2077925205230713
theoreticalMax,300,90,98,19564.246624403633,0.21270322799682617
theoreticalMax,300,90,99,19289.072701986617,0.20666289329528809
theoreticalMax,300,100,0,18815.834055714586,0.21231651306152344
theoreticalMax,300,100,1,19944.274010751018,0.2124488353729248
theoreticalMax,300,100,2,20041.690300885126,0.21666955947875977
theoreticalMax,300,100,3,18128.56675016872,0.21284222602844238
theoreticalMax,300,100,4,18936.095414574153,0.20663094520568848
theoreticalMax,300,100,5,19910.003226135388,0.20427536964416504
theoreticalMax,300,100,6,18781.374606235353,0.2099475860595703
theoreticalMax,300,100,7,18995.174761502392,0.21273136138916016
theoreticalMax,300,100,8,19790.432337587878,0.2089693546295166
theoreticalMax,300,100,9,19273.96353053015,0.20963573455810547
theoreticalMax,300,100,10,19544.080907589378,0.2081747055053711
theoreticalMax,300,100,11,19519.832960410065,0.21170544624328613
theoreticalMax,300,100,12,19521.024575515014,0.21059155464172363
theoreticalMax,300,100,13,19796.205079197538,0.20854902267456055
theoreticalMax,300,100,14,19540.90867268551,0.2072432041168213
theoreticalMax,300,100,15,19560.54860380835,0.20863914489746094
theoreticalMax,300,100,16,19233.84490785442,0.20861244201660156
theoreticalMax,300,100,17,19998.226657329917,0.20946931838989258
theoreticalMax,300,100,18,19585.539993677652,0.20837759971618652
theoreticalMax,300,100,19,19284.73419050143,0.21164774894714355
theoreticalMax,300,100,20,18978.219693714927,0.20708584785461426
theoreticalMax,300,100,21,19772.834699053987,0.21354007720947266
theoreticalMax,300,100,22,19713.78175741034,0.20891594886779785
theoreticalMax,300,100,23,19129.650751963192,0.21708893775939941
theoreticalMax,300,100,24,19952.882712861337,0.2126617431640625
theoreticalMax,300,100,25,19912.296952091307,0.21281051635742188
theoreticalMax,300,100,26,18800.350791225424,0.20723199844360352
theoreticalMax,300,100,27,19866.678592187367,0.20422863960266113
theoreticalMax,300,100,28,18332.966031821896,0.20647931098937988
theoreticalMax,300,100,29,18785.679525339303,0.21336865425109863
theoreticalMax,300,100,30,19369.81595521395,0.20928239822387695
theoreticalMax,300,100,31,20011.218913955385,0.21161556243896484
theoreticalMax,300,100,32,19653.577600870514,0.20807147026062012
theoreticalMax,300,100,33,19630.66981826166,0.2112741470336914
theoreticalMax,300,100,34,20004.47352611204,0.2134113311767578
theoreticalMax,300,100,35,18826.685009453442,0.2133474349975586
theoreticalMax,300,100,36,19722.070280778014,0.20866894721984863
theoreticalMax,300,100,37,18755.007329725533,0.20492029190063477
theoreticalMax,300,100,38,19830.346040871565,0.20694875717163086
theoreticalMax,300,100,39,20000.083876584864,0.21573996543884277
theoreticalMax,300,100,40,20058.600755494197,0.21239972114562988
theoreticalMax,300,100,41,19466.40056934428,0.20641636848449707
theoreticalMax,300,100,42,19787.2444983435,0.20925045013427734
theoreticalMax,300,100,43,18981.466687141467,0.20629453659057617
theoreticalMax,300,100,44,20079.74344397151,0.20814919471740723
theoreticalMax,300,100,45,19389.74194407421,0.21194744110107422
theoreticalMax,300,100,46,19351.326293790353,0.20941495895385742
theoreticalMax,300,100,47,19118.40370555909,0.20650911331176758
theoreticalMax,300,100,48,19460.59284668228,0.21140789985656738
theoreticalMax,300,100,49,19593.93996302707,0.21135950088500977
theoreticalMax,300,100,50,19718.135574393924,0.21091628074645996
theoreticalMax,300,100,51,19986.415941647214,0.2140805721282959
theoreticalMax,300,100,52,19963.447795040636,0.20806002616882324
theoreticalMax,300,100,53,19860.435884900136,0.20798587799072266
theoreticalMax,300,100,54,19075.585601541385,0.20506572723388672
theoreticalMax,300,100,55,20165.236335520047,0.20424652099609375
theoreticalMax,300,100,56,19759.661916363195,0.21260595321655273
theoreticalMax,300,100,57,19463.104487137516,0.2070302963256836
theoreticalMax,300,100,58,19564.254683323135,0.2100377082824707
theoreticalMax,300,100,59,19379.37457550108,0.2091526985168457
theoreticalMax,300,100,60,18662.158766460987,0.21474003791809082
theoreticalMax,300,100,61,19874.877167418137,0.20757532119750977
theoreticalMax,300,100,62,19103.361895938797,0.20738863945007324
theoreticalMax,300,100,63,19929.534066089316,0.2081148624420166
theoreticalMax,300,100,64,19573.82815707865,0.21212148666381836
theoreticalMax,300,100,65,19914.04157379765,0.20980405807495117
theoreticalMax,300,100,66,18329.647661747615,0.2073192596435547
theoreticalMax,300,100,67,19693.101623892777,0.20587420463562012
theoreticalMax,300,100,68,19726.22483825892,0.20707964897155762
theoreticalMax,300,100,69,19405.172092786946,0.2074906826019287
theoreticalMax,300,100,70,19741.4454385854,0.20933175086975098
theoreticalMax,300,100,71,20216.681881998924,0.20807385444641113
theoreticalMax,300,100,72,19789.179747382947,0.21068358421325684
theoreticalMax,300,100,73,19652.823149019696,0.21079730987548828
theoreticalMax,300,100,74,19503.18398239145,0.2109389305114746
theoreticalMax,300,100,75,18686.10122114677,0.21211814880371094
theoreticalMax,300,100,76,19613.247839285854,0.20708107948303223
theoreticalMax,300,100,77,19356.234878197643,0.2083280086517334
theoreticalMax,300,100,78,19114.769623788183,0.20752835273742676
theoreticalMax,300,100,79,19608.54650670062,0.2110440731048584
theoreticalMax,300,100,80,19552.33808092885,0.21495914459228516
theoreticalMax,300,100,81,19061.973710443093,0.20732498168945312
theoreticalMax,300,100,82,19475.29110965283,0.20961618423461914
theoreticalMax,300,100,83,19666.198596908827,0.20934677124023438
theoreticalMax,300,100,84,18123.95801383494,0.20781803131103516
theoreticalMax,300,100,85,19848.66234984348,0.20946860313415527
theoreticalMax,300,100,86,19198.914880157346,0.2111344337463379
theoreticalMax,300,100,87,19870.781341041784,0.21602177619934082
theoreticalMax,300,100,88,19586.48125401724,0.21067261695861816
theoreticalMax,300,100,89,19596.762897481796,0.2101118564605713
theoreticalMax,300,100,90,19036.558382617684,0.2126169204711914
theoreticalMax,300,100,91,19573.308645319736,0.21115374565124512
theoreticalMax,300,100,92,19695.98666133304,0.21053385734558105
theoreticalMax,300,100,93,19672.794000207552,0.20901012420654297
theoreticalMax,300,100,94,19670.968611963217,0.2103731632232666
theoreticalMax,300,100,95,20155.961843081892,0.20872902870178223
theoreticalMax,300,100,96,18948.211733772216,0.2131481170654297
theoreticalMax,300,100,97,19701.401291263974,0.20809340476989746
theoreticalMax,300,100,98,19534.2100615889,0.21224117279052734
theoreticalMax,300,100,99,19289.072701986617,0.20755720138549805
